Channel              :,CH1
Frequency            :,10.10Hz
Period               :,99.00ms
PK-PK                :,254.0mV
Probe attenuation    :,1X
Voltage per ADC value:,0.125000mV
Time interval        :,100.00000us

index,CH1_Voltage(mV)
1,34.000000
2,34.000000
3,40.000000
4,6.000000
5,30.000000
6,-30.000000
7,-28.000000
8,-48.000000
9,38.000000
10,-10.000000
11,14.000000
12,-22.000000
13,-22.000000
14,34.000000
15,-48.000000
16,46.000000
17,-16.000000
18,-4.000000
19,26.000000
20,-6.000000
21,-14.000000
22,2.000000
23,6.000000
24,-6.000000
25,20.000000
26,-30.000000
27,-22.000000
28,-26.000000
29,8.000000
30,22.000000
31,-2.000000
32,-34.000000
33,-36.000000
34,-50.000000
35,2.000000
36,-12.000000
37,-4.000000
38,86.000000
39,60.000000
40,-26.000000
41,-24.000000
42,-30.000000
43,0.000000
44,-34.000000
45,-54.000000
46,-6.000000
47,-6.000000
48,-2.000000
49,-50.000000
50,20.000000
51,-14.000000
52,-24.000000
53,-24.000000
54,0.000000
55,2.000000
56,-30.000000
57,-4.000000
58,-16.000000
59,22.000000
60,20.000000
61,-90.000000
62,38.000000
63,40.000000
64,-50.000000
65,-12.000000
66,-46.000000
67,-4.000000
68,-6.000000
69,4.000000
70,2.000000
71,-12.000000
72,28.000000
73,46.000000
74,14.000000
75,62.000000
76,-6.000000
77,26.000000
78,2.000000
79,46.000000
80,-16.000000
81,2.000000
82,40.000000
83,2.000000
84,-14.000000
85,-12.000000
86,2.000000
87,-26.000000
88,-14.000000
89,-12.000000
90,40.000000
91,-4.000000
92,-4.000000
93,20.000000
94,26.000000
95,-12.000000
96,2.000000
97,-48.000000
98,-16.000000
99,-4.000000
100,8.000000
101,44.000000
102,30.000000
103,-16.000000
104,-14.000000
105,38.000000
106,-22.000000
107,10.000000
108,-24.000000
109,36.000000
110,-8.000000
111,-56.000000
112,14.000000
113,-40.000000
114,-22.000000
115,26.000000
116,-6.000000
117,-4.000000
118,2.000000
119,18.000000
120,14.000000
121,-30.000000
122,-4.000000
123,2.000000
124,-4.000000
125,54.000000
126,44.000000
127,10.000000
128,-30.000000
129,-8.000000
130,14.000000
131,-22.000000
132,2.000000
133,-34.000000
134,10.000000
135,-50.000000
136,30.000000
137,-30.000000
138,16.000000
139,16.000000
140,28.000000
141,30.000000
142,-82.000000
143,6.000000
144,62.000000
145,38.000000
146,-2.000000
147,26.000000
148,0.000000
149,-50.000000
150,50.000000
151,28.000000
152,24.000000
153,16.000000
154,-48.000000
155,14.000000
156,0.000000
157,28.000000
158,28.000000
159,28.000000
160,8.000000
161,-4.000000
162,6.000000
163,-56.000000
164,-2.000000
165,-12.000000
166,16.000000
167,16.000000
168,-22.000000
169,-2.000000
170,-44.000000
171,-22.000000
172,2.000000
173,-12.000000
174,12.000000
175,8.000000
176,12.000000
177,-54.000000
178,-2.000000
179,10.000000
180,28.000000
181,-8.000000
182,-38.000000
183,26.000000
184,-6.000000
185,22.000000
186,-12.000000
187,54.000000
188,-68.000000
189,-22.000000
190,-54.000000
191,58.000000
192,30.000000
193,-6.000000
194,6.000000
195,-20.000000
196,-16.000000
197,14.000000
198,14.000000
199,-16.000000
200,0.000000
201,8.000000
202,-10.000000
203,-10.000000
204,-20.000000
205,-6.000000
206,6.000000
207,-54.000000
208,24.000000
209,36.000000
210,-4.000000
211,2.000000
212,-2.000000
213,-2.000000
214,50.000000
215,8.000000
216,-18.000000
217,16.000000
218,-14.000000
219,38.000000
220,8.000000
221,32.000000
222,10.000000
223,14.000000
224,26.000000
225,-24.000000
226,32.000000
227,46.000000
228,20.000000
229,-24.000000
230,6.000000
231,-36.000000
232,20.000000
233,-30.000000
234,-18.000000
235,8.000000
236,6.000000
237,-10.000000
238,6.000000
239,4.000000
240,-10.000000
241,-6.000000
242,-14.000000
243,34.000000
244,-48.000000
245,-8.000000
246,-22.000000
247,22.000000
248,-4.000000
249,22.000000
250,50.000000
251,-4.000000
252,0.000000
253,0.000000
254,-8.000000
255,26.000000
256,8.000000
257,-16.000000
258,38.000000
259,40.000000
260,-12.000000
261,94.000000
262,4.000000
263,-16.000000
264,58.000000
265,-12.000000
266,-6.000000
267,-20.000000
268,48.000000
269,-60.000000
270,2.000000
271,-2.000000
272,8.000000
273,-4.000000
274,2.000000
275,6.000000
276,-12.000000
277,-4.000000
278,-10.000000
279,14.000000
280,6.000000
281,-20.000000
282,-8.000000
283,0.000000
284,8.000000
285,-50.000000
286,26.000000
287,0.000000
288,-2.000000
289,-12.000000
290,16.000000
291,60.000000
292,4.000000
293,-90.000000
294,-16.000000
295,-12.000000
296,-24.000000
297,-6.000000
298,-10.000000
299,44.000000
300,-24.000000
301,-34.000000
302,28.000000
303,6.000000
304,-44.000000
305,12.000000
306,14.000000
307,14.000000
308,96.000000
309,-8.000000
310,16.000000
311,-22.000000
312,46.000000
313,8.000000
314,104.000000
315,36.000000
316,-8.000000
317,-12.000000
318,-12.000000
319,0.000000
320,-14.000000
321,-14.000000
322,-16.000000
323,32.000000
324,28.000000
325,26.000000
326,-4.000000
327,-26.000000
328,-4.000000
329,12.000000
330,-26.000000
331,-26.000000
332,-26.000000
333,-90.000000
334,10.000000
335,24.000000
336,-28.000000
337,2.000000
338,10.000000
339,-18.000000
340,0.000000
341,-30.000000
342,-26.000000
343,-78.000000
344,6.000000
345,40.000000
346,0.000000
347,22.000000
348,-2.000000
349,6.000000
350,2.000000
351,-46.000000
352,8.000000
353,-30.000000
354,-40.000000
355,-6.000000
356,16.000000
357,-16.000000
358,30.000000
359,2.000000
360,42.000000
361,2.000000
362,-10.000000
363,-54.000000
364,20.000000
365,24.000000
366,-26.000000
367,12.000000
368,-58.000000
369,4.000000
370,10.000000
371,50.000000
372,-18.000000
373,-14.000000
374,30.000000
375,-40.000000
376,46.000000
377,-44.000000
378,-4.000000
379,4.000000
380,-18.000000
381,4.000000
382,-52.000000
383,94.000000
384,-108.000000
385,-68.000000
386,-2.000000
387,-36.000000
388,14.000000
389,54.000000
390,-16.000000
391,16.000000
392,-12.000000
393,-22.000000
394,2.000000
395,-12.000000
396,20.000000
397,-8.000000
398,20.000000
399,0.000000
400,76.000000
401,-20.000000
402,30.000000
403,10.000000
404,-6.000000
405,34.000000
406,14.000000
407,-62.000000
408,-4.000000
409,2.000000
410,36.000000
411,8.000000
412,-4.000000
413,60.000000
414,-48.000000
415,10.000000
416,22.000000
417,-22.000000
418,-70.000000
419,0.000000
420,-26.000000
421,-24.000000
422,-2.000000
423,-20.000000
424,-66.000000
425,6.000000
426,8.000000
427,58.000000
428,0.000000
429,-6.000000
430,-26.000000
431,-38.000000
432,10.000000
433,20.000000
434,-48.000000
435,-22.000000
436,40.000000
437,-12.000000
438,12.000000
439,32.000000
440,-12.000000
441,32.000000
442,0.000000
443,24.000000
444,14.000000
445,8.000000
446,26.000000
447,-16.000000
448,50.000000
449,-4.000000
450,22.000000
451,0.000000
452,6.000000
453,44.000000
454,-22.000000
455,-50.000000
456,-4.000000
457,28.000000
458,-12.000000
459,4.000000
460,14.000000
461,16.000000
462,-12.000000
463,10.000000
464,0.000000
465,-46.000000
466,82.000000
467,32.000000
468,-4.000000
469,12.000000
470,54.000000
471,38.000000
472,-44.000000
473,0.000000
474,0.000000
475,-4.000000
476,-24.000000
477,-72.000000
478,-4.000000
479,-20.000000
480,-30.000000
481,-10.000000
482,60.000000
483,-2.000000
484,-4.000000
485,38.000000
486,-50.000000
487,-16.000000
488,32.000000
489,12.000000
490,-14.000000
491,-12.000000
492,-4.000000
493,6.000000
494,38.000000
495,-6.000000
496,-10.000000
497,-16.000000
498,-30.000000
499,20.000000
500,0.000000
501,38.000000
502,-26.000000
503,20.000000
504,50.000000
505,-58.000000
506,-20.000000
507,-20.000000
508,-2.000000
509,30.000000
510,-2.000000
511,-68.000000
512,32.000000
513,-28.000000
514,-2.000000
515,-16.000000
516,-26.000000
517,22.000000
518,60.000000
519,60.000000
520,-22.000000
521,22.000000
522,44.000000
523,16.000000
524,-38.000000
525,-16.000000
526,-20.000000
527,0.000000
528,-24.000000
529,-12.000000
530,-24.000000
531,60.000000
532,-38.000000
533,-60.000000
534,0.000000
535,18.000000
536,54.000000
537,-34.000000
538,22.000000
539,-58.000000
540,38.000000
541,-8.000000
542,46.000000
543,-6.000000
544,20.000000
545,-12.000000
546,-36.000000
547,-48.000000
548,60.000000
549,38.000000
550,8.000000
551,6.000000
552,-8.000000
553,-66.000000
554,-8.000000
555,-36.000000
556,8.000000
557,6.000000
558,24.000000
559,-2.000000
560,-4.000000
561,-36.000000
562,12.000000
563,-4.000000
564,-2.000000
565,-12.000000
566,32.000000
567,-2.000000
568,10.000000
569,16.000000
570,28.000000
571,32.000000
572,-16.000000
573,-18.000000
574,-16.000000
575,24.000000
576,16.000000
577,-6.000000
578,-22.000000
579,-86.000000
580,58.000000
581,-14.000000
582,8.000000
583,8.000000
584,-48.000000
585,50.000000
586,14.000000
587,24.000000
588,-22.000000
589,2.000000
590,0.000000
591,-36.000000
592,8.000000
593,-64.000000
594,6.000000
595,16.000000
596,-8.000000
597,40.000000
598,4.000000
599,-48.000000
600,8.000000
601,-12.000000
602,-2.000000
603,-12.000000
604,-10.000000
605,-10.000000
606,14.000000
607,46.000000
608,0.000000
609,-2.000000
610,0.000000
611,6.000000
612,32.000000
613,0.000000
614,60.000000
615,0.000000
616,-12.000000
617,-30.000000
618,-38.000000
619,8.000000
620,36.000000
621,-44.000000
622,-30.000000
623,-32.000000
624,-24.000000
625,-22.000000
626,12.000000
627,-26.000000
628,-26.000000
629,-24.000000
630,38.000000
631,-12.000000
632,-4.000000
633,-12.000000
634,-22.000000
635,-46.000000
636,22.000000
637,8.000000
638,26.000000
639,26.000000
640,6.000000
641,16.000000
642,-6.000000
643,-16.000000
644,-18.000000
645,4.000000
646,12.000000
647,54.000000
648,8.000000
649,2.000000
650,28.000000
651,-54.000000
652,10.000000
653,-12.000000
654,4.000000
655,50.000000
656,8.000000
657,32.000000
658,64.000000
659,-8.000000
660,-36.000000
661,6.000000
662,-34.000000
663,-68.000000
664,40.000000
665,-16.000000
666,18.000000
667,2.000000
668,-4.000000
669,-12.000000
670,24.000000
671,-12.000000
672,26.000000
673,-52.000000
674,42.000000
675,28.000000
676,-40.000000
677,28.000000
678,4.000000
679,-36.000000
680,4.000000
681,62.000000
682,12.000000
683,-2.000000
684,26.000000
685,38.000000
686,28.000000
687,24.000000
688,14.000000
689,-30.000000
690,14.000000
691,-48.000000
692,-12.000000
693,-16.000000
694,-4.000000
695,40.000000
696,8.000000
697,22.000000
698,2.000000
699,-90.000000
700,-6.000000
701,24.000000
702,22.000000
703,14.000000
704,10.000000
705,16.000000
706,4.000000
707,2.000000
708,-44.000000
709,-14.000000
710,-8.000000
711,46.000000
712,10.000000
713,-12.000000
714,2.000000
715,14.000000
716,-60.000000
717,-2.000000
718,-48.000000
719,14.000000
720,10.000000
721,8.000000
722,6.000000
723,-2.000000
724,-50.000000
725,18.000000
726,12.000000
727,0.000000
728,-10.000000
729,-4.000000
730,10.000000
731,-18.000000
732,38.000000
733,10.000000
734,-26.000000
735,-46.000000
736,58.000000
737,-16.000000
738,12.000000
739,-14.000000
740,12.000000
741,12.000000
742,-10.000000
743,-10.000000
744,24.000000
745,-30.000000
746,40.000000
747,-2.000000
748,-12.000000
749,14.000000
750,16.000000
751,-18.000000
752,60.000000
753,-40.000000
754,-6.000000
755,-64.000000
756,14.000000
757,0.000000
758,40.000000
759,8.000000
760,40.000000
761,28.000000
762,24.000000
763,8.000000
764,-36.000000
765,18.000000
766,-4.000000
767,32.000000
768,-16.000000
769,68.000000
770,50.000000
771,-8.000000
772,16.000000
773,10.000000
774,28.000000
775,-12.000000
776,78.000000
777,-48.000000
778,4.000000
779,6.000000
780,-22.000000
781,-18.000000
782,-8.000000
783,30.000000
784,-36.000000
785,10.000000
786,-6.000000
787,14.000000
788,22.000000
789,-18.000000
790,-8.000000
791,-26.000000
792,-68.000000
793,-10.000000
794,54.000000
795,-30.000000
796,-8.000000
797,-8.000000
798,-2.000000
799,-16.000000
800,58.000000
801,26.000000
802,30.000000
803,10.000000
804,-6.000000
805,-48.000000
806,-12.000000
807,-4.000000
808,-72.000000
809,64.000000
810,-12.000000
811,-12.000000
812,10.000000
813,24.000000
814,18.000000
815,14.000000
816,0.000000
817,38.000000
818,10.000000
819,-14.000000
820,2.000000
821,2.000000
822,38.000000
823,12.000000
824,6.000000
825,-4.000000
826,-52.000000
827,-34.000000
828,-66.000000
829,-8.000000
830,10.000000
831,-32.000000
832,40.000000
833,-22.000000
834,-54.000000
835,30.000000
836,22.000000
837,14.000000
838,-14.000000
839,-4.000000
840,22.000000
841,-8.000000
842,-20.000000
843,34.000000
844,-14.000000
845,-4.000000
846,-24.000000
847,22.000000
848,-44.000000
849,28.000000
850,24.000000
851,32.000000
852,26.000000
853,-4.000000
854,-4.000000
855,12.000000
856,-66.000000
857,34.000000
858,-2.000000
859,14.000000
860,48.000000
861,-22.000000
862,44.000000
863,8.000000
864,-78.000000
865,8.000000
866,74.000000
867,74.000000
868,-16.000000
869,46.000000
870,46.000000
871,14.000000
872,12.000000
873,2.000000
874,10.000000
875,-4.000000
876,14.000000
877,34.000000
878,30.000000
879,-18.000000
880,-16.000000
881,2.000000
882,-6.000000
883,-30.000000
884,38.000000
885,32.000000
886,8.000000
887,54.000000
888,38.000000
889,8.000000
890,-22.000000
891,10.000000
892,-32.000000
893,6.000000
894,0.000000
895,-4.000000
896,-48.000000
897,22.000000
898,-22.000000
899,-14.000000
900,6.000000
901,-30.000000
902,8.000000
903,-16.000000
904,10.000000
905,0.000000
906,12.000000
907,-4.000000
908,50.000000
909,-52.000000
910,-30.000000
911,22.000000
912,-48.000000
913,-6.000000
914,-16.000000
915,-12.000000
916,-12.000000
917,24.000000
918,-64.000000
919,-16.000000
920,20.000000
921,26.000000
922,28.000000
923,-22.000000
924,8.000000
925,-36.000000
926,-6.000000
927,-34.000000
928,32.000000
929,40.000000
930,0.000000
931,4.000000
932,0.000000
933,-20.000000
934,-6.000000
935,2.000000
936,54.000000
937,46.000000
938,24.000000
939,46.000000
940,2.000000
941,6.000000
942,-8.000000
943,-16.000000
944,-16.000000
945,-16.000000
946,4.000000
947,2.000000
948,6.000000
949,4.000000
950,-4.000000
951,2.000000
952,-2.000000
953,40.000000
954,-4.000000
955,-14.000000
956,-20.000000
957,-48.000000
958,-54.000000
959,50.000000
960,-18.000000
961,4.000000
962,20.000000
963,22.000000
964,76.000000
965,-20.000000
966,-8.000000
967,-26.000000
968,24.000000
969,-56.000000
970,50.000000
971,0.000000
972,-12.000000
973,36.000000
974,22.000000
975,22.000000
976,10.000000
977,10.000000
978,20.000000
979,6.000000
980,10.000000
981,24.000000
982,-12.000000
983,-16.000000
984,-20.000000
985,6.000000
986,-38.000000
987,-26.000000
988,24.000000
989,24.000000
990,14.000000
991,36.000000
992,74.000000
993,-2.000000
994,30.000000
995,-12.000000
996,-40.000000
997,-22.000000
998,-12.000000
999,-68.000000
1000,-22.000000
1001,6.000000
1002,-14.000000
1003,6.000000
1004,-4.000000
1005,-28.000000
1006,24.000000
1007,-20.000000
1008,20.000000
1009,-12.000000
1010,34.000000
1011,-10.000000
1012,26.000000
1013,6.000000
1014,-8.000000
1015,-34.000000
1016,10.000000
1017,2.000000
1018,12.000000
1019,-22.000000
1020,54.000000
1021,58.000000
1022,-4.000000
1023,-54.000000
1024,44.000000
1025,-34.000000
1026,24.000000
1027,-24.000000
1028,-10.000000
1029,32.000000
1030,-20.000000
1031,-8.000000
1032,36.000000
1033,2.000000
1034,-32.000000
1035,10.000000
1036,20.000000
1037,8.000000
1038,-4.000000
1039,14.000000
1040,2.000000
1041,-30.000000
1042,6.000000
1043,-30.000000
1044,-14.000000
1045,-46.000000
1046,-2.000000
1047,-8.000000
1048,-6.000000
1049,-60.000000
1050,-2.000000
1051,-2.000000
1052,-16.000000
1053,-48.000000
1054,-48.000000
1055,-2.000000
1056,20.000000
1057,2.000000
1058,-24.000000
1059,-10.000000
1060,2.000000
1061,6.000000
1062,0.000000
1063,-50.000000
1064,-36.000000
1065,-22.000000
1066,-8.000000
1067,24.000000
1068,2.000000
1069,-4.000000
1070,-54.000000
1071,-22.000000
1072,-12.000000
1073,-24.000000
1074,26.000000
1075,56.000000
1076,-48.000000
1077,12.000000
1078,12.000000
1079,-30.000000
1080,-18.000000
1081,0.000000
1082,-20.000000
1083,-28.000000
1084,-2.000000
1085,2.000000
1086,-20.000000
1087,8.000000
1088,-38.000000
1089,-16.000000
1090,-34.000000
1091,-2.000000
1092,8.000000
1093,0.000000
1094,8.000000
1095,-4.000000
1096,22.000000
1097,94.000000
1098,-30.000000
1099,-4.000000
1100,-2.000000
1101,8.000000
1102,-58.000000
1103,-12.000000
1104,-30.000000
1105,-22.000000
1106,16.000000
1107,-36.000000
1108,4.000000
1109,-26.000000
1110,32.000000
1111,-10.000000
1112,-16.000000
1113,26.000000
1114,12.000000
1115,6.000000
1116,24.000000
1117,-18.000000
1118,-6.000000
1119,26.000000
1120,-12.000000
1121,-32.000000
1122,-8.000000
1123,8.000000
1124,-22.000000
1125,74.000000
1126,-50.000000
1127,54.000000
1128,-22.000000
1129,-18.000000
1130,2.000000
1131,-44.000000
1132,2.000000
1133,-4.000000
1134,-20.000000
1135,68.000000
1136,-8.000000
1137,-12.000000
1138,20.000000
1139,-6.000000
1140,46.000000
1141,-2.000000
1142,12.000000
1143,40.000000
1144,-8.000000
1145,-28.000000
1146,-4.000000
1147,-20.000000
1148,18.000000
1149,18.000000
1150,-18.000000
1151,-16.000000
1152,-12.000000
1153,26.000000
1154,6.000000
1155,-26.000000
1156,38.000000
1157,2.000000
1158,-12.000000
1159,-20.000000
1160,38.000000
1161,-86.000000
1162,-4.000000
1163,6.000000
1164,14.000000
1165,-6.000000
1166,-74.000000
1167,10.000000
1168,-26.000000
1169,-20.000000
1170,24.000000
1171,18.000000
1172,36.000000
1173,-84.000000
1174,14.000000
1175,40.000000
1176,14.000000
1177,20.000000
1178,2.000000
1179,16.000000
1180,0.000000
1181,0.000000
1182,2.000000
1183,40.000000
1184,-22.000000
1185,10.000000
1186,-84.000000
1187,-4.000000
1188,-40.000000
1189,-12.000000
1190,-44.000000
1191,22.000000
1192,-18.000000
1193,26.000000
1194,-12.000000
1195,-12.000000
1196,-22.000000
1197,-2.000000
1198,14.000000
1199,-60.000000
1200,-24.000000
1201,-54.000000
1202,20.000000
1203,-6.000000
1204,-20.000000
1205,-22.000000
1206,-10.000000
1207,2.000000
1208,8.000000
1209,-24.000000
1210,-22.000000
1211,-16.000000
1212,0.000000
1213,-8.000000
1214,8.000000
1215,-12.000000
1216,6.000000
1217,16.000000
1218,30.000000
1219,26.000000
1220,14.000000
1221,14.000000
1222,26.000000
1223,2.000000
1224,-44.000000
1225,-18.000000
1226,46.000000
1227,8.000000
1228,-40.000000
1229,-18.000000
1230,-6.000000
1231,30.000000
1232,24.000000
1233,-8.000000
1234,18.000000
1235,6.000000
1236,-56.000000
1237,12.000000
1238,0.000000
1239,-58.000000
1240,20.000000
1241,2.000000
1242,54.000000
1243,94.000000
1244,2.000000
1245,-14.000000
1246,-58.000000
1247,32.000000
1248,-14.000000
1249,-12.000000
1250,14.000000
1251,-26.000000
1252,14.000000
1253,-12.000000
1254,-34.000000
1255,-38.000000
1256,0.000000
1257,-94.000000
1258,30.000000
1259,8.000000
1260,-26.000000
1261,-24.000000
1262,-16.000000
1263,-20.000000
1264,0.000000
1265,20.000000
1266,50.000000
1267,32.000000
1268,-26.000000
1269,0.000000
1270,60.000000
1271,-2.000000
1272,-6.000000
1273,-6.000000
1274,0.000000
1275,22.000000
1276,60.000000
1277,-54.000000
1278,-42.000000
1279,24.000000
1280,14.000000
1281,-34.000000
1282,14.000000
1283,14.000000
1284,6.000000
1285,22.000000
1286,-44.000000
1287,-4.000000
1288,-58.000000
1289,-6.000000
1290,26.000000
1291,-12.000000
1292,4.000000
1293,-6.000000
1294,8.000000
1295,30.000000
1296,-70.000000
1297,-44.000000
1298,0.000000
1299,-52.000000
1300,-18.000000
1301,-30.000000
1302,-12.000000
1303,14.000000
1304,14.000000
1305,-14.000000
1306,-8.000000
1307,38.000000
1308,-20.000000
1309,54.000000
1310,-6.000000
1311,14.000000
1312,10.000000
1313,-60.000000
1314,6.000000
1315,-74.000000
1316,-16.000000
1317,24.000000
1318,32.000000
1319,-12.000000
1320,-56.000000
1321,-62.000000
1322,-70.000000
1323,-12.000000
1324,36.000000
1325,-10.000000
1326,-16.000000
1327,-6.000000
1328,46.000000
1329,-20.000000
1330,-26.000000
1331,-30.000000
1332,-6.000000
1333,-8.000000
1334,40.000000
1335,-48.000000
1336,-56.000000
1337,10.000000
1338,32.000000
1339,-18.000000
1340,-30.000000
1341,50.000000
1342,16.000000
1343,10.000000
1344,-18.000000
1345,-26.000000
1346,20.000000
1347,32.000000
1348,62.000000
1349,4.000000
1350,14.000000
1351,-2.000000
1352,-8.000000
1353,6.000000
1354,42.000000
1355,2.000000
1356,-2.000000
1357,10.000000
1358,74.000000
1359,-48.000000
1360,-8.000000
1361,10.000000
1362,-8.000000
1363,-26.000000
1364,-22.000000
1365,-12.000000
1366,22.000000
1367,10.000000
1368,22.000000
1369,16.000000
1370,30.000000
1371,-6.000000
1372,16.000000
1373,26.000000
1374,-12.000000
1375,30.000000
1376,-14.000000
1377,-76.000000
1378,-12.000000
1379,-16.000000
1380,6.000000
1381,4.000000
1382,-8.000000
1383,-10.000000
1384,-24.000000
1385,-4.000000
1386,22.000000
1387,14.000000
1388,16.000000
1389,20.000000
1390,68.000000
1391,-60.000000
1392,-50.000000
1393,18.000000
1394,38.000000
1395,34.000000
1396,14.000000
1397,-24.000000
1398,-4.000000
1399,-12.000000
1400,-10.000000
1401,-4.000000
1402,-34.000000
1403,2.000000
1404,-2.000000
1405,-12.000000
1406,-16.000000
1407,14.000000
1408,40.000000
1409,-12.000000
1410,-4.000000
1411,-70.000000
1412,8.000000
1413,-44.000000
1414,-16.000000
1415,-64.000000
1416,78.000000
1417,-2.000000
1418,2.000000
1419,0.000000
1420,-16.000000
1421,-16.000000
1422,6.000000
1423,40.000000
1424,40.000000
1425,-2.000000
1426,22.000000
1427,10.000000
1428,12.000000
1429,12.000000
1430,14.000000
1431,-8.000000
1432,-6.000000
1433,4.000000
1434,-14.000000
1435,46.000000
1436,26.000000
1437,-16.000000
1438,-2.000000
1439,0.000000
1440,-24.000000
1441,36.000000
1442,8.000000
1443,60.000000
1444,10.000000
1445,-14.000000
1446,10.000000
1447,-4.000000
1448,12.000000
1449,14.000000
1450,12.000000
1451,8.000000
1452,-36.000000
1453,-22.000000
1454,-30.000000
1455,24.000000
1456,2.000000
1457,-10.000000
1458,-28.000000
1459,-14.000000
1460,-50.000000
1461,-4.000000
1462,10.000000
1463,-8.000000
1464,8.000000
1465,-26.000000
1466,68.000000
1467,2.000000
1468,64.000000
1469,28.000000
1470,-4.000000
1471,-16.000000
1472,-18.000000
1473,6.000000
1474,50.000000
1475,-4.000000
1476,-10.000000
1477,-10.000000
1478,-2.000000
1479,16.000000
1480,-12.000000
1481,-14.000000
1482,-38.000000
1483,-14.000000
1484,-34.000000
1485,-76.000000
1486,-30.000000
1487,20.000000
1488,30.000000
1489,-4.000000
1490,0.000000
1491,46.000000
1492,-26.000000
1493,-26.000000
1494,-4.000000
1495,-30.000000
1496,-18.000000
1497,24.000000
1498,58.000000
1499,-44.000000
1500,-8.000000
1501,-12.000000
1502,-24.000000
1503,-8.000000
1504,-4.000000
1505,-48.000000
1506,-8.000000
1507,26.000000
1508,-4.000000
1509,8.000000
1510,-16.000000
1511,0.000000
1512,-16.000000
1513,-16.000000
1514,-8.000000
1515,-6.000000
1516,-44.000000
1517,-112.000000
1518,36.000000
1519,-4.000000
1520,-18.000000
1521,-8.000000
1522,60.000000
1523,8.000000
1524,-32.000000
1525,14.000000
1526,6.000000
1527,-24.000000
1528,-44.000000
1529,22.000000
1530,-12.000000
1531,56.000000
1532,82.000000
1533,22.000000
1534,-26.000000
1535,-12.000000
1536,-8.000000
1537,8.000000
1538,-16.000000
1539,60.000000
1540,-8.000000
1541,10.000000
1542,26.000000
1543,0.000000
1544,0.000000
1545,10.000000
1546,-12.000000
1547,-2.000000
1548,-10.000000
1549,28.000000
1550,-22.000000
1551,28.000000
1552,12.000000
1553,-48.000000
1554,14.000000
1555,12.000000
1556,-26.000000
1557,-40.000000
1558,2.000000
1559,2.000000
1560,8.000000
1561,8.000000
1562,-30.000000
1563,-2.000000
1564,-40.000000
1565,-22.000000
1566,38.000000
1567,44.000000
1568,10.000000
1569,10.000000
1570,-54.000000
1571,-12.000000
1572,-8.000000
1573,-12.000000
1574,-68.000000
1575,-30.000000
1576,-4.000000
1577,-2.000000
1578,14.000000
1579,14.000000
1580,-8.000000
1581,10.000000
1582,-2.000000
1583,54.000000
1584,36.000000
1585,-52.000000
1586,-30.000000
1587,20.000000
1588,4.000000
1589,-42.000000
1590,-30.000000
1591,6.000000
1592,-26.000000
1593,-50.000000
1594,0.000000
1595,6.000000
1596,8.000000
1597,14.000000
1598,18.000000
1599,-8.000000
1600,42.000000
1601,-16.000000
1602,12.000000
1603,-24.000000
1604,-2.000000
1605,28.000000
1606,32.000000
1607,-10.000000
1608,62.000000
1609,-4.000000
1610,4.000000
1611,-4.000000
1612,26.000000
1613,6.000000
1614,-12.000000
1615,-36.000000
1616,14.000000
1617,14.000000
1618,2.000000
1619,-18.000000
1620,-12.000000
1621,-20.000000
1622,22.000000
1623,20.000000
1624,20.000000
1625,16.000000
1626,10.000000
1627,8.000000
1628,-2.000000
1629,-54.000000
1630,-66.000000
1631,54.000000
1632,-4.000000
1633,38.000000
1634,-20.000000
1635,-10.000000
1636,-20.000000
1637,-8.000000
1638,-58.000000
1639,-26.000000
1640,-2.000000
1641,10.000000
1642,36.000000
1643,-30.000000
1644,32.000000
1645,-20.000000
1646,-20.000000
1647,-2.000000
1648,-12.000000
1649,14.000000
1650,-22.000000
1651,8.000000
1652,20.000000
1653,0.000000
1654,-8.000000
1655,-102.000000
1656,-6.000000
1657,68.000000
1658,-30.000000
1659,-20.000000
1660,34.000000
1661,20.000000
1662,16.000000
1663,10.000000
1664,14.000000
1665,-12.000000
1666,-64.000000
1667,6.000000
1668,-30.000000
1669,-20.000000
1670,-22.000000
1671,16.000000
1672,-12.000000
1673,8.000000
1674,42.000000
1675,54.000000
1676,-4.000000
1677,40.000000
1678,10.000000
1679,-40.000000
1680,-22.000000
1681,22.000000
1682,40.000000
1683,0.000000
1684,-16.000000
1685,-12.000000
1686,0.000000
1687,8.000000
1688,-16.000000
1689,-22.000000
1690,-34.000000
1691,8.000000
1692,0.000000
1693,12.000000
1694,-22.000000
1695,14.000000
1696,8.000000
1697,-30.000000
1698,2.000000
1699,-20.000000
1700,46.000000
1701,-76.000000
1702,44.000000
1703,-60.000000
1704,-52.000000
1705,34.000000
1706,-66.000000
1707,58.000000
1708,-8.000000
1709,16.000000
1710,-42.000000
1711,-30.000000
1712,-24.000000
1713,30.000000
1714,-14.000000
1715,44.000000
1716,8.000000
1717,-14.000000
1718,-2.000000
1719,-48.000000
1720,12.000000
1721,-58.000000
1722,-26.000000
1723,-18.000000
1724,-28.000000
1725,26.000000
1726,-14.000000
1727,2.000000
1728,0.000000
1729,24.000000
1730,54.000000
1731,-52.000000
1732,-8.000000
1733,20.000000
1734,28.000000
1735,-6.000000
1736,0.000000
1737,0.000000
1738,8.000000
1739,62.000000
1740,24.000000
1741,-18.000000
1742,-4.000000
1743,20.000000
1744,2.000000
1745,4.000000
1746,-4.000000
1747,-30.000000
1748,-2.000000
1749,-18.000000
1750,16.000000
1751,-26.000000
1752,26.000000
1753,-22.000000
1754,-12.000000
1755,4.000000
1756,4.000000
1757,-6.000000
1758,-16.000000
1759,4.000000
1760,4.000000
1761,54.000000
1762,-30.000000
1763,-22.000000
1764,-26.000000
1765,0.000000
1766,14.000000
1767,44.000000
1768,-28.000000
1769,10.000000
1770,16.000000
1771,16.000000
1772,20.000000
1773,22.000000
1774,-8.000000
1775,22.000000
1776,-40.000000
1777,-20.000000
1778,26.000000
1779,-54.000000
1780,8.000000
1781,6.000000
1782,-46.000000
1783,16.000000
1784,2.000000
1785,-30.000000
1786,34.000000
1787,58.000000
1788,-22.000000
1789,-2.000000
1790,2.000000
1791,-28.000000
1792,38.000000
1793,8.000000
1794,-90.000000
1795,0.000000
1796,12.000000
1797,10.000000
1798,-26.000000
1799,-52.000000
1800,-10.000000
1801,34.000000
1802,-4.000000
1803,-72.000000
1804,20.000000
1805,14.000000
1806,-110.000000
1807,12.000000
1808,24.000000
1809,0.000000
1810,8.000000
1811,-22.000000
1812,-64.000000
1813,-8.000000
1814,14.000000
1815,-24.000000
1816,30.000000
1817,16.000000
1818,14.000000
1819,8.000000
1820,20.000000
1821,-16.000000
1822,-82.000000
1823,14.000000
1824,-68.000000
1825,6.000000
1826,-26.000000
1827,-4.000000
1828,-6.000000
1829,10.000000
1830,50.000000
1831,30.000000
1832,-48.000000
1833,-6.000000
1834,-68.000000
1835,18.000000
1836,26.000000
1837,28.000000
1838,14.000000
1839,2.000000
1840,-2.000000
1841,60.000000
1842,6.000000
1843,-20.000000
1844,-16.000000
1845,-22.000000
1846,-26.000000
1847,8.000000
1848,-20.000000
1849,-2.000000
1850,46.000000
1851,38.000000
1852,-16.000000
1853,22.000000
1854,12.000000
1855,-6.000000
1856,-10.000000
1857,32.000000
1858,-12.000000
1859,-4.000000
1860,32.000000
1861,38.000000
1862,16.000000
1863,-2.000000
1864,-16.000000
1865,-14.000000
1866,-20.000000
1867,-4.000000
1868,-4.000000
1869,-108.000000
1870,-68.000000
1871,-48.000000
1872,-26.000000
1873,-4.000000
1874,28.000000
1875,0.000000
1876,-38.000000
1877,-68.000000
1878,-12.000000
1879,-4.000000
1880,0.000000
1881,30.000000
1882,78.000000
1883,-44.000000
1884,40.000000
1885,-30.000000
1886,-24.000000
1887,38.000000
1888,44.000000
1889,0.000000
1890,-62.000000
1891,-16.000000
1892,-4.000000
1893,30.000000
1894,14.000000
1895,40.000000
1896,-8.000000
1897,62.000000
1898,28.000000
1899,28.000000
1900,-8.000000
1901,46.000000
1902,-22.000000
1903,-22.000000
1904,-12.000000
1905,-26.000000
1906,-30.000000
1907,0.000000
1908,70.000000
1909,-2.000000
1910,20.000000
1911,32.000000
1912,-32.000000
1913,-36.000000
1914,-8.000000
1915,-4.000000
1916,40.000000
1917,-8.000000
1918,20.000000
1919,28.000000
1920,-26.000000
1921,-30.000000
1922,30.000000
1923,60.000000
1924,-2.000000
1925,-2.000000
1926,2.000000
1927,-18.000000
1928,-56.000000
1929,40.000000
1930,0.000000
1931,-22.000000
1932,-20.000000
1933,30.000000
1934,4.000000
1935,-18.000000
1936,38.000000
1937,-4.000000
1938,-24.000000
1939,38.000000
1940,10.000000
1941,8.000000
1942,-6.000000
1943,-64.000000
1944,-4.000000
1945,10.000000
1946,-16.000000
1947,-24.000000
1948,-44.000000
1949,12.000000
1950,12.000000
1951,2.000000
1952,-8.000000
1953,-8.000000
1954,6.000000
1955,46.000000
1956,-46.000000
1957,-6.000000
1958,-20.000000
1959,4.000000
1960,16.000000
1961,24.000000
1962,46.000000
1963,2.000000
1964,-32.000000
1965,26.000000
1966,-2.000000
1967,-12.000000
1968,14.000000
1969,-12.000000
1970,38.000000
1971,26.000000
1972,0.000000
1973,50.000000
1974,16.000000
1975,-48.000000
1976,-44.000000
1977,0.000000
1978,-50.000000
1979,16.000000
1980,12.000000
1981,-4.000000
1982,2.000000
1983,14.000000
1984,4.000000
1985,-30.000000
1986,6.000000
1987,-22.000000
1988,10.000000
1989,20.000000
1990,-8.000000
1991,36.000000
1992,16.000000
1993,-12.000000
1994,-90.000000
1995,-74.000000
1996,16.000000
1997,16.000000
1998,-20.000000
1999,0.000000
2000,46.000000
2001,22.000000
2002,-26.000000
2003,-28.000000
2004,44.000000
2005,-2.000000
2006,-30.000000
2007,-6.000000
2008,-2.000000
2009,-16.000000
2010,-20.000000
2011,28.000000
2012,42.000000
2013,-4.000000
2014,28.000000
2015,-28.000000
2016,2.000000
2017,24.000000
2018,62.000000
2019,-6.000000
2020,40.000000
2021,20.000000
2022,-20.000000
2023,8.000000
2024,-52.000000
2025,-14.000000
2026,18.000000
2027,-32.000000
2028,-48.000000
2029,-20.000000
2030,28.000000
2031,60.000000
2032,-46.000000
2033,36.000000
2034,-30.000000
2035,0.000000
2036,-18.000000
2037,18.000000
2038,-8.000000
2039,22.000000
2040,-52.000000
2041,62.000000
2042,40.000000
2043,-4.000000
2044,-8.000000
2045,68.000000
2046,-6.000000
2047,-12.000000
2048,-12.000000
2049,-12.000000
2050,4.000000
2051,10.000000
2052,-8.000000
2053,-90.000000
2054,-18.000000
2055,-4.000000
2056,-12.000000
2057,68.000000
2058,-4.000000
2059,10.000000
2060,-6.000000
2061,-6.000000
2062,8.000000
2063,8.000000
2064,-48.000000
2065,24.000000
2066,0.000000
2067,-4.000000
2068,-14.000000
2069,12.000000
2070,-12.000000
2071,-8.000000
2072,0.000000
2073,-22.000000
2074,30.000000
2075,-18.000000
2076,24.000000
2077,-32.000000
2078,-2.000000
2079,-4.000000
2080,10.000000
2081,2.000000
2082,-54.000000
2083,-12.000000
2084,-30.000000
2085,-22.000000
2086,-56.000000
2087,32.000000
2088,-44.000000
2089,30.000000
2090,-42.000000
2091,-14.000000
2092,-12.000000
2093,-10.000000
2094,-12.000000
2095,6.000000
2096,34.000000
2097,-4.000000
2098,-16.000000
2099,68.000000
2100,-28.000000
2101,-24.000000
2102,82.000000
2103,-22.000000
2104,14.000000
2105,68.000000
2106,16.000000
2107,30.000000
2108,-20.000000
2109,-2.000000
2110,-2.000000
2111,-20.000000
2112,10.000000
2113,0.000000
2114,-12.000000
2115,-4.000000
2116,10.000000
2117,44.000000
2118,-16.000000
2119,8.000000
2120,-40.000000
2121,78.000000
2122,20.000000
2123,-4.000000
2124,14.000000
2125,-54.000000
2126,60.000000
2127,-12.000000
2128,16.000000
2129,-30.000000
2130,-10.000000
2131,32.000000
2132,6.000000
2133,14.000000
2134,-4.000000
2135,-22.000000
2136,16.000000
2137,-18.000000
2138,14.000000
2139,-26.000000
2140,36.000000
2141,50.000000
2142,22.000000
2143,2.000000
2144,-4.000000
2145,-4.000000
2146,-20.000000
2147,-20.000000
2148,0.000000
2149,-28.000000
2150,-26.000000
2151,-16.000000
2152,16.000000
2153,2.000000
2154,40.000000
2155,-28.000000
2156,16.000000
2157,-40.000000
2158,-16.000000
2159,-12.000000
2160,-4.000000
2161,46.000000
2162,-8.000000
2163,-2.000000
2164,44.000000
2165,36.000000
2166,20.000000
2167,-4.000000
2168,-44.000000
2169,-16.000000
2170,2.000000
2171,-12.000000
2172,-44.000000
2173,-80.000000
2174,22.000000
2175,-2.000000
2176,18.000000
2177,-12.000000
2178,-4.000000
2179,-16.000000
2180,0.000000
2181,0.000000
2182,52.000000
2183,-8.000000
2184,68.000000
2185,-6.000000
2186,26.000000
2187,24.000000
2188,28.000000
2189,32.000000
2190,-12.000000
2191,-12.000000
2192,-26.000000
2193,12.000000
2194,2.000000
2195,54.000000
2196,-4.000000
2197,-60.000000
2198,-4.000000
2199,32.000000
2200,20.000000
2201,-8.000000
2202,-12.000000
2203,-48.000000
2204,-14.000000
2205,26.000000
2206,-20.000000
2207,-4.000000
2208,6.000000
2209,-20.000000
2210,12.000000
2211,14.000000
2212,42.000000
2213,-30.000000
2214,0.000000
2215,-2.000000
2216,20.000000
2217,40.000000
2218,60.000000
2219,-30.000000
2220,30.000000
2221,60.000000
2222,2.000000
2223,0.000000
2224,8.000000
2225,8.000000
2226,54.000000
2227,22.000000
2228,8.000000
2229,0.000000
2230,-26.000000
2231,8.000000
2232,-16.000000
2233,-14.000000
2234,16.000000
2235,-12.000000
2236,8.000000
2237,50.000000
2238,-8.000000
2239,4.000000
2240,8.000000
2241,82.000000
2242,58.000000
2243,-36.000000
2244,-18.000000
2245,0.000000
2246,4.000000
2247,4.000000
2248,14.000000
2249,8.000000
2250,14.000000
2251,-24.000000
2252,-54.000000
2253,-12.000000
2254,30.000000
2255,28.000000
2256,-2.000000
2257,-36.000000
2258,-48.000000
2259,6.000000
2260,2.000000
2261,-14.000000
2262,6.000000
2263,-26.000000
2264,-26.000000
2265,-50.000000
2266,14.000000
2267,-16.000000
2268,-16.000000
2269,-4.000000
2270,50.000000
2271,0.000000
2272,-56.000000
2273,-6.000000
2274,-4.000000
2275,-4.000000
2276,-4.000000
2277,-56.000000
2278,-54.000000
2279,30.000000
2280,16.000000
2281,-46.000000
2282,54.000000
2283,-12.000000
2284,14.000000
2285,-26.000000
2286,38.000000
2287,-42.000000
2288,-2.000000
2289,8.000000
2290,90.000000
2291,-26.000000
2292,-6.000000
2293,-14.000000
2294,-12.000000
2295,40.000000
2296,-2.000000
2297,86.000000
2298,6.000000
2299,-10.000000
2300,10.000000
2301,0.000000
2302,-6.000000
2303,-10.000000
2304,10.000000
2305,16.000000
2306,-6.000000
2307,-64.000000
2308,20.000000
2309,6.000000
2310,42.000000
2311,-10.000000
2312,-14.000000
2313,0.000000
2314,32.000000
2315,-64.000000
2316,-20.000000
2317,-4.000000
2318,-30.000000
2319,-62.000000
2320,-22.000000
2321,16.000000
2322,40.000000
2323,-10.000000
2324,-26.000000
2325,-40.000000
2326,2.000000
2327,-4.000000
2328,6.000000
2329,-52.000000
2330,-22.000000
2331,-4.000000
2332,-8.000000
2333,38.000000
2334,-16.000000
2335,-4.000000
2336,30.000000
2337,10.000000
2338,-122.000000
2339,-30.000000
2340,10.000000
2341,28.000000
2342,32.000000
2343,50.000000
2344,0.000000
2345,2.000000
2346,-34.000000
2347,-40.000000
2348,18.000000
2349,12.000000
2350,54.000000
2351,-4.000000
2352,4.000000
2353,16.000000
2354,-86.000000
2355,54.000000
2356,-16.000000
2357,-20.000000
2358,-14.000000
2359,-16.000000
2360,-22.000000
2361,6.000000
2362,8.000000
2363,-8.000000
2364,-18.000000
2365,14.000000
2366,28.000000
2367,-16.000000
2368,34.000000
2369,-2.000000
2370,-8.000000
2371,22.000000
2372,-16.000000
2373,6.000000
2374,14.000000
2375,28.000000
2376,10.000000
2377,-2.000000
2378,-8.000000
2379,8.000000
2380,-22.000000
2381,-54.000000
2382,26.000000
2383,-18.000000
2384,24.000000
2385,10.000000
2386,58.000000
2387,60.000000
2388,-70.000000
2389,46.000000
2390,-16.000000
2391,-12.000000
2392,-12.000000
2393,114.000000
2394,0.000000
2395,10.000000
2396,28.000000
2397,-12.000000
2398,-22.000000
2399,4.000000
2400,-14.000000
2401,-28.000000
2402,-42.000000
2403,54.000000
2404,10.000000
2405,-8.000000
2406,46.000000
2407,34.000000
2408,14.000000
2409,14.000000
2410,88.000000
2411,24.000000
2412,-60.000000
2413,-16.000000
2414,-20.000000
2415,14.000000
2416,38.000000
2417,-14.000000
2418,-2.000000
2419,-4.000000
2420,-8.000000
2421,-20.000000
2422,4.000000
2423,32.000000
2424,-6.000000
2425,32.000000
2426,16.000000
2427,40.000000
2428,20.000000
2429,2.000000
2430,-26.000000
2431,-8.000000
2432,-48.000000
2433,32.000000
2434,8.000000
2435,-8.000000
2436,22.000000
2437,-44.000000
2438,10.000000
2439,-26.000000
2440,26.000000
2441,24.000000
2442,4.000000
2443,0.000000
2444,-42.000000
2445,-52.000000
2446,14.000000
2447,40.000000
2448,-6.000000
2449,-20.000000
2450,34.000000
2451,-10.000000
2452,-24.000000
2453,44.000000
2454,20.000000
2455,-76.000000
2456,-6.000000
2457,50.000000
2458,-20.000000
2459,-18.000000
2460,8.000000
2461,-22.000000
2462,14.000000
2463,22.000000
2464,-14.000000
2465,16.000000
2466,-30.000000
2467,-26.000000
2468,2.000000
2469,36.000000
2470,50.000000
2471,-4.000000
2472,-52.000000
2473,0.000000
2474,-10.000000
2475,-10.000000
2476,12.000000
2477,-12.000000
2478,20.000000
2479,-6.000000
2480,-64.000000
2481,-4.000000
2482,-26.000000
2483,-4.000000
2484,28.000000
2485,30.000000
2486,-36.000000
2487,54.000000
2488,24.000000
2489,-12.000000
2490,-40.000000
2491,-30.000000
2492,42.000000
2493,-72.000000
2494,-22.000000
2495,8.000000
2496,26.000000
2497,26.000000
2498,-22.000000
2499,-22.000000
2500,-18.000000
2501,-20.000000
2502,-6.000000
2503,-90.000000
2504,8.000000
2505,-34.000000
2506,6.000000
2507,50.000000
2508,14.000000
2509,-28.000000
2510,20.000000
2511,-26.000000
2512,-14.000000
2513,-36.000000
2514,-12.000000
2515,-12.000000
2516,-18.000000
2517,24.000000
2518,32.000000
2519,-34.000000
2520,54.000000
2521,-26.000000
2522,4.000000
2523,6.000000
2524,-30.000000
2525,-72.000000
2526,-4.000000
2527,-26.000000
2528,-4.000000
2529,20.000000
2530,10.000000
2531,-16.000000
2532,12.000000
2533,-32.000000
2534,-20.000000
2535,-16.000000
2536,-8.000000
2537,36.000000
2538,-4.000000
2539,54.000000
2540,-4.000000
2541,-36.000000
2542,26.000000
2543,-16.000000
2544,-70.000000
2545,16.000000
2546,-22.000000
2547,-34.000000
2548,-26.000000
2549,30.000000
2550,44.000000
2551,-8.000000
2552,-4.000000
2553,56.000000
2554,16.000000
2555,68.000000
2556,6.000000
2557,20.000000
2558,-4.000000
2559,-4.000000
2560,-20.000000
2561,6.000000
2562,-6.000000
2563,-20.000000
2564,-16.000000
2565,0.000000
2566,6.000000
2567,-44.000000
2568,-44.000000
2569,0.000000
2570,26.000000
2571,14.000000
2572,52.000000
2573,58.000000
2574,8.000000
2575,26.000000
2576,-26.000000
2577,-24.000000
2578,2.000000
2579,-8.000000
2580,54.000000
2581,-58.000000
2582,-12.000000
2583,-10.000000
2584,54.000000
2585,-16.000000
2586,40.000000
2587,26.000000
2588,10.000000
2589,12.000000
2590,-6.000000
2591,4.000000
2592,14.000000
2593,24.000000
2594,-72.000000
2595,18.000000
2596,-12.000000
2597,8.000000
2598,14.000000
2599,-50.000000
2600,10.000000
2601,-22.000000
2602,-12.000000
2603,60.000000
2604,36.000000
2605,36.000000
2606,-22.000000
2607,10.000000
2608,-52.000000
2609,-24.000000
2610,14.000000
2611,8.000000
2612,82.000000
2613,-14.000000
2614,-12.000000
2615,22.000000
2616,12.000000
2617,4.000000
2618,-30.000000
2619,32.000000
2620,-70.000000
2621,14.000000
2622,26.000000
2623,-26.000000
2624,-12.000000
2625,-36.000000
2626,-12.000000
2627,-34.000000
2628,-30.000000
2629,-4.000000
2630,-26.000000
2631,58.000000
2632,-60.000000
2633,14.000000
2634,0.000000
2635,10.000000
2636,2.000000
2637,26.000000
2638,-52.000000
2639,46.000000
2640,22.000000
2641,26.000000
2642,-16.000000
2643,28.000000
2644,-2.000000
2645,18.000000
2646,24.000000
2647,30.000000
2648,10.000000
2649,10.000000
2650,10.000000
2651,-16.000000
2652,64.000000
2653,-82.000000
2654,-14.000000
2655,20.000000
2656,18.000000
2657,-2.000000
2658,-12.000000
2659,-24.000000
2660,16.000000
2661,0.000000
2662,-20.000000
2663,-10.000000
2664,-14.000000
2665,12.000000
2666,-34.000000
2667,20.000000
2668,-8.000000
2669,10.000000
2670,40.000000
2671,-16.000000
2672,24.000000
2673,-68.000000
2674,28.000000
2675,40.000000
2676,42.000000
2677,-12.000000
2678,2.000000
2679,2.000000
2680,10.000000
2681,-32.000000
2682,0.000000
2683,0.000000
2684,-2.000000
2685,-12.000000
2686,8.000000
2687,24.000000
2688,-12.000000
2689,14.000000
2690,-20.000000
2691,6.000000
2692,20.000000
2693,44.000000
2694,8.000000
2695,-4.000000
2696,4.000000
2697,24.000000
2698,22.000000
2699,-94.000000
2700,0.000000
2701,-8.000000
2702,48.000000
2703,-18.000000
2704,8.000000
2705,-10.000000
2706,54.000000
2707,-16.000000
2708,-8.000000
2709,-48.000000
2710,-2.000000
2711,-26.000000
2712,-12.000000
2713,10.000000
2714,-20.000000
2715,14.000000
2716,12.000000
2717,-4.000000
2718,6.000000
2719,4.000000
2720,0.000000
2721,-8.000000
2722,0.000000
2723,-12.000000
2724,26.000000
2725,-8.000000
2726,36.000000
2727,-16.000000
2728,6.000000
2729,46.000000
2730,-2.000000
2731,16.000000
2732,-10.000000
2733,-12.000000
2734,-36.000000
2735,-12.000000
2736,34.000000
2737,-58.000000
2738,-2.000000
2739,12.000000
2740,6.000000
2741,-8.000000
2742,-34.000000
2743,8.000000
2744,-4.000000
2745,14.000000
2746,-24.000000
2747,10.000000
2748,0.000000
2749,0.000000
2750,-34.000000
2751,-2.000000
2752,18.000000
2753,20.000000
2754,6.000000
2755,60.000000
2756,20.000000
2757,4.000000
2758,-22.000000
2759,44.000000
2760,-24.000000
2761,-2.000000
2762,-2.000000
2763,34.000000
2764,26.000000
2765,-40.000000
2766,-12.000000
2767,38.000000
2768,28.000000
2769,72.000000
2770,-40.000000
2771,10.000000
2772,-48.000000
2773,-22.000000
2774,4.000000
2775,-12.000000
2776,28.000000
2777,68.000000
2778,34.000000
2779,-30.000000
2780,32.000000
2781,16.000000
2782,-10.000000
2783,8.000000
2784,-82.000000
2785,10.000000
2786,-16.000000
2787,-12.000000
2788,-16.000000
2789,-48.000000
2790,34.000000
2791,38.000000
2792,-42.000000
2793,14.000000
2794,-36.000000
2795,-66.000000
2796,-24.000000
2797,8.000000
2798,26.000000
2799,28.000000
2800,6.000000
2801,8.000000
2802,-26.000000
2803,-22.000000
2804,8.000000
2805,-22.000000
2806,-14.000000
2807,-56.000000
2808,42.000000
2809,-4.000000
2810,-30.000000
2811,-24.000000
2812,-84.000000
2813,82.000000
2814,8.000000
2815,-68.000000
2816,14.000000
2817,-38.000000
2818,2.000000
2819,-18.000000
2820,34.000000
2821,-30.000000
2822,-28.000000
2823,-32.000000
2824,-2.000000
2825,-4.000000
2826,-38.000000
2827,-12.000000
2828,-20.000000
2829,-20.000000
2830,-2.000000
2831,16.000000
2832,6.000000
2833,26.000000
2834,68.000000
2835,-22.000000
2836,-6.000000
2837,-2.000000
2838,-2.000000
2839,-30.000000
2840,10.000000
2841,-60.000000
2842,-40.000000
2843,-14.000000
2844,28.000000
2845,-16.000000
2846,-60.000000
2847,-2.000000
2848,4.000000
2849,28.000000
2850,98.000000
2851,0.000000
2852,14.000000
2853,-16.000000
2854,4.000000
2855,30.000000
2856,-34.000000
2857,-22.000000
2858,46.000000
2859,-24.000000
2860,-52.000000
2861,54.000000
2862,-8.000000
2863,-20.000000
2864,90.000000
2865,-12.000000
2866,-26.000000
2867,-16.000000
2868,54.000000
2869,-18.000000
2870,22.000000
2871,30.000000
2872,22.000000
2873,2.000000
2874,78.000000
2875,-16.000000
2876,-20.000000
2877,-58.000000
2878,38.000000
2879,-14.000000
2880,-26.000000
2881,4.000000
2882,-14.000000
2883,-24.000000
2884,-40.000000
2885,-16.000000
2886,10.000000
2887,24.000000
2888,-6.000000
2889,8.000000
2890,-4.000000
2891,32.000000
2892,10.000000
2893,-66.000000
2894,0.000000
2895,58.000000
2896,-10.000000
2897,-64.000000
2898,24.000000
2899,8.000000
2900,14.000000
2901,-28.000000
2902,20.000000
2903,6.000000
2904,4.000000
2905,4.000000
2906,16.000000
2907,20.000000
2908,10.000000
2909,-4.000000
2910,2.000000
2911,-12.000000
2912,-30.000000
2913,12.000000
2914,-6.000000
2915,-8.000000
2916,68.000000
2917,24.000000
2918,-14.000000
2919,-16.000000
2920,-8.000000
2921,2.000000
2922,46.000000
2923,50.000000
2924,2.000000
2925,20.000000
2926,-64.000000
2927,-36.000000
2928,-16.000000
2929,12.000000
2930,-10.000000
2931,-10.000000
2932,-8.000000
2933,-32.000000
2934,62.000000
2935,22.000000
2936,0.000000
2937,-18.000000
2938,-14.000000
2939,92.000000
2940,0.000000
2941,2.000000
2942,-6.000000
2943,10.000000
2944,-8.000000
2945,22.000000
2946,0.000000
2947,2.000000
2948,18.000000
2949,22.000000
2950,24.000000
2951,12.000000
2952,-62.000000
2953,-2.000000
2954,32.000000
2955,4.000000
2956,-24.000000
2957,8.000000
2958,-20.000000
2959,32.000000
2960,-14.000000
2961,-14.000000
2962,36.000000
2963,20.000000
2964,-28.000000
2965,32.000000
2966,-30.000000
2967,-2.000000
2968,-22.000000
2969,14.000000
2970,-2.000000
2971,-8.000000
2972,-12.000000
2973,34.000000
2974,-8.000000
2975,2.000000
2976,14.000000
2977,68.000000
2978,12.000000
2979,14.000000
2980,6.000000
2981,28.000000
2982,2.000000
2983,-36.000000
2984,-32.000000
2985,4.000000
2986,-30.000000
2987,-62.000000
2988,-60.000000
2989,-8.000000
2990,-26.000000
2991,6.000000
2992,10.000000
2993,6.000000
2994,-8.000000
2995,32.000000
2996,16.000000
2997,10.000000
2998,-12.000000
2999,20.000000
3000,-14.000000
3001,-14.000000
3002,-4.000000
3003,0.000000
3004,-82.000000
3005,22.000000
3006,4.000000
3007,30.000000
3008,-6.000000
3009,-34.000000
3010,-4.000000
3011,0.000000
3012,-50.000000
3013,-12.000000
3014,46.000000
3015,48.000000
3016,-26.000000
3017,-34.000000
3018,-22.000000
3019,6.000000
3020,-40.000000
3021,18.000000
3022,30.000000
3023,2.000000
3024,-4.000000
3025,40.000000
3026,-30.000000
3027,-12.000000
3028,-52.000000
3029,-40.000000
3030,-12.000000
3031,-40.000000
3032,0.000000
3033,54.000000
3034,0.000000
3035,0.000000
3036,10.000000
3037,-60.000000
3038,12.000000
3039,14.000000
3040,10.000000
3041,-26.000000
3042,34.000000
3043,8.000000
3044,72.000000
3045,-22.000000
3046,-4.000000
3047,-4.000000
3048,-22.000000
3049,-26.000000
3050,-26.000000
3051,78.000000
3052,54.000000
3053,-2.000000
3054,-18.000000
3055,60.000000
3056,86.000000
3057,-76.000000
3058,-12.000000
3059,8.000000
3060,-18.000000
3061,-14.000000
3062,34.000000
3063,-20.000000
3064,40.000000
3065,26.000000
3066,40.000000
3067,-36.000000
3068,-38.000000
3069,-36.000000
3070,-16.000000
3071,-4.000000
3072,-30.000000
3073,-4.000000
3074,-26.000000
3075,20.000000
3076,-4.000000
3077,-4.000000
3078,46.000000
3079,12.000000
3080,28.000000
3081,-8.000000
3082,14.000000
3083,-24.000000
3084,-22.000000
3085,22.000000
3086,-24.000000
3087,26.000000
3088,2.000000
3089,-2.000000
3090,6.000000
3091,34.000000
3092,20.000000
3093,6.000000
3094,2.000000
3095,22.000000
3096,-12.000000
3097,-22.000000
3098,-14.000000
3099,28.000000
3100,24.000000
3101,0.000000
3102,8.000000
3103,24.000000
3104,-2.000000
3105,-52.000000
3106,-42.000000
3107,32.000000
3108,-14.000000
3109,-34.000000
3110,-106.000000
3111,-6.000000
3112,-18.000000
3113,-20.000000
3114,-30.000000
3115,-36.000000
3116,-8.000000
3117,-26.000000
3118,54.000000
3119,28.000000
3120,-8.000000
3121,-56.000000
3122,-14.000000
3123,-38.000000
3124,8.000000
3125,-8.000000
3126,62.000000
3127,-50.000000
3128,20.000000
3129,-34.000000
3130,-10.000000
3131,-68.000000
3132,8.000000
3133,68.000000
3134,18.000000
3135,2.000000
3136,-6.000000
3137,32.000000
3138,26.000000
3139,54.000000
3140,-8.000000
3141,-18.000000
3142,-4.000000
3143,-60.000000
3144,-68.000000
3145,-12.000000
3146,-38.000000
3147,-12.000000
3148,74.000000
3149,22.000000
3150,-36.000000
3151,72.000000
3152,10.000000
3153,58.000000
3154,-26.000000
3155,-8.000000
3156,-12.000000
3157,36.000000
3158,-4.000000
3159,-20.000000
3160,60.000000
3161,10.000000
3162,-20.000000
3163,24.000000
3164,-8.000000
3165,-36.000000
3166,8.000000
3167,-2.000000
3168,-32.000000
3169,-36.000000
3170,58.000000
3171,28.000000
3172,10.000000
3173,-20.000000
3174,30.000000
3175,-26.000000
3176,-4.000000
3177,-4.000000
3178,0.000000
3179,12.000000
3180,-8.000000
3181,-40.000000
3182,26.000000
3183,78.000000
3184,-48.000000
3185,-20.000000
3186,20.000000
3187,-38.000000
3188,24.000000
3189,-32.000000
3190,-16.000000
3191,-40.000000
3192,-8.000000
3193,6.000000
3194,-20.000000
3195,2.000000
3196,-14.000000
3197,20.000000
3198,100.000000
3199,8.000000
3200,-38.000000
3201,82.000000
3202,-16.000000
3203,24.000000
3204,22.000000
3205,42.000000
3206,42.000000
3207,-22.000000
3208,-8.000000
3209,-40.000000
3210,-28.000000
3211,-68.000000
3212,30.000000
3213,-38.000000
3214,-20.000000
3215,26.000000
3216,32.000000
3217,30.000000
3218,-50.000000
3219,16.000000
3220,-12.000000
3221,-54.000000
3222,20.000000
3223,-62.000000
3224,-16.000000
3225,0.000000
3226,-50.000000
3227,-50.000000
3228,-24.000000
3229,-16.000000
3230,-14.000000
3231,-22.000000
3232,40.000000
3233,14.000000
3234,-22.000000
3235,50.000000
3236,-32.000000
3237,-4.000000
3238,4.000000
3239,-52.000000
3240,-10.000000
3241,40.000000
3242,-50.000000
3243,-12.000000
3244,34.000000
3245,-12.000000
3246,68.000000
3247,-14.000000
3248,-8.000000
3249,-72.000000
3250,-12.000000
3251,-46.000000
3252,-16.000000
3253,14.000000
3254,8.000000
3255,-20.000000
3256,-16.000000
3257,10.000000
3258,-20.000000
3259,14.000000
3260,-4.000000
3261,0.000000
3262,-72.000000
3263,20.000000
3264,-50.000000
3265,-2.000000
3266,-50.000000
3267,-66.000000
3268,-14.000000
3269,58.000000
3270,-12.000000
3271,34.000000
3272,-16.000000
3273,-12.000000
3274,-46.000000
3275,-22.000000
3276,-34.000000
3277,-30.000000
3278,16.000000
3279,-40.000000
3280,-4.000000
3281,6.000000
3282,40.000000
3283,34.000000
3284,22.000000
3285,6.000000
3286,-14.000000
3287,-4.000000
3288,-2.000000
3289,-60.000000
3290,10.000000
3291,8.000000
3292,-2.000000
3293,8.000000
3294,14.000000
3295,14.000000
3296,-20.000000
3297,-18.000000
3298,-6.000000
3299,48.000000
3300,4.000000
3301,112.000000
3302,-20.000000
3303,-26.000000
3304,-26.000000
3305,-4.000000
3306,-4.000000
3307,-4.000000
3308,-4.000000
3309,-68.000000
3310,22.000000
3311,-4.000000
3312,-12.000000
3313,-8.000000
3314,-68.000000
3315,10.000000
3316,-12.000000
3317,-8.000000
3318,2.000000
3319,16.000000
3320,22.000000
3321,22.000000
3322,0.000000
3323,8.000000
3324,-70.000000
3325,70.000000
3326,-32.000000
3327,-18.000000
3328,-4.000000
3329,22.000000
3330,-4.000000
3331,-2.000000
3332,54.000000
3333,-16.000000
3334,-24.000000
3335,-20.000000
3336,14.000000
3337,32.000000
3338,8.000000
3339,36.000000
3340,8.000000
3341,0.000000
3342,10.000000
3343,-8.000000
3344,-4.000000
3345,8.000000
3346,-10.000000
3347,2.000000
3348,0.000000
3349,-22.000000
3350,40.000000
3351,60.000000
3352,-54.000000
3353,-10.000000
3354,-4.000000
3355,0.000000
3356,8.000000
3357,0.000000
3358,6.000000
3359,-34.000000
3360,24.000000
3361,0.000000
3362,0.000000
3363,-20.000000
3364,-44.000000
3365,0.000000
3366,-26.000000
3367,-44.000000
3368,10.000000
3369,-30.000000
3370,-8.000000
3371,-34.000000
3372,-6.000000
3373,-6.000000
3374,32.000000
3375,-10.000000
3376,2.000000
3377,-34.000000
3378,-4.000000
3379,-68.000000
3380,-40.000000
3381,10.000000
3382,-56.000000
3383,10.000000
3384,2.000000
3385,26.000000
3386,-48.000000
3387,-30.000000
3388,0.000000
3389,-16.000000
3390,10.000000
3391,16.000000
3392,24.000000
3393,-4.000000
3394,32.000000
3395,22.000000
3396,-56.000000
3397,-4.000000
3398,8.000000
3399,12.000000
3400,-4.000000
3401,38.000000
3402,26.000000
3403,-26.000000
3404,20.000000
3405,-20.000000
3406,-72.000000
3407,0.000000
3408,2.000000
3409,0.000000
3410,0.000000
3411,0.000000
3412,-4.000000
3413,-56.000000
3414,-12.000000
3415,32.000000
3416,40.000000
3417,28.000000
3418,44.000000
3419,-10.000000
3420,8.000000
3421,-2.000000
3422,-36.000000
3423,0.000000
3424,2.000000
3425,-30.000000
3426,-4.000000
3427,12.000000
3428,-12.000000
3429,18.000000
3430,-4.000000
3431,-12.000000
3432,8.000000
3433,-38.000000
3434,-30.000000
3435,-18.000000
3436,-2.000000
3437,12.000000
3438,36.000000
3439,-22.000000
3440,-10.000000
3441,0.000000
3442,0.000000
3443,8.000000
3444,-6.000000
3445,34.000000
3446,-12.000000
3447,14.000000
3448,28.000000
3449,-22.000000
3450,8.000000
3451,-28.000000
3452,-6.000000
3453,86.000000
3454,16.000000
3455,14.000000
3456,12.000000
3457,36.000000
3458,20.000000
3459,22.000000
3460,8.000000
3461,0.000000
3462,-6.000000
3463,34.000000
3464,14.000000
3465,6.000000
3466,-30.000000
3467,20.000000
3468,-26.000000
3469,40.000000
3470,40.000000
3471,-4.000000
3472,14.000000
3473,-22.000000
3474,2.000000
3475,26.000000
3476,-12.000000
3477,26.000000
3478,-20.000000
3479,-80.000000
3480,2.000000
3481,4.000000
3482,8.000000
3483,-16.000000
3484,-8.000000
3485,22.000000
3486,14.000000
3487,-28.000000
3488,-10.000000
3489,-10.000000
3490,20.000000
3491,-26.000000
3492,-24.000000
3493,-20.000000
3494,-44.000000
3495,50.000000
3496,-22.000000
3497,-2.000000
3498,6.000000
3499,-48.000000
3500,32.000000
3501,-4.000000
3502,-4.000000
3503,64.000000
3504,-4.000000
3505,24.000000
3506,8.000000
3507,6.000000
3508,4.000000
3509,10.000000
3510,-18.000000
3511,-52.000000
3512,2.000000
3513,-2.000000
3514,14.000000
3515,0.000000
3516,-6.000000
3517,-30.000000
3518,40.000000
3519,26.000000
3520,-12.000000
3521,-14.000000
3522,50.000000
3523,-20.000000
3524,26.000000
3525,20.000000
3526,2.000000
3527,2.000000
3528,-18.000000
3529,-22.000000
3530,-58.000000
3531,-26.000000
3532,18.000000
3533,28.000000
3534,-2.000000
3535,-4.000000
3536,-28.000000
3537,-20.000000
3538,20.000000
3539,10.000000
3540,-30.000000
3541,-20.000000
3542,46.000000
3543,-4.000000
3544,-6.000000
3545,10.000000
3546,-16.000000
3547,-20.000000
3548,24.000000
3549,-50.000000
3550,-30.000000
3551,26.000000
3552,-8.000000
3553,6.000000
3554,34.000000
3555,10.000000
3556,-2.000000
3557,2.000000
3558,-68.000000
3559,2.000000
3560,-6.000000
3561,38.000000
3562,-16.000000
3563,4.000000
3564,-16.000000
3565,-26.000000
3566,2.000000
3567,22.000000
3568,-4.000000
3569,-22.000000
3570,-4.000000
3571,-14.000000
3572,0.000000
3573,-4.000000
3574,-4.000000
3575,44.000000
3576,-8.000000
3577,10.000000
3578,-20.000000
3579,54.000000
3580,24.000000
3581,-8.000000
3582,-8.000000
3583,30.000000
3584,-40.000000
3585,2.000000
3586,-20.000000
3587,-40.000000
3588,-80.000000
3589,-20.000000
3590,-48.000000
3591,-4.000000
3592,-4.000000
3593,-10.000000
3594,-46.000000
3595,10.000000
3596,14.000000
3597,4.000000
3598,-24.000000
3599,-10.000000
3600,10.000000
3601,12.000000
3602,-22.000000
3603,-42.000000
3604,40.000000
3605,20.000000
3606,4.000000
3607,0.000000
3608,-10.000000
3609,-20.000000
3610,46.000000
3611,26.000000
3612,12.000000
3613,6.000000
3614,-14.000000
3615,6.000000
3616,-18.000000
3617,54.000000
3618,28.000000
3619,-18.000000
3620,-8.000000
3621,14.000000
3622,-22.000000
3623,0.000000
3624,2.000000
3625,-30.000000
3626,78.000000
3627,-6.000000
3628,10.000000
3629,2.000000
3630,-4.000000
3631,-24.000000
3632,54.000000
3633,-4.000000
3634,44.000000
3635,30.000000
3636,-16.000000
3637,16.000000
3638,-76.000000
3639,-6.000000
3640,6.000000
3641,-72.000000
3642,28.000000
3643,-2.000000
3644,-4.000000
3645,-4.000000
3646,6.000000
3647,8.000000
3648,-4.000000
3649,6.000000
3650,-40.000000
3651,-22.000000
3652,26.000000
3653,-22.000000
3654,4.000000
3655,12.000000
3656,-8.000000
3657,14.000000
3658,14.000000
3659,12.000000
3660,14.000000
3661,-6.000000
3662,12.000000
3663,-28.000000
3664,-12.000000
3665,14.000000
3666,-24.000000
3667,14.000000
3668,-30.000000
3669,6.000000
3670,2.000000
3671,30.000000
3672,-12.000000
3673,54.000000
3674,-58.000000
3675,-26.000000
3676,2.000000
3677,12.000000
3678,-50.000000
3679,-16.000000
3680,12.000000
3681,-8.000000
3682,14.000000
3683,-2.000000
3684,-38.000000
3685,-10.000000
3686,46.000000
3687,46.000000
3688,-2.000000
3689,-16.000000
3690,-20.000000
3691,0.000000
3692,-2.000000
3693,-32.000000
3694,-4.000000
3695,-12.000000
3696,16.000000
3697,0.000000
3698,-4.000000
3699,16.000000
3700,-22.000000
3701,-38.000000
3702,-34.000000
3703,-36.000000
3704,32.000000
3705,-16.000000
3706,-4.000000
3707,-6.000000
3708,-18.000000
3709,10.000000
3710,-16.000000
3711,50.000000
3712,-46.000000
3713,26.000000
3714,22.000000
3715,34.000000
3716,-12.000000
3717,22.000000
3718,-26.000000
3719,10.000000
3720,54.000000
3721,8.000000
3722,-14.000000
3723,78.000000
3724,-18.000000
3725,-8.000000
3726,-36.000000
3727,-8.000000
3728,-12.000000
3729,-82.000000
3730,-20.000000
3731,0.000000
3732,-12.000000
3733,0.000000
3734,72.000000
3735,14.000000
3736,-12.000000
3737,54.000000
3738,8.000000
3739,8.000000
3740,20.000000
3741,-2.000000
3742,-38.000000
3743,-10.000000
3744,-12.000000
3745,-12.000000
3746,-4.000000
3747,-28.000000
3748,6.000000
3749,20.000000
3750,4.000000
3751,2.000000
3752,-16.000000
3753,2.000000
3754,-70.000000
3755,14.000000
3756,-34.000000
3757,-30.000000
3758,-2.000000
3759,72.000000
3760,10.000000
3761,-66.000000
3762,48.000000
3763,-2.000000
3764,14.000000
3765,20.000000
3766,-4.000000
3767,-16.000000
3768,-34.000000
3769,-22.000000
3770,-4.000000
3771,36.000000
3772,22.000000
3773,36.000000
3774,0.000000
3775,8.000000
3776,24.000000
3777,-46.000000
3778,14.000000
3779,-4.000000
3780,-18.000000
3781,54.000000
3782,92.000000
3783,2.000000
3784,-40.000000
3785,-8.000000
3786,10.000000
3787,-48.000000
3788,-10.000000
3789,-34.000000
3790,-2.000000
3791,-18.000000
3792,-16.000000
3793,-20.000000
3794,-54.000000
3795,-14.000000
3796,-52.000000
3797,-10.000000
3798,-12.000000
3799,2.000000
3800,-26.000000
3801,8.000000
3802,12.000000
3803,12.000000
3804,22.000000
3805,16.000000
3806,24.000000
3807,8.000000
3808,14.000000
3809,-2.000000
3810,86.000000
3811,42.000000
3812,-16.000000
3813,-8.000000
3814,-56.000000
3815,-24.000000
3816,-2.000000
3817,2.000000
3818,0.000000
3819,2.000000
3820,24.000000
3821,-34.000000
3822,14.000000
3823,0.000000
3824,-2.000000
3825,-64.000000
3826,-2.000000
3827,-2.000000
3828,20.000000
3829,28.000000
3830,32.000000
3831,0.000000
3832,64.000000
3833,-94.000000
3834,50.000000
3835,6.000000
3836,-10.000000
3837,-10.000000
3838,-4.000000
3839,-4.000000
3840,-2.000000
3841,12.000000
3842,-46.000000
3843,108.000000
3844,-8.000000
3845,-40.000000
3846,-8.000000
3847,18.000000
3848,8.000000
3849,6.000000
3850,-16.000000
3851,32.000000
3852,-4.000000
3853,68.000000
3854,24.000000
3855,78.000000
3856,-4.000000
3857,-2.000000
3858,-48.000000
3859,10.000000
3860,54.000000
3861,14.000000
3862,-2.000000
3863,-52.000000
3864,-54.000000
3865,-30.000000
3866,-30.000000
3867,-48.000000
3868,64.000000
3869,-2.000000
3870,-4.000000
3871,30.000000
3872,2.000000
3873,2.000000
3874,-2.000000
3875,54.000000
3876,64.000000
3877,-22.000000
3878,14.000000
3879,-36.000000
3880,-2.000000
3881,-4.000000
3882,24.000000
3883,46.000000
3884,-24.000000
3885,-22.000000
3886,8.000000
3887,26.000000
3888,12.000000
3889,-10.000000
3890,2.000000
3891,54.000000
3892,8.000000
3893,8.000000
3894,-8.000000
3895,-2.000000
3896,-68.000000
3897,28.000000
3898,6.000000
3899,-12.000000
3900,-20.000000
3901,-16.000000
3902,26.000000
3903,-6.000000
3904,26.000000
3905,-4.000000
3906,10.000000
3907,18.000000
3908,10.000000
3909,16.000000
3910,-10.000000
3911,40.000000
3912,-84.000000
3913,-20.000000
3914,20.000000
3915,-6.000000
3916,18.000000
3917,-22.000000
3918,56.000000
3919,90.000000
3920,-12.000000
3921,8.000000
3922,0.000000
3923,-18.000000
3924,12.000000
3925,20.000000
3926,-4.000000
3927,8.000000
3928,6.000000
3929,0.000000
3930,38.000000
3931,-28.000000
3932,44.000000
3933,-12.000000
3934,8.000000
3935,2.000000
3936,10.000000
3937,-34.000000
3938,-4.000000
3939,20.000000
3940,50.000000
3941,-24.000000
3942,8.000000
3943,-8.000000
3944,14.000000
3945,-8.000000
3946,18.000000
3947,6.000000
3948,6.000000
3949,-72.000000
3950,12.000000
3951,-20.000000
3952,30.000000
3953,42.000000
3954,-14.000000
3955,-8.000000
3956,26.000000
3957,-26.000000
3958,6.000000
3959,46.000000
3960,20.000000
3961,-22.000000
3962,-18.000000
3963,-16.000000
3964,-32.000000
3965,50.000000
3966,-22.000000
3967,60.000000
3968,-40.000000
3969,2.000000
3970,-8.000000
3971,22.000000
3972,-4.000000
3973,8.000000
3974,-12.000000
3975,14.000000
3976,26.000000
3977,-34.000000
3978,-64.000000
3979,24.000000
3980,-26.000000
3981,-14.000000
3982,0.000000
3983,0.000000
3984,18.000000
3985,10.000000
3986,-8.000000
3987,-28.000000
3988,-4.000000
3989,8.000000
3990,-22.000000
3991,14.000000
3992,0.000000
3993,22.000000
3994,4.000000
3995,4.000000
3996,-14.000000
3997,-52.000000
3998,-34.000000
3999,0.000000
4000,-24.000000
4001,12.000000
4002,-6.000000
4003,-42.000000
4004,68.000000
4005,54.000000
4006,8.000000
4007,-4.000000
4008,68.000000
4009,-6.000000
4010,-8.000000
4011,58.000000
4012,6.000000
4013,6.000000
4014,-44.000000
4015,-12.000000
4016,0.000000
4017,-50.000000
4018,-20.000000
4019,40.000000
4020,-12.000000
4021,24.000000
4022,6.000000
4023,40.000000
4024,-12.000000
4025,-18.000000
4026,20.000000
4027,6.000000
4028,-20.000000
4029,-4.000000
4030,-2.000000
4031,-44.000000
4032,16.000000
4033,-8.000000
4034,-4.000000
4035,-34.000000
4036,2.000000
4037,-42.000000
4038,10.000000
4039,-4.000000
4040,6.000000
4041,0.000000
4042,-10.000000
4043,-2.000000
4044,-4.000000
4045,26.000000
4046,2.000000
4047,16.000000
4048,14.000000
4049,-16.000000
4050,2.000000
4051,6.000000
4052,-14.000000
4053,-12.000000
4054,-12.000000
4055,-14.000000
4056,34.000000
4057,-54.000000
4058,-12.000000
4059,10.000000
4060,-60.000000
4061,-60.000000
4062,6.000000
4063,40.000000
4064,-14.000000
4065,-36.000000
4066,10.000000
4067,-22.000000
4068,-90.000000
4069,12.000000
4070,-12.000000
4071,30.000000
4072,2.000000
4073,-18.000000
4074,-8.000000
4075,-62.000000
4076,0.000000
4077,-6.000000
4078,-16.000000
4079,-14.000000
4080,86.000000
4081,8.000000
4082,-10.000000
4083,-10.000000
4084,-18.000000
4085,0.000000
4086,-30.000000
4087,50.000000
4088,8.000000
4089,-70.000000
4090,-98.000000
4091,20.000000
4092,-20.000000
4093,26.000000
4094,70.000000
4095,4.000000
4096,4.000000
4097,-18.000000
4098,-48.000000
4099,6.000000
4100,40.000000
4101,-12.000000
4102,52.000000
4103,-46.000000
4104,46.000000
4105,60.000000
4106,-26.000000
4107,8.000000
4108,4.000000
4109,64.000000
4110,10.000000
4111,-60.000000
4112,62.000000
4113,14.000000
4114,6.000000
4115,26.000000
4116,-2.000000
4117,34.000000
4118,10.000000
4119,-4.000000
4120,-62.000000
4121,-12.000000
4122,64.000000
4123,-16.000000
4124,-4.000000
4125,0.000000
4126,-14.000000
4127,10.000000
4128,-4.000000
4129,2.000000
4130,10.000000
4131,-22.000000
4132,20.000000
4133,0.000000
4134,0.000000
4135,30.000000
4136,-4.000000
4137,20.000000
4138,-2.000000
4139,-50.000000
4140,-2.000000
4141,-14.000000
4142,-44.000000
4143,-30.000000
4144,-8.000000
4145,-18.000000
4146,0.000000
4147,24.000000
4148,32.000000
4149,8.000000
4150,28.000000
4151,12.000000
4152,16.000000
4153,-44.000000
4154,-8.000000
4155,18.000000
4156,32.000000
4157,-12.000000
4158,46.000000
4159,-8.000000
4160,32.000000
4161,-20.000000
4162,28.000000
4163,26.000000
4164,-14.000000
4165,-36.000000
4166,32.000000
4167,-22.000000
4168,0.000000
4169,72.000000
4170,-22.000000
4171,26.000000
4172,72.000000
4173,-10.000000
4174,54.000000
4175,2.000000
4176,-16.000000
4177,-44.000000
4178,-46.000000
4179,0.000000
4180,8.000000
4181,6.000000
4182,62.000000
4183,20.000000
4184,-4.000000
4185,10.000000
4186,-4.000000
4187,20.000000
4188,30.000000
4189,-10.000000
4190,-6.000000
4191,88.000000
4192,12.000000
4193,0.000000
4194,-60.000000
4195,-12.000000
4196,76.000000
4197,-4.000000
4198,40.000000
4199,-48.000000
4200,-26.000000
4201,16.000000
4202,4.000000
4203,-4.000000
4204,2.000000
4205,-16.000000
4206,-66.000000
4207,10.000000
4208,-6.000000
4209,-58.000000
4210,-24.000000
4211,2.000000
4212,6.000000
4213,24.000000
4214,60.000000
4215,-16.000000
4216,8.000000
4217,-12.000000
4218,-4.000000
4219,-4.000000
4220,-16.000000
4221,18.000000
4222,2.000000
4223,44.000000
4224,10.000000
4225,-44.000000
4226,42.000000
4227,8.000000
4228,22.000000
4229,14.000000
4230,8.000000
4231,-34.000000
4232,-34.000000
4233,76.000000
4234,-22.000000
4235,-74.000000
4236,14.000000
4237,-4.000000
4238,0.000000
4239,16.000000
4240,0.000000
4241,-12.000000
4242,22.000000
4243,4.000000
4244,50.000000
4245,-16.000000
4246,-2.000000
4247,28.000000
4248,-20.000000
4249,2.000000
4250,18.000000
4251,-24.000000
4252,-44.000000
4253,82.000000
4254,40.000000
4255,2.000000
4256,-6.000000
4257,16.000000
4258,24.000000
4259,2.000000
4260,2.000000
4261,4.000000
4262,16.000000
4263,16.000000
4264,30.000000
4265,24.000000
4266,10.000000
4267,14.000000
4268,-20.000000
4269,-24.000000
4270,-36.000000
4271,6.000000
4272,24.000000
4273,24.000000
4274,72.000000
4275,34.000000
4276,22.000000
4277,54.000000
4278,-8.000000
4279,60.000000
4280,-8.000000
4281,-12.000000
4282,-12.000000
4283,-20.000000
4284,38.000000
4285,-16.000000
4286,26.000000
4287,-14.000000
4288,14.000000
4289,48.000000
4290,-4.000000
4291,-16.000000
4292,-26.000000
4293,-22.000000
4294,6.000000
4295,6.000000
4296,62.000000
4297,18.000000
4298,32.000000
4299,-44.000000
4300,12.000000
4301,64.000000
4302,-10.000000
4303,12.000000
4304,0.000000
4305,-2.000000
4306,-20.000000
4307,-60.000000
4308,-8.000000
4309,-4.000000
4310,-20.000000
4311,-82.000000
4312,-40.000000
4313,22.000000
4314,-6.000000
4315,0.000000
4316,20.000000
4317,-20.000000
4318,-30.000000
4319,-14.000000
4320,-12.000000
4321,2.000000
4322,38.000000
4323,-4.000000
4324,-4.000000
4325,-30.000000
4326,-22.000000
4327,-10.000000
4328,50.000000
4329,12.000000
4330,-18.000000
4331,-22.000000
4332,-16.000000
4333,16.000000
4334,2.000000
4335,6.000000
4336,24.000000
4337,-16.000000
4338,-28.000000
4339,-6.000000
4340,-22.000000
4341,16.000000
4342,-24.000000
4343,-68.000000
4344,-30.000000
4345,-54.000000
4346,-2.000000
4347,-2.000000
4348,76.000000
4349,-44.000000
4350,28.000000
4351,-18.000000
4352,6.000000
4353,68.000000
4354,12.000000
4355,34.000000
4356,10.000000
4357,22.000000
4358,54.000000
4359,24.000000
4360,16.000000
4361,12.000000
4362,-8.000000
4363,10.000000
4364,-26.000000
4365,14.000000
4366,-126.000000
4367,-22.000000
4368,-24.000000
4369,-24.000000
4370,-10.000000
4371,-4.000000
4372,10.000000
4373,12.000000
4374,14.000000
4375,0.000000
4376,10.000000
4377,-40.000000
4378,4.000000
4379,-22.000000
4380,-4.000000
4381,34.000000
4382,-44.000000
4383,54.000000
4384,-22.000000
4385,28.000000
4386,8.000000
4387,-44.000000
4388,-6.000000
4389,8.000000
4390,22.000000
4391,8.000000
4392,82.000000
4393,10.000000
4394,16.000000
4395,-26.000000
4396,18.000000
4397,20.000000
4398,-12.000000
4399,8.000000
4400,-4.000000
4401,-20.000000
4402,12.000000
4403,46.000000
4404,-36.000000
4405,-32.000000
4406,-32.000000
4407,2.000000
4408,2.000000
4409,112.000000
4410,22.000000
4411,4.000000
4412,6.000000
4413,-78.000000
4414,0.000000
4415,-30.000000
4416,16.000000
4417,-44.000000
4418,14.000000
4419,24.000000
4420,14.000000
4421,-4.000000
4422,-20.000000
4423,8.000000
4424,-34.000000
4425,22.000000
4426,-26.000000
4427,38.000000
4428,-66.000000
4429,6.000000
4430,-74.000000
4431,-30.000000
4432,-52.000000
4433,34.000000
4434,-2.000000
4435,-16.000000
4436,-10.000000
4437,-12.000000
4438,-24.000000
4439,-26.000000
4440,6.000000
4441,8.000000
4442,-68.000000
4443,-4.000000
4444,-2.000000
4445,4.000000
4446,-6.000000
4447,-8.000000
4448,32.000000
4449,-14.000000
4450,24.000000
4451,-44.000000
4452,10.000000
4453,-8.000000
4454,-14.000000
4455,12.000000
4456,-4.000000
4457,8.000000
4458,-8.000000
4459,-12.000000
4460,14.000000
4461,-6.000000
4462,-30.000000
4463,-6.000000
4464,2.000000
4465,-44.000000
4466,-30.000000
4467,10.000000
4468,-6.000000
4469,12.000000
4470,10.000000
4471,12.000000
4472,54.000000
4473,14.000000
4474,30.000000
4475,-8.000000
4476,-30.000000
4477,-8.000000
4478,-4.000000
4479,-34.000000
4480,10.000000
4481,40.000000
4482,-4.000000
4483,-36.000000
4484,-30.000000
4485,-44.000000
4486,22.000000
4487,16.000000
4488,8.000000
4489,62.000000
4490,-30.000000
4491,-36.000000
4492,-22.000000
4493,-8.000000
4494,16.000000
4495,-6.000000
4496,-16.000000
4497,28.000000
4498,-18.000000
4499,34.000000
4500,-18.000000
4501,-72.000000
4502,24.000000
4503,-16.000000
4504,-12.000000
4505,58.000000
4506,28.000000
4507,-44.000000
4508,68.000000
4509,-8.000000
4510,-32.000000
4511,-4.000000
4512,-46.000000
4513,16.000000
4514,8.000000
4515,16.000000
4516,-36.000000
4517,50.000000
4518,8.000000
4519,62.000000
4520,32.000000
4521,32.000000
4522,32.000000
4523,32.000000
4524,32.000000
4525,32.000000
4526,32.000000
4527,32.000000
4528,32.000000
4529,32.000000
4530,32.000000
4531,32.000000
4532,32.000000
4533,32.000000
4534,32.000000
4535,34.000000
4536,78.000000
4537,-14.000000
4538,10.000000
4539,32.000000
4540,34.000000
4541,8.000000
4542,-4.000000
4543,-4.000000
4544,40.000000
4545,2.000000
4546,-8.000000
4547,82.000000
4548,46.000000
4549,-16.000000
4550,46.000000
4551,4.000000
4552,-16.000000
4553,-8.000000
4554,-12.000000
4555,-66.000000
4556,-82.000000
4557,-16.000000
4558,-8.000000
4559,42.000000
4560,20.000000
4561,-8.000000
4562,-40.000000
4563,-44.000000
4564,-26.000000
4565,-16.000000
4566,28.000000
4567,20.000000
4568,-10.000000
4569,32.000000
4570,6.000000
4571,-4.000000
4572,10.000000
4573,-12.000000
4574,-20.000000
4575,-8.000000
4576,-20.000000
4577,24.000000
4578,26.000000
4579,40.000000
4580,22.000000
4581,20.000000
4582,0.000000
4583,0.000000
4584,-30.000000
4585,-48.000000
4586,38.000000
4587,-4.000000
4588,-8.000000
4589,-16.000000
4590,2.000000
4591,-38.000000
4592,-10.000000
4593,40.000000
4594,4.000000
4595,-34.000000
4596,44.000000
4597,-2.000000
4598,10.000000
4599,-26.000000
4600,8.000000
4601,-34.000000
4602,64.000000
4603,-66.000000
4604,-4.000000
4605,22.000000
4606,28.000000
4607,2.000000
4608,-14.000000
4609,14.000000
4610,82.000000
4611,-30.000000
4612,-68.000000
4613,-12.000000
4614,10.000000
4615,10.000000
4616,44.000000
4617,-12.000000
4618,-52.000000
4619,2.000000
4620,8.000000
4621,38.000000
4622,-16.000000
4623,-6.000000
4624,26.000000
4625,-22.000000
4626,-8.000000
4627,42.000000
4628,18.000000
4629,-34.000000
4630,48.000000
4631,-56.000000
4632,34.000000
4633,-70.000000
4634,28.000000
4635,0.000000
4636,28.000000
4637,10.000000
4638,-22.000000
4639,-36.000000
4640,6.000000
4641,0.000000
4642,-26.000000
4643,10.000000
4644,-36.000000
4645,2.000000
4646,46.000000
4647,-30.000000
4648,-16.000000
4649,12.000000
4650,-78.000000
4651,-60.000000
4652,-40.000000
4653,-30.000000
4654,-16.000000
4655,-22.000000
4656,46.000000
4657,-58.000000
4658,-26.000000
4659,-34.000000
4660,58.000000
4661,-48.000000
4662,6.000000
4663,-50.000000
4664,8.000000
4665,-38.000000
4666,24.000000
4667,-24.000000
4668,-20.000000
4669,2.000000
4670,82.000000
4671,8.000000
4672,-16.000000
4673,22.000000
4674,10.000000
4675,-4.000000
4676,-10.000000
4677,-16.000000
4678,6.000000
4679,-10.000000
4680,-18.000000
4681,4.000000
4682,16.000000
4683,-30.000000
4684,-20.000000
4685,-18.000000
4686,-12.000000
4687,-30.000000
4688,-16.000000
4689,0.000000
4690,14.000000
4691,34.000000
4692,-28.000000
4693,18.000000
4694,4.000000
4695,-14.000000
4696,54.000000
4697,-12.000000
4698,-48.000000
4699,58.000000
4700,40.000000
4701,-4.000000
4702,8.000000
4703,28.000000
4704,40.000000
4705,28.000000
4706,6.000000
4707,2.000000
4708,-34.000000
4709,28.000000
4710,50.000000
4711,-28.000000
4712,38.000000
4713,-72.000000
4714,-58.000000
4715,6.000000
4716,-68.000000
4717,-70.000000
4718,-18.000000
4719,-40.000000
4720,-18.000000
4721,-26.000000
4722,-20.000000
4723,0.000000
4724,18.000000
4725,-4.000000
4726,-6.000000
4727,-12.000000
4728,2.000000
4729,-8.000000
4730,4.000000
4731,-20.000000
4732,-34.000000
4733,32.000000
4734,-14.000000
4735,-36.000000
4736,-32.000000
4737,22.000000
4738,2.000000
4739,6.000000
4740,58.000000
4741,-14.000000
4742,32.000000
4743,36.000000
4744,50.000000
4745,-24.000000
4746,-2.000000
4747,-28.000000
4748,-24.000000
4749,-68.000000
4750,70.000000
4751,-2.000000
4752,24.000000
4753,26.000000
4754,10.000000
4755,30.000000
4756,38.000000
4757,-24.000000
4758,16.000000
4759,18.000000
4760,22.000000
4761,-40.000000
4762,50.000000
4763,-8.000000
4764,14.000000
4765,-40.000000
4766,-2.000000
4767,-10.000000
4768,-24.000000
4769,46.000000
4770,-20.000000
4771,14.000000
4772,10.000000
4773,30.000000
4774,-62.000000
4775,30.000000
4776,62.000000
4777,46.000000
4778,2.000000
4779,-78.000000
4780,12.000000
4781,-6.000000
4782,-4.000000
4783,-20.000000
4784,-12.000000
4785,16.000000
4786,-6.000000
4787,42.000000
4788,4.000000
4789,38.000000
4790,-44.000000
4791,-2.000000
4792,-20.000000
4793,58.000000
4794,4.000000
4795,-28.000000
4796,0.000000
4797,-8.000000
4798,46.000000
4799,8.000000
4800,2.000000
4801,-30.000000
4802,-12.000000
4803,28.000000
4804,-34.000000
4805,36.000000
4806,-22.000000
4807,-52.000000
4808,-22.000000
4809,30.000000
4810,-30.000000
4811,16.000000
4812,-12.000000
4813,-20.000000
4814,-36.000000
4815,-16.000000
4816,22.000000
4817,14.000000
4818,30.000000
4819,84.000000
4820,-26.000000
4821,-30.000000
4822,28.000000
4823,-18.000000
4824,68.000000
4825,-12.000000
4826,-36.000000
4827,18.000000
4828,-12.000000
4829,-22.000000
4830,46.000000
4831,4.000000
4832,14.000000
4833,100.000000
4834,14.000000
4835,-2.000000
4836,28.000000
4837,16.000000
4838,-50.000000
4839,16.000000
4840,60.000000
4841,-38.000000
4842,54.000000
4843,-2.000000
4844,14.000000
4845,8.000000
4846,0.000000
4847,14.000000
4848,-12.000000
4849,-4.000000
4850,24.000000
4851,-4.000000
4852,-32.000000
4853,-12.000000
4854,12.000000
4855,-32.000000
4856,-104.000000
4857,-60.000000
4858,2.000000
4859,74.000000
4860,2.000000
4861,-4.000000
4862,-16.000000
4863,-32.000000
4864,-4.000000
4865,-4.000000
4866,-36.000000
4867,14.000000
4868,-26.000000
4869,-48.000000
4870,12.000000
4871,-8.000000
4872,-22.000000
4873,10.000000
4874,2.000000
4875,30.000000
4876,-28.000000
4877,-12.000000
4878,20.000000
4879,-20.000000
4880,8.000000
4881,-18.000000
4882,38.000000
4883,40.000000
4884,2.000000
4885,24.000000
4886,-8.000000
4887,-4.000000
4888,28.000000
4889,-10.000000
4890,-44.000000
4891,0.000000
4892,-4.000000
4893,38.000000
4894,-30.000000
4895,-60.000000
4896,62.000000
4897,-28.000000
4898,-8.000000
4899,-4.000000
4900,26.000000
4901,-48.000000
4902,-12.000000
4903,4.000000
4904,-24.000000
4905,26.000000
4906,-14.000000
4907,-4.000000
4908,-28.000000
4909,-68.000000
4910,0.000000
4911,-4.000000
4912,6.000000
4913,-4.000000
4914,24.000000
4915,-44.000000
4916,-28.000000
4917,-26.000000
4918,-40.000000
4919,8.000000
4920,42.000000
4921,-4.000000
4922,98.000000
4923,-4.000000
4924,-16.000000
4925,-22.000000
4926,-12.000000
4927,20.000000
4928,-34.000000
4929,-6.000000
4930,14.000000
4931,-38.000000
4932,-2.000000
4933,-4.000000
4934,2.000000
4935,-2.000000
4936,-4.000000
4937,-22.000000
4938,-16.000000
4939,34.000000
4940,-22.000000
4941,14.000000
4942,32.000000
4943,72.000000
4944,74.000000
4945,8.000000
4946,10.000000
4947,28.000000
4948,-30.000000
4949,30.000000
4950,54.000000
4951,2.000000
4952,-26.000000
4953,38.000000
4954,-8.000000
4955,10.000000
4956,-12.000000
4957,-4.000000
4958,-6.000000
4959,2.000000
4960,42.000000
4961,-4.000000
4962,-10.000000
4963,54.000000
4964,8.000000
4965,34.000000
4966,12.000000
4967,22.000000
4968,-38.000000
4969,-64.000000
4970,68.000000
4971,-26.000000
4972,-26.000000
4973,10.000000
4974,-16.000000
4975,54.000000
4976,0.000000
4977,-22.000000
4978,46.000000
4979,32.000000
4980,16.000000
4981,4.000000
4982,-54.000000
4983,-12.000000
4984,-18.000000
4985,10.000000
4986,-6.000000
4987,26.000000
4988,-62.000000
4989,-6.000000
4990,4.000000
4991,30.000000
4992,-36.000000
4993,78.000000
4994,38.000000
4995,20.000000
4996,-12.000000
4997,42.000000
4998,-8.000000
4999,-10.000000
5000,-16.000000
5001,-44.000000
5002,-16.000000
5003,16.000000
5004,10.000000
5005,22.000000
5006,8.000000
5007,-16.000000
5008,18.000000
5009,28.000000
5010,16.000000
5011,10.000000
5012,-6.000000
5013,30.000000
5014,-68.000000
5015,-4.000000
5016,12.000000
5017,4.000000
5018,118.000000
5019,24.000000
5020,14.000000
5021,10.000000
5022,0.000000
5023,-32.000000
5024,12.000000
5025,-18.000000
5026,0.000000
5027,-28.000000
5028,6.000000
5029,-4.000000
5030,16.000000
5031,22.000000
5032,-6.000000
5033,4.000000
5034,-22.000000
5035,14.000000
5036,0.000000
5037,46.000000
5038,-8.000000
5039,8.000000
5040,-10.000000
5041,-70.000000
5042,-14.000000
5043,-18.000000
5044,-2.000000
5045,-4.000000
5046,50.000000
5047,-16.000000
5048,12.000000
5049,58.000000
5050,-20.000000
5051,-82.000000
5052,-26.000000
5053,58.000000
5054,-12.000000
5055,-12.000000
5056,-26.000000
5057,2.000000
5058,40.000000
5059,86.000000
5060,-54.000000
5061,-16.000000
5062,0.000000
5063,58.000000
5064,18.000000
5065,82.000000
5066,8.000000
5067,-4.000000
5068,16.000000
5069,0.000000
5070,64.000000
5071,10.000000
5072,-6.000000
5073,-4.000000
5074,0.000000
5075,60.000000
5076,12.000000
5077,12.000000
5078,10.000000
5079,-18.000000
5080,0.000000
5081,-18.000000
5082,-8.000000
5083,12.000000
5084,12.000000
5085,-62.000000
5086,12.000000
5087,-18.000000
5088,2.000000
5089,-10.000000
5090,-66.000000
5091,-20.000000
5092,8.000000
5093,10.000000
5094,-66.000000
5095,-6.000000
5096,28.000000
5097,-4.000000
5098,6.000000
5099,34.000000
5100,-4.000000
5101,-30.000000
5102,-52.000000
5103,-48.000000
5104,74.000000
5105,8.000000
5106,-4.000000
5107,-26.000000
5108,32.000000
5109,8.000000
5110,14.000000
5111,-38.000000
5112,-32.000000
5113,-4.000000
5114,14.000000
5115,72.000000
5116,12.000000
5117,14.000000
5118,8.000000
5119,-22.000000
5120,-40.000000
5121,-20.000000
5122,-2.000000
5123,-30.000000
5124,0.000000
5125,-56.000000
5126,-18.000000
5127,-16.000000
5128,60.000000
5129,8.000000
5130,-48.000000
5131,-28.000000
5132,40.000000
5133,24.000000
5134,-12.000000
5135,-36.000000
5136,8.000000
5137,-6.000000
5138,48.000000
5139,26.000000
5140,16.000000
5141,6.000000
5142,6.000000
5143,-54.000000
5144,40.000000
5145,14.000000
5146,6.000000
5147,8.000000
5148,40.000000
5149,2.000000
5150,2.000000
5151,6.000000
5152,32.000000
5153,56.000000
5154,-36.000000
5155,-22.000000
5156,14.000000
5157,-14.000000
5158,-20.000000
5159,-40.000000
5160,-6.000000
5161,-8.000000
5162,32.000000
5163,-26.000000
5164,-64.000000
5165,-12.000000
5166,-4.000000
5167,-4.000000
5168,26.000000
5169,10.000000
5170,-10.000000
5171,-44.000000
5172,10.000000
5173,-22.000000
5174,8.000000
5175,-6.000000
5176,10.000000
5177,-32.000000
5178,68.000000
5179,-2.000000
5180,-20.000000
5181,0.000000
5182,4.000000
5183,-16.000000
5184,26.000000
5185,30.000000
5186,12.000000
5187,-44.000000
5188,4.000000
5189,-8.000000
5190,2.000000
5191,50.000000
5192,6.000000
5193,-4.000000
5194,-16.000000
5195,16.000000
5196,-42.000000
5197,-12.000000
5198,-12.000000
5199,-12.000000
5200,-12.000000
5201,50.000000
5202,16.000000
5203,-12.000000
5204,40.000000
5205,-44.000000
5206,44.000000
5207,16.000000
5208,-18.000000
5209,0.000000
5210,-12.000000
5211,2.000000
5212,-12.000000
5213,-30.000000
5214,12.000000
5215,-20.000000
5216,24.000000
5217,10.000000
5218,26.000000
5219,-60.000000
5220,38.000000
5221,-2.000000
5222,12.000000
5223,10.000000
5224,-54.000000
5225,-16.000000
5226,22.000000
5227,-16.000000
5228,-12.000000
5229,-6.000000
5230,-44.000000
5231,22.000000
5232,-16.000000
5233,-30.000000
5234,-4.000000
5235,-44.000000
5236,-4.000000
5237,-30.000000
5238,64.000000
5239,24.000000
5240,90.000000
5241,8.000000
5242,-30.000000
5243,-2.000000
5244,-16.000000
5245,60.000000
5246,0.000000
5247,2.000000
5248,-12.000000
5249,26.000000
5250,-120.000000
5251,6.000000
5252,2.000000
5253,-44.000000
5254,6.000000
5255,-8.000000
5256,50.000000
5257,0.000000
5258,-24.000000
5259,34.000000
5260,-26.000000
5261,34.000000
5262,34.000000
5263,32.000000
5264,6.000000
5265,-8.000000
5266,-12.000000
5267,-8.000000
5268,-34.000000
5269,-46.000000
5270,-16.000000
5271,26.000000
5272,-22.000000
5273,-26.000000
5274,-14.000000
5275,10.000000
5276,-32.000000
5277,-40.000000
5278,24.000000
5279,26.000000
5280,18.000000
5281,-30.000000
5282,0.000000
5283,60.000000
5284,22.000000
5285,-30.000000
5286,-18.000000
5287,-18.000000
5288,26.000000
5289,-22.000000
5290,-18.000000
5291,-4.000000
5292,-30.000000
5293,18.000000
5294,-4.000000
5295,-10.000000
5296,-4.000000
5297,0.000000
5298,20.000000
5299,-26.000000
5300,46.000000
5301,36.000000
5302,6.000000
5303,-38.000000
5304,-12.000000
5305,-62.000000
5306,-4.000000
5307,2.000000
5308,-44.000000
5309,-44.000000
5310,0.000000
5311,-54.000000
5312,78.000000
5313,0.000000
5314,20.000000
5315,4.000000
5316,18.000000
5317,10.000000
5318,14.000000
5319,-4.000000
5320,40.000000
5321,-4.000000
5322,0.000000
5323,10.000000
5324,-22.000000
5325,-30.000000
5326,-20.000000
5327,8.000000
5328,10.000000
5329,-18.000000
5330,26.000000
5331,42.000000
5332,44.000000
5333,-8.000000
5334,-52.000000
5335,48.000000
5336,28.000000
5337,-22.000000
5338,-4.000000
5339,-12.000000
5340,-64.000000
5341,-34.000000
5342,60.000000
5343,-16.000000
5344,6.000000
5345,28.000000
5346,-34.000000
5347,-12.000000
5348,-22.000000
5349,68.000000
5350,0.000000
5351,0.000000
5352,-12.000000
5353,-78.000000
5354,24.000000
5355,-56.000000
5356,28.000000
5357,2.000000
5358,28.000000
5359,-90.000000
5360,-20.000000
5361,-20.000000
5362,-26.000000
5363,-16.000000
5364,-60.000000
5365,6.000000
5366,22.000000
5367,12.000000
5368,10.000000
5369,-2.000000
5370,62.000000
5371,10.000000
5372,-58.000000
5373,-8.000000
5374,-14.000000
5375,8.000000
5376,-22.000000
5377,-64.000000
5378,48.000000
5379,10.000000
5380,-26.000000
5381,-12.000000
5382,-26.000000
5383,-26.000000
5384,-14.000000
5385,6.000000
5386,-44.000000
5387,-60.000000
5388,26.000000
5389,-14.000000
5390,-6.000000
5391,26.000000
5392,-22.000000
5393,-12.000000
5394,20.000000
5395,20.000000
5396,-24.000000
5397,-12.000000
5398,20.000000
5399,0.000000
5400,0.000000
5401,4.000000
5402,14.000000
5403,8.000000
5404,20.000000
5405,-34.000000
5406,16.000000
5407,32.000000
5408,-38.000000
5409,-8.000000
5410,-2.000000
5411,46.000000
5412,-16.000000
5413,28.000000
5414,4.000000
5415,-2.000000
5416,-16.000000
5417,-2.000000
5418,0.000000
5419,-18.000000
5420,-18.000000
5421,14.000000
5422,30.000000
5423,-16.000000
5424,-42.000000
5425,0.000000
5426,-14.000000
5427,-30.000000
5428,-8.000000
5429,-10.000000
5430,0.000000
5431,-10.000000
5432,32.000000
5433,-44.000000
5434,-12.000000
5435,14.000000
5436,-8.000000
5437,-22.000000
5438,-18.000000
5439,-16.000000
5440,-10.000000
5441,40.000000
5442,-34.000000
5443,10.000000
5444,54.000000
5445,32.000000
5446,-44.000000
5447,-48.000000
5448,-82.000000
5449,-12.000000
5450,-10.000000
5451,20.000000
5452,-14.000000
5453,-98.000000
5454,-4.000000
5455,-2.000000
5456,20.000000
5457,38.000000
5458,26.000000
5459,46.000000
5460,-26.000000
5461,-12.000000
5462,-14.000000
5463,-46.000000
5464,-6.000000
5465,68.000000
5466,-4.000000
5467,54.000000
5468,90.000000
5469,-6.000000
5470,-16.000000
5471,-56.000000
5472,44.000000
5473,2.000000
5474,-30.000000
5475,4.000000
5476,10.000000
5477,-8.000000
5478,8.000000
5479,14.000000
5480,6.000000
5481,-18.000000
5482,20.000000
5483,-2.000000
5484,-18.000000
5485,22.000000
5486,-34.000000
5487,-12.000000
5488,6.000000
5489,8.000000
5490,-74.000000
5491,24.000000
5492,2.000000
5493,-4.000000
5494,32.000000
5495,-24.000000
5496,-6.000000
5497,-12.000000
5498,30.000000
5499,-24.000000
5500,22.000000
5501,20.000000
5502,-24.000000
5503,0.000000
5504,10.000000
5505,2.000000
5506,-90.000000
5507,-34.000000
5508,20.000000
5509,-4.000000
5510,-4.000000
5511,14.000000
5512,-24.000000
5513,-4.000000
5514,-12.000000
5515,46.000000
5516,14.000000
5517,42.000000
5518,-4.000000
5519,-4.000000
5520,-20.000000
5521,-24.000000
5522,30.000000
5523,-40.000000
5524,8.000000
5525,-4.000000
5526,-14.000000
5527,-12.000000
5528,-6.000000
5529,-16.000000
5530,24.000000
5531,-16.000000
5532,30.000000
5533,-20.000000
5534,88.000000
5535,-50.000000
5536,60.000000
5537,-14.000000
5538,-8.000000
5539,-6.000000
5540,20.000000
5541,64.000000
5542,0.000000
5543,-30.000000
5544,90.000000
5545,26.000000
5546,-12.000000
5547,68.000000
5548,-8.000000
5549,0.000000
5550,-2.000000
5551,-16.000000
5552,-38.000000
5553,-20.000000
5554,14.000000
5555,-4.000000
5556,46.000000
5557,-20.000000
5558,2.000000
5559,42.000000
5560,22.000000
5561,14.000000
5562,-18.000000
5563,-32.000000
5564,0.000000
5565,-30.000000
5566,-62.000000
5567,-20.000000
5568,54.000000
5569,-32.000000
5570,-32.000000
5571,20.000000
5572,-4.000000
5573,18.000000
5574,-12.000000
5575,28.000000
5576,6.000000
5577,6.000000
5578,38.000000
5579,40.000000
5580,-40.000000
5581,-26.000000
5582,12.000000
5583,-6.000000
5584,-2.000000
5585,34.000000
5586,-36.000000
5587,54.000000
5588,6.000000
5589,4.000000
5590,-8.000000
5591,-16.000000
5592,8.000000
5593,-24.000000
5594,-26.000000
5595,34.000000
5596,74.000000
5597,-12.000000
5598,20.000000
5599,0.000000
5600,-22.000000
5601,10.000000
5602,0.000000
5603,0.000000
5604,68.000000
5605,0.000000
5606,32.000000
5607,-32.000000
5608,-12.000000
5609,-18.000000
5610,-4.000000
5611,-26.000000
5612,38.000000
5613,8.000000
5614,-16.000000
5615,38.000000
5616,10.000000
5617,-32.000000
5618,-8.000000
5619,8.000000
5620,-44.000000
5621,34.000000
5622,30.000000
5623,0.000000
5624,-4.000000
5625,-6.000000
5626,-12.000000
5627,20.000000
5628,26.000000
5629,28.000000
5630,16.000000
5631,-6.000000
5632,10.000000
5633,-4.000000
5634,-30.000000
5635,-52.000000
5636,30.000000
5637,-10.000000
5638,2.000000
5639,-20.000000
5640,62.000000
5641,8.000000
5642,-2.000000
5643,-40.000000
5644,-16.000000
5645,-18.000000
5646,-44.000000
5647,-50.000000
5648,-12.000000
5649,-34.000000
5650,46.000000
5651,-48.000000
5652,22.000000
5653,2.000000
5654,-78.000000
5655,8.000000
5656,-8.000000
5657,0.000000
5658,-24.000000
5659,-72.000000
5660,10.000000
5661,32.000000
5662,24.000000
5663,-18.000000
5664,-2.000000
5665,12.000000
5666,10.000000
5667,-22.000000
5668,-6.000000
5669,26.000000
5670,16.000000
5671,86.000000
5672,44.000000
5673,22.000000
5674,28.000000
5675,-52.000000
5676,22.000000
5677,12.000000
5678,-54.000000
5679,44.000000
5680,40.000000
5681,-16.000000
5682,28.000000
5683,-8.000000
5684,-6.000000
5685,0.000000
5686,-12.000000
5687,6.000000
5688,42.000000
5689,20.000000
5690,-44.000000
5691,-10.000000
5692,32.000000
5693,8.000000
5694,8.000000
5695,8.000000
5696,-30.000000
5697,54.000000
5698,-20.000000
5699,14.000000
5700,0.000000
5701,2.000000
5702,100.000000
5703,0.000000
5704,-12.000000
5705,24.000000
5706,-4.000000
5707,-4.000000
5708,-28.000000
5709,14.000000
5710,-26.000000
5711,4.000000
5712,-16.000000
5713,50.000000
5714,-70.000000
5715,-50.000000
5716,14.000000
5717,-4.000000
5718,20.000000
5719,-38.000000
5720,6.000000
5721,10.000000
5722,2.000000
5723,50.000000
5724,26.000000
5725,32.000000
5726,2.000000
5727,2.000000
5728,42.000000
5729,-16.000000
5730,32.000000
5731,-12.000000
5732,-22.000000
5733,-34.000000
5734,-14.000000
5735,2.000000
5736,50.000000
5737,10.000000
5738,10.000000
5739,-12.000000
5740,-16.000000
5741,8.000000
5742,16.000000
5743,-2.000000
5744,-20.000000
5745,20.000000
5746,-44.000000
5747,0.000000
5748,-30.000000
5749,-12.000000
5750,20.000000
5751,-32.000000
5752,-6.000000
5753,-16.000000
5754,-8.000000
5755,-8.000000
5756,-30.000000
5757,-24.000000
5758,68.000000
5759,10.000000
5760,46.000000
5761,8.000000
5762,82.000000
5763,-6.000000
5764,-48.000000
5765,24.000000
5766,-2.000000
5767,-2.000000
5768,-20.000000
5769,2.000000
5770,-20.000000
5771,-38.000000
5772,58.000000
5773,-24.000000
5774,8.000000
5775,-10.000000
5776,0.000000
5777,14.000000
5778,0.000000
5779,6.000000
5780,28.000000
5781,46.000000
5782,-8.000000
5783,16.000000
5784,62.000000
5785,2.000000
5786,-12.000000
5787,18.000000
5788,-6.000000
5789,-2.000000
5790,6.000000
5791,-14.000000
5792,40.000000
5793,-52.000000
5794,-16.000000
5795,32.000000
5796,22.000000
5797,-8.000000
5798,-70.000000
5799,-4.000000
5800,16.000000
5801,-12.000000
5802,2.000000
5803,-2.000000
5804,-4.000000
5805,2.000000
5806,-12.000000
5807,8.000000
5808,20.000000
5809,10.000000
5810,-30.000000
5811,-8.000000
5812,16.000000
5813,-8.000000
5814,0.000000
5815,-16.000000
5816,22.000000
5817,14.000000
5818,-2.000000
5819,26.000000
5820,-74.000000
5821,28.000000
5822,36.000000
5823,28.000000
5824,-46.000000
5825,28.000000
5826,-58.000000
5827,16.000000
5828,16.000000
5829,22.000000
5830,36.000000
5831,20.000000
5832,6.000000
5833,-70.000000
5834,2.000000
5835,0.000000
5836,-6.000000
5837,-98.000000
5838,-8.000000
5839,30.000000
5840,-4.000000
5841,-10.000000
5842,-4.000000
5843,-14.000000
5844,34.000000
5845,10.000000
5846,38.000000
5847,20.000000
5848,-26.000000
5849,22.000000
5850,24.000000
5851,-12.000000
5852,50.000000
5853,-2.000000
5854,8.000000
5855,-54.000000
5856,-14.000000
5857,46.000000
5858,46.000000
5859,-16.000000
5860,4.000000
5861,-16.000000
5862,-16.000000
5863,28.000000
5864,-12.000000
5865,30.000000
5866,26.000000
5867,-4.000000
5868,12.000000
5869,-44.000000
5870,18.000000
5871,16.000000
5872,34.000000
5873,26.000000
5874,-68.000000
5875,-60.000000
5876,-70.000000
5877,-14.000000
5878,-20.000000
5879,-44.000000
5880,-2.000000
5881,-2.000000
5882,-4.000000
5883,-18.000000
5884,40.000000
5885,36.000000
5886,22.000000
5887,14.000000
5888,-4.000000
5889,2.000000
5890,-32.000000
5891,-66.000000
5892,4.000000
5893,24.000000
5894,-6.000000
5895,26.000000
5896,16.000000
5897,-54.000000
5898,-18.000000
5899,-8.000000
5900,20.000000
5901,34.000000
5902,0.000000
5903,28.000000
5904,14.000000
5905,-24.000000
5906,0.000000
5907,-4.000000
5908,26.000000
5909,-14.000000
5910,-6.000000
5911,-12.000000
5912,-8.000000
5913,-12.000000
5914,-38.000000
5915,34.000000
5916,16.000000
5917,-46.000000
5918,-16.000000
5919,-16.000000
5920,14.000000
5921,-12.000000
5922,24.000000
5923,24.000000
5924,-48.000000
5925,32.000000
5926,-2.000000
5927,0.000000
5928,-24.000000
5929,26.000000
5930,64.000000
5931,40.000000
5932,0.000000
5933,60.000000
5934,-4.000000
5935,-12.000000
5936,16.000000
5937,20.000000
5938,8.000000
5939,28.000000
5940,-12.000000
5941,-64.000000
5942,8.000000
5943,0.000000
5944,-30.000000
5945,-30.000000
5946,18.000000
5947,-40.000000
5948,-12.000000
5949,54.000000
5950,-112.000000
5951,4.000000
5952,-12.000000
5953,-12.000000
5954,48.000000
5955,2.000000
5956,-10.000000
5957,-10.000000
5958,-70.000000
5959,-2.000000
5960,-52.000000
5961,28.000000
5962,-10.000000
5963,30.000000
5964,-16.000000
5965,-4.000000
5966,-16.000000
5967,0.000000
5968,16.000000
5969,-38.000000
5970,16.000000
5971,20.000000
5972,-6.000000
5973,36.000000
5974,-8.000000
5975,-44.000000
5976,16.000000
5977,-4.000000
5978,-22.000000
5979,6.000000
5980,-8.000000
5981,-60.000000
5982,-20.000000
5983,-14.000000
5984,-10.000000
5985,-30.000000
5986,24.000000
5987,-2.000000
5988,4.000000
5989,-40.000000
5990,44.000000
5991,22.000000
5992,12.000000
5993,-16.000000
5994,-54.000000
5995,24.000000
5996,4.000000
5997,50.000000
5998,10.000000
5999,24.000000
6000,16.000000
6001,18.000000
6002,-16.000000
6003,60.000000
6004,-30.000000
6005,-4.000000
6006,-4.000000
6007,22.000000
6008,36.000000
6009,68.000000
6010,10.000000
6011,-4.000000
6012,8.000000
6013,8.000000
6014,14.000000
6015,20.000000
6016,-4.000000
6017,-8.000000
6018,-8.000000
6019,-8.000000
6020,62.000000
6021,4.000000
6022,-52.000000
6023,10.000000
6024,-18.000000
6025,20.000000
6026,108.000000
6027,0.000000
6028,-66.000000
6029,16.000000
6030,6.000000
6031,-14.000000
6032,4.000000
6033,-36.000000
6034,-16.000000
6035,16.000000
6036,-32.000000
6037,0.000000
6038,-24.000000
6039,-24.000000
6040,-4.000000
6041,-16.000000
6042,-2.000000
6043,114.000000
6044,14.000000
6045,-4.000000
6046,-28.000000
6047,30.000000
6048,-4.000000
6049,44.000000
6050,22.000000
6051,20.000000
6052,-6.000000
6053,0.000000
6054,-12.000000
6055,6.000000
6056,14.000000
6057,2.000000
6058,-44.000000
6059,-2.000000
6060,74.000000
6061,-52.000000
6062,20.000000
6063,0.000000
6064,-12.000000
6065,74.000000
6066,-26.000000
6067,4.000000
6068,54.000000
6069,20.000000
6070,4.000000
6071,-18.000000
6072,-72.000000
6073,-4.000000
6074,24.000000
6075,-30.000000
6076,-38.000000
6077,-8.000000
6078,-50.000000
6079,32.000000
6080,56.000000
6081,-4.000000
6082,48.000000
6083,-32.000000
6084,2.000000
6085,-2.000000
6086,-32.000000
6087,-30.000000
6088,-16.000000
6089,-24.000000
6090,-22.000000
6091,22.000000
6092,22.000000
6093,-22.000000
6094,-38.000000
6095,-36.000000
6096,86.000000
6097,4.000000
6098,-18.000000
6099,18.000000
6100,-18.000000
6101,40.000000
6102,-64.000000
6103,-62.000000
6104,36.000000
6105,46.000000
6106,-4.000000
6107,64.000000
6108,-44.000000
6109,-4.000000
6110,18.000000
6111,46.000000
6112,-6.000000
6113,-4.000000
6114,-14.000000
6115,48.000000
6116,12.000000
6117,-28.000000
6118,2.000000
6119,-54.000000
6120,6.000000
6121,-68.000000
6122,12.000000
6123,26.000000
6124,-24.000000
6125,42.000000
6126,10.000000
6127,-8.000000
6128,-90.000000
6129,-64.000000
6130,-22.000000
6131,-4.000000
6132,-10.000000
6133,-4.000000
6134,46.000000
6135,-30.000000
6136,8.000000
6137,10.000000
6138,0.000000
6139,24.000000
6140,-4.000000
6141,-12.000000
6142,-4.000000
6143,-14.000000
6144,2.000000
6145,14.000000
6146,-94.000000
6147,22.000000
6148,70.000000
6149,-8.000000
6150,26.000000
6151,36.000000
6152,92.000000
6153,2.000000
6154,16.000000
6155,48.000000
6156,64.000000
6157,8.000000
6158,70.000000
6159,28.000000
6160,2.000000
6161,40.000000
6162,14.000000
6163,-22.000000
6164,36.000000
6165,-4.000000
6166,36.000000
6167,-24.000000
6168,-18.000000
6169,6.000000
6170,-30.000000
6171,54.000000
6172,-10.000000
6173,-2.000000
6174,40.000000
6175,-4.000000
6176,-18.000000
6177,-18.000000
6178,-26.000000
6179,12.000000
6180,-18.000000
6181,-16.000000
6182,-30.000000
6183,72.000000
6184,8.000000
6185,0.000000
6186,-30.000000
6187,-8.000000
6188,22.000000
6189,-48.000000
6190,6.000000
6191,-8.000000
6192,-10.000000
6193,-12.000000
6194,-6.000000
6195,30.000000
6196,2.000000
6197,6.000000
6198,16.000000
6199,14.000000
6200,-6.000000
6201,-20.000000
6202,-40.000000
6203,52.000000
6204,38.000000
6205,-22.000000
6206,-12.000000
6207,30.000000
6208,-24.000000
6209,-56.000000
6210,-26.000000
6211,46.000000
6212,0.000000
6213,-50.000000
6214,0.000000
6215,2.000000
6216,-36.000000
6217,-60.000000
6218,32.000000
6219,-28.000000
6220,20.000000
6221,2.000000
6222,8.000000
6223,-26.000000
6224,-18.000000
6225,-12.000000
6226,-20.000000
6227,8.000000
6228,16.000000
6229,-40.000000
6230,36.000000
6231,12.000000
6232,-48.000000
6233,20.000000
6234,-48.000000
6235,42.000000
6236,-8.000000
6237,-6.000000
6238,46.000000
6239,2.000000
6240,-40.000000
6241,10.000000
6242,-12.000000
6243,0.000000
6244,-4.000000
6245,-40.000000
6246,-42.000000
6247,-58.000000
6248,-4.000000
6249,-30.000000
6250,-40.000000
6251,-32.000000
6252,34.000000
6253,60.000000
6254,-4.000000
6255,82.000000
6256,50.000000
6257,-2.000000
6258,-20.000000
6259,-50.000000
6260,-12.000000
6261,6.000000
6262,24.000000
6263,-8.000000
6264,0.000000
6265,-2.000000
6266,20.000000
6267,8.000000
6268,20.000000
6269,-60.000000
6270,-40.000000
6271,-38.000000
6272,-14.000000
6273,-4.000000
6274,2.000000
6275,18.000000
6276,20.000000
6277,20.000000
6278,8.000000
6279,-66.000000
6280,8.000000
6281,-22.000000
6282,16.000000
6283,24.000000
6284,6.000000
6285,-6.000000
6286,24.000000
6287,14.000000
6288,10.000000
6289,-6.000000
6290,-6.000000
6291,-6.000000
6292,60.000000
6293,26.000000
6294,-26.000000
6295,32.000000
6296,-38.000000
6297,-18.000000
6298,-12.000000
6299,86.000000
6300,4.000000
6301,72.000000
6302,-12.000000
6303,2.000000
6304,6.000000
6305,14.000000
6306,28.000000
6307,-68.000000
6308,-22.000000
6309,10.000000
6310,-12.000000
6311,8.000000
6312,-8.000000
6313,-22.000000
6314,-10.000000
6315,2.000000
6316,-4.000000
6317,-26.000000
6318,6.000000
6319,6.000000
6320,-28.000000
6321,34.000000
6322,8.000000
6323,-30.000000
6324,2.000000
6325,14.000000
6326,2.000000
6327,6.000000
6328,-10.000000
6329,68.000000
6330,22.000000
6331,-2.000000
6332,-26.000000
6333,8.000000
6334,6.000000
6335,54.000000
6336,-2.000000
6337,6.000000
6338,-12.000000
6339,-12.000000
6340,46.000000
6341,40.000000
6342,-18.000000
6343,-16.000000
6344,2.000000
6345,-22.000000
6346,26.000000
6347,-24.000000
6348,-24.000000
6349,34.000000
6350,-4.000000
6351,-4.000000
6352,-16.000000
6353,26.000000
6354,-18.000000
6355,-4.000000
6356,14.000000
6357,6.000000
6358,-4.000000
6359,-4.000000
6360,4.000000
6361,28.000000
6362,44.000000
6363,30.000000
6364,-18.000000
6365,-18.000000
6366,-4.000000
6367,12.000000
6368,8.000000
6369,22.000000
6370,20.000000
6371,-20.000000
6372,-10.000000
6373,-4.000000
6374,-20.000000
6375,-20.000000
6376,-58.000000
6377,30.000000
6378,-2.000000
6379,-10.000000
6380,-30.000000
6381,12.000000
6382,16.000000
6383,36.000000
6384,-44.000000
6385,14.000000
6386,-2.000000
6387,-2.000000
6388,-20.000000
6389,2.000000
6390,-26.000000
6391,-22.000000
6392,-24.000000
6393,-28.000000
6394,-4.000000
6395,-6.000000
6396,30.000000
6397,72.000000
6398,22.000000
6399,-44.000000
6400,-56.000000
6401,38.000000
6402,-30.000000
6403,10.000000
6404,6.000000
6405,-78.000000
6406,-4.000000
6407,30.000000
6408,-4.000000
6409,-20.000000
6410,-20.000000
6411,-2.000000
6412,82.000000
6413,-76.000000
6414,-22.000000
6415,-24.000000
6416,20.000000
6417,-16.000000
6418,-2.000000
6419,-46.000000
6420,-2.000000
6421,-40.000000
6422,-34.000000
6423,-34.000000
6424,-34.000000
6425,74.000000
6426,-8.000000
6427,-16.000000
6428,-64.000000
6429,24.000000
6430,22.000000
6431,10.000000
6432,20.000000
6433,-4.000000
6434,28.000000
6435,-36.000000
6436,38.000000
6437,-90.000000
6438,20.000000
6439,-24.000000
6440,-30.000000
6441,-20.000000
6442,-4.000000
6443,24.000000
6444,14.000000
6445,14.000000
6446,-22.000000
6447,0.000000
6448,8.000000
6449,4.000000
6450,-10.000000
6451,-16.000000
6452,78.000000
6453,28.000000
6454,42.000000
6455,-12.000000
6456,26.000000
6457,32.000000
6458,-10.000000
6459,-24.000000
6460,-70.000000
6461,-4.000000
6462,14.000000
6463,-16.000000
6464,0.000000
6465,16.000000
6466,-12.000000
6467,-12.000000
6468,40.000000
6469,22.000000
6470,20.000000
6471,54.000000
6472,6.000000
6473,-4.000000
6474,-34.000000
6475,-22.000000
6476,-16.000000
6477,-20.000000
6478,92.000000
6479,-12.000000
6480,-8.000000
6481,24.000000
6482,-18.000000
6483,-38.000000
6484,24.000000
6485,32.000000
6486,-14.000000
6487,10.000000
6488,4.000000
6489,-26.000000
6490,0.000000
6491,64.000000
6492,-18.000000
6493,10.000000
6494,-4.000000
6495,50.000000
6496,-30.000000
6497,-70.000000
6498,-12.000000
6499,2.000000
6500,6.000000
6501,-4.000000
6502,16.000000
6503,0.000000
6504,54.000000
6505,-54.000000
6506,46.000000
6507,30.000000
6508,-10.000000
6509,0.000000
6510,-74.000000
6511,-12.000000
6512,-4.000000
6513,-14.000000
6514,22.000000
6515,-20.000000
6516,-34.000000
6517,-26.000000
6518,-4.000000
6519,34.000000
6520,-12.000000
6521,12.000000
6522,32.000000
6523,14.000000
6524,-44.000000
6525,-2.000000
6526,-20.000000
6527,40.000000
6528,-34.000000
6529,34.000000
6530,-12.000000
6531,-78.000000
6532,-36.000000
6533,0.000000
6534,10.000000
6535,24.000000
6536,-34.000000
6537,30.000000
6538,-20.000000
6539,-20.000000
6540,54.000000
6541,-18.000000
6542,0.000000
6543,8.000000
6544,-6.000000
6545,0.000000
6546,74.000000
6547,-24.000000
6548,-12.000000
6549,-16.000000
6550,-12.000000
6551,34.000000
6552,12.000000
6553,38.000000
6554,-50.000000
6555,2.000000
6556,4.000000
6557,6.000000
6558,-14.000000
6559,-34.000000
6560,-12.000000
6561,-20.000000
6562,-4.000000
6563,-8.000000
6564,-30.000000
6565,-8.000000
6566,12.000000
6567,-18.000000
6568,26.000000
6569,-50.000000
6570,-8.000000
6571,-18.000000
6572,-76.000000
6573,-18.000000
6574,46.000000
6575,-30.000000
6576,-8.000000
6577,0.000000
6578,84.000000
6579,14.000000
6580,-8.000000
6581,54.000000
6582,26.000000
6583,2.000000
6584,-8.000000
6585,4.000000
6586,34.000000
6587,-12.000000
6588,4.000000
6589,-32.000000
6590,-48.000000
6591,-24.000000
6592,-12.000000
6593,42.000000
6594,4.000000
6595,8.000000
6596,16.000000
6597,44.000000
6598,-12.000000
6599,-4.000000
6600,22.000000
6601,-4.000000
6602,-20.000000
6603,-14.000000
6604,14.000000
6605,54.000000
6606,-40.000000
6607,-8.000000
6608,16.000000
6609,-2.000000
6610,-8.000000
6611,2.000000
6612,0.000000
6613,22.000000
6614,16.000000
6615,26.000000
6616,8.000000
6617,-8.000000
6618,10.000000
6619,54.000000
6620,-4.000000
6621,-62.000000
6622,-4.000000
6623,26.000000
6624,2.000000
6625,14.000000
6626,22.000000
6627,-30.000000
6628,14.000000
6629,68.000000
6630,64.000000
6631,32.000000
6632,8.000000
6633,-36.000000
6634,30.000000
6635,78.000000
6636,14.000000
6637,70.000000
6638,-18.000000
6639,46.000000
6640,-68.000000
6641,10.000000
6642,-12.000000
6643,10.000000
6644,-54.000000
6645,32.000000
6646,-34.000000
6647,-52.000000
6648,-32.000000
6649,26.000000
6650,-54.000000
6651,-4.000000
6652,-24.000000
6653,20.000000
6654,32.000000
6655,6.000000
6656,24.000000
6657,20.000000
6658,46.000000
6659,50.000000
6660,-26.000000
6661,8.000000
6662,-38.000000
6663,-26.000000
6664,-26.000000
6665,0.000000
6666,-2.000000
6667,-18.000000
6668,-56.000000
6669,28.000000
6670,2.000000
6671,-66.000000
6672,-2.000000
6673,34.000000
6674,-30.000000
6675,30.000000
6676,-20.000000
6677,-2.000000
6678,-72.000000
6679,2.000000
6680,16.000000
6681,-44.000000
6682,-8.000000
6683,54.000000
6684,22.000000
6685,-4.000000
6686,24.000000
6687,20.000000
6688,8.000000
6689,8.000000
6690,-4.000000
6691,-16.000000
6692,60.000000
6693,-26.000000
6694,54.000000
6695,-4.000000
6696,-10.000000
6697,26.000000
6698,8.000000
6699,12.000000
6700,-4.000000
6701,20.000000
6702,-58.000000
6703,100.000000
6704,0.000000
6705,20.000000
6706,-22.000000
6707,-6.000000
6708,-16.000000
6709,-16.000000
6710,-26.000000
6711,68.000000
6712,-36.000000
6713,-54.000000
6714,-20.000000
6715,-82.000000
6716,-32.000000
6717,-44.000000
6718,14.000000
6719,8.000000
6720,20.000000
6721,28.000000
6722,-8.000000
6723,-6.000000
6724,8.000000
6725,-36.000000
6726,-6.000000
6727,-8.000000
6728,38.000000
6729,-30.000000
6730,-12.000000
6731,-54.000000
6732,50.000000
6733,0.000000
6734,46.000000
6735,-26.000000
6736,-36.000000
6737,28.000000
6738,-4.000000
6739,6.000000
6740,-8.000000
6741,34.000000
6742,20.000000
6743,-26.000000
6744,2.000000
6745,46.000000
6746,8.000000
6747,-34.000000
6748,-8.000000
6749,20.000000
6750,-26.000000
6751,-58.000000
6752,2.000000
6753,14.000000
6754,30.000000
6755,-32.000000
6756,-18.000000
6757,-14.000000
6758,26.000000
6759,-24.000000
6760,-8.000000
6761,6.000000
6762,34.000000
6763,-2.000000
6764,-70.000000
6765,-2.000000
6766,26.000000
6767,-20.000000
6768,16.000000
6769,68.000000
6770,-8.000000
6771,2.000000
6772,-70.000000
6773,18.000000
6774,-56.000000
6775,0.000000
6776,12.000000
6777,-34.000000
6778,34.000000
6779,-52.000000
6780,-22.000000
6781,-78.000000
6782,-20.000000
6783,82.000000
6784,36.000000
6785,-56.000000
6786,10.000000
6787,8.000000
6788,-24.000000
6789,-4.000000
6790,20.000000
6791,-14.000000
6792,-8.000000
6793,46.000000
6794,-52.000000
6795,-14.000000
6796,-10.000000
6797,2.000000
6798,-34.000000
6799,12.000000
6800,-2.000000
6801,-32.000000
6802,2.000000
6803,-24.000000
6804,10.000000
6805,-18.000000
6806,-38.000000
6807,14.000000
6808,10.000000
6809,46.000000
6810,8.000000
6811,22.000000
6812,-28.000000
6813,-26.000000
6814,0.000000
6815,10.000000
6816,56.000000
6817,-18.000000
6818,26.000000
6819,-34.000000
6820,4.000000
6821,-6.000000
6822,-26.000000
6823,-20.000000
6824,-62.000000
6825,28.000000
6826,8.000000
6827,-8.000000
6828,-50.000000
6829,-12.000000
6830,20.000000
6831,-8.000000
6832,26.000000
6833,26.000000
6834,36.000000
6835,12.000000
6836,-12.000000
6837,10.000000
6838,8.000000
6839,-8.000000
6840,10.000000
6841,22.000000
6842,6.000000
6843,32.000000
6844,-32.000000
6845,-16.000000
6846,26.000000
6847,26.000000
6848,-22.000000
6849,-26.000000
6850,-48.000000
6851,24.000000
6852,34.000000
6853,24.000000
6854,-4.000000
6855,6.000000
6856,38.000000
6857,-56.000000
6858,-40.000000
6859,10.000000
6860,68.000000
6861,0.000000
6862,-82.000000
6863,32.000000
6864,-52.000000
6865,-12.000000
6866,-68.000000
6867,34.000000
6868,-16.000000
6869,2.000000
6870,-20.000000
6871,-20.000000
6872,-2.000000
6873,12.000000
6874,26.000000
6875,8.000000
6876,62.000000
6877,22.000000
6878,-20.000000
6879,36.000000
6880,10.000000
6881,-30.000000
6882,14.000000
6883,8.000000
6884,18.000000
6885,72.000000
6886,6.000000
6887,34.000000
6888,16.000000
6889,-68.000000
6890,-56.000000
6891,0.000000
6892,-16.000000
6893,0.000000
6894,46.000000
6895,30.000000
6896,6.000000
6897,-64.000000
6898,0.000000
6899,-44.000000
6900,12.000000
6901,24.000000
6902,4.000000
6903,20.000000
6904,-20.000000
6905,-12.000000
6906,-44.000000
6907,4.000000
6908,-26.000000
6909,-4.000000
6910,24.000000
6911,26.000000
6912,-4.000000
6913,0.000000
6914,-6.000000
6915,-4.000000
6916,-2.000000
6917,-4.000000
6918,-6.000000
6919,-30.000000
6920,-16.000000
6921,-4.000000
6922,62.000000
6923,42.000000
6924,-8.000000
6925,-28.000000
6926,20.000000
6927,-30.000000
6928,-42.000000
6929,-54.000000
6930,22.000000
6931,-32.000000
6932,20.000000
6933,-26.000000
6934,-40.000000
6935,-12.000000
6936,2.000000
6937,-20.000000
6938,16.000000
6939,-8.000000
6940,-22.000000
6941,8.000000
6942,-18.000000
6943,26.000000
6944,30.000000
6945,38.000000
6946,-52.000000
6947,62.000000
6948,12.000000
6949,2.000000
6950,20.000000
6951,12.000000
6952,28.000000
6953,12.000000
6954,24.000000
6955,-6.000000
6956,-4.000000
6957,36.000000
6958,-4.000000
6959,0.000000
6960,-14.000000
6961,22.000000
6962,-8.000000
6963,22.000000
6964,-78.000000
6965,-8.000000
6966,0.000000
6967,8.000000
6968,-22.000000
6969,-62.000000
6970,-12.000000
6971,14.000000
6972,-2.000000
6973,-4.000000
6974,6.000000
6975,40.000000
6976,38.000000
6977,46.000000
6978,-8.000000
6979,-4.000000
6980,-20.000000
6981,-54.000000
6982,46.000000
6983,-14.000000
6984,4.000000
6985,-14.000000
6986,-18.000000
6987,-6.000000
6988,2.000000
6989,-30.000000
6990,10.000000
6991,-26.000000
6992,-20.000000
6993,8.000000
6994,-34.000000
6995,60.000000
6996,48.000000
6997,-30.000000
6998,-26.000000
6999,10.000000
7000,48.000000
7001,-12.000000
7002,12.000000
7003,50.000000
7004,60.000000
7005,10.000000
7006,20.000000
7007,-16.000000
7008,-18.000000
7009,6.000000
7010,22.000000
7011,10.000000
7012,-54.000000
7013,8.000000
7014,16.000000
7015,18.000000
7016,-8.000000
7017,-26.000000
7018,-44.000000
7019,12.000000
7020,2.000000
7021,4.000000
7022,16.000000
7023,24.000000
7024,-68.000000
7025,-26.000000
7026,6.000000
7027,-26.000000
7028,10.000000
7029,-4.000000
7030,4.000000
7031,58.000000
7032,-2.000000
7033,-12.000000
7034,8.000000
7035,-30.000000
7036,14.000000
7037,14.000000
7038,40.000000
7039,-8.000000
7040,12.000000
7041,-16.000000
7042,4.000000
7043,-22.000000
7044,-20.000000
7045,20.000000
7046,-4.000000
7047,0.000000
7048,-16.000000
7049,22.000000
7050,40.000000
7051,-12.000000
7052,2.000000
7053,2.000000
7054,30.000000
7055,-34.000000
7056,-2.000000
7057,46.000000
7058,-14.000000
7059,-16.000000
7060,-4.000000
7061,-64.000000
7062,-8.000000
7063,-24.000000
7064,8.000000
7065,20.000000
7066,18.000000
7067,0.000000
7068,50.000000
7069,-68.000000
7070,-16.000000
7071,46.000000
7072,36.000000
7073,10.000000
7074,-22.000000
7075,0.000000
7076,-26.000000
7077,-40.000000
7078,-32.000000
7079,18.000000
7080,-30.000000
7081,-30.000000
7082,10.000000
7083,14.000000
7084,16.000000
7085,2.000000
7086,20.000000
7087,-12.000000
7088,2.000000
7089,6.000000
7090,-26.000000
7091,-86.000000
7092,46.000000
7093,-16.000000
7094,6.000000
7095,-6.000000
7096,-36.000000
7097,82.000000
7098,-64.000000
7099,-4.000000
7100,-4.000000
7101,8.000000
7102,40.000000
7103,-6.000000
7104,-18.000000
7105,-16.000000
7106,0.000000
7107,-16.000000
7108,-14.000000
7109,-14.000000
7110,0.000000
7111,8.000000
7112,8.000000
7113,-12.000000
7114,16.000000
7115,-18.000000
7116,16.000000
7117,-2.000000
7118,58.000000
7119,44.000000
7120,6.000000
7121,42.000000
7122,-24.000000
7123,22.000000
7124,-30.000000
7125,-34.000000
7126,8.000000
7127,-28.000000
7128,32.000000
7129,-4.000000
7130,14.000000
7131,26.000000
7132,-24.000000
7133,8.000000
7134,4.000000
7135,-18.000000
7136,-22.000000
7137,-22.000000
7138,-24.000000
7139,-4.000000
7140,14.000000
7141,10.000000
7142,-16.000000
7143,4.000000
7144,-8.000000
7145,2.000000
7146,-4.000000
7147,0.000000
7148,-2.000000
7149,-68.000000
7150,-22.000000
7151,24.000000
7152,-26.000000
7153,-48.000000
7154,50.000000
7155,12.000000
7156,-20.000000
7157,20.000000
7158,-22.000000
7159,8.000000
7160,0.000000
7161,14.000000
7162,8.000000
7163,-48.000000
7164,-20.000000
7165,-2.000000
7166,-32.000000
7167,-4.000000
7168,-16.000000
7169,54.000000
7170,4.000000
7171,-32.000000
7172,2.000000
7173,8.000000
7174,-22.000000
7175,-18.000000
7176,8.000000
7177,-2.000000
7178,16.000000
7179,-22.000000
7180,-4.000000
7181,20.000000
7182,40.000000
7183,-4.000000
7184,-14.000000
7185,68.000000
7186,30.000000
7187,-4.000000
7188,-68.000000
7189,10.000000
7190,26.000000
7191,-18.000000
7192,-30.000000
7193,-36.000000
7194,-52.000000
7195,-70.000000
7196,68.000000
7197,16.000000
7198,-4.000000
7199,-34.000000
7200,30.000000
7201,-32.000000
7202,-46.000000
7203,-48.000000
7204,-8.000000
7205,-14.000000
7206,-26.000000
7207,0.000000
7208,-58.000000
7209,10.000000
7210,26.000000
7211,-20.000000
7212,14.000000
7213,-44.000000
7214,-12.000000
7215,14.000000
7216,-10.000000
7217,-20.000000
7218,-32.000000
7219,10.000000
7220,-54.000000
7221,-2.000000
7222,28.000000
7223,-26.000000
7224,-2.000000
7225,-36.000000
7226,-4.000000
7227,-8.000000
7228,46.000000
7229,2.000000
7230,-10.000000
7231,32.000000
7232,86.000000
7233,54.000000
7234,30.000000
7235,76.000000
7236,-30.000000
7237,-44.000000
7238,-10.000000
7239,0.000000
7240,-4.000000
7241,-8.000000
7242,-40.000000
7243,6.000000
7244,2.000000
7245,30.000000
7246,8.000000
7247,-30.000000
7248,8.000000
7249,26.000000
7250,2.000000
7251,10.000000
7252,-2.000000
7253,0.000000
7254,20.000000
7255,-6.000000
7256,68.000000
7257,-2.000000
7258,-4.000000
7259,40.000000
7260,-20.000000
7261,-16.000000
7262,-24.000000
7263,-14.000000
7264,-4.000000
7265,4.000000
7266,26.000000
7267,-12.000000
7268,-2.000000
7269,-4.000000
7270,-4.000000
7271,0.000000
7272,14.000000
7273,-20.000000
7274,-30.000000
7275,-20.000000
7276,-14.000000
7277,-10.000000
7278,26.000000
7279,62.000000
7280,8.000000
7281,2.000000
7282,2.000000
7283,16.000000
7284,22.000000
7285,30.000000
7286,2.000000
7287,0.000000
7288,-12.000000
7289,44.000000
7290,-18.000000
7291,-2.000000
7292,74.000000
7293,-14.000000
7294,8.000000
7295,-12.000000
7296,58.000000
7297,-36.000000
7298,54.000000
7299,36.000000
7300,0.000000
7301,-20.000000
7302,82.000000
7303,-26.000000
7304,-36.000000
7305,-26.000000
7306,-4.000000
7307,86.000000
7308,32.000000
7309,16.000000
7310,-2.000000
7311,-4.000000
7312,58.000000
7313,8.000000
7314,-54.000000
7315,-78.000000
7316,10.000000
7317,36.000000
7318,60.000000
7319,14.000000
7320,50.000000
7321,-2.000000
7322,0.000000
7323,-58.000000
7324,10.000000
7325,-30.000000
7326,-18.000000
7327,40.000000
7328,-24.000000
7329,26.000000
7330,-8.000000
7331,28.000000
7332,20.000000
7333,-30.000000
7334,-82.000000
7335,22.000000
7336,40.000000
7337,-2.000000
7338,-4.000000
7339,-48.000000
7340,-6.000000
7341,-2.000000
7342,-18.000000
7343,-16.000000
7344,-2.000000
7345,-4.000000
7346,-50.000000
7347,-24.000000
7348,-2.000000
7349,-16.000000
7350,12.000000
7351,-22.000000
7352,16.000000
7353,-50.000000
7354,24.000000
7355,-20.000000
7356,26.000000
7357,20.000000
7358,-50.000000
7359,10.000000
7360,8.000000
7361,-8.000000
7362,-2.000000
7363,-46.000000
7364,38.000000
7365,-44.000000
7366,-24.000000
7367,-10.000000
7368,20.000000
7369,-16.000000
7370,-22.000000
7371,24.000000
7372,-2.000000
7373,-12.000000
7374,8.000000
7375,0.000000
7376,42.000000
7377,-16.000000
7378,14.000000
7379,-8.000000
7380,-8.000000
7381,-36.000000
7382,76.000000
7383,-12.000000
7384,14.000000
7385,-4.000000
7386,-4.000000
7387,-26.000000
7388,54.000000
7389,-8.000000
7390,-22.000000
7391,-44.000000
7392,74.000000
7393,-20.000000
7394,68.000000
7395,-14.000000
7396,8.000000
7397,10.000000
7398,-44.000000
7399,-12.000000
7400,10.000000
7401,2.000000
7402,-90.000000
7403,20.000000
7404,-22.000000
7405,2.000000
7406,-8.000000
7407,-4.000000
7408,14.000000
7409,14.000000
7410,14.000000
7411,-28.000000
7412,-12.000000
7413,16.000000
7414,2.000000
7415,6.000000
7416,-12.000000
7417,6.000000
7418,-30.000000
7419,42.000000
7420,26.000000
7421,-54.000000
7422,10.000000
7423,-26.000000
7424,0.000000
7425,14.000000
7426,28.000000
7427,10.000000
7428,8.000000
7429,26.000000
7430,24.000000
7431,22.000000
7432,-26.000000
7433,8.000000
7434,64.000000
7435,18.000000
7436,-8.000000
7437,22.000000
7438,-6.000000
7439,14.000000
7440,-4.000000
7441,-6.000000
7442,-20.000000
7443,74.000000
7444,-12.000000
7445,-90.000000
7446,-16.000000
7447,-12.000000
7448,12.000000
7449,6.000000
7450,-76.000000
7451,-20.000000
7452,-68.000000
7453,-6.000000
7454,-20.000000
7455,60.000000
7456,4.000000
7457,46.000000
7458,-44.000000
7459,-22.000000
7460,60.000000
7461,22.000000
7462,-8.000000
7463,-48.000000
7464,-70.000000
7465,26.000000
7466,26.000000
7467,-4.000000
7468,14.000000
7469,-20.000000
7470,-62.000000
7471,-8.000000
7472,-56.000000
7473,26.000000
7474,48.000000
7475,-16.000000
7476,-10.000000
7477,-8.000000
7478,32.000000
7479,12.000000
7480,20.000000
7481,-22.000000
7482,-22.000000
7483,44.000000
7484,2.000000
7485,-30.000000
7486,42.000000
7487,14.000000
7488,0.000000
7489,-26.000000
7490,-14.000000
7491,-16.000000
7492,-44.000000
7493,6.000000
7494,-20.000000
7495,-26.000000
7496,-18.000000
7497,-42.000000
7498,12.000000
7499,-28.000000
7500,-10.000000
7501,12.000000
7502,-4.000000
7503,-8.000000
7504,20.000000
7505,-24.000000
7506,6.000000
7507,28.000000
7508,-12.000000
7509,-34.000000
7510,-14.000000
7511,64.000000
7512,-12.000000
7513,-24.000000
7514,-12.000000
7515,50.000000
7516,14.000000
7517,-4.000000
7518,-36.000000
7519,-68.000000
7520,-4.000000
7521,-54.000000
7522,8.000000
7523,4.000000
7524,-4.000000
7525,-4.000000
7526,-18.000000
7527,0.000000
7528,30.000000
7529,-36.000000
7530,-24.000000
7531,-14.000000
7532,36.000000
7533,-20.000000
7534,60.000000
7535,-52.000000
7536,12.000000
7537,-34.000000
7538,-18.000000
7539,-32.000000
7540,-6.000000
7541,-6.000000
7542,24.000000
7543,2.000000
7544,-16.000000
7545,-52.000000
7546,2.000000
7547,-100.000000
7548,-4.000000
7549,4.000000
7550,8.000000
7551,-8.000000
7552,-14.000000
7553,-12.000000
7554,-18.000000
7555,20.000000
7556,8.000000
7557,2.000000
7558,-22.000000
7559,-8.000000
7560,32.000000
7561,-54.000000
7562,-6.000000
7563,-4.000000
7564,2.000000
7565,14.000000
7566,-8.000000
7567,4.000000
7568,-38.000000
7569,0.000000
7570,28.000000
7571,-4.000000
7572,-26.000000
7573,38.000000
7574,18.000000
7575,2.000000
7576,8.000000
7577,-4.000000
7578,-4.000000
7579,-30.000000
7580,-54.000000
7581,-4.000000
7582,16.000000
7583,16.000000
7584,-8.000000
7585,74.000000
7586,-44.000000
7587,-32.000000
7588,-30.000000
7589,4.000000
7590,-4.000000
7591,-8.000000
7592,-12.000000
7593,30.000000
7594,-16.000000
7595,-10.000000
7596,50.000000
7597,-14.000000
7598,-8.000000
7599,10.000000
7600,14.000000
7601,-12.000000
7602,44.000000
7603,-36.000000
7604,54.000000
7605,74.000000
7606,-88.000000
7607,20.000000
7608,-12.000000
7609,-30.000000
7610,46.000000
7611,2.000000
7612,-54.000000
7613,54.000000
7614,-12.000000
7615,-30.000000
7616,14.000000
7617,20.000000
7618,22.000000
7619,-54.000000
7620,42.000000
7621,-4.000000
7622,-18.000000
7623,22.000000
7624,-10.000000
7625,-12.000000
7626,8.000000
7627,2.000000
7628,16.000000
7629,16.000000
7630,-8.000000
7631,8.000000
7632,0.000000
7633,58.000000
7634,-46.000000
7635,-78.000000
7636,8.000000
7637,-26.000000
7638,94.000000
7639,-30.000000
7640,-4.000000
7641,-4.000000
7642,-20.000000
7643,0.000000
7644,-6.000000
7645,-62.000000
7646,6.000000
7647,8.000000
7648,68.000000
7649,-78.000000
7650,-12.000000
7651,-38.000000
7652,0.000000
7653,0.000000
7654,10.000000
7655,-16.000000
7656,-12.000000
7657,-54.000000
7658,0.000000
7659,36.000000
7660,50.000000
7661,4.000000
7662,2.000000
7663,4.000000
7664,-48.000000
7665,8.000000
7666,-70.000000
7667,-34.000000
7668,-18.000000
7669,86.000000
7670,-2.000000
7671,26.000000
7672,14.000000
7673,-60.000000
7674,-36.000000
7675,44.000000
7676,-30.000000
7677,42.000000
7678,12.000000
7679,10.000000
7680,2.000000
7681,2.000000
7682,14.000000
7683,-24.000000
7684,-24.000000
7685,12.000000
7686,-30.000000
7687,-28.000000
7688,-26.000000
7689,24.000000
7690,-4.000000
7691,68.000000
7692,-12.000000
7693,18.000000
7694,68.000000
7695,-20.000000
7696,8.000000
7697,6.000000
7698,10.000000
7699,16.000000
7700,-10.000000
7701,26.000000
7702,-8.000000
7703,46.000000
7704,-14.000000
7705,-22.000000
7706,-14.000000
7707,-14.000000
7708,-48.000000
7709,-16.000000
7710,-8.000000
7711,-12.000000
7712,-26.000000
7713,-22.000000
7714,12.000000
7715,-110.000000
7716,38.000000
7717,24.000000
7718,-24.000000
7719,0.000000
7720,-30.000000
7721,6.000000
7722,-74.000000
7723,8.000000
7724,12.000000
7725,-6.000000
7726,-6.000000
7727,-16.000000
7728,-22.000000
7729,68.000000
7730,-98.000000
7731,10.000000
7732,-24.000000
7733,-74.000000
7734,-64.000000
7735,4.000000
7736,-22.000000
7737,60.000000
7738,-44.000000
7739,4.000000
7740,6.000000
7741,-22.000000
7742,-14.000000
7743,-20.000000
7744,-42.000000
7745,2.000000
7746,8.000000
7747,36.000000
7748,-18.000000
7749,-22.000000
7750,-38.000000
7751,-4.000000
7752,46.000000
7753,42.000000
7754,-84.000000
7755,54.000000
7756,-8.000000
7757,2.000000
7758,-28.000000
7759,-60.000000
7760,-6.000000
7761,-26.000000
7762,14.000000
7763,-16.000000
7764,44.000000
7765,-20.000000
7766,6.000000
7767,6.000000
7768,4.000000
7769,16.000000
7770,2.000000
7771,-60.000000
7772,38.000000
7773,54.000000
7774,-6.000000
7775,-64.000000
7776,-26.000000
7777,36.000000
7778,-18.000000
7779,8.000000
7780,60.000000
7781,-8.000000
7782,-22.000000
7783,22.000000
7784,74.000000
7785,-44.000000
7786,30.000000
7787,-40.000000
7788,50.000000
7789,-34.000000
7790,14.000000
7791,20.000000
7792,2.000000
7793,26.000000
7794,4.000000
7795,-22.000000
7796,36.000000
7797,22.000000
7798,-10.000000
7799,26.000000
7800,8.000000
7801,32.000000
7802,-22.000000
7803,18.000000
7804,-44.000000
7805,-18.000000
7806,26.000000
7807,-8.000000
7808,10.000000
7809,18.000000
7810,2.000000
7811,48.000000
7812,0.000000
7813,-8.000000
7814,-8.000000
7815,10.000000
7816,-68.000000
7817,8.000000
7818,10.000000
7819,0.000000
7820,-16.000000
7821,-4.000000
7822,22.000000
7823,-40.000000
7824,26.000000
7825,12.000000
7826,-4.000000
7827,2.000000
7828,-4.000000
7829,14.000000
7830,0.000000
7831,2.000000
7832,16.000000
7833,-58.000000
7834,34.000000
7835,10.000000
7836,34.000000
7837,-16.000000
7838,30.000000
7839,-44.000000
7840,6.000000
7841,14.000000
7842,20.000000
7843,-30.000000
7844,34.000000
7845,-40.000000
7846,-8.000000
7847,64.000000
7848,-16.000000
7849,-14.000000
7850,50.000000
7851,2.000000
7852,54.000000
7853,-6.000000
7854,14.000000
7855,40.000000
7856,-26.000000
7857,-8.000000
7858,-22.000000
7859,60.000000
7860,-36.000000
7861,-4.000000
7862,-40.000000
7863,4.000000
7864,58.000000
7865,-4.000000
7866,20.000000
7867,58.000000
7868,-30.000000
7869,46.000000
7870,-12.000000
7871,-10.000000
7872,8.000000
7873,-18.000000
7874,-16.000000
7875,36.000000
7876,-36.000000
7877,-30.000000
7878,-32.000000
7879,4.000000
7880,-20.000000
7881,-20.000000
7882,-8.000000
7883,12.000000
7884,14.000000
7885,20.000000
7886,30.000000
7887,12.000000
7888,-34.000000
7889,6.000000
7890,12.000000
7891,16.000000
7892,10.000000
7893,-48.000000
7894,-44.000000
7895,10.000000
7896,-20.000000
7897,-22.000000
7898,-4.000000
7899,20.000000
7900,-16.000000
7901,38.000000
7902,-4.000000
7903,-2.000000
7904,-34.000000
7905,-30.000000
7906,-6.000000
7907,-8.000000
7908,20.000000
7909,8.000000
7910,-2.000000
7911,8.000000
7912,-26.000000
7913,58.000000
7914,18.000000
7915,32.000000
7916,-4.000000
7917,-16.000000
7918,-8.000000
7919,-8.000000
7920,-48.000000
7921,2.000000
7922,-22.000000
7923,-18.000000
7924,24.000000
7925,32.000000
7926,-4.000000
7927,-32.000000
7928,20.000000
7929,-6.000000
7930,-12.000000
7931,-12.000000
7932,54.000000
7933,-6.000000
7934,24.000000
7935,2.000000
7936,-74.000000
7937,10.000000
7938,-16.000000
7939,-38.000000
7940,22.000000
7941,-10.000000
7942,-4.000000
7943,-44.000000
7944,86.000000
7945,-20.000000
7946,16.000000
7947,-4.000000
7948,-36.000000
7949,8.000000
7950,-44.000000
7951,-32.000000
7952,-26.000000
7953,2.000000
7954,34.000000
7955,2.000000
7956,60.000000
7957,2.000000
7958,2.000000
7959,44.000000
7960,-30.000000
7961,-58.000000
7962,22.000000
7963,2.000000
7964,34.000000
7965,0.000000
7966,14.000000
7967,54.000000
7968,-24.000000
7969,-16.000000
7970,36.000000
7971,-18.000000
7972,-12.000000
7973,-50.000000
7974,8.000000
7975,-6.000000
7976,-36.000000
7977,2.000000
7978,-18.000000
7979,-4.000000
7980,-8.000000
7981,6.000000
7982,6.000000
7983,-12.000000
7984,-16.000000
7985,-26.000000
7986,-24.000000
7987,-4.000000
7988,16.000000
7989,14.000000
7990,54.000000
7991,-26.000000
7992,-14.000000
7993,-12.000000
7994,54.000000
7995,-20.000000
7996,-20.000000
7997,-14.000000
7998,-30.000000
7999,14.000000
8000,-16.000000
8001,22.000000
8002,-4.000000
8003,20.000000
8004,-36.000000
8005,10.000000
8006,22.000000
8007,-18.000000
8008,6.000000
8009,-26.000000
8010,22.000000
8011,30.000000
8012,36.000000
8013,-12.000000
8014,12.000000
8015,-36.000000
8016,-8.000000
8017,12.000000
8018,-16.000000
8019,12.000000
8020,16.000000
8021,-18.000000
8022,-36.000000
8023,10.000000
8024,-26.000000
8025,-26.000000
8026,-20.000000
8027,-16.000000
8028,16.000000
8029,-36.000000
8030,2.000000
8031,38.000000
8032,14.000000
8033,44.000000
8034,-4.000000
8035,-36.000000
8036,8.000000
8037,-22.000000
8038,-32.000000
8039,-4.000000
8040,44.000000
8041,-84.000000
8042,-20.000000
8043,-10.000000
8044,68.000000
8045,-16.000000
8046,94.000000
8047,10.000000
8048,-20.000000
8049,26.000000
8050,-16.000000
8051,-10.000000
8052,-76.000000
8053,44.000000
8054,50.000000
8055,6.000000
8056,54.000000
8057,14.000000
8058,-22.000000
8059,6.000000
8060,22.000000
8061,-26.000000
8062,60.000000
8063,12.000000
8064,-30.000000
8065,6.000000
8066,12.000000
8067,12.000000
8068,-74.000000
8069,-10.000000
8070,0.000000
8071,24.000000
8072,48.000000
8073,24.000000
8074,-8.000000
8075,-12.000000
8076,20.000000
8077,-22.000000
8078,14.000000
8079,42.000000
8080,-30.000000
8081,-82.000000
8082,-4.000000
8083,-2.000000
8084,-36.000000
8085,10.000000
8086,90.000000
8087,-8.000000
8088,-20.000000
8089,-14.000000
8090,-8.000000
8091,-12.000000
8092,8.000000
8093,-44.000000
8094,-24.000000
8095,-6.000000
8096,-16.000000
8097,-22.000000
8098,86.000000
8099,8.000000
8100,18.000000
8101,68.000000
8102,-70.000000
8103,58.000000
8104,38.000000
8105,26.000000
8106,-12.000000
8107,2.000000
8108,-44.000000
8109,-4.000000
8110,30.000000
8111,-2.000000
8112,26.000000
8113,-8.000000
8114,14.000000
8115,60.000000
8116,10.000000
8117,2.000000
8118,-20.000000
8119,26.000000
8120,8.000000
8121,4.000000
8122,8.000000
8123,-38.000000
8124,-16.000000
8125,-18.000000
8126,-74.000000
8127,-16.000000
8128,6.000000
8129,12.000000
8130,22.000000
8131,10.000000
8132,34.000000
8133,14.000000
8134,8.000000
8135,-12.000000
8136,-26.000000
8137,-2.000000
8138,-22.000000
8139,2.000000
8140,-20.000000
8141,-4.000000
8142,38.000000
8143,40.000000
8144,2.000000
8145,26.000000
8146,30.000000
8147,16.000000
8148,-2.000000
8149,0.000000
8150,-30.000000
8151,76.000000
8152,-16.000000
8153,82.000000
8154,-14.000000
8155,28.000000
8156,22.000000
8157,-18.000000
8158,-44.000000
8159,-2.000000
8160,2.000000
8161,-18.000000
8162,-8.000000
8163,0.000000
8164,-8.000000
8165,74.000000
8166,28.000000
8167,10.000000
8168,14.000000
8169,12.000000
8170,-18.000000
8171,0.000000
8172,-2.000000
8173,-2.000000
8174,-22.000000
8175,-22.000000
8176,10.000000
8177,-14.000000
8178,-8.000000
8179,-8.000000
8180,-12.000000
8181,-52.000000
8182,-4.000000
8183,46.000000
8184,-52.000000
8185,-4.000000
8186,-4.000000
8187,26.000000
8188,40.000000
8189,8.000000
8190,16.000000
8191,-4.000000
8192,-20.000000
8193,10.000000
8194,40.000000
8195,-56.000000
8196,38.000000
8197,-10.000000
8198,36.000000
8199,44.000000
8200,-30.000000
8201,-28.000000
8202,-22.000000
8203,-30.000000
8204,-48.000000
8205,-4.000000
8206,-10.000000
8207,-64.000000
8208,-2.000000
8209,-4.000000
8210,-8.000000
8211,16.000000
8212,-6.000000
8213,-2.000000
8214,-26.000000
8215,-22.000000
8216,-22.000000
8217,-18.000000
8218,28.000000
8219,44.000000
8220,-58.000000
8221,-4.000000
8222,20.000000
8223,-4.000000
8224,12.000000
8225,-22.000000
8226,22.000000
8227,-12.000000
8228,78.000000
8229,14.000000
8230,40.000000
8231,20.000000
8232,-2.000000
8233,60.000000
8234,10.000000
8235,10.000000
8236,44.000000
8237,14.000000
8238,26.000000
8239,-26.000000
8240,44.000000
8241,-8.000000
8242,-40.000000
8243,20.000000
8244,100.000000
8245,-20.000000
8246,18.000000
8247,-16.000000
8248,8.000000
8249,28.000000
8250,-36.000000
8251,2.000000
8252,-12.000000
8253,-24.000000
8254,46.000000
8255,-30.000000
8256,-12.000000
8257,-40.000000
8258,-16.000000
8259,-4.000000
8260,-4.000000
8261,-4.000000
8262,-22.000000
8263,16.000000
8264,-2.000000
8265,-4.000000
8266,8.000000
8267,70.000000
8268,16.000000
8269,-2.000000
8270,20.000000
8271,20.000000
8272,-6.000000
8273,-16.000000
8274,-16.000000
8275,-4.000000
8276,-30.000000
8277,-66.000000
8278,0.000000
8279,0.000000
8280,-14.000000
8281,14.000000
8282,42.000000
8283,-48.000000
8284,86.000000
8285,36.000000
8286,10.000000
8287,74.000000
8288,30.000000
8289,8.000000
8290,-10.000000
8291,-2.000000
8292,14.000000
8293,28.000000
8294,-32.000000
8295,-18.000000
8296,34.000000
8297,-30.000000
8298,16.000000
8299,-8.000000
8300,4.000000
8301,-22.000000
8302,6.000000
8303,34.000000
8304,38.000000
8305,-12.000000
8306,-52.000000
8307,8.000000
8308,-16.000000
8309,16.000000
8310,-12.000000
8311,-44.000000
8312,-8.000000
8313,46.000000
8314,14.000000
8315,-54.000000
8316,-46.000000
8317,-34.000000
8318,-18.000000
8319,4.000000
8320,34.000000
8321,-16.000000
8322,34.000000
8323,-18.000000
8324,-34.000000
8325,-14.000000
8326,32.000000
8327,6.000000
8328,-4.000000
8329,-14.000000
8330,16.000000
8331,-4.000000
8332,8.000000
8333,38.000000
8334,-34.000000
8335,-64.000000
8336,58.000000
8337,2.000000
8338,-4.000000
8339,-58.000000
8340,-16.000000
8341,-20.000000
8342,60.000000
8343,-8.000000
8344,-16.000000
8345,26.000000
8346,68.000000
8347,8.000000
8348,16.000000
8349,-44.000000
8350,-18.000000
8351,50.000000
8352,30.000000
8353,34.000000
8354,56.000000
8355,74.000000
8356,4.000000
8357,-22.000000
8358,-18.000000
8359,-30.000000
8360,32.000000
8361,-60.000000
8362,-8.000000
8363,-12.000000
8364,72.000000
8365,-16.000000
8366,-12.000000
8367,-40.000000
8368,-16.000000
8369,-42.000000
8370,-6.000000
8371,50.000000
8372,20.000000
8373,-4.000000
8374,-8.000000
8375,-26.000000
8376,-52.000000
8377,-44.000000
8378,-34.000000
8379,14.000000
8380,-22.000000
8381,2.000000
8382,6.000000
8383,14.000000
8384,4.000000
8385,-8.000000
8386,-12.000000
8387,-26.000000
8388,0.000000
8389,14.000000
8390,-68.000000
8391,14.000000
8392,-44.000000
8393,-12.000000
8394,22.000000
8395,-30.000000
8396,-6.000000
8397,26.000000
8398,82.000000
8399,-8.000000
8400,26.000000
8401,-22.000000
8402,-16.000000
8403,-38.000000
8404,10.000000
8405,6.000000
8406,-18.000000
8407,10.000000
8408,68.000000
8409,6.000000
8410,0.000000
8411,8.000000
8412,64.000000
8413,40.000000
8414,-6.000000
8415,6.000000
8416,-50.000000
8417,36.000000
8418,-12.000000
8419,-62.000000
8420,42.000000
8421,12.000000
8422,22.000000
8423,-8.000000
8424,-34.000000
8425,24.000000
8426,10.000000
8427,-30.000000
8428,12.000000
8429,-10.000000
8430,-4.000000
8431,0.000000
8432,14.000000
8433,-6.000000
8434,38.000000
8435,-4.000000
8436,-74.000000
8437,6.000000
8438,-8.000000
8439,0.000000
8440,-12.000000
8441,20.000000
8442,-14.000000
8443,14.000000
8444,-20.000000
8445,0.000000
8446,14.000000
8447,8.000000
8448,-14.000000
8449,26.000000
8450,-30.000000
8451,8.000000
8452,-20.000000
8453,14.000000
8454,-8.000000
8455,58.000000
8456,-22.000000
8457,-20.000000
8458,-16.000000
8459,-14.000000
8460,12.000000
8461,-6.000000
8462,82.000000
8463,-34.000000
8464,-12.000000
8465,6.000000
8466,18.000000
8467,-2.000000
8468,-26.000000
8469,-32.000000
8470,-20.000000
8471,16.000000
8472,24.000000
8473,58.000000
8474,68.000000
8475,2.000000
8476,-10.000000
8477,26.000000
8478,-10.000000
8479,32.000000
8480,-22.000000
8481,2.000000
8482,-26.000000
8483,-22.000000
8484,18.000000
8485,-24.000000
8486,-34.000000
8487,44.000000
8488,14.000000
8489,-22.000000
8490,-48.000000
8491,-68.000000
8492,-18.000000
8493,-22.000000
8494,-2.000000
8495,-54.000000
8496,-14.000000
8497,-12.000000
8498,30.000000
8499,-30.000000
8500,-2.000000
8501,2.000000
8502,24.000000
8503,22.000000
8504,-4.000000
8505,-30.000000
8506,14.000000
8507,-16.000000
8508,10.000000
8509,-16.000000
8510,-8.000000
8511,-16.000000
8512,-18.000000
8513,4.000000
8514,60.000000
8515,-44.000000
8516,54.000000
8517,-28.000000
8518,20.000000
8519,14.000000
8520,46.000000
8521,6.000000
8522,-12.000000
8523,-26.000000
8524,-20.000000
8525,22.000000
8526,-46.000000
8527,36.000000
8528,12.000000
8529,-28.000000
8530,-72.000000
8531,-88.000000
8532,8.000000
8533,-12.000000
8534,-30.000000
8535,-14.000000
8536,-30.000000
8537,-34.000000
8538,-34.000000
8539,-16.000000
8540,-20.000000
8541,0.000000
8542,42.000000
8543,-18.000000
8544,2.000000
8545,30.000000
8546,-12.000000
8547,-38.000000
8548,40.000000
8549,-12.000000
8550,34.000000
8551,-26.000000
8552,28.000000
8553,2.000000
8554,2.000000
8555,-16.000000
8556,94.000000
8557,38.000000
8558,-28.000000
8559,4.000000
8560,-2.000000
8561,-36.000000
8562,-6.000000
8563,-6.000000
8564,4.000000
8565,-2.000000
8566,-16.000000
8567,0.000000
8568,-4.000000
8569,8.000000
8570,28.000000
8571,8.000000
8572,-4.000000
8573,-50.000000
8574,14.000000
8575,32.000000
8576,58.000000
8577,14.000000
8578,0.000000
8579,-42.000000
8580,26.000000
8581,38.000000
8582,42.000000
8583,-18.000000
8584,-2.000000
8585,-30.000000
8586,6.000000
8587,-16.000000
8588,-6.000000
8589,-24.000000
8590,12.000000
8591,-2.000000
8592,-60.000000
8593,-36.000000
8594,68.000000
8595,8.000000
8596,26.000000
8597,50.000000
8598,-22.000000
8599,8.000000
8600,0.000000
8601,14.000000
8602,34.000000
8603,-68.000000
8604,-34.000000
8605,58.000000
8606,-20.000000
8607,38.000000
8608,6.000000
8609,-18.000000
8610,-58.000000
8611,50.000000
8612,-8.000000
8613,-40.000000
8614,-34.000000
8615,-8.000000
8616,-8.000000
8617,12.000000
8618,-10.000000
8619,12.000000
8620,42.000000
8621,-12.000000
8622,-4.000000
8623,40.000000
8624,-2.000000
8625,16.000000
8626,-76.000000
8627,68.000000
8628,18.000000
8629,14.000000
8630,-24.000000
8631,14.000000
8632,-52.000000
8633,-8.000000
8634,54.000000
8635,-8.000000
8636,-50.000000
8637,-18.000000
8638,-118.000000
8639,54.000000
8640,-104.000000
8641,-18.000000
8642,38.000000
8643,14.000000
8644,38.000000
8645,14.000000
8646,8.000000
8647,68.000000
8648,14.000000
8649,32.000000
8650,4.000000
8651,-44.000000
8652,-34.000000
8653,32.000000
8654,-2.000000
8655,-18.000000
8656,8.000000
8657,-38.000000
8658,-6.000000
8659,14.000000
8660,2.000000
8661,26.000000
8662,-14.000000
8663,-30.000000
8664,-54.000000
8665,-16.000000
8666,14.000000
8667,-6.000000
8668,16.000000
8669,2.000000
8670,8.000000
8671,14.000000
8672,46.000000
8673,36.000000
8674,-30.000000
8675,54.000000
8676,34.000000
8677,20.000000
8678,-20.000000
8679,-4.000000
8680,-60.000000
8681,-64.000000
8682,2.000000
8683,54.000000
8684,-2.000000
8685,-2.000000
8686,-8.000000
8687,-20.000000
8688,0.000000
8689,-8.000000
8690,0.000000
8691,-32.000000
8692,8.000000
8693,54.000000
8694,2.000000
8695,-36.000000
8696,46.000000
8697,14.000000
8698,28.000000
8699,-20.000000
8700,-26.000000
8701,-26.000000
8702,-2.000000
8703,-22.000000
8704,-8.000000
8705,4.000000
8706,-2.000000
8707,-2.000000
8708,24.000000
8709,2.000000
8710,10.000000
8711,18.000000
8712,-28.000000
8713,-6.000000
8714,28.000000
8715,-18.000000
8716,6.000000
8717,40.000000
8718,8.000000
8719,-16.000000
8720,4.000000
8721,4.000000
8722,-36.000000
8723,-2.000000
8724,-16.000000
8725,34.000000
8726,-76.000000
8727,74.000000
8728,-30.000000
8729,0.000000
8730,58.000000
8731,6.000000
8732,4.000000
8733,-38.000000
8734,-18.000000
8735,-26.000000
8736,-4.000000
8737,-56.000000
8738,-2.000000
8739,-30.000000
8740,-22.000000
8741,4.000000
8742,0.000000
8743,2.000000
8744,-28.000000
8745,46.000000
8746,24.000000
8747,22.000000
8748,-32.000000
8749,-46.000000
8750,14.000000
8751,12.000000
8752,14.000000
8753,12.000000
8754,28.000000
8755,6.000000
8756,-4.000000
8757,24.000000
8758,-44.000000
8759,-36.000000
8760,-20.000000
8761,-24.000000
8762,-8.000000
8763,10.000000
8764,-18.000000
8765,-40.000000
8766,38.000000
8767,30.000000
8768,2.000000
8769,2.000000
8770,-64.000000
8771,-4.000000
8772,-26.000000
8773,-42.000000
8774,-16.000000
8775,14.000000
8776,-8.000000
8777,12.000000
8778,28.000000
8779,6.000000
8780,10.000000
8781,-30.000000
8782,-50.000000
8783,-4.000000
8784,14.000000
8785,-20.000000
8786,24.000000
8787,6.000000
8788,14.000000
8789,-32.000000
8790,-48.000000
8791,54.000000
8792,78.000000
8793,-8.000000
8794,16.000000
8795,-40.000000
8796,-18.000000
8797,12.000000
8798,46.000000
8799,-30.000000
8800,-10.000000
8801,-6.000000
8802,-10.000000
8803,-4.000000
8804,32.000000
8805,-26.000000
8806,30.000000
8807,-12.000000
8808,6.000000
8809,-12.000000
8810,-48.000000
8811,-6.000000
8812,22.000000
8813,-16.000000
8814,-4.000000
8815,40.000000
8816,-12.000000
8817,-2.000000
8818,-26.000000
8819,8.000000
8820,-70.000000
8821,16.000000
8822,8.000000
8823,-8.000000
8824,-38.000000
8825,-38.000000
8826,4.000000
8827,14.000000
8828,0.000000
8829,-68.000000
8830,14.000000
8831,-34.000000
8832,-18.000000
8833,2.000000
8834,-16.000000
8835,8.000000
8836,46.000000
8837,74.000000
8838,8.000000
8839,0.000000
8840,40.000000
8841,-28.000000
8842,-6.000000
8843,-30.000000
8844,-12.000000
8845,26.000000
8846,-24.000000
8847,6.000000
8848,30.000000
8849,14.000000
8850,4.000000
8851,-2.000000
8852,-44.000000
8853,-18.000000
8854,-4.000000
8855,-34.000000
8856,-64.000000
8857,54.000000
8858,0.000000
8859,50.000000
8860,50.000000
8861,40.000000
8862,54.000000
8863,16.000000
8864,58.000000
8865,-22.000000
8866,-2.000000
8867,-4.000000
8868,-56.000000
8869,-10.000000
8870,28.000000
8871,2.000000
8872,10.000000
8873,-44.000000
8874,-78.000000
8875,20.000000
8876,-50.000000
8877,0.000000
8878,6.000000
8879,-50.000000
8880,6.000000
8881,30.000000
8882,2.000000
8883,14.000000
8884,30.000000
8885,10.000000
8886,22.000000
8887,-22.000000
8888,-2.000000
8889,10.000000
8890,-50.000000
8891,-60.000000
8892,-36.000000
8893,18.000000
8894,-8.000000
8895,-34.000000
8896,2.000000
8897,-20.000000
8898,-26.000000
8899,2.000000
8900,-70.000000
8901,-2.000000
8902,0.000000
8903,-16.000000
8904,20.000000
8905,-24.000000
8906,74.000000
8907,-8.000000
8908,-44.000000
8909,-44.000000
8910,-48.000000
8911,-8.000000
8912,-4.000000
8913,-34.000000
8914,54.000000
8915,56.000000
8916,-36.000000
8917,18.000000
8918,-4.000000
8919,2.000000
8920,-78.000000
8921,4.000000
8922,42.000000
8923,-30.000000
8924,-2.000000
8925,12.000000
8926,-50.000000
8927,-36.000000
8928,-44.000000
8929,-4.000000
8930,38.000000
8931,46.000000
8932,-72.000000
8933,10.000000
8934,-12.000000
8935,58.000000
8936,14.000000
8937,4.000000
8938,14.000000
8939,-22.000000
8940,-28.000000
8941,4.000000
8942,-4.000000
8943,30.000000
8944,-8.000000
8945,20.000000
8946,-8.000000
8947,4.000000
8948,74.000000
8949,-10.000000
8950,0.000000
8951,54.000000
8952,8.000000
8953,10.000000
8954,14.000000
8955,38.000000
8956,2.000000
8957,22.000000
8958,8.000000
8959,-72.000000
8960,20.000000
8961,16.000000
8962,-34.000000
8963,40.000000
8964,-82.000000
8965,8.000000
8966,0.000000
8967,-8.000000
8968,2.000000
8969,-4.000000
8970,-58.000000
8971,22.000000
8972,-8.000000
8973,-22.000000
8974,-22.000000
8975,26.000000
8976,-12.000000
8977,8.000000
8978,-48.000000
8979,10.000000
8980,8.000000
8981,38.000000
8982,10.000000
8983,-16.000000
8984,14.000000
8985,10.000000
8986,-20.000000
8987,14.000000
8988,2.000000
8989,54.000000
8990,40.000000
8991,-50.000000
8992,22.000000
8993,-20.000000
8994,14.000000
8995,-34.000000
8996,-58.000000
8997,-20.000000
8998,-4.000000
8999,10.000000
9000,30.000000
9001,26.000000
9002,8.000000
9003,14.000000
9004,32.000000
9005,-14.000000
9006,-8.000000
9007,16.000000
9008,-44.000000
9009,38.000000
9010,-8.000000
9011,-30.000000
9012,-16.000000
9013,-12.000000
9014,8.000000
9015,8.000000
9016,-38.000000
9017,36.000000
9018,14.000000
9019,-44.000000
9020,16.000000
9021,12.000000
9022,-26.000000
9023,0.000000
9024,-14.000000
9025,-52.000000
9026,8.000000
9027,30.000000
9028,-64.000000
9029,-26.000000
9030,8.000000
9031,-26.000000
9032,8.000000
9033,-20.000000
9034,-48.000000
9035,-66.000000
9036,-26.000000
9037,-64.000000
9038,4.000000
9039,-12.000000
9040,-4.000000
9041,-12.000000
9042,-6.000000
9043,-60.000000
9044,8.000000
9045,82.000000
9046,-8.000000
9047,36.000000
9048,2.000000
9049,-32.000000
9050,46.000000
9051,-10.000000
9052,-26.000000
9053,-2.000000
9054,30.000000
9055,-54.000000
9056,-22.000000
9057,-12.000000
9058,-44.000000
9059,18.000000
9060,-36.000000
9061,6.000000
9062,-52.000000
9063,10.000000
9064,6.000000
9065,-4.000000
9066,-12.000000
9067,-10.000000
9068,22.000000
9069,-18.000000
9070,-30.000000
9071,-14.000000
9072,-18.000000
9073,68.000000
9074,-8.000000
9075,-34.000000
9076,-6.000000
9077,6.000000
9078,10.000000
9079,-36.000000
9080,46.000000
9081,8.000000
9082,6.000000
9083,-20.000000
9084,40.000000
9085,12.000000
9086,10.000000
9087,10.000000
9088,-20.000000
9089,-16.000000
9090,28.000000
9091,20.000000
9092,0.000000
9093,14.000000
9094,-72.000000
9095,-66.000000
9096,-12.000000
9097,-10.000000
9098,46.000000
9099,68.000000
9100,34.000000
9101,-6.000000
9102,-46.000000
9103,-34.000000
9104,28.000000
9105,10.000000
9106,28.000000
9107,-24.000000
9108,-22.000000
9109,50.000000
9110,-24.000000
9111,-8.000000
9112,4.000000
9113,-42.000000
9114,20.000000
9115,24.000000
9116,-28.000000
9117,-16.000000
9118,-38.000000
9119,54.000000
9120,-20.000000
9121,-42.000000
9122,34.000000
9123,-12.000000
9124,-24.000000
9125,20.000000
9126,-4.000000
9127,-18.000000
9128,-12.000000
9129,-76.000000
9130,6.000000
9131,64.000000
9132,-60.000000
9133,6.000000
9134,-18.000000
9135,30.000000
9136,40.000000
9137,38.000000
9138,-2.000000
9139,14.000000
9140,0.000000
9141,-4.000000
9142,10.000000
9143,14.000000
9144,-32.000000
9145,18.000000
9146,-32.000000
9147,26.000000
9148,-54.000000
9149,-90.000000
9150,20.000000
9151,58.000000
9152,12.000000
9153,62.000000
9154,-4.000000
9155,-28.000000
9156,26.000000
9157,34.000000
9158,-8.000000
9159,-8.000000
9160,22.000000
9161,-4.000000
9162,24.000000
9163,-18.000000
9164,-6.000000
9165,2.000000
9166,-24.000000
9167,40.000000
9168,2.000000
9169,-10.000000
9170,16.000000
9171,-4.000000
9172,10.000000
9173,-30.000000
9174,26.000000
9175,6.000000
9176,-10.000000
9177,-20.000000
9178,14.000000
9179,30.000000
9180,-8.000000
9181,-54.000000
9182,-12.000000
9183,-30.000000
9184,-8.000000
9185,-8.000000
9186,16.000000
9187,-8.000000
9188,16.000000
9189,2.000000
9190,54.000000
9191,14.000000
9192,22.000000
9193,-36.000000
9194,-18.000000
9195,0.000000
9196,22.000000
9197,0.000000
9198,26.000000
9199,14.000000
9200,72.000000
9201,-16.000000
9202,-48.000000
9203,62.000000
9204,2.000000
9205,0.000000
9206,-4.000000
9207,0.000000
9208,86.000000
9209,-48.000000
9210,14.000000
9211,14.000000
9212,-20.000000
9213,-6.000000
9214,-2.000000
9215,-26.000000
9216,-26.000000
9217,-22.000000
9218,22.000000
9219,38.000000
9220,-46.000000
9221,2.000000
9222,-16.000000
9223,-2.000000
9224,94.000000
9225,78.000000
9226,-50.000000
9227,0.000000
9228,44.000000
9229,-8.000000
9230,22.000000
9231,-16.000000
9232,-4.000000
9233,2.000000
9234,22.000000
9235,-12.000000
9236,-16.000000
9237,-14.000000
9238,-14.000000
9239,-54.000000
9240,-4.000000
9241,-4.000000
9242,-24.000000
9243,0.000000
9244,-20.000000
9245,-20.000000
9246,28.000000
9247,-2.000000
9248,-30.000000
9249,-18.000000
9250,2.000000
9251,0.000000
9252,28.000000
9253,-28.000000
9254,82.000000
9255,10.000000
9256,30.000000
9257,2.000000
9258,32.000000
9259,54.000000
9260,46.000000
9261,-4.000000
9262,-22.000000
9263,-18.000000
9264,-66.000000
9265,0.000000
9266,12.000000
9267,-4.000000
9268,-28.000000
9269,-26.000000
9270,-2.000000
9271,-30.000000
9272,10.000000
9273,82.000000
9274,2.000000
9275,-2.000000
9276,16.000000
9277,14.000000
9278,-4.000000
9279,46.000000
9280,-34.000000
9281,-20.000000
9282,20.000000
9283,40.000000
9284,-8.000000
9285,72.000000
9286,-8.000000
9287,-6.000000
9288,24.000000
9289,-36.000000
9290,100.000000
9291,-26.000000
9292,12.000000
9293,10.000000
9294,0.000000
9295,4.000000
9296,-30.000000
9297,12.000000
9298,-18.000000
9299,-86.000000
9300,20.000000
9301,-18.000000
9302,-74.000000
9303,6.000000
9304,-20.000000
9305,4.000000
9306,-16.000000
9307,12.000000
9308,14.000000
9309,6.000000
9310,32.000000
9311,-40.000000
9312,8.000000
9313,-26.000000
9314,-32.000000
9315,-50.000000
9316,42.000000
9317,54.000000
9318,54.000000
9319,-4.000000
9320,6.000000
9321,-34.000000
9322,20.000000
9323,10.000000
9324,-8.000000
9325,-30.000000
9326,14.000000
9327,-18.000000
9328,-22.000000
9329,12.000000
9330,-22.000000
9331,12.000000
9332,10.000000
9333,-62.000000
9334,22.000000
9335,12.000000
9336,60.000000
9337,16.000000
9338,32.000000
9339,-10.000000
9340,28.000000
9341,8.000000
9342,0.000000
9343,6.000000
9344,6.000000
9345,38.000000
9346,40.000000
9347,-4.000000
9348,-26.000000
9349,22.000000
9350,74.000000
9351,-6.000000
9352,-14.000000
9353,-4.000000
9354,10.000000
9355,46.000000
9356,4.000000
9357,8.000000
9358,0.000000
9359,-16.000000
9360,-46.000000
9361,12.000000
9362,-4.000000
9363,-78.000000
9364,14.000000
9365,38.000000
9366,-20.000000
9367,-16.000000
9368,14.000000
9369,-2.000000
9370,18.000000
9371,28.000000
9372,-20.000000
9373,44.000000
9374,-30.000000
9375,2.000000
9376,-6.000000
9377,24.000000
9378,34.000000
9379,-38.000000
9380,-22.000000
9381,-42.000000
9382,54.000000
9383,-18.000000
9384,-4.000000
9385,-48.000000
9386,2.000000
9387,-26.000000
9388,2.000000
9389,-56.000000
9390,8.000000
9391,-58.000000
9392,14.000000
9393,30.000000
9394,-48.000000
9395,10.000000
9396,10.000000
9397,8.000000
9398,-62.000000
9399,82.000000
9400,22.000000
9401,44.000000
9402,-20.000000
9403,26.000000
9404,-44.000000
9405,58.000000
9406,10.000000
9407,10.000000
9408,82.000000
9409,-4.000000
9410,-30.000000
9411,20.000000
9412,-2.000000
9413,-36.000000
9414,28.000000
9415,-18.000000
9416,22.000000
9417,-18.000000
9418,22.000000
9419,22.000000
9420,-18.000000
9421,-66.000000
9422,0.000000
9423,6.000000
9424,6.000000
9425,-4.000000
9426,6.000000
9427,6.000000
9428,-4.000000
9429,-10.000000
9430,-22.000000
9431,14.000000
9432,34.000000
9433,86.000000
9434,-30.000000
9435,-56.000000
9436,-10.000000
9437,30.000000
9438,32.000000
9439,20.000000
9440,-4.000000
9441,-8.000000
9442,0.000000
9443,-76.000000
9444,30.000000
9445,-16.000000
9446,32.000000
9447,-30.000000
9448,24.000000
9449,-2.000000
9450,22.000000
9451,-18.000000
9452,10.000000
9453,30.000000
9454,32.000000
9455,12.000000
9456,50.000000
9457,-20.000000
9458,30.000000
9459,-32.000000
9460,-58.000000
9461,4.000000
9462,-16.000000
9463,28.000000
9464,28.000000
9465,-12.000000
9466,12.000000
9467,-44.000000
9468,-12.000000
9469,42.000000
9470,-48.000000
9471,-18.000000
9472,40.000000
9473,-4.000000
9474,-6.000000
9475,8.000000
9476,-8.000000
9477,0.000000
9478,-12.000000
9479,58.000000
9480,2.000000
9481,2.000000
9482,8.000000
9483,58.000000
9484,-26.000000
9485,24.000000
9486,18.000000
9487,4.000000
9488,24.000000
9489,-28.000000
9490,-10.000000
9491,26.000000
9492,-2.000000
9493,-48.000000
9494,6.000000
9495,-6.000000
9496,60.000000
9497,8.000000
9498,-24.000000
9499,36.000000
9500,-22.000000
9501,-20.000000
9502,10.000000
9503,-34.000000
9504,-26.000000
9505,-12.000000
9506,20.000000
9507,14.000000
9508,24.000000
9509,24.000000
9510,6.000000
9511,-8.000000
9512,8.000000
9513,26.000000
9514,0.000000
9515,0.000000
9516,-8.000000
9517,-4.000000
9518,-26.000000
9519,-66.000000
9520,-10.000000
9521,46.000000
9522,46.000000
9523,4.000000
9524,14.000000
9525,14.000000
9526,-24.000000
9527,-2.000000
9528,6.000000
9529,46.000000
9530,-34.000000
9531,-4.000000
9532,-4.000000
9533,4.000000
9534,-2.000000
9535,10.000000
9536,0.000000
9537,8.000000
9538,42.000000
9539,-2.000000
9540,22.000000
9541,12.000000
9542,-30.000000
9543,-14.000000
9544,-18.000000
9545,-2.000000
9546,-4.000000
9547,-20.000000
9548,16.000000
9549,-26.000000
9550,4.000000
9551,-2.000000
9552,28.000000
9553,2.000000
9554,-8.000000
9555,0.000000
9556,16.000000
9557,-16.000000
9558,-44.000000
9559,-6.000000
9560,2.000000
9561,4.000000
9562,34.000000
9563,12.000000
9564,-16.000000
9565,-4.000000
9566,-116.000000
9567,-68.000000
9568,-24.000000
9569,-24.000000
9570,-56.000000
9571,-22.000000
9572,14.000000
9573,2.000000
9574,46.000000
9575,-2.000000
9576,-4.000000
9577,26.000000
9578,28.000000
9579,10.000000
9580,-4.000000
9581,-28.000000
9582,20.000000
9583,24.000000
9584,12.000000
9585,8.000000
9586,12.000000
9587,-10.000000
9588,-40.000000
9589,-12.000000
9590,-24.000000
9591,28.000000
9592,-2.000000
9593,-6.000000
9594,-4.000000
9595,-4.000000
9596,20.000000
9597,-22.000000
9598,16.000000
9599,24.000000
9600,-10.000000
9601,6.000000
9602,46.000000
9603,24.000000
9604,-2.000000
9605,-22.000000
9606,6.000000
9607,-16.000000
9608,-4.000000
9609,-50.000000
9610,-44.000000
9611,14.000000
9612,20.000000
9613,50.000000
9614,36.000000
9615,-4.000000
9616,-16.000000
9617,50.000000
9618,-64.000000
9619,-16.000000
9620,54.000000
9621,-64.000000
9622,32.000000
9623,-32.000000
9624,10.000000
9625,10.000000
9626,26.000000
9627,-8.000000
9628,-58.000000
9629,10.000000
9630,0.000000
9631,2.000000
9632,30.000000
9633,8.000000
9634,2.000000
9635,50.000000
9636,-52.000000
9637,-22.000000
9638,-52.000000
9639,-14.000000
9640,4.000000
9641,-60.000000
9642,-36.000000
9643,78.000000
9644,-12.000000
9645,28.000000
9646,26.000000
9647,-26.000000
9648,-4.000000
9649,-4.000000
9650,6.000000
9651,46.000000
9652,4.000000
9653,24.000000
9654,26.000000
9655,-2.000000
9656,-26.000000
9657,50.000000
9658,-4.000000
9659,26.000000
9660,12.000000
9661,58.000000
9662,-40.000000
9663,46.000000
9664,2.000000
9665,-2.000000
9666,10.000000
9667,-8.000000
9668,46.000000
9669,24.000000
9670,28.000000
9671,10.000000
9672,8.000000
9673,8.000000
9674,36.000000
9675,10.000000
9676,46.000000
9677,-66.000000
9678,-4.000000
9679,-14.000000
9680,-30.000000
9681,50.000000
9682,-90.000000
9683,-58.000000
9684,24.000000
9685,10.000000
9686,-4.000000
9687,-10.000000
9688,-12.000000
9689,-26.000000
9690,20.000000
9691,0.000000
9692,2.000000
9693,20.000000
9694,2.000000
9695,42.000000
9696,0.000000
9697,38.000000
9698,14.000000
9699,-16.000000
9700,54.000000
9701,-8.000000
9702,42.000000
9703,-4.000000
9704,24.000000
9705,28.000000
9706,4.000000
9707,16.000000
9708,26.000000
9709,24.000000
9710,44.000000
9711,-38.000000
9712,82.000000
9713,-16.000000
9714,-8.000000
9715,20.000000
9716,32.000000
9717,28.000000
9718,-4.000000
9719,30.000000
9720,46.000000
9721,-38.000000
9722,6.000000
9723,-2.000000
9724,22.000000
9725,8.000000
9726,-22.000000
9727,-72.000000
9728,-14.000000
9729,34.000000
9730,-4.000000
9731,62.000000
9732,-26.000000
9733,14.000000
9734,-80.000000
9735,16.000000
9736,6.000000
9737,-18.000000
9738,-18.000000
9739,-16.000000
9740,-24.000000
9741,22.000000
9742,-4.000000
9743,-10.000000
9744,8.000000
9745,30.000000
9746,28.000000
9747,-36.000000
9748,-2.000000
9749,26.000000
9750,-6.000000
9751,-4.000000
9752,22.000000
9753,32.000000
9754,-20.000000
9755,78.000000
9756,-42.000000
9757,46.000000
9758,-14.000000
9759,-12.000000
9760,6.000000
9761,0.000000
9762,-36.000000
9763,-28.000000
9764,-56.000000
9765,0.000000
9766,-20.000000
9767,40.000000
9768,-26.000000
9769,-62.000000
9770,6.000000
9771,-56.000000
9772,14.000000
9773,-18.000000
9774,36.000000
9775,-8.000000
9776,-10.000000
9777,-48.000000
9778,-20.000000
9779,40.000000
9780,-34.000000
9781,26.000000
9782,-12.000000
9783,26.000000
9784,-26.000000
9785,46.000000
9786,24.000000
9787,8.000000
9788,-12.000000
9789,-4.000000
9790,0.000000
9791,0.000000
9792,24.000000
9793,-2.000000
9794,0.000000
9795,18.000000
9796,-16.000000
9797,8.000000
9798,10.000000
9799,-54.000000
9800,-6.000000
9801,-18.000000
9802,-84.000000
9803,-8.000000
9804,-6.000000
9805,-30.000000
9806,-16.000000
9807,16.000000
9808,-40.000000
9809,54.000000
9810,-40.000000
9811,10.000000
9812,2.000000
9813,-16.000000
9814,-24.000000
9815,16.000000
9816,30.000000
9817,22.000000
9818,24.000000
9819,-16.000000
9820,-56.000000
9821,-12.000000
9822,-16.000000
9823,-6.000000
9824,24.000000
9825,-8.000000
9826,-2.000000
9827,-26.000000
9828,12.000000
9829,-6.000000
9830,-4.000000
9831,22.000000
9832,94.000000
9833,22.000000
9834,-68.000000
9835,40.000000
9836,26.000000
9837,44.000000
9838,-26.000000
9839,74.000000
9840,-60.000000
9841,-4.000000
9842,-10.000000
9843,26.000000
9844,14.000000
9845,2.000000
9846,6.000000
9847,-2.000000
9848,2.000000
9849,4.000000
9850,-12.000000
9851,30.000000
9852,10.000000
9853,6.000000
9854,8.000000
9855,34.000000
9856,-4.000000
9857,-6.000000
9858,16.000000
9859,10.000000
9860,8.000000
9861,6.000000
9862,54.000000
9863,-28.000000
9864,4.000000
9865,60.000000
9866,20.000000
9867,0.000000
9868,14.000000
9869,-24.000000
9870,12.000000
9871,20.000000
9872,8.000000
9873,16.000000
9874,-4.000000
9875,14.000000
9876,-16.000000
9877,-56.000000
9878,50.000000
9879,0.000000
9880,-18.000000
9881,6.000000
9882,8.000000
9883,-68.000000
9884,-30.000000
9885,2.000000
9886,24.000000
9887,-4.000000
9888,-18.000000
9889,-22.000000
9890,-18.000000
9891,-16.000000
9892,-16.000000
9893,-2.000000
9894,-8.000000
9895,12.000000
9896,-28.000000
9897,2.000000
9898,8.000000
9899,18.000000
9900,-12.000000
9901,-24.000000
9902,-24.000000
9903,-8.000000
9904,40.000000
9905,-8.000000
9906,-26.000000
9907,2.000000
9908,-12.000000
9909,22.000000
9910,24.000000
9911,6.000000
9912,-70.000000
9913,0.000000
9914,-66.000000
9915,-54.000000
9916,30.000000
9917,-14.000000
9918,2.000000
9919,-16.000000
9920,-22.000000
9921,64.000000
9922,-6.000000
9923,-44.000000
9924,2.000000
9925,-10.000000
9926,68.000000
9927,46.000000
9928,6.000000
9929,-26.000000
9930,-18.000000
9931,-52.000000
9932,2.000000
9933,-50.000000
9934,4.000000
9935,-26.000000
9936,-20.000000
9937,44.000000
9938,44.000000
9939,10.000000
9940,10.000000
9941,-8.000000
9942,-52.000000
9943,8.000000
9944,-18.000000
9945,-68.000000
9946,14.000000
9947,-82.000000
9948,-24.000000
9949,-12.000000
9950,-16.000000
9951,-26.000000
9952,24.000000
9953,8.000000
9954,-44.000000
9955,-54.000000
9956,-26.000000
9957,-16.000000
9958,44.000000
9959,50.000000
9960,-64.000000
9961,58.000000
9962,0.000000
9963,-26.000000
9964,2.000000
9965,34.000000
9966,0.000000
9967,-16.000000
9968,0.000000
9969,-18.000000
9970,14.000000
9971,40.000000
9972,54.000000
9973,8.000000
9974,-24.000000
9975,-16.000000
9976,30.000000
9977,-16.000000
9978,6.000000
9979,6.000000
9980,24.000000
9981,-62.000000
9982,18.000000
9983,4.000000
9984,22.000000
9985,-14.000000
9986,50.000000
9987,-4.000000
9988,-8.000000
9989,40.000000
9990,-20.000000
9991,-44.000000
9992,-66.000000
9993,58.000000
9994,12.000000
9995,12.000000
9996,16.000000
9997,-16.000000
9998,34.000000
9999,-14.000000
10000,6.000000
