Channel              :,CH1
Frequency            :,  ?
Period               :,  ?
PK-PK                :,240.0mV
Probe attenuation    :,1X
Voltage per ADC value:,0.250000mV
Time interval        :,100.00000us

index,CH1_Voltage(mV)
1,60.000000
2,60.000000
3,-8.000000
4,-24.000000
5,-28.000000
6,-8.000000
7,24.000000
8,-40.000000
9,56.000000
10,52.000000
11,-48.000000
12,-12.000000
13,-16.000000
14,-8.000000
15,4.000000
16,-12.000000
17,0.000000
18,-36.000000
19,-16.000000
20,0.000000
21,8.000000
22,-12.000000
23,12.000000
24,20.000000
25,20.000000
26,-16.000000
27,12.000000
28,-16.000000
29,8.000000
30,20.000000
31,8.000000
32,36.000000
33,12.000000
34,-4.000000
35,-16.000000
36,12.000000
37,-4.000000
38,-12.000000
39,-12.000000
40,-48.000000
41,-16.000000
42,-20.000000
43,-8.000000
44,-24.000000
45,4.000000
46,68.000000
47,-36.000000
48,60.000000
49,-12.000000
50,16.000000
51,-40.000000
52,8.000000
53,-12.000000
54,-44.000000
55,-24.000000
56,32.000000
57,-24.000000
58,-48.000000
59,-4.000000
60,0.000000
61,28.000000
62,0.000000
63,4.000000
64,0.000000
65,16.000000
66,-4.000000
67,20.000000
68,28.000000
69,24.000000
70,-8.000000
71,8.000000
72,-20.000000
73,0.000000
74,16.000000
75,-8.000000
76,-20.000000
77,-12.000000
78,-36.000000
79,4.000000
80,24.000000
81,24.000000
82,24.000000
83,40.000000
84,20.000000
85,72.000000
86,-16.000000
87,-16.000000
88,-16.000000
89,-16.000000
90,16.000000
91,-8.000000
92,-16.000000
93,-8.000000
94,12.000000
95,20.000000
96,52.000000
97,44.000000
98,4.000000
99,-20.000000
100,-20.000000
101,-16.000000
102,-20.000000
103,-20.000000
104,68.000000
105,-16.000000
106,-8.000000
107,-20.000000
108,-4.000000
109,-60.000000
110,56.000000
111,16.000000
112,-8.000000
113,-24.000000
114,24.000000
115,0.000000
116,52.000000
117,76.000000
118,-32.000000
119,-8.000000
120,4.000000
121,-8.000000
122,-28.000000
123,8.000000
124,-32.000000
125,-48.000000
126,-32.000000
127,12.000000
128,-20.000000
129,-72.000000
130,-36.000000
131,28.000000
132,-12.000000
133,-8.000000
134,-28.000000
135,8.000000
136,12.000000
137,12.000000
138,-32.000000
139,0.000000
140,-36.000000
141,8.000000
142,-8.000000
143,0.000000
144,-12.000000
145,0.000000
146,-48.000000
147,-48.000000
148,-8.000000
149,-16.000000
150,-12.000000
151,0.000000
152,4.000000
153,-44.000000
154,20.000000
155,-12.000000
156,-24.000000
157,-8.000000
158,8.000000
159,-12.000000
160,-4.000000
161,-24.000000
162,-8.000000
163,-12.000000
164,12.000000
165,0.000000
166,16.000000
167,-12.000000
168,-4.000000
169,0.000000
170,-32.000000
171,-12.000000
172,-64.000000
173,4.000000
174,-8.000000
175,-88.000000
176,12.000000
177,-32.000000
178,20.000000
179,-48.000000
180,12.000000
181,28.000000
182,24.000000
183,-8.000000
184,-28.000000
185,-4.000000
186,-24.000000
187,8.000000
188,-16.000000
189,-20.000000
190,-20.000000
191,8.000000
192,-16.000000
193,-16.000000
194,-32.000000
195,28.000000
196,4.000000
197,-28.000000
198,20.000000
199,-40.000000
200,-36.000000
201,-12.000000
202,0.000000
203,-12.000000
204,32.000000
205,32.000000
206,-8.000000
207,-12.000000
208,-16.000000
209,-20.000000
210,-8.000000
211,-24.000000
212,-4.000000
213,-32.000000
214,-32.000000
215,24.000000
216,32.000000
217,-20.000000
218,20.000000
219,24.000000
220,-28.000000
221,-32.000000
222,-60.000000
223,8.000000
224,4.000000
225,44.000000
226,44.000000
227,-44.000000
228,-12.000000
229,60.000000
230,-8.000000
231,0.000000
232,0.000000
233,4.000000
234,4.000000
235,-12.000000
236,-28.000000
237,12.000000
238,-20.000000
239,60.000000
240,12.000000
241,12.000000
242,-8.000000
243,-4.000000
244,-4.000000
245,28.000000
246,0.000000
247,4.000000
248,-16.000000
249,4.000000
250,28.000000
251,-8.000000
252,16.000000
253,20.000000
254,-24.000000
255,-8.000000
256,-16.000000
257,-8.000000
258,-8.000000
259,-16.000000
260,24.000000
261,-4.000000
262,8.000000
263,0.000000
264,4.000000
265,0.000000
266,-44.000000
267,32.000000
268,-4.000000
269,-4.000000
270,52.000000
271,-12.000000
272,-8.000000
273,-24.000000
274,4.000000
275,4.000000
276,-20.000000
277,16.000000
278,-8.000000
279,-4.000000
280,-8.000000
281,-8.000000
282,8.000000
283,8.000000
284,-12.000000
285,8.000000
286,4.000000
287,56.000000
288,-52.000000
289,-20.000000
290,24.000000
291,52.000000
292,0.000000
293,40.000000
294,0.000000
295,-8.000000
296,44.000000
297,4.000000
298,-8.000000
299,4.000000
300,-24.000000
301,-32.000000
302,0.000000
303,4.000000
304,-24.000000
305,-8.000000
306,-4.000000
307,-12.000000
308,-8.000000
309,-8.000000
310,-28.000000
311,-28.000000
312,24.000000
313,20.000000
314,20.000000
315,16.000000
316,4.000000
317,12.000000
318,-36.000000
319,52.000000
320,12.000000
321,8.000000
322,0.000000
323,-24.000000
324,-16.000000
325,-32.000000
326,0.000000
327,24.000000
328,16.000000
329,-16.000000
330,24.000000
331,12.000000
332,8.000000
333,12.000000
334,-20.000000
335,0.000000
336,-24.000000
337,-8.000000
338,-28.000000
339,0.000000
340,-4.000000
341,0.000000
342,-16.000000
343,52.000000
344,-24.000000
345,8.000000
346,-24.000000
347,4.000000
348,-32.000000
349,-4.000000
350,4.000000
351,-4.000000
352,4.000000
353,-8.000000
354,-16.000000
355,44.000000
356,4.000000
357,-8.000000
358,0.000000
359,4.000000
360,24.000000
361,-8.000000
362,16.000000
363,0.000000
364,-24.000000
365,0.000000
366,-4.000000
367,16.000000
368,-12.000000
369,76.000000
370,24.000000
371,-20.000000
372,-20.000000
373,8.000000
374,-12.000000
375,-12.000000
376,0.000000
377,-8.000000
378,32.000000
379,4.000000
380,44.000000
381,-28.000000
382,-20.000000
383,68.000000
384,56.000000
385,4.000000
386,-8.000000
387,20.000000
388,-20.000000
389,-20.000000
390,-32.000000
391,-16.000000
392,-8.000000
393,16.000000
394,20.000000
395,-24.000000
396,-16.000000
397,-12.000000
398,-56.000000
399,-16.000000
400,-32.000000
401,8.000000
402,0.000000
403,-44.000000
404,16.000000
405,52.000000
406,56.000000
407,16.000000
408,-8.000000
409,4.000000
410,12.000000
411,0.000000
412,20.000000
413,-32.000000
414,-8.000000
415,12.000000
416,-24.000000
417,24.000000
418,-4.000000
419,40.000000
420,24.000000
421,-12.000000
422,28.000000
423,-12.000000
424,48.000000
425,-8.000000
426,-4.000000
427,12.000000
428,8.000000
429,0.000000
430,52.000000
431,0.000000
432,-20.000000
433,40.000000
434,-8.000000
435,24.000000
436,48.000000
437,20.000000
438,-44.000000
439,-20.000000
440,0.000000
441,-4.000000
442,-32.000000
443,-32.000000
444,-20.000000
445,12.000000
446,-8.000000
447,8.000000
448,20.000000
449,72.000000
450,16.000000
451,-20.000000
452,16.000000
453,-32.000000
454,60.000000
455,-8.000000
456,-8.000000
457,16.000000
458,24.000000
459,-16.000000
460,28.000000
461,-8.000000
462,0.000000
463,0.000000
464,0.000000
465,12.000000
466,-36.000000
467,0.000000
468,12.000000
469,-16.000000
470,-8.000000
471,16.000000
472,-12.000000
473,4.000000
474,-8.000000
475,-8.000000
476,-24.000000
477,-24.000000
478,4.000000
479,4.000000
480,4.000000
481,8.000000
482,24.000000
483,-60.000000
484,-20.000000
485,-24.000000
486,40.000000
487,-4.000000
488,0.000000
489,-8.000000
490,4.000000
491,-40.000000
492,-36.000000
493,-12.000000
494,28.000000
495,16.000000
496,-36.000000
497,0.000000
498,-28.000000
499,-20.000000
500,-12.000000
501,-16.000000
502,-12.000000
503,8.000000
504,-16.000000
505,20.000000
506,-8.000000
507,-40.000000
508,84.000000
509,0.000000
510,12.000000
511,8.000000
512,0.000000
513,24.000000
514,20.000000
515,-40.000000
516,16.000000
517,0.000000
518,0.000000
519,-16.000000
520,12.000000
521,0.000000
522,-4.000000
523,-20.000000
524,-16.000000
525,-8.000000
526,4.000000
527,20.000000
528,8.000000
529,-20.000000
530,-8.000000
531,8.000000
532,0.000000
533,-12.000000
534,-24.000000
535,20.000000
536,-8.000000
537,4.000000
538,0.000000
539,8.000000
540,0.000000
541,44.000000
542,-32.000000
543,20.000000
544,8.000000
545,-28.000000
546,8.000000
547,12.000000
548,-8.000000
549,-24.000000
550,-4.000000
551,-8.000000
552,-4.000000
553,0.000000
554,-28.000000
555,-40.000000
556,-36.000000
557,44.000000
558,12.000000
559,-24.000000
560,40.000000
561,-8.000000
562,0.000000
563,0.000000
564,-12.000000
565,-8.000000
566,0.000000
567,4.000000
568,44.000000
569,8.000000
570,-52.000000
571,-24.000000
572,-8.000000
573,0.000000
574,-8.000000
575,0.000000
576,0.000000
577,16.000000
578,-12.000000
579,-16.000000
580,4.000000
581,-20.000000
582,-20.000000
583,0.000000
584,44.000000
585,-4.000000
586,-32.000000
587,4.000000
588,0.000000
589,20.000000
590,0.000000
591,20.000000
592,-24.000000
593,-4.000000
594,-4.000000
595,-8.000000
596,0.000000
597,24.000000
598,12.000000
599,-44.000000
600,-8.000000
601,-12.000000
602,-24.000000
603,-36.000000
604,-32.000000
605,-24.000000
606,28.000000
607,-8.000000
608,0.000000
609,-52.000000
610,-16.000000
611,-20.000000
612,0.000000
613,-4.000000
614,56.000000
615,4.000000
616,4.000000
617,4.000000
618,-8.000000
619,8.000000
620,24.000000
621,4.000000
622,-8.000000
623,-8.000000
624,44.000000
625,4.000000
626,-20.000000
627,-8.000000
628,-12.000000
629,-60.000000
630,20.000000
631,28.000000
632,8.000000
633,52.000000
634,12.000000
635,12.000000
636,-32.000000
637,12.000000
638,52.000000
639,28.000000
640,-8.000000
641,16.000000
642,-8.000000
643,-12.000000
644,-20.000000
645,-16.000000
646,-8.000000
647,20.000000
648,-20.000000
649,32.000000
650,4.000000
651,-40.000000
652,-8.000000
653,-40.000000
654,44.000000
655,24.000000
656,16.000000
657,-4.000000
658,0.000000
659,84.000000
660,-24.000000
661,8.000000
662,-12.000000
663,-12.000000
664,-8.000000
665,16.000000
666,0.000000
667,-8.000000
668,16.000000
669,-36.000000
670,-12.000000
671,0.000000
672,-4.000000
673,-100.000000
674,-16.000000
675,-20.000000
676,4.000000
677,-40.000000
678,-8.000000
679,16.000000
680,-24.000000
681,-8.000000
682,-32.000000
683,-28.000000
684,-24.000000
685,0.000000
686,4.000000
687,-16.000000
688,-8.000000
689,-12.000000
690,8.000000
691,8.000000
692,0.000000
693,-8.000000
694,-16.000000
695,20.000000
696,20.000000
697,0.000000
698,-40.000000
699,0.000000
700,-8.000000
701,8.000000
702,-12.000000
703,0.000000
704,-12.000000
705,-24.000000
706,-8.000000
707,-8.000000
708,-8.000000
709,-24.000000
710,-8.000000
711,28.000000
712,64.000000
713,0.000000
714,-16.000000
715,-28.000000
716,32.000000
717,12.000000
718,-28.000000
719,0.000000
720,-56.000000
721,0.000000
722,44.000000
723,-20.000000
724,0.000000
725,4.000000
726,16.000000
727,-8.000000
728,32.000000
729,4.000000
730,-24.000000
731,0.000000
732,0.000000
733,-8.000000
734,24.000000
735,-8.000000
736,4.000000
737,-32.000000
738,24.000000
739,-20.000000
740,-52.000000
741,-20.000000
742,20.000000
743,0.000000
744,-44.000000
745,-20.000000
746,16.000000
747,-4.000000
748,-4.000000
749,0.000000
750,-24.000000
751,-8.000000
752,-12.000000
753,-32.000000
754,0.000000
755,-16.000000
756,16.000000
757,8.000000
758,-16.000000
759,-8.000000
760,0.000000
761,32.000000
762,0.000000
763,-32.000000
764,16.000000
765,8.000000
766,0.000000
767,-8.000000
768,16.000000
769,20.000000
770,16.000000
771,-48.000000
772,44.000000
773,0.000000
774,44.000000
775,24.000000
776,24.000000
777,-40.000000
778,-4.000000
779,28.000000
780,12.000000
781,-16.000000
782,12.000000
783,-24.000000
784,0.000000
785,0.000000
786,0.000000
787,-8.000000
788,-4.000000
789,4.000000
790,52.000000
791,52.000000
792,-16.000000
793,16.000000
794,-12.000000
795,0.000000
796,12.000000
797,-20.000000
798,-8.000000
799,-8.000000
800,52.000000
801,32.000000
802,-52.000000
803,-36.000000
804,-28.000000
805,-12.000000
806,20.000000
807,16.000000
808,-4.000000
809,20.000000
810,12.000000
811,0.000000
812,20.000000
813,16.000000
814,60.000000
815,8.000000
816,-40.000000
817,-8.000000
818,16.000000
819,24.000000
820,-44.000000
821,-8.000000
822,24.000000
823,-8.000000
824,44.000000
825,0.000000
826,-16.000000
827,-16.000000
828,-28.000000
829,-8.000000
830,8.000000
831,0.000000
832,4.000000
833,20.000000
834,-24.000000
835,0.000000
836,8.000000
837,-32.000000
838,0.000000
839,-4.000000
840,-12.000000
841,52.000000
842,-12.000000
843,16.000000
844,-4.000000
845,28.000000
846,12.000000
847,-12.000000
848,-8.000000
849,4.000000
850,-12.000000
851,20.000000
852,4.000000
853,8.000000
854,-12.000000
855,-12.000000
856,24.000000
857,20.000000
858,24.000000
859,-72.000000
860,-40.000000
861,-8.000000
862,32.000000
863,-24.000000
864,24.000000
865,-24.000000
866,-4.000000
867,52.000000
868,-8.000000
869,-8.000000
870,-8.000000
871,4.000000
872,4.000000
873,-24.000000
874,-12.000000
875,4.000000
876,-12.000000
877,-16.000000
878,-24.000000
879,40.000000
880,8.000000
881,16.000000
882,64.000000
883,-8.000000
884,-16.000000
885,8.000000
886,52.000000
887,0.000000
888,-16.000000
889,-16.000000
890,12.000000
891,0.000000
892,-4.000000
893,-8.000000
894,-8.000000
895,-8.000000
896,-20.000000
897,-8.000000
898,4.000000
899,-20.000000
900,0.000000
901,-16.000000
902,52.000000
903,-4.000000
904,0.000000
905,0.000000
906,44.000000
907,20.000000
908,-20.000000
909,-24.000000
910,16.000000
911,-24.000000
912,20.000000
913,28.000000
914,44.000000
915,4.000000
916,-12.000000
917,-12.000000
918,4.000000
919,-4.000000
920,16.000000
921,-12.000000
922,60.000000
923,4.000000
924,-8.000000
925,-4.000000
926,-12.000000
927,-20.000000
928,4.000000
929,4.000000
930,0.000000
931,-12.000000
932,-60.000000
933,8.000000
934,-8.000000
935,64.000000
936,0.000000
937,32.000000
938,-8.000000
939,24.000000
940,-8.000000
941,-16.000000
942,-8.000000
943,-8.000000
944,-48.000000
945,52.000000
946,-16.000000
947,16.000000
948,24.000000
949,-48.000000
950,-24.000000
951,44.000000
952,-28.000000
953,0.000000
954,0.000000
955,-8.000000
956,-24.000000
957,0.000000
958,-8.000000
959,-8.000000
960,-8.000000
961,0.000000
962,-8.000000
963,8.000000
964,4.000000
965,0.000000
966,24.000000
967,4.000000
968,4.000000
969,-32.000000
970,-16.000000
971,-16.000000
972,-16.000000
973,-52.000000
974,-32.000000
975,12.000000
976,28.000000
977,72.000000
978,8.000000
979,4.000000
980,8.000000
981,12.000000
982,-8.000000
983,24.000000
984,4.000000
985,20.000000
986,0.000000
987,-40.000000
988,8.000000
989,0.000000
990,20.000000
991,-20.000000
992,40.000000
993,-8.000000
994,-8.000000
995,-28.000000
996,44.000000
997,-32.000000
998,-20.000000
999,0.000000
1000,8.000000
1001,-20.000000
1002,-4.000000
1003,0.000000
1004,-12.000000
1005,44.000000
1006,8.000000
1007,-12.000000
1008,0.000000
1009,4.000000
1010,24.000000
1011,0.000000
1012,-8.000000
1013,52.000000
1014,8.000000
1015,-48.000000
1016,-8.000000
1017,-16.000000
1018,-20.000000
1019,0.000000
1020,-8.000000
1021,4.000000
1022,4.000000
1023,-8.000000
1024,8.000000
1025,-24.000000
1026,-8.000000
1027,16.000000
1028,8.000000
1029,8.000000
1030,-12.000000
1031,-16.000000
1032,0.000000
1033,24.000000
1034,-40.000000
1035,12.000000
1036,-8.000000
1037,-56.000000
1038,-36.000000
1039,44.000000
1040,-16.000000
1041,-12.000000
1042,44.000000
1043,68.000000
1044,24.000000
1045,-16.000000
1046,-56.000000
1047,-20.000000
1048,-8.000000
1049,8.000000
1050,-12.000000
1051,4.000000
1052,16.000000
1053,-8.000000
1054,44.000000
1055,-4.000000
1056,-16.000000
1057,24.000000
1058,8.000000
1059,-12.000000
1060,-4.000000
1061,-20.000000
1062,0.000000
1063,28.000000
1064,-28.000000
1065,-20.000000
1066,-20.000000
1067,-20.000000
1068,-4.000000
1069,-8.000000
1070,52.000000
1071,-12.000000
1072,-12.000000
1073,-12.000000
1074,-28.000000
1075,4.000000
1076,20.000000
1077,20.000000
1078,-12.000000
1079,-56.000000
1080,-8.000000
1081,24.000000
1082,-8.000000
1083,24.000000
1084,0.000000
1085,-12.000000
1086,-4.000000
1087,8.000000
1088,-24.000000
1089,-4.000000
1090,24.000000
1091,-4.000000
1092,8.000000
1093,8.000000
1094,20.000000
1095,0.000000
1096,-16.000000
1097,16.000000
1098,-8.000000
1099,-28.000000
1100,12.000000
1101,-8.000000
1102,-8.000000
1103,-8.000000
1104,0.000000
1105,-32.000000
1106,-8.000000
1107,12.000000
1108,8.000000
1109,-28.000000
1110,-8.000000
1111,-4.000000
1112,0.000000
1113,-8.000000
1114,20.000000
1115,0.000000
1116,-32.000000
1117,-36.000000
1118,52.000000
1119,-4.000000
1120,4.000000
1121,-36.000000
1122,0.000000
1123,0.000000
1124,-36.000000
1125,0.000000
1126,-12.000000
1127,-12.000000
1128,-4.000000
1129,28.000000
1130,52.000000
1131,-48.000000
1132,4.000000
1133,-20.000000
1134,84.000000
1135,24.000000
1136,-28.000000
1137,0.000000
1138,-44.000000
1139,56.000000
1140,24.000000
1141,0.000000
1142,24.000000
1143,-36.000000
1144,88.000000
1145,20.000000
1146,0.000000
1147,-32.000000
1148,-40.000000
1149,-12.000000
1150,-24.000000
1151,12.000000
1152,-20.000000
1153,-8.000000
1154,-8.000000
1155,-4.000000
1156,-16.000000
1157,32.000000
1158,-40.000000
1159,-12.000000
1160,-8.000000
1161,4.000000
1162,12.000000
1163,4.000000
1164,20.000000
1165,-12.000000
1166,0.000000
1167,-4.000000
1168,0.000000
1169,-36.000000
1170,0.000000
1171,-8.000000
1172,-4.000000
1173,4.000000
1174,-12.000000
1175,-8.000000
1176,4.000000
1177,0.000000
1178,32.000000
1179,-24.000000
1180,16.000000
1181,20.000000
1182,24.000000
1183,44.000000
1184,0.000000
1185,-20.000000
1186,-8.000000
1187,12.000000
1188,0.000000
1189,-40.000000
1190,12.000000
1191,-16.000000
1192,-8.000000
1193,16.000000
1194,0.000000
1195,-32.000000
1196,-20.000000
1197,64.000000
1198,-28.000000
1199,-28.000000
1200,16.000000
1201,-8.000000
1202,-8.000000
1203,0.000000
1204,20.000000
1205,-36.000000
1206,-8.000000
1207,52.000000
1208,-4.000000
1209,-12.000000
1210,28.000000
1211,-20.000000
1212,-4.000000
1213,-8.000000
1214,-12.000000
1215,20.000000
1216,0.000000
1217,-12.000000
1218,4.000000
1219,-8.000000
1220,-12.000000
1221,24.000000
1222,0.000000
1223,-4.000000
1224,52.000000
1225,-40.000000
1226,-4.000000
1227,20.000000
1228,20.000000
1229,-16.000000
1230,-4.000000
1231,-4.000000
1232,28.000000
1233,-28.000000
1234,8.000000
1235,16.000000
1236,8.000000
1237,-20.000000
1238,44.000000
1239,44.000000
1240,28.000000
1241,-40.000000
1242,-28.000000
1243,-60.000000
1244,100.000000
1245,4.000000
1246,4.000000
1247,0.000000
1248,8.000000
1249,16.000000
1250,8.000000
1251,-24.000000
1252,-24.000000
1253,28.000000
1254,8.000000
1255,-12.000000
1256,-4.000000
1257,16.000000
1258,-60.000000
1259,0.000000
1260,-20.000000
1261,0.000000
1262,16.000000
1263,16.000000
1264,36.000000
1265,12.000000
1266,-24.000000
1267,-8.000000
1268,16.000000
1269,12.000000
1270,0.000000
1271,-8.000000
1272,12.000000
1273,-36.000000
1274,16.000000
1275,12.000000
1276,4.000000
1277,8.000000
1278,-52.000000
1279,-24.000000
1280,-20.000000
1281,-20.000000
1282,0.000000
1283,-36.000000
1284,-12.000000
1285,0.000000
1286,-4.000000
1287,40.000000
1288,4.000000
1289,-36.000000
1290,4.000000
1291,-52.000000
1292,80.000000
1293,4.000000
1294,-4.000000
1295,-96.000000
1296,0.000000
1297,12.000000
1298,8.000000
1299,-24.000000
1300,-32.000000
1301,-60.000000
1302,-28.000000
1303,-36.000000
1304,0.000000
1305,12.000000
1306,0.000000
1307,-16.000000
1308,-8.000000
1309,-4.000000
1310,-40.000000
1311,-24.000000
1312,-32.000000
1313,-32.000000
1314,4.000000
1315,0.000000
1316,12.000000
1317,-12.000000
1318,16.000000
1319,-20.000000
1320,-20.000000
1321,-56.000000
1322,-4.000000
1323,-8.000000
1324,-12.000000
1325,24.000000
1326,-40.000000
1327,12.000000
1328,-8.000000
1329,-8.000000
1330,-32.000000
1331,20.000000
1332,-4.000000
1333,12.000000
1334,4.000000
1335,-20.000000
1336,0.000000
1337,0.000000
1338,28.000000
1339,-8.000000
1340,-8.000000
1341,-4.000000
1342,-12.000000
1343,0.000000
1344,0.000000
1345,-8.000000
1346,12.000000
1347,-8.000000
1348,52.000000
1349,44.000000
1350,-44.000000
1351,16.000000
1352,-28.000000
1353,-20.000000
1354,16.000000
1355,0.000000
1356,8.000000
1357,0.000000
1358,-24.000000
1359,-16.000000
1360,4.000000
1361,-8.000000
1362,8.000000
1363,24.000000
1364,-24.000000
1365,52.000000
1366,40.000000
1367,48.000000
1368,-12.000000
1369,-12.000000
1370,-16.000000
1371,0.000000
1372,-12.000000
1373,-12.000000
1374,20.000000
1375,-32.000000
1376,12.000000
1377,20.000000
1378,-24.000000
1379,4.000000
1380,-4.000000
1381,-4.000000
1382,0.000000
1383,-36.000000
1384,-4.000000
1385,-20.000000
1386,0.000000
1387,24.000000
1388,-8.000000
1389,0.000000
1390,-8.000000
1391,-24.000000
1392,-8.000000
1393,-40.000000
1394,8.000000
1395,-4.000000
1396,16.000000
1397,4.000000
1398,-12.000000
1399,-36.000000
1400,-12.000000
1401,-12.000000
1402,-8.000000
1403,28.000000
1404,-56.000000
1405,0.000000
1406,24.000000
1407,-12.000000
1408,-20.000000
1409,-16.000000
1410,8.000000
1411,-8.000000
1412,20.000000
1413,16.000000
1414,0.000000
1415,16.000000
1416,-60.000000
1417,-12.000000
1418,-40.000000
1419,8.000000
1420,4.000000
1421,-8.000000
1422,0.000000
1423,-32.000000
1424,-36.000000
1425,-36.000000
1426,16.000000
1427,-52.000000
1428,16.000000
1429,4.000000
1430,0.000000
1431,0.000000
1432,-8.000000
1433,-24.000000
1434,28.000000
1435,-12.000000
1436,0.000000
1437,0.000000
1438,-16.000000
1439,64.000000
1440,60.000000
1441,16.000000
1442,44.000000
1443,-28.000000
1444,-28.000000
1445,16.000000
1446,44.000000
1447,-16.000000
1448,12.000000
1449,8.000000
1450,-24.000000
1451,-8.000000
1452,8.000000
1453,8.000000
1454,4.000000
1455,4.000000
1456,44.000000
1457,-28.000000
1458,8.000000
1459,-12.000000
1460,-32.000000
1461,-24.000000
1462,8.000000
1463,0.000000
1464,-24.000000
1465,20.000000
1466,8.000000
1467,-28.000000
1468,-4.000000
1469,-32.000000
1470,8.000000
1471,8.000000
1472,-8.000000
1473,20.000000
1474,0.000000
1475,24.000000
1476,-4.000000
1477,4.000000
1478,44.000000
1479,36.000000
1480,24.000000
1481,-32.000000
1482,44.000000
1483,0.000000
1484,4.000000
1485,36.000000
1486,24.000000
1487,-52.000000
1488,0.000000
1489,-24.000000
1490,0.000000
1491,-8.000000
1492,-40.000000
1493,-8.000000
1494,-8.000000
1495,-4.000000
1496,-8.000000
1497,16.000000
1498,-40.000000
1499,-8.000000
1500,-48.000000
1501,-12.000000
1502,-8.000000
1503,-8.000000
1504,56.000000
1505,4.000000
1506,-12.000000
1507,64.000000
1508,4.000000
1509,-12.000000
1510,-12.000000
1511,28.000000
1512,-8.000000
1513,52.000000
1514,-32.000000
1515,24.000000
1516,-24.000000
1517,-32.000000
1518,-32.000000
1519,-44.000000
1520,-28.000000
1521,-28.000000
1522,8.000000
1523,20.000000
1524,-24.000000
1525,0.000000
1526,4.000000
1527,-72.000000
1528,52.000000
1529,-20.000000
1530,8.000000
1531,52.000000
1532,60.000000
1533,-8.000000
1534,-40.000000
1535,-40.000000
1536,-20.000000
1537,-24.000000
1538,-40.000000
1539,44.000000
1540,-12.000000
1541,-8.000000
1542,68.000000
1543,16.000000
1544,-8.000000
1545,40.000000
1546,-36.000000
1547,16.000000
1548,0.000000
1549,-32.000000
1550,0.000000
1551,-44.000000
1552,-8.000000
1553,8.000000
1554,24.000000
1555,0.000000
1556,52.000000
1557,-20.000000
1558,16.000000
1559,-4.000000
1560,52.000000
1561,-16.000000
1562,12.000000
1563,-8.000000
1564,8.000000
1565,0.000000
1566,32.000000
1567,0.000000
1568,16.000000
1569,-16.000000
1570,-20.000000
1571,-28.000000
1572,8.000000
1573,-84.000000
1574,44.000000
1575,0.000000
1576,40.000000
1577,-8.000000
1578,-36.000000
1579,0.000000
1580,-16.000000
1581,16.000000
1582,16.000000
1583,-8.000000
1584,24.000000
1585,-44.000000
1586,44.000000
1587,12.000000
1588,-24.000000
1589,-8.000000
1590,0.000000
1591,-8.000000
1592,4.000000
1593,4.000000
1594,-8.000000
1595,-8.000000
1596,8.000000
1597,-56.000000
1598,-36.000000
1599,-8.000000
1600,-20.000000
1601,-52.000000
1602,64.000000
1603,12.000000
1604,16.000000
1605,-12.000000
1606,4.000000
1607,-16.000000
1608,16.000000
1609,-24.000000
1610,0.000000
1611,0.000000
1612,-36.000000
1613,64.000000
1614,-8.000000
1615,-8.000000
1616,-12.000000
1617,16.000000
1618,48.000000
1619,16.000000
1620,-8.000000
1621,-16.000000
1622,-8.000000
1623,84.000000
1624,0.000000
1625,-8.000000
1626,-4.000000
1627,-12.000000
1628,-32.000000
1629,12.000000
1630,-24.000000
1631,-40.000000
1632,-16.000000
1633,44.000000
1634,4.000000
1635,-40.000000
1636,-24.000000
1637,-8.000000
1638,-8.000000
1639,-32.000000
1640,-8.000000
1641,-8.000000
1642,-36.000000
1643,-16.000000
1644,0.000000
1645,0.000000
1646,20.000000
1647,4.000000
1648,-8.000000
1649,8.000000
1650,0.000000
1651,12.000000
1652,0.000000
1653,-56.000000
1654,-16.000000
1655,8.000000
1656,-32.000000
1657,-28.000000
1658,-16.000000
1659,24.000000
1660,-12.000000
1661,-44.000000
1662,-8.000000
1663,-8.000000
1664,4.000000
1665,4.000000
1666,-12.000000
1667,0.000000
1668,-20.000000
1669,-8.000000
1670,0.000000
1671,52.000000
1672,52.000000
1673,72.000000
1674,20.000000
1675,-8.000000
1676,68.000000
1677,-32.000000
1678,-4.000000
1679,-8.000000
1680,-8.000000
1681,-8.000000
1682,8.000000
1683,16.000000
1684,4.000000
1685,0.000000
1686,-12.000000
1687,-12.000000
1688,4.000000
1689,-40.000000
1690,0.000000
1691,0.000000
1692,-4.000000
1693,-20.000000
1694,12.000000
1695,-20.000000
1696,-36.000000
1697,-32.000000
1698,16.000000
1699,12.000000
1700,-12.000000
1701,-8.000000
1702,-32.000000
1703,-28.000000
1704,-8.000000
1705,-32.000000
1706,-8.000000
1707,-32.000000
1708,20.000000
1709,-8.000000
1710,0.000000
1711,-28.000000
1712,-16.000000
1713,-16.000000
1714,-16.000000
1715,-20.000000
1716,-8.000000
1717,-8.000000
1718,-24.000000
1719,28.000000
1720,-12.000000
1721,-12.000000
1722,-32.000000
1723,-8.000000
1724,-16.000000
1725,44.000000
1726,-24.000000
1727,24.000000
1728,4.000000
1729,-4.000000
1730,-24.000000
1731,20.000000
1732,-44.000000
1733,64.000000
1734,-8.000000
1735,-52.000000
1736,-4.000000
1737,16.000000
1738,-60.000000
1739,16.000000
1740,-40.000000
1741,-28.000000
1742,-4.000000
1743,-8.000000
1744,32.000000
1745,0.000000
1746,-8.000000
1747,4.000000
1748,-8.000000
1749,-16.000000
1750,-8.000000
1751,0.000000
1752,4.000000
1753,0.000000
1754,0.000000
1755,-96.000000
1756,-20.000000
1757,16.000000
1758,-40.000000
1759,-40.000000
1760,20.000000
1761,12.000000
1762,-8.000000
1763,0.000000
1764,-4.000000
1765,4.000000
1766,-16.000000
1767,-8.000000
1768,0.000000
1769,-8.000000
1770,24.000000
1771,-4.000000
1772,-4.000000
1773,-20.000000
1774,-88.000000
1775,44.000000
1776,-8.000000
1777,-4.000000
1778,-4.000000
1779,-8.000000
1780,-40.000000
1781,16.000000
1782,8.000000
1783,12.000000
1784,8.000000
1785,-4.000000
1786,20.000000
1787,20.000000
1788,-28.000000
1789,20.000000
1790,-36.000000
1791,24.000000
1792,-52.000000
1793,-12.000000
1794,16.000000
1795,32.000000
1796,-24.000000
1797,0.000000
1798,4.000000
1799,-8.000000
1800,8.000000
1801,32.000000
1802,16.000000
1803,20.000000
1804,4.000000
1805,-44.000000
1806,20.000000
1807,-12.000000
1808,-12.000000
1809,-8.000000
1810,0.000000
1811,-4.000000
1812,84.000000
1813,-16.000000
1814,0.000000
1815,-20.000000
1816,8.000000
1817,-16.000000
1818,0.000000
1819,-8.000000
1820,-48.000000
1821,12.000000
1822,52.000000
1823,-4.000000
1824,-32.000000
1825,-60.000000
1826,-16.000000
1827,4.000000
1828,4.000000
1829,44.000000
1830,4.000000
1831,-28.000000
1832,-8.000000
1833,52.000000
1834,8.000000
1835,8.000000
1836,12.000000
1837,-28.000000
1838,16.000000
1839,0.000000
1840,-44.000000
1841,24.000000
1842,24.000000
1843,16.000000
1844,-40.000000
1845,4.000000
1846,-60.000000
1847,-12.000000
1848,-48.000000
1849,52.000000
1850,16.000000
1851,-92.000000
1852,76.000000
1853,52.000000
1854,16.000000
1855,-12.000000
1856,28.000000
1857,-4.000000
1858,28.000000
1859,-4.000000
1860,0.000000
1861,8.000000
1862,24.000000
1863,52.000000
1864,-56.000000
1865,12.000000
1866,28.000000
1867,-24.000000
1868,-12.000000
1869,16.000000
1870,-16.000000
1871,-44.000000
1872,8.000000
1873,-24.000000
1874,-4.000000
1875,-12.000000
1876,52.000000
1877,-8.000000
1878,-12.000000
1879,20.000000
1880,-44.000000
1881,-28.000000
1882,20.000000
1883,-8.000000
1884,24.000000
1885,0.000000
1886,20.000000
1887,8.000000
1888,0.000000
1889,0.000000
1890,12.000000
1891,28.000000
1892,-12.000000
1893,16.000000
1894,40.000000
1895,-4.000000
1896,-16.000000
1897,52.000000
1898,-12.000000
1899,44.000000
1900,-24.000000
1901,-8.000000
1902,0.000000
1903,-8.000000
1904,24.000000
1905,-20.000000
1906,68.000000
1907,-8.000000
1908,0.000000
1909,-16.000000
1910,-8.000000
1911,0.000000
1912,-24.000000
1913,-20.000000
1914,-24.000000
1915,0.000000
1916,0.000000
1917,44.000000
1918,20.000000
1919,-16.000000
1920,0.000000
1921,8.000000
1922,24.000000
1923,-12.000000
1924,-44.000000
1925,4.000000
1926,64.000000
1927,-40.000000
1928,12.000000
1929,60.000000
1930,-8.000000
1931,-24.000000
1932,0.000000
1933,24.000000
1934,-4.000000
1935,-36.000000
1936,-4.000000
1937,0.000000
1938,-32.000000
1939,12.000000
1940,20.000000
1941,12.000000
1942,8.000000
1943,-40.000000
1944,4.000000
1945,16.000000
1946,0.000000
1947,-12.000000
1948,84.000000
1949,-20.000000
1950,-8.000000
1951,-8.000000
1952,-32.000000
1953,-20.000000
1954,76.000000
1955,-8.000000
1956,4.000000
1957,0.000000
1958,12.000000
1959,-8.000000
1960,-16.000000
1961,16.000000
1962,-12.000000
1963,-12.000000
1964,-8.000000
1965,-16.000000
1966,44.000000
1967,8.000000
1968,-36.000000
1969,-60.000000
1970,-8.000000
1971,16.000000
1972,16.000000
1973,-24.000000
1974,-4.000000
1975,-8.000000
1976,-28.000000
1977,-20.000000
1978,16.000000
1979,20.000000
1980,32.000000
1981,-20.000000
1982,-52.000000
1983,40.000000
1984,-20.000000
1985,-16.000000
1986,0.000000
1987,12.000000
1988,-12.000000
1989,-60.000000
1990,-8.000000
1991,-8.000000
1992,-12.000000
1993,8.000000
1994,40.000000
1995,4.000000
1996,28.000000
1997,20.000000
1998,8.000000
1999,44.000000
2000,0.000000
2001,40.000000
2002,44.000000
2003,-12.000000
2004,-32.000000
2005,0.000000
2006,-20.000000
2007,20.000000
2008,-52.000000
2009,28.000000
2010,4.000000
2011,12.000000
2012,64.000000
2013,-16.000000
2014,-40.000000
2015,-20.000000
2016,52.000000
2017,-24.000000
2018,16.000000
2019,-4.000000
2020,-8.000000
2021,4.000000
2022,12.000000
2023,-36.000000
2024,-20.000000
2025,24.000000
2026,-4.000000
2027,-16.000000
2028,-4.000000
2029,0.000000
2030,8.000000
2031,0.000000
2032,8.000000
2033,-12.000000
2034,28.000000
2035,16.000000
2036,12.000000
2037,-8.000000
2038,20.000000
2039,16.000000
2040,-8.000000
2041,-12.000000
2042,28.000000
2043,-8.000000
2044,-20.000000
2045,24.000000
2046,-12.000000
2047,32.000000
2048,52.000000
2049,8.000000
2050,-32.000000
2051,-4.000000
2052,0.000000
2053,-8.000000
2054,-36.000000
2055,0.000000
2056,64.000000
2057,-4.000000
2058,-4.000000
2059,0.000000
2060,-60.000000
2061,-28.000000
2062,-20.000000
2063,24.000000
2064,-16.000000
2065,-24.000000
2066,-8.000000
2067,-8.000000
2068,0.000000
2069,4.000000
2070,0.000000
2071,68.000000
2072,24.000000
2073,40.000000
2074,20.000000
2075,-24.000000
2076,64.000000
2077,-68.000000
2078,8.000000
2079,4.000000
2080,-8.000000
2081,12.000000
2082,-8.000000
2083,8.000000
2084,4.000000
2085,4.000000
2086,0.000000
2087,-20.000000
2088,-4.000000
2089,16.000000
2090,20.000000
2091,28.000000
2092,-20.000000
2093,-24.000000
2094,4.000000
2095,8.000000
2096,8.000000
2097,-40.000000
2098,-56.000000
2099,-8.000000
2100,-28.000000
2101,0.000000
2102,-8.000000
2103,-40.000000
2104,-8.000000
2105,44.000000
2106,-16.000000
2107,-56.000000
2108,-24.000000
2109,-16.000000
2110,44.000000
2111,-8.000000
2112,52.000000
2113,-12.000000
2114,40.000000
2115,-60.000000
2116,12.000000
2117,-24.000000
2118,-24.000000
2119,-28.000000
2120,-8.000000
2121,16.000000
2122,-16.000000
2123,-24.000000
2124,-8.000000
2125,0.000000
2126,-8.000000
2127,-8.000000
2128,-16.000000
2129,-12.000000
2130,-20.000000
2131,44.000000
2132,16.000000
2133,28.000000
2134,-8.000000
2135,-4.000000
2136,8.000000
2137,16.000000
2138,-56.000000
2139,16.000000
2140,-20.000000
2141,0.000000
2142,40.000000
2143,24.000000
2144,44.000000
2145,24.000000
2146,0.000000
2147,-12.000000
2148,-4.000000
2149,-8.000000
2150,12.000000
2151,44.000000
2152,-8.000000
2153,20.000000
2154,-20.000000
2155,-24.000000
2156,12.000000
2157,8.000000
2158,-44.000000
2159,44.000000
2160,-16.000000
2161,12.000000
2162,4.000000
2163,12.000000
2164,-40.000000
2165,-20.000000
2166,12.000000
2167,4.000000
2168,4.000000
2169,12.000000
2170,-12.000000
2171,16.000000
2172,24.000000
2173,52.000000
2174,-8.000000
2175,60.000000
2176,8.000000
2177,12.000000
2178,28.000000
2179,-8.000000
2180,4.000000
2181,-24.000000
2182,-24.000000
2183,-8.000000
2184,-56.000000
2185,-24.000000
2186,28.000000
2187,0.000000
2188,16.000000
2189,8.000000
2190,16.000000
2191,0.000000
2192,-8.000000
2193,4.000000
2194,-8.000000
2195,-28.000000
2196,8.000000
2197,0.000000
2198,4.000000
2199,-24.000000
2200,-24.000000
2201,0.000000
2202,-8.000000
2203,44.000000
2204,-12.000000
2205,-12.000000
2206,-12.000000
2207,-8.000000
2208,-8.000000
2209,-4.000000
2210,0.000000
2211,24.000000
2212,32.000000
2213,0.000000
2214,28.000000
2215,-48.000000
2216,-8.000000
2217,-16.000000
2218,12.000000
2219,-16.000000
2220,-12.000000
2221,28.000000
2222,-56.000000
2223,12.000000
2224,-8.000000
2225,-24.000000
2226,-4.000000
2227,-8.000000
2228,0.000000
2229,20.000000
2230,0.000000
2231,-4.000000
2232,12.000000
2233,-8.000000
2234,-20.000000
2235,-24.000000
2236,-16.000000
2237,-8.000000
2238,0.000000
2239,-24.000000
2240,8.000000
2241,-16.000000
2242,4.000000
2243,24.000000
2244,0.000000
2245,-12.000000
2246,-40.000000
2247,16.000000
2248,-12.000000
2249,-8.000000
2250,-32.000000
2251,-16.000000
2252,4.000000
2253,-8.000000
2254,-8.000000
2255,-12.000000
2256,60.000000
2257,0.000000
2258,-8.000000
2259,-52.000000
2260,0.000000
2261,-40.000000
2262,0.000000
2263,-4.000000
2264,-8.000000
2265,-12.000000
2266,4.000000
2267,-32.000000
2268,44.000000
2269,20.000000
2270,-8.000000
2271,-8.000000
2272,-4.000000
2273,20.000000
2274,24.000000
2275,4.000000
2276,0.000000
2277,-32.000000
2278,4.000000
2279,-8.000000
2280,0.000000
2281,-12.000000
2282,-8.000000
2283,84.000000
2284,-40.000000
2285,0.000000
2286,44.000000
2287,4.000000
2288,-4.000000
2289,-32.000000
2290,-8.000000
2291,8.000000
2292,-40.000000
2293,32.000000
2294,-8.000000
2295,-4.000000
2296,8.000000
2297,68.000000
2298,0.000000
2299,-32.000000
2300,32.000000
2301,4.000000
2302,4.000000
2303,4.000000
2304,-16.000000
2305,-16.000000
2306,52.000000
2307,-16.000000
2308,0.000000
2309,40.000000
2310,-8.000000
2311,4.000000
2312,-20.000000
2313,-28.000000
2314,-16.000000
2315,-16.000000
2316,-52.000000
2317,12.000000
2318,-20.000000
2319,0.000000
2320,-8.000000
2321,52.000000
2322,56.000000
2323,8.000000
2324,-12.000000
2325,0.000000
2326,12.000000
2327,4.000000
2328,-20.000000
2329,-20.000000
2330,8.000000
2331,-32.000000
2332,-16.000000
2333,28.000000
2334,-28.000000
2335,-28.000000
2336,0.000000
2337,4.000000
2338,-44.000000
2339,-16.000000
2340,-8.000000
2341,-8.000000
2342,-32.000000
2343,-8.000000
2344,0.000000
2345,-64.000000
2346,20.000000
2347,-32.000000
2348,16.000000
2349,44.000000
2350,20.000000
2351,-56.000000
2352,-12.000000
2353,-12.000000
2354,-28.000000
2355,-40.000000
2356,-40.000000
2357,-20.000000
2358,-8.000000
2359,12.000000
2360,-16.000000
2361,24.000000
2362,-8.000000
2363,-32.000000
2364,-16.000000
2365,-40.000000
2366,28.000000
2367,-8.000000
2368,52.000000
2369,-8.000000
2370,-8.000000
2371,4.000000
2372,-8.000000
2373,-4.000000
2374,12.000000
2375,-20.000000
2376,20.000000
2377,-20.000000
2378,4.000000
2379,-4.000000
2380,-24.000000
2381,52.000000
2382,0.000000
2383,-12.000000
2384,-16.000000
2385,-16.000000
2386,0.000000
2387,-8.000000
2388,24.000000
2389,16.000000
2390,16.000000
2391,-12.000000
2392,-32.000000
2393,-40.000000
2394,-8.000000
2395,0.000000
2396,-8.000000
2397,16.000000
2398,4.000000
2399,-4.000000
2400,-8.000000
2401,0.000000
2402,-4.000000
2403,20.000000
2404,16.000000
2405,-4.000000
2406,40.000000
2407,-16.000000
2408,-8.000000
2409,-8.000000
2410,-8.000000
2411,12.000000
2412,44.000000
2413,-52.000000
2414,20.000000
2415,-60.000000
2416,8.000000
2417,4.000000
2418,16.000000
2419,-12.000000
2420,-48.000000
2421,-8.000000
2422,-8.000000
2423,44.000000
2424,-24.000000
2425,4.000000
2426,16.000000
2427,16.000000
2428,8.000000
2429,-4.000000
2430,-44.000000
2431,-64.000000
2432,52.000000
2433,-32.000000
2434,84.000000
2435,-12.000000
2436,0.000000
2437,0.000000
2438,-20.000000
2439,-8.000000
2440,8.000000
2441,-8.000000
2442,76.000000
2443,4.000000
2444,16.000000
2445,24.000000
2446,4.000000
2447,-20.000000
2448,-56.000000
2449,-12.000000
2450,-8.000000
2451,-32.000000
2452,-8.000000
2453,-28.000000
2454,-32.000000
2455,20.000000
2456,8.000000
2457,4.000000
2458,28.000000
2459,0.000000
2460,4.000000
2461,52.000000
2462,-16.000000
2463,-60.000000
2464,44.000000
2465,-52.000000
2466,-20.000000
2467,-40.000000
2468,4.000000
2469,24.000000
2470,-24.000000
2471,0.000000
2472,12.000000
2473,-12.000000
2474,-24.000000
2475,-16.000000
2476,0.000000
2477,-36.000000
2478,-88.000000
2479,-20.000000
2480,-20.000000
2481,44.000000
2482,0.000000
2483,0.000000
2484,-16.000000
2485,52.000000
2486,0.000000
2487,-8.000000
2488,24.000000
2489,0.000000
2490,-24.000000
2491,44.000000
2492,-4.000000
2493,0.000000
2494,-8.000000
2495,64.000000
2496,12.000000
2497,4.000000
2498,0.000000
2499,-8.000000
2500,-8.000000
2501,0.000000
2502,-8.000000
2503,-44.000000
2504,-8.000000
2505,-20.000000
2506,-4.000000
2507,-4.000000
2508,-20.000000
2509,-28.000000
2510,-24.000000
2511,-24.000000
2512,-8.000000
2513,-16.000000
2514,-32.000000
2515,60.000000
2516,-28.000000
2517,-44.000000
2518,0.000000
2519,-4.000000
2520,4.000000
2521,-4.000000
2522,-20.000000
2523,-20.000000
2524,0.000000
2525,-32.000000
2526,-8.000000
2527,-4.000000
2528,-16.000000
2529,20.000000
2530,4.000000
2531,64.000000
2532,-36.000000
2533,8.000000
2534,20.000000
2535,0.000000
2536,16.000000
2537,-8.000000
2538,24.000000
2539,-16.000000
2540,-12.000000
2541,-56.000000
2542,-8.000000
2543,-24.000000
2544,0.000000
2545,44.000000
2546,4.000000
2547,8.000000
2548,4.000000
2549,44.000000
2550,20.000000
2551,-36.000000
2552,16.000000
2553,-32.000000
2554,24.000000
2555,-28.000000
2556,-8.000000
2557,8.000000
2558,-24.000000
2559,-8.000000
2560,12.000000
2561,-32.000000
2562,-32.000000
2563,-32.000000
2564,0.000000
2565,4.000000
2566,28.000000
2567,28.000000
2568,-4.000000
2569,-8.000000
2570,8.000000
2571,-76.000000
2572,20.000000
2573,-124.000000
2574,12.000000
2575,16.000000
2576,-32.000000
2577,4.000000
2578,-24.000000
2579,-4.000000
2580,0.000000
2581,24.000000
2582,8.000000
2583,-8.000000
2584,0.000000
2585,-16.000000
2586,-48.000000
2587,28.000000
2588,-48.000000
2589,40.000000
2590,-8.000000
2591,-8.000000
2592,24.000000
2593,24.000000
2594,-28.000000
2595,24.000000
2596,-24.000000
2597,-16.000000
2598,0.000000
2599,-16.000000
2600,-28.000000
2601,8.000000
2602,16.000000
2603,0.000000
2604,-20.000000
2605,-8.000000
2606,8.000000
2607,-28.000000
2608,24.000000
2609,-4.000000
2610,-20.000000
2611,-24.000000
2612,-32.000000
2613,-8.000000
2614,-36.000000
2615,-8.000000
2616,0.000000
2617,-32.000000
2618,-24.000000
2619,-60.000000
2620,4.000000
2621,4.000000
2622,-12.000000
2623,64.000000
2624,-8.000000
2625,-20.000000
2626,8.000000
2627,0.000000
2628,16.000000
2629,-12.000000
2630,-12.000000
2631,16.000000
2632,52.000000
2633,-20.000000
2634,-4.000000
2635,-52.000000
2636,-12.000000
2637,24.000000
2638,28.000000
2639,44.000000
2640,-8.000000
2641,-32.000000
2642,32.000000
2643,0.000000
2644,12.000000
2645,44.000000
2646,-8.000000
2647,64.000000
2648,-20.000000
2649,80.000000
2650,32.000000
2651,-16.000000
2652,-40.000000
2653,-20.000000
2654,4.000000
2655,-20.000000
2656,4.000000
2657,-4.000000
2658,-28.000000
2659,32.000000
2660,-12.000000
2661,-68.000000
2662,-24.000000
2663,20.000000
2664,4.000000
2665,-16.000000
2666,-20.000000
2667,64.000000
2668,-24.000000
2669,4.000000
2670,28.000000
2671,-8.000000
2672,-28.000000
2673,0.000000
2674,0.000000
2675,0.000000
2676,-8.000000
2677,-4.000000
2678,-8.000000
2679,-12.000000
2680,-12.000000
2681,24.000000
2682,32.000000
2683,4.000000
2684,4.000000
2685,4.000000
2686,-20.000000
2687,-12.000000
2688,-16.000000
2689,0.000000
2690,20.000000
2691,4.000000
2692,-8.000000
2693,-12.000000
2694,-12.000000
2695,-32.000000
2696,-12.000000
2697,-12.000000
2698,12.000000
2699,4.000000
2700,-4.000000
2701,-8.000000
2702,0.000000
2703,28.000000
2704,52.000000
2705,-28.000000
2706,-8.000000
2707,0.000000
2708,-40.000000
2709,-44.000000
2710,-12.000000
2711,16.000000
2712,-28.000000
2713,28.000000
2714,40.000000
2715,16.000000
2716,-8.000000
2717,-24.000000
2718,-20.000000
2719,0.000000
2720,24.000000
2721,-24.000000
2722,0.000000
2723,-24.000000
2724,52.000000
2725,-12.000000
2726,-8.000000
2727,0.000000
2728,20.000000
2729,-24.000000
2730,-4.000000
2731,-24.000000
2732,-12.000000
2733,12.000000
2734,-52.000000
2735,-28.000000
2736,-8.000000
2737,4.000000
2738,-20.000000
2739,12.000000
2740,-28.000000
2741,-8.000000
2742,8.000000
2743,24.000000
2744,0.000000
2745,8.000000
2746,56.000000
2747,-16.000000
2748,0.000000
2749,-8.000000
2750,-8.000000
2751,4.000000
2752,0.000000
2753,-8.000000
2754,-32.000000
2755,0.000000
2756,-56.000000
2757,-4.000000
2758,-28.000000
2759,-60.000000
2760,8.000000
2761,16.000000
2762,8.000000
2763,8.000000
2764,-12.000000
2765,-24.000000
2766,-8.000000
2767,-8.000000
2768,28.000000
2769,-8.000000
2770,-8.000000
2771,-32.000000
2772,-8.000000
2773,-56.000000
2774,28.000000
2775,-44.000000
2776,-8.000000
2777,-8.000000
2778,-8.000000
2779,0.000000
2780,52.000000
2781,-12.000000
2782,-20.000000
2783,-52.000000
2784,4.000000
2785,8.000000
2786,0.000000
2787,8.000000
2788,4.000000
2789,-24.000000
2790,0.000000
2791,-16.000000
2792,-28.000000
2793,-8.000000
2794,-20.000000
2795,-8.000000
2796,0.000000
2797,-12.000000
2798,-8.000000
2799,-8.000000
2800,-16.000000
2801,20.000000
2802,24.000000
2803,0.000000
2804,40.000000
2805,8.000000
2806,-20.000000
2807,-16.000000
2808,-44.000000
2809,24.000000
2810,44.000000
2811,8.000000
2812,24.000000
2813,20.000000
2814,56.000000
2815,-12.000000
2816,104.000000
2817,-16.000000
2818,8.000000
2819,-8.000000
2820,-28.000000
2821,0.000000
2822,0.000000
2823,-20.000000
2824,-28.000000
2825,76.000000
2826,-8.000000
2827,-8.000000
2828,-20.000000
2829,4.000000
2830,16.000000
2831,-12.000000
2832,0.000000
2833,-8.000000
2834,-8.000000
2835,-44.000000
2836,-4.000000
2837,16.000000
2838,-24.000000
2839,-8.000000
2840,0.000000
2841,20.000000
2842,8.000000
2843,-28.000000
2844,4.000000
2845,-32.000000
2846,52.000000
2847,-4.000000
2848,0.000000
2849,-12.000000
2850,-20.000000
2851,-16.000000
2852,56.000000
2853,20.000000
2854,-12.000000
2855,-8.000000
2856,52.000000
2857,-8.000000
2858,-24.000000
2859,60.000000
2860,-12.000000
2861,-20.000000
2862,0.000000
2863,16.000000
2864,-20.000000
2865,8.000000
2866,-4.000000
2867,72.000000
2868,-12.000000
2869,8.000000
2870,24.000000
2871,8.000000
2872,-16.000000
2873,-12.000000
2874,-8.000000
2875,-12.000000
2876,-40.000000
2877,4.000000
2878,-20.000000
2879,40.000000
2880,8.000000
2881,-8.000000
2882,0.000000
2883,8.000000
2884,16.000000
2885,-4.000000
2886,0.000000
2887,0.000000
2888,-8.000000
2889,-16.000000
2890,-8.000000
2891,44.000000
2892,-12.000000
2893,-12.000000
2894,0.000000
2895,64.000000
2896,-16.000000
2897,-16.000000
2898,52.000000
2899,20.000000
2900,-48.000000
2901,-12.000000
2902,12.000000
2903,-8.000000
2904,-8.000000
2905,-24.000000
2906,0.000000
2907,0.000000
2908,-8.000000
2909,28.000000
2910,-20.000000
2911,44.000000
2912,-4.000000
2913,-4.000000
2914,8.000000
2915,4.000000
2916,0.000000
2917,-8.000000
2918,8.000000
2919,4.000000
2920,40.000000
2921,52.000000
2922,52.000000
2923,-40.000000
2924,-16.000000
2925,-8.000000
2926,-32.000000
2927,-8.000000
2928,16.000000
2929,-4.000000
2930,0.000000
2931,-16.000000
2932,-24.000000
2933,0.000000
2934,12.000000
2935,-4.000000
2936,0.000000
2937,0.000000
2938,-24.000000
2939,8.000000
2940,-4.000000
2941,-32.000000
2942,-24.000000
2943,-12.000000
2944,-16.000000
2945,-24.000000
2946,16.000000
2947,16.000000
2948,-8.000000
2949,20.000000
2950,24.000000
2951,-16.000000
2952,16.000000
2953,44.000000
2954,-44.000000
2955,-8.000000
2956,4.000000
2957,0.000000
2958,8.000000
2959,0.000000
2960,44.000000
2961,12.000000
2962,-8.000000
2963,-8.000000
2964,16.000000
2965,-16.000000
2966,-20.000000
2967,-68.000000
2968,80.000000
2969,0.000000
2970,24.000000
2971,0.000000
2972,-8.000000
2973,-12.000000
2974,-24.000000
2975,4.000000
2976,0.000000
2977,-8.000000
2978,-12.000000
2979,-16.000000
2980,4.000000
2981,-12.000000
2982,8.000000
2983,-16.000000
2984,-8.000000
2985,12.000000
2986,48.000000
2987,0.000000
2988,12.000000
2989,24.000000
2990,0.000000
2991,-32.000000
2992,-24.000000
2993,-8.000000
2994,4.000000
2995,4.000000
2996,-32.000000
2997,-24.000000
2998,-32.000000
2999,80.000000
3000,-20.000000
3001,52.000000
3002,64.000000
3003,-16.000000
3004,12.000000
3005,12.000000
3006,8.000000
3007,-4.000000
3008,44.000000
3009,28.000000
3010,-16.000000
3011,0.000000
3012,-24.000000
3013,-4.000000
3014,-8.000000
3015,-40.000000
3016,16.000000
3017,16.000000
3018,-24.000000
3019,12.000000
3020,-68.000000
3021,-28.000000
3022,-8.000000
3023,60.000000
3024,0.000000
3025,-12.000000
3026,-8.000000
3027,-16.000000
3028,-12.000000
3029,-28.000000
3030,-44.000000
3031,4.000000
3032,12.000000
3033,-44.000000
3034,-20.000000
3035,-8.000000
3036,56.000000
3037,-8.000000
3038,-4.000000
3039,-16.000000
3040,-12.000000
3041,-8.000000
3042,-16.000000
3043,28.000000
3044,28.000000
3045,44.000000
3046,-28.000000
3047,-40.000000
3048,20.000000
3049,-4.000000
3050,-20.000000
3051,8.000000
3052,12.000000
3053,16.000000
3054,0.000000
3055,-28.000000
3056,0.000000
3057,12.000000
3058,-12.000000
3059,-28.000000
3060,0.000000
3061,-8.000000
3062,-24.000000
3063,-16.000000
3064,0.000000
3065,-24.000000
3066,-4.000000
3067,4.000000
3068,16.000000
3069,12.000000
3070,-12.000000
3071,-16.000000
3072,16.000000
3073,52.000000
3074,12.000000
3075,-24.000000
3076,0.000000
3077,-8.000000
3078,4.000000
3079,4.000000
3080,20.000000
3081,12.000000
3082,-40.000000
3083,-20.000000
3084,-60.000000
3085,16.000000
3086,0.000000
3087,0.000000
3088,24.000000
3089,8.000000
3090,-4.000000
3091,0.000000
3092,64.000000
3093,-4.000000
3094,-4.000000
3095,-24.000000
3096,-16.000000
3097,-20.000000
3098,-16.000000
3099,12.000000
3100,-8.000000
3101,-8.000000
3102,-24.000000
3103,24.000000
3104,4.000000
3105,0.000000
3106,24.000000
3107,-24.000000
3108,24.000000
3109,28.000000
3110,8.000000
3111,-4.000000
3112,-28.000000
3113,0.000000
3114,-36.000000
3115,-28.000000
3116,0.000000
3117,44.000000
3118,32.000000
3119,4.000000
3120,-48.000000
3121,-20.000000
3122,-16.000000
3123,-16.000000
3124,-20.000000
3125,-8.000000
3126,-60.000000
3127,-8.000000
3128,-28.000000
3129,-32.000000
3130,52.000000
3131,0.000000
3132,-12.000000
3133,-8.000000
3134,-32.000000
3135,-4.000000
3136,4.000000
3137,32.000000
3138,-28.000000
3139,-28.000000
3140,76.000000
3141,-28.000000
3142,-24.000000
3143,-28.000000
3144,-8.000000
3145,-4.000000
3146,0.000000
3147,-8.000000
3148,-32.000000
3149,40.000000
3150,-12.000000
3151,-44.000000
3152,-4.000000
3153,40.000000
3154,-20.000000
3155,68.000000
3156,12.000000
3157,-28.000000
3158,-8.000000
3159,0.000000
3160,12.000000
3161,-72.000000
3162,-8.000000
3163,-24.000000
3164,32.000000
3165,-44.000000
3166,16.000000
3167,-16.000000
3168,0.000000
3169,-24.000000
3170,-16.000000
3171,-28.000000
3172,28.000000
3173,52.000000
3174,12.000000
3175,36.000000
3176,-8.000000
3177,-40.000000
3178,12.000000
3179,-44.000000
3180,16.000000
3181,16.000000
3182,8.000000
3183,24.000000
3184,-8.000000
3185,-4.000000
3186,-36.000000
3187,-8.000000
3188,-32.000000
3189,16.000000
3190,-16.000000
3191,-12.000000
3192,-8.000000
3193,12.000000
3194,-8.000000
3195,-16.000000
3196,4.000000
3197,4.000000
3198,8.000000
3199,4.000000
3200,-60.000000
3201,16.000000
3202,-8.000000
3203,20.000000
3204,28.000000
3205,8.000000
3206,-16.000000
3207,12.000000
3208,-8.000000
3209,88.000000
3210,20.000000
3211,48.000000
3212,0.000000
3213,0.000000
3214,16.000000
3215,-8.000000
3216,4.000000
3217,4.000000
3218,16.000000
3219,16.000000
3220,4.000000
3221,-16.000000
3222,-40.000000
3223,-4.000000
3224,28.000000
3225,-8.000000
3226,-20.000000
3227,4.000000
3228,-8.000000
3229,-16.000000
3230,-16.000000
3231,4.000000
3232,-20.000000
3233,-20.000000
3234,-8.000000
3235,12.000000
3236,20.000000
3237,24.000000
3238,4.000000
3239,-8.000000
3240,68.000000
3241,-8.000000
3242,16.000000
3243,8.000000
3244,-24.000000
3245,-12.000000
3246,12.000000
3247,0.000000
3248,-24.000000
3249,12.000000
3250,-32.000000
3251,-4.000000
3252,0.000000
3253,0.000000
3254,16.000000
3255,4.000000
3256,8.000000
3257,0.000000
3258,0.000000
3259,-40.000000
3260,60.000000
3261,-24.000000
3262,52.000000
3263,-8.000000
3264,-8.000000
3265,0.000000
3266,0.000000
3267,12.000000
3268,4.000000
3269,-12.000000
3270,0.000000
3271,12.000000
3272,4.000000
3273,4.000000
3274,12.000000
3275,32.000000
3276,16.000000
3277,24.000000
3278,16.000000
3279,0.000000
3280,-36.000000
3281,-20.000000
3282,24.000000
3283,-20.000000
3284,-8.000000
3285,-16.000000
3286,-12.000000
3287,8.000000
3288,0.000000
3289,8.000000
3290,24.000000
3291,-8.000000
3292,0.000000
3293,0.000000
3294,-32.000000
3295,-4.000000
3296,44.000000
3297,-4.000000
3298,-20.000000
3299,4.000000
3300,-64.000000
3301,-28.000000
3302,44.000000
3303,-40.000000
3304,0.000000
3305,56.000000
3306,-16.000000
3307,-16.000000
3308,-8.000000
3309,-48.000000
3310,-20.000000
3311,76.000000
3312,16.000000
3313,44.000000
3314,44.000000
3315,-20.000000
3316,-32.000000
3317,84.000000
3318,-40.000000
3319,-8.000000
3320,24.000000
3321,-24.000000
3322,-4.000000
3323,-20.000000
3324,-24.000000
3325,16.000000
3326,-24.000000
3327,24.000000
3328,-24.000000
3329,-4.000000
3330,12.000000
3331,8.000000
3332,-24.000000
3333,52.000000
3334,12.000000
3335,12.000000
3336,4.000000
3337,16.000000
3338,-32.000000
3339,-32.000000
3340,-8.000000
3341,0.000000
3342,-8.000000
3343,12.000000
3344,44.000000
3345,-16.000000
3346,16.000000
3347,12.000000
3348,20.000000
3349,-24.000000
3350,16.000000
3351,-32.000000
3352,0.000000
3353,52.000000
3354,-4.000000
3355,-32.000000
3356,8.000000
3357,-8.000000
3358,-16.000000
3359,44.000000
3360,-16.000000
3361,0.000000
3362,20.000000
3363,-24.000000
3364,-12.000000
3365,-8.000000
3366,-40.000000
3367,-12.000000
3368,-8.000000
3369,-44.000000
3370,16.000000
3371,-12.000000
3372,-8.000000
3373,8.000000
3374,8.000000
3375,-12.000000
3376,-4.000000
3377,8.000000
3378,32.000000
3379,8.000000
3380,-16.000000
3381,-24.000000
3382,0.000000
3383,4.000000
3384,-8.000000
3385,0.000000
3386,-8.000000
3387,-8.000000
3388,-4.000000
3389,64.000000
3390,24.000000
3391,28.000000
3392,-20.000000
3393,-8.000000
3394,-40.000000
3395,-16.000000
3396,-32.000000
3397,8.000000
3398,-8.000000
3399,-52.000000
3400,60.000000
3401,-40.000000
3402,-8.000000
3403,-16.000000
3404,-12.000000
3405,16.000000
3406,4.000000
3407,8.000000
3408,-28.000000
3409,-28.000000
3410,-8.000000
3411,-4.000000
3412,8.000000
3413,-16.000000
3414,0.000000
3415,-4.000000
3416,-8.000000
3417,24.000000
3418,8.000000
3419,-8.000000
3420,52.000000
3421,20.000000
3422,-48.000000
3423,-28.000000
3424,8.000000
3425,44.000000
3426,-12.000000
3427,4.000000
3428,24.000000
3429,-12.000000
3430,-8.000000
3431,-8.000000
3432,-16.000000
3433,16.000000
3434,-52.000000
3435,4.000000
3436,-20.000000
3437,-8.000000
3438,0.000000
3439,-20.000000
3440,0.000000
3441,8.000000
3442,4.000000
3443,-48.000000
3444,-32.000000
3445,44.000000
3446,36.000000
3447,-12.000000
3448,-12.000000
3449,8.000000
3450,-20.000000
3451,20.000000
3452,20.000000
3453,-16.000000
3454,-16.000000
3455,28.000000
3456,-8.000000
3457,-32.000000
3458,24.000000
3459,-12.000000
3460,-8.000000
3461,44.000000
3462,40.000000
3463,28.000000
3464,-28.000000
3465,-20.000000
3466,20.000000
3467,4.000000
3468,0.000000
3469,-80.000000
3470,-4.000000
3471,4.000000
3472,24.000000
3473,4.000000
3474,24.000000
3475,-16.000000
3476,-52.000000
3477,-16.000000
3478,8.000000
3479,-8.000000
3480,8.000000
3481,-24.000000
3482,-36.000000
3483,20.000000
3484,-36.000000
3485,-8.000000
3486,4.000000
3487,4.000000
3488,-32.000000
3489,44.000000
3490,-28.000000
3491,0.000000
3492,0.000000
3493,-8.000000
3494,-20.000000
3495,16.000000
3496,4.000000
3497,24.000000
3498,4.000000
3499,32.000000
3500,-8.000000
3501,-4.000000
3502,-16.000000
3503,-16.000000
3504,4.000000
3505,-28.000000
3506,-32.000000
3507,0.000000
3508,64.000000
3509,-4.000000
3510,-24.000000
3511,-28.000000
3512,-36.000000
3513,-8.000000
3514,-24.000000
3515,-8.000000
3516,24.000000
3517,-44.000000
3518,0.000000
3519,16.000000
3520,-12.000000
3521,-8.000000
3522,0.000000
3523,-20.000000
3524,-16.000000
3525,12.000000
3526,16.000000
3527,44.000000
3528,4.000000
3529,0.000000
3530,-8.000000
3531,-16.000000
3532,52.000000
3533,84.000000
3534,0.000000
3535,12.000000
3536,8.000000
3537,-28.000000
3538,16.000000
3539,-16.000000
3540,-20.000000
3541,0.000000
3542,-8.000000
3543,-8.000000
3544,-4.000000
3545,-52.000000
3546,-16.000000
3547,72.000000
3548,4.000000
3549,0.000000
3550,-4.000000
3551,-16.000000
3552,0.000000
3553,56.000000
3554,-4.000000
3555,-12.000000
3556,0.000000
3557,-20.000000
3558,-16.000000
3559,4.000000
3560,0.000000
3561,-20.000000
3562,-36.000000
3563,8.000000
3564,-8.000000
3565,0.000000
3566,16.000000
3567,-40.000000
3568,0.000000
3569,-20.000000
3570,-24.000000
3571,-24.000000
3572,-20.000000
3573,-64.000000
3574,0.000000
3575,0.000000
3576,8.000000
3577,-40.000000
3578,-16.000000
3579,-44.000000
3580,-12.000000
3581,-8.000000
3582,-20.000000
3583,-12.000000
3584,8.000000
3585,116.000000
3586,-16.000000
3587,-20.000000
3588,-20.000000
3589,-4.000000
3590,-4.000000
3591,-8.000000
3592,-32.000000
3593,-12.000000
3594,-12.000000
3595,40.000000
3596,4.000000
3597,4.000000
3598,-20.000000
3599,-8.000000
3600,0.000000
3601,0.000000
3602,20.000000
3603,-20.000000
3604,4.000000
3605,-12.000000
3606,56.000000
3607,-12.000000
3608,0.000000
3609,-20.000000
3610,0.000000
3611,-44.000000
3612,-12.000000
3613,20.000000
3614,44.000000
3615,-24.000000
3616,0.000000
3617,0.000000
3618,0.000000
3619,-64.000000
3620,4.000000
3621,-16.000000
3622,-40.000000
3623,-8.000000
3624,-44.000000
3625,4.000000
3626,-8.000000
3627,16.000000
3628,-8.000000
3629,-8.000000
3630,-20.000000
3631,20.000000
3632,-28.000000
3633,-24.000000
3634,-40.000000
3635,-48.000000
3636,-32.000000
3637,-24.000000
3638,-8.000000
3639,-8.000000
3640,12.000000
3641,-8.000000
3642,-8.000000
3643,60.000000
3644,-28.000000
3645,-36.000000
3646,-28.000000
3647,-20.000000
3648,20.000000
3649,20.000000
3650,8.000000
3651,24.000000
3652,40.000000
3653,52.000000
3654,12.000000
3655,20.000000
3656,4.000000
3657,8.000000
3658,0.000000
3659,-32.000000
3660,-8.000000
3661,20.000000
3662,-16.000000
3663,8.000000
3664,-16.000000
3665,0.000000
3666,0.000000
3667,-32.000000
3668,40.000000
3669,-4.000000
3670,8.000000
3671,8.000000
3672,4.000000
3673,-4.000000
3674,-20.000000
3675,0.000000
3676,-16.000000
3677,44.000000
3678,4.000000
3679,8.000000
3680,16.000000
3681,4.000000
3682,0.000000
3683,-8.000000
3684,4.000000
3685,0.000000
3686,8.000000
3687,-8.000000
3688,-4.000000
3689,-4.000000
3690,24.000000
3691,-4.000000
3692,16.000000
3693,24.000000
3694,0.000000
3695,-12.000000
3696,-24.000000
3697,52.000000
3698,-48.000000
3699,-8.000000
3700,16.000000
3701,-48.000000
3702,4.000000
3703,-16.000000
3704,-8.000000
3705,4.000000
3706,-32.000000
3707,-20.000000
3708,0.000000
3709,56.000000
3710,36.000000
3711,-36.000000
3712,-28.000000
3713,-28.000000
3714,16.000000
3715,-52.000000
3716,12.000000
3717,40.000000
3718,-8.000000
3719,12.000000
3720,0.000000
3721,-44.000000
3722,12.000000
3723,12.000000
3724,-8.000000
3725,-24.000000
3726,4.000000
3727,-4.000000
3728,-24.000000
3729,8.000000
3730,60.000000
3731,4.000000
3732,0.000000
3733,0.000000
3734,-8.000000
3735,-44.000000
3736,24.000000
3737,-8.000000
3738,-24.000000
3739,-4.000000
3740,24.000000
3741,-48.000000
3742,28.000000
3743,28.000000
3744,-52.000000
3745,-20.000000
3746,-8.000000
3747,-8.000000
3748,24.000000
3749,24.000000
3750,24.000000
3751,-16.000000
3752,-8.000000
3753,-40.000000
3754,0.000000
3755,0.000000
3756,-12.000000
3757,-32.000000
3758,-8.000000
3759,-8.000000
3760,-16.000000
3761,-8.000000
3762,0.000000
3763,-20.000000
3764,-32.000000
3765,-64.000000
3766,12.000000
3767,8.000000
3768,4.000000
3769,0.000000
3770,24.000000
3771,-12.000000
3772,8.000000
3773,4.000000
3774,-24.000000
3775,12.000000
3776,0.000000
3777,0.000000
3778,0.000000
3779,-16.000000
3780,12.000000
3781,-4.000000
3782,56.000000
3783,-8.000000
3784,12.000000
3785,-24.000000
3786,-80.000000
3787,0.000000
3788,-4.000000
3789,-20.000000
3790,-4.000000
3791,-32.000000
3792,0.000000
3793,-8.000000
3794,-8.000000
3795,-12.000000
3796,-32.000000
3797,-32.000000
3798,-8.000000
3799,44.000000
3800,24.000000
3801,-52.000000
3802,4.000000
3803,0.000000
3804,20.000000
3805,-20.000000
3806,-28.000000
3807,0.000000
3808,-20.000000
3809,0.000000
3810,8.000000
3811,8.000000
3812,24.000000
3813,-12.000000
3814,-24.000000
3815,28.000000
3816,-4.000000
3817,-4.000000
3818,-60.000000
3819,-8.000000
3820,4.000000
3821,12.000000
3822,-8.000000
3823,-8.000000
3824,8.000000
3825,-8.000000
3826,-16.000000
3827,20.000000
3828,-8.000000
3829,-4.000000
3830,4.000000
3831,4.000000
3832,28.000000
3833,-8.000000
3834,40.000000
3835,12.000000
3836,-24.000000
3837,4.000000
3838,16.000000
3839,-8.000000
3840,-40.000000
3841,-40.000000
3842,-60.000000
3843,-28.000000
3844,4.000000
3845,24.000000
3846,-52.000000
3847,-8.000000
3848,36.000000
3849,88.000000
3850,-48.000000
3851,40.000000
3852,-32.000000
3853,-12.000000
3854,0.000000
3855,-20.000000
3856,0.000000
3857,12.000000
3858,-8.000000
3859,-8.000000
3860,-52.000000
3861,0.000000
3862,24.000000
3863,-44.000000
3864,-72.000000
3865,40.000000
3866,-20.000000
3867,44.000000
3868,-60.000000
3869,12.000000
3870,16.000000
3871,-8.000000
3872,12.000000
3873,-36.000000
3874,-60.000000
3875,0.000000
3876,0.000000
3877,4.000000
3878,-28.000000
3879,4.000000
3880,-8.000000
3881,-12.000000
3882,-20.000000
3883,20.000000
3884,0.000000
3885,4.000000
3886,8.000000
3887,8.000000
3888,-4.000000
3889,-4.000000
3890,4.000000
3891,-20.000000
3892,-8.000000
3893,-12.000000
3894,4.000000
3895,8.000000
3896,52.000000
3897,-16.000000
3898,-8.000000
3899,8.000000
3900,64.000000
3901,-20.000000
3902,-8.000000
3903,-32.000000
3904,-8.000000
3905,20.000000
3906,-20.000000
3907,4.000000
3908,-8.000000
3909,-8.000000
3910,4.000000
3911,-8.000000
3912,0.000000
3913,-8.000000
3914,-24.000000
3915,52.000000
3916,20.000000
3917,0.000000
3918,24.000000
3919,-8.000000
3920,8.000000
3921,-16.000000
3922,-20.000000
3923,36.000000
3924,-20.000000
3925,-4.000000
3926,-8.000000
3927,-4.000000
3928,-12.000000
3929,40.000000
3930,8.000000
3931,4.000000
3932,-20.000000
3933,68.000000
3934,-8.000000
3935,-12.000000
3936,12.000000
3937,-40.000000
3938,0.000000
3939,20.000000
3940,-32.000000
3941,64.000000
3942,-16.000000
3943,16.000000
3944,8.000000
3945,4.000000
3946,12.000000
3947,-52.000000
3948,0.000000
3949,52.000000
3950,-20.000000
3951,-28.000000
3952,-20.000000
3953,8.000000
3954,12.000000
3955,16.000000
3956,60.000000
3957,0.000000
3958,0.000000
3959,0.000000
3960,-16.000000
3961,-40.000000
3962,-16.000000
3963,-16.000000
3964,16.000000
3965,16.000000
3966,-16.000000
3967,-12.000000
3968,20.000000
3969,0.000000
3970,-12.000000
3971,64.000000
3972,8.000000
3973,24.000000
3974,-24.000000
3975,-20.000000
3976,16.000000
3977,-20.000000
3978,24.000000
3979,0.000000
3980,8.000000
3981,-28.000000
3982,-12.000000
3983,16.000000
3984,72.000000
3985,0.000000
3986,40.000000
3987,-36.000000
3988,0.000000
3989,-8.000000
3990,-4.000000
3991,-8.000000
3992,20.000000
3993,16.000000
3994,0.000000
3995,20.000000
3996,4.000000
3997,-16.000000
3998,-20.000000
3999,-40.000000
4000,-4.000000
4001,-12.000000
4002,-44.000000
4003,0.000000
4004,44.000000
4005,-8.000000
4006,-8.000000
4007,0.000000
4008,4.000000
4009,8.000000
4010,-24.000000
4011,16.000000
4012,-8.000000
4013,16.000000
4014,0.000000
4015,-8.000000
4016,-8.000000
4017,-8.000000
4018,16.000000
4019,-28.000000
4020,-16.000000
4021,52.000000
4022,-8.000000
4023,0.000000
4024,4.000000
4025,4.000000
4026,-4.000000
4027,60.000000
4028,0.000000
4029,-20.000000
4030,64.000000
4031,-16.000000
4032,56.000000
4033,28.000000
4034,-24.000000
4035,28.000000
4036,76.000000
4037,0.000000
4038,-4.000000
4039,-4.000000
4040,-8.000000
4041,-8.000000
4042,-32.000000
4043,-24.000000
4044,-32.000000
4045,44.000000
4046,-16.000000
4047,-20.000000
4048,-20.000000
4049,-40.000000
4050,-20.000000
4051,0.000000
4052,-20.000000
4053,92.000000
4054,-8.000000
4055,-24.000000
4056,-20.000000
4057,40.000000
4058,0.000000
4059,0.000000
4060,-24.000000
4061,-8.000000
4062,-16.000000
4063,20.000000
4064,-44.000000
4065,-12.000000
4066,8.000000
4067,-16.000000
4068,-4.000000
4069,0.000000
4070,-8.000000
4071,-12.000000
4072,-20.000000
4073,8.000000
4074,32.000000
4075,-44.000000
4076,-8.000000
4077,-32.000000
4078,-52.000000
4079,-16.000000
4080,-20.000000
4081,0.000000
4082,-12.000000
4083,4.000000
4084,0.000000
4085,20.000000
4086,-16.000000
4087,-24.000000
4088,-4.000000
4089,-28.000000
4090,-4.000000
4091,-4.000000
4092,16.000000
4093,16.000000
4094,16.000000
4095,-64.000000
4096,-12.000000
4097,-24.000000
4098,-4.000000
4099,-12.000000
4100,-40.000000
4101,-4.000000
4102,-60.000000
4103,32.000000
4104,48.000000
4105,-12.000000
4106,-32.000000
4107,-12.000000
4108,-12.000000
4109,-4.000000
4110,40.000000
4111,52.000000
4112,-8.000000
4113,-12.000000
4114,20.000000
4115,60.000000
4116,-4.000000
4117,-16.000000
4118,0.000000
4119,-16.000000
4120,-20.000000
4121,-8.000000
4122,44.000000
4123,0.000000
4124,-8.000000
4125,20.000000
4126,-8.000000
4127,-60.000000
4128,12.000000
4129,-8.000000
4130,-8.000000
4131,-12.000000
4132,-12.000000
4133,20.000000
4134,4.000000
4135,4.000000
4136,-32.000000
4137,4.000000
4138,0.000000
4139,-40.000000
4140,-12.000000
4141,-12.000000
4142,-40.000000
4143,-28.000000
4144,4.000000
4145,-52.000000
4146,0.000000
4147,-4.000000
4148,-32.000000
4149,-36.000000
4150,20.000000
4151,0.000000
4152,-56.000000
4153,20.000000
4154,-12.000000
4155,0.000000
4156,12.000000
4157,-36.000000
4158,12.000000
4159,0.000000
4160,8.000000
4161,0.000000
4162,4.000000
4163,-32.000000
4164,-40.000000
4165,-12.000000
4166,-20.000000
4167,-8.000000
4168,4.000000
4169,4.000000
4170,0.000000
4171,4.000000
4172,0.000000
4173,16.000000
4174,16.000000
4175,-20.000000
4176,0.000000
4177,-16.000000
4178,20.000000
4179,16.000000
4180,-8.000000
4181,-8.000000
4182,4.000000
4183,4.000000
4184,-8.000000
4185,20.000000
4186,20.000000
4187,0.000000
4188,32.000000
4189,8.000000
4190,-12.000000
4191,4.000000
4192,-16.000000
4193,20.000000
4194,-12.000000
4195,-28.000000
4196,16.000000
4197,-36.000000
4198,8.000000
4199,-8.000000
4200,-32.000000
4201,4.000000
4202,4.000000
4203,-24.000000
4204,-8.000000
4205,-32.000000
4206,-4.000000
4207,-4.000000
4208,-8.000000
4209,-8.000000
4210,0.000000
4211,84.000000
4212,-36.000000
4213,-12.000000
4214,-40.000000
4215,-8.000000
4216,16.000000
4217,-8.000000
4218,12.000000
4219,56.000000
4220,-16.000000
4221,0.000000
4222,-36.000000
4223,44.000000
4224,60.000000
4225,0.000000
4226,12.000000
4227,-4.000000
4228,24.000000
4229,-40.000000
4230,-8.000000
4231,-24.000000
4232,-8.000000
4233,0.000000
4234,-8.000000
4235,-8.000000
4236,12.000000
4237,-28.000000
4238,28.000000
4239,-28.000000
4240,-16.000000
4241,-52.000000
4242,52.000000
4243,-4.000000
4244,4.000000
4245,0.000000
4246,-8.000000
4247,-32.000000
4248,0.000000
4249,-96.000000
4250,-24.000000
4251,-8.000000
4252,-20.000000
4253,28.000000
4254,-8.000000
4255,-12.000000
4256,-20.000000
4257,-20.000000
4258,0.000000
4259,20.000000
4260,4.000000
4261,-20.000000
4262,20.000000
4263,-8.000000
4264,8.000000
4265,8.000000
4266,0.000000
4267,-60.000000
4268,12.000000
4269,-8.000000
4270,32.000000
4271,12.000000
4272,-28.000000
4273,-16.000000
4274,-4.000000
4275,-16.000000
4276,16.000000
4277,-36.000000
4278,-16.000000
4279,-16.000000
4280,0.000000
4281,-20.000000
4282,4.000000
4283,-8.000000
4284,-8.000000
4285,-4.000000
4286,0.000000
4287,16.000000
4288,4.000000
4289,8.000000
4290,-8.000000
4291,0.000000
4292,20.000000
4293,4.000000
4294,-40.000000
4295,-16.000000
4296,12.000000
4297,-60.000000
4298,-8.000000
4299,-8.000000
4300,-28.000000
4301,52.000000
4302,-8.000000
4303,-8.000000
4304,-8.000000
4305,112.000000
4306,0.000000
4307,0.000000
4308,4.000000
4309,40.000000
4310,-24.000000
4311,-8.000000
4312,-24.000000
4313,-24.000000
4314,-28.000000
4315,20.000000
4316,4.000000
4317,-8.000000
4318,8.000000
4319,-20.000000
4320,-28.000000
4321,-32.000000
4322,0.000000
4323,8.000000
4324,-8.000000
4325,-8.000000
4326,-8.000000
4327,-12.000000
4328,0.000000
4329,28.000000
4330,-8.000000
4331,16.000000
4332,-24.000000
4333,-32.000000
4334,28.000000
4335,0.000000
4336,-8.000000
4337,-16.000000
4338,-28.000000
4339,32.000000
4340,-12.000000
4341,-8.000000
4342,12.000000
4343,-8.000000
4344,-4.000000
4345,-8.000000
4346,-28.000000
4347,20.000000
4348,16.000000
4349,-28.000000
4350,0.000000
4351,-24.000000
4352,12.000000
4353,84.000000
4354,-8.000000
4355,-16.000000
4356,44.000000
4357,-24.000000
4358,20.000000
4359,0.000000
4360,0.000000
4361,-20.000000
4362,-12.000000
4363,0.000000
4364,0.000000
4365,-12.000000
4366,64.000000
4367,-4.000000
4368,-24.000000
4369,-16.000000
4370,-8.000000
4371,-44.000000
4372,-12.000000
4373,-32.000000
4374,0.000000
4375,-8.000000
4376,-16.000000
4377,52.000000
4378,80.000000
4379,-8.000000
4380,16.000000
4381,8.000000
4382,0.000000
4383,-40.000000
4384,8.000000
4385,0.000000
4386,52.000000
4387,-28.000000
4388,0.000000
4389,-36.000000
4390,-8.000000
4391,-56.000000
4392,-20.000000
4393,-24.000000
4394,-8.000000
4395,-8.000000
4396,20.000000
4397,44.000000
4398,20.000000
4399,32.000000
4400,4.000000
4401,-20.000000
4402,-28.000000
4403,-8.000000
4404,-20.000000
4405,0.000000
4406,24.000000
4407,4.000000
4408,-16.000000
4409,16.000000
4410,0.000000
4411,-8.000000
4412,-8.000000
4413,0.000000
4414,-48.000000
4415,-28.000000
4416,8.000000
4417,8.000000
4418,0.000000
4419,4.000000
4420,52.000000
4421,-8.000000
4422,-20.000000
4423,-24.000000
4424,12.000000
4425,24.000000
4426,-12.000000
4427,-20.000000
4428,12.000000
4429,100.000000
4430,-32.000000
4431,-36.000000
4432,-32.000000
4433,-16.000000
4434,16.000000
4435,-40.000000
4436,8.000000
4437,44.000000
4438,-4.000000
4439,-24.000000
4440,52.000000
4441,64.000000
4442,20.000000
4443,-16.000000
4444,4.000000
4445,44.000000
4446,-24.000000
4447,-8.000000
4448,24.000000
4449,-60.000000
4450,-40.000000
4451,4.000000
4452,0.000000
4453,-8.000000
4454,-52.000000
4455,8.000000
4456,-60.000000
4457,44.000000
4458,0.000000
4459,-36.000000
4460,-8.000000
4461,-16.000000
4462,-28.000000
4463,20.000000
4464,48.000000
4465,4.000000
4466,-4.000000
4467,20.000000
4468,20.000000
4469,-8.000000
4470,-16.000000
4471,12.000000
4472,0.000000
4473,52.000000
4474,-12.000000
4475,-8.000000
4476,-16.000000
4477,-8.000000
4478,-24.000000
4479,4.000000
4480,4.000000
4481,-12.000000
4482,0.000000
4483,0.000000
4484,4.000000
4485,16.000000
4486,-20.000000
4487,0.000000
4488,-36.000000
4489,-4.000000
4490,-8.000000
4491,-8.000000
4492,0.000000
4493,0.000000
4494,0.000000
4495,-20.000000
4496,-20.000000
4497,60.000000
4498,-16.000000
4499,28.000000
4500,4.000000
4501,-20.000000
4502,-32.000000
4503,-36.000000
4504,0.000000
4505,4.000000
4506,4.000000
4507,-40.000000
4508,-20.000000
4509,8.000000
4510,-24.000000
4511,40.000000
4512,-12.000000
4513,28.000000
4514,-8.000000
4515,80.000000
4516,-24.000000
4517,-8.000000
4518,-20.000000
4519,24.000000
4520,20.000000
4521,8.000000
4522,16.000000
4523,-32.000000
4524,0.000000
4525,44.000000
4526,-8.000000
4527,8.000000
4528,12.000000
4529,8.000000
4530,20.000000
4531,-8.000000
4532,-4.000000
4533,12.000000
4534,-16.000000
4535,0.000000
4536,-44.000000
4537,68.000000
4538,-8.000000
4539,-4.000000
4540,-20.000000
4541,-32.000000
4542,-4.000000
4543,-8.000000
4544,52.000000
4545,-40.000000
4546,-44.000000
4547,0.000000
4548,0.000000
4549,-20.000000
4550,8.000000
4551,-40.000000
4552,-40.000000
4553,-44.000000
4554,24.000000
4555,12.000000
4556,12.000000
4557,-12.000000
4558,20.000000
4559,64.000000
4560,-8.000000
4561,8.000000
4562,-8.000000
4563,-8.000000
4564,-8.000000
4565,16.000000
4566,0.000000
4567,20.000000
4568,16.000000
4569,-8.000000
4570,-16.000000
4571,16.000000
4572,8.000000
4573,88.000000
4574,-8.000000
4575,4.000000
4576,-20.000000
4577,4.000000
4578,56.000000
4579,-24.000000
4580,-20.000000
4581,12.000000
4582,24.000000
4583,0.000000
4584,-12.000000
4585,-48.000000
4586,12.000000
4587,0.000000
4588,0.000000
4589,-16.000000
4590,-8.000000
4591,28.000000
4592,-8.000000
4593,8.000000
4594,8.000000
4595,0.000000
4596,-20.000000
4597,-12.000000
4598,-8.000000
4599,16.000000
4600,12.000000
4601,-12.000000
4602,-32.000000
4603,84.000000
4604,4.000000
4605,16.000000
4606,44.000000
4607,-8.000000
4608,4.000000
4609,8.000000
4610,-20.000000
4611,16.000000
4612,8.000000
4613,8.000000
4614,-28.000000
4615,-28.000000
4616,12.000000
4617,52.000000
4618,-8.000000
4619,-4.000000
4620,-12.000000
4621,8.000000
4622,-32.000000
4623,-36.000000
4624,-28.000000
4625,-28.000000
4626,52.000000
4627,-16.000000
4628,8.000000
4629,-20.000000
4630,0.000000
4631,32.000000
4632,64.000000
4633,-12.000000
4634,-24.000000
4635,-24.000000
4636,-12.000000
4637,-24.000000
4638,-8.000000
4639,-92.000000
4640,0.000000
4641,-32.000000
4642,-28.000000
4643,-28.000000
4644,24.000000
4645,72.000000
4646,-8.000000
4647,-12.000000
4648,-16.000000
4649,-4.000000
4650,16.000000
4651,-8.000000
4652,-12.000000
4653,-20.000000
4654,4.000000
4655,-4.000000
4656,-24.000000
4657,4.000000
4658,4.000000
4659,0.000000
4660,24.000000
4661,0.000000
4662,8.000000
4663,-24.000000
4664,40.000000
4665,64.000000
4666,-12.000000
4667,-8.000000
4668,-8.000000
4669,-12.000000
4670,-16.000000
4671,-4.000000
4672,-44.000000
4673,8.000000
4674,-8.000000
4675,8.000000
4676,-12.000000
4677,-4.000000
4678,20.000000
4679,0.000000
4680,-16.000000
4681,8.000000
4682,-4.000000
4683,-16.000000
4684,-20.000000
4685,8.000000
4686,8.000000
4687,-28.000000
4688,56.000000
4689,-8.000000
4690,24.000000
4691,-8.000000
4692,32.000000
4693,-8.000000
4694,0.000000
4695,0.000000
4696,44.000000
4697,-48.000000
4698,-20.000000
4699,-12.000000
4700,28.000000
4701,-4.000000
4702,-16.000000
4703,24.000000
4704,-12.000000
4705,48.000000
4706,-8.000000
4707,4.000000
4708,28.000000
4709,20.000000
4710,-4.000000
4711,-12.000000
4712,-32.000000
4713,-12.000000
4714,-8.000000
4715,-16.000000
4716,-16.000000
4717,-28.000000
4718,44.000000
4719,-4.000000
4720,0.000000
4721,-12.000000
4722,-16.000000
4723,24.000000
4724,44.000000
4725,-24.000000
4726,40.000000
4727,-8.000000
4728,28.000000
4729,-12.000000
4730,0.000000
4731,32.000000
4732,0.000000
4733,-8.000000
4734,-20.000000
4735,-28.000000
4736,-8.000000
4737,0.000000
4738,-28.000000
4739,-8.000000
4740,-8.000000
4741,4.000000
4742,-8.000000
4743,-8.000000
4744,-8.000000
4745,-16.000000
4746,-40.000000
4747,68.000000
4748,-8.000000
4749,28.000000
4750,-16.000000
4751,-64.000000
4752,8.000000
4753,-20.000000
4754,-40.000000
4755,-16.000000
4756,-44.000000
4757,-16.000000
4758,4.000000
4759,-8.000000
4760,-24.000000
4761,-8.000000
4762,52.000000
4763,12.000000
4764,-36.000000
4765,40.000000
4766,-20.000000
4767,72.000000
4768,-8.000000
4769,28.000000
4770,4.000000
4771,-32.000000
4772,-8.000000
4773,-8.000000
4774,-24.000000
4775,-12.000000
4776,64.000000
4777,-8.000000
4778,4.000000
4779,-4.000000
4780,-8.000000
4781,-8.000000
4782,-8.000000
4783,-32.000000
4784,16.000000
4785,-24.000000
4786,-8.000000
4787,-4.000000
4788,-60.000000
4789,8.000000
4790,40.000000
4791,16.000000
4792,-20.000000
4793,4.000000
4794,24.000000
4795,-28.000000
4796,-4.000000
4797,-12.000000
4798,0.000000
4799,-24.000000
4800,32.000000
4801,0.000000
4802,-64.000000
4803,-40.000000
4804,44.000000
4805,24.000000
4806,16.000000
4807,12.000000
4808,20.000000
4809,24.000000
4810,12.000000
4811,-4.000000
4812,-72.000000
4813,12.000000
4814,-8.000000
4815,0.000000
4816,24.000000
4817,-16.000000
4818,88.000000
4819,-16.000000
4820,12.000000
4821,-16.000000
4822,60.000000
4823,44.000000
4824,20.000000
4825,16.000000
4826,-16.000000
4827,-16.000000
4828,-8.000000
4829,-4.000000
4830,-28.000000
4831,8.000000
4832,16.000000
4833,72.000000
4834,-8.000000
4835,0.000000
4836,20.000000
4837,-16.000000
4838,-44.000000
4839,-8.000000
4840,-24.000000
4841,-8.000000
4842,-20.000000
4843,-8.000000
4844,-8.000000
4845,-32.000000
4846,-8.000000
4847,20.000000
4848,28.000000
4849,52.000000
4850,-12.000000
4851,-68.000000
4852,-8.000000
4853,-12.000000
4854,44.000000
4855,8.000000
4856,20.000000
4857,-8.000000
4858,-24.000000
4859,16.000000
4860,-12.000000
4861,20.000000
4862,-12.000000
4863,-12.000000
4864,-20.000000
4865,-8.000000
4866,-12.000000
4867,-60.000000
4868,-8.000000
4869,-4.000000
4870,4.000000
4871,0.000000
4872,-8.000000
4873,-48.000000
4874,44.000000
4875,-8.000000
4876,8.000000
4877,-4.000000
4878,60.000000
4879,-64.000000
4880,-60.000000
4881,-48.000000
4882,-16.000000
4883,-16.000000
4884,-24.000000
4885,-12.000000
4886,8.000000
4887,8.000000
4888,0.000000
4889,-52.000000
4890,-28.000000
4891,-12.000000
4892,-12.000000
4893,24.000000
4894,20.000000
4895,0.000000
4896,-40.000000
4897,4.000000
4898,-24.000000
4899,-8.000000
4900,-40.000000
4901,8.000000
4902,-8.000000
4903,-16.000000
4904,52.000000
4905,-8.000000
4906,-32.000000
4907,-8.000000
4908,0.000000
4909,12.000000
4910,-20.000000
4911,0.000000
4912,0.000000
4913,0.000000
4914,-36.000000
4915,-44.000000
4916,-8.000000
4917,20.000000
4918,-12.000000
4919,44.000000
4920,-8.000000
4921,52.000000
4922,16.000000
4923,0.000000
4924,20.000000
4925,-12.000000
4926,52.000000
4927,-4.000000
4928,-20.000000
4929,-20.000000
4930,-8.000000
4931,-28.000000
4932,4.000000
4933,-20.000000
4934,-28.000000
4935,4.000000
4936,-8.000000
4937,16.000000
4938,-32.000000
4939,-28.000000
4940,-60.000000
4941,12.000000
4942,-28.000000
4943,20.000000
4944,24.000000
4945,4.000000
4946,16.000000
4947,20.000000
4948,-36.000000
4949,-8.000000
4950,20.000000
4951,-32.000000
4952,24.000000
4953,-20.000000
4954,-4.000000
4955,4.000000
4956,-8.000000
4957,40.000000
4958,-28.000000
4959,12.000000
4960,-12.000000
4961,-24.000000
4962,4.000000
4963,-4.000000
4964,4.000000
4965,16.000000
4966,-76.000000
4967,-16.000000
4968,-20.000000
4969,16.000000
4970,-56.000000
4971,-24.000000
4972,-8.000000
4973,0.000000
4974,-8.000000
4975,104.000000
4976,12.000000
4977,12.000000
4978,-20.000000
4979,0.000000
4980,-8.000000
4981,-8.000000
4982,0.000000
4983,-4.000000
4984,-8.000000
4985,-52.000000
4986,40.000000
4987,-16.000000
4988,12.000000
4989,-12.000000
4990,16.000000
4991,16.000000
4992,4.000000
4993,-20.000000
4994,28.000000
4995,40.000000
4996,24.000000
4997,0.000000
4998,-12.000000
4999,-12.000000
5000,-8.000000
5001,8.000000
5002,4.000000
5003,-16.000000
5004,-32.000000
5005,0.000000
5006,0.000000
5007,-52.000000
5008,-4.000000
5009,-16.000000
5010,-20.000000
5011,-16.000000
5012,-20.000000
5013,-8.000000
5014,-4.000000
5015,-8.000000
5016,-8.000000
5017,-16.000000
5018,12.000000
5019,44.000000
5020,-28.000000
5021,-8.000000
5022,4.000000
5023,20.000000
5024,0.000000
5025,24.000000
5026,76.000000
5027,76.000000
5028,-12.000000
5029,-8.000000
5030,0.000000
5031,0.000000
5032,-8.000000
5033,-8.000000
5034,-8.000000
5035,-8.000000
5036,8.000000
5037,4.000000
5038,0.000000
5039,-8.000000
5040,-4.000000
5041,-8.000000
5042,-28.000000
5043,88.000000
5044,4.000000
5045,-12.000000
5046,44.000000
5047,8.000000
5048,-24.000000
5049,-20.000000
5050,-52.000000
5051,16.000000
5052,-12.000000
5053,-8.000000
5054,0.000000
5055,-20.000000
5056,-20.000000
5057,-20.000000
5058,-16.000000
5059,-20.000000
5060,80.000000
5061,12.000000
5062,64.000000
5063,-4.000000
5064,-4.000000
5065,-8.000000
5066,-8.000000
5067,0.000000
5068,16.000000
5069,12.000000
5070,76.000000
5071,-48.000000
5072,0.000000
5073,0.000000
5074,0.000000
5075,48.000000
5076,-20.000000
5077,-12.000000
5078,-32.000000
5079,-12.000000
5080,24.000000
5081,-52.000000
5082,4.000000
5083,-20.000000
5084,-12.000000
5085,-4.000000
5086,-8.000000
5087,-4.000000
5088,8.000000
5089,52.000000
5090,-16.000000
5091,-24.000000
5092,-8.000000
5093,84.000000
5094,-24.000000
5095,0.000000
5096,24.000000
5097,-8.000000
5098,-4.000000
5099,0.000000
5100,-16.000000
5101,-32.000000
5102,-32.000000
5103,-12.000000
5104,12.000000
5105,-28.000000
5106,20.000000
5107,-20.000000
5108,0.000000
5109,-8.000000
5110,-36.000000
5111,-44.000000
5112,-12.000000
5113,-12.000000
5114,24.000000
5115,60.000000
5116,0.000000
5117,-16.000000
5118,44.000000
5119,8.000000
5120,-8.000000
5121,-24.000000
5122,-28.000000
5123,8.000000
5124,12.000000
5125,16.000000
5126,8.000000
5127,-12.000000
5128,20.000000
5129,24.000000
5130,44.000000
5131,-8.000000
5132,36.000000
5133,0.000000
5134,-4.000000
5135,52.000000
5136,-8.000000
5137,-16.000000
5138,-8.000000
5139,12.000000
5140,-4.000000
5141,-20.000000
5142,-68.000000
5143,-28.000000
5144,20.000000
5145,20.000000
5146,8.000000
5147,-8.000000
5148,-20.000000
5149,-20.000000
5150,28.000000
5151,-40.000000
5152,-40.000000
5153,-44.000000
5154,-8.000000
5155,-4.000000
5156,-12.000000
5157,44.000000
5158,4.000000
5159,0.000000
5160,0.000000
5161,-12.000000
5162,-48.000000
5163,12.000000
5164,-8.000000
5165,8.000000
5166,-16.000000
5167,-40.000000
5168,-40.000000
5169,12.000000
5170,8.000000
5171,12.000000
5172,-12.000000
5173,12.000000
5174,0.000000
5175,-24.000000
5176,-8.000000
5177,-16.000000
5178,-16.000000
5179,-20.000000
5180,16.000000
5181,24.000000
5182,-4.000000
5183,-12.000000
5184,-12.000000
5185,12.000000
5186,-12.000000
5187,-4.000000
5188,-12.000000
5189,-8.000000
5190,4.000000
5191,32.000000
5192,-20.000000
5193,40.000000
5194,-52.000000
5195,-36.000000
5196,-12.000000
5197,-12.000000
5198,20.000000
5199,-40.000000
5200,-8.000000
5201,-32.000000
5202,-8.000000
5203,16.000000
5204,0.000000
5205,-12.000000
5206,68.000000
5207,-28.000000
5208,-52.000000
5209,0.000000
5210,24.000000
5211,-12.000000
5212,-16.000000
5213,44.000000
5214,4.000000
5215,4.000000
5216,12.000000
5217,-52.000000
5218,-44.000000
5219,-24.000000
5220,-52.000000
5221,12.000000
5222,-20.000000
5223,76.000000
5224,12.000000
5225,0.000000
5226,-4.000000
5227,8.000000
5228,-8.000000
5229,28.000000
5230,24.000000
5231,0.000000
5232,16.000000
5233,-8.000000
5234,-8.000000
5235,-28.000000
5236,-8.000000
5237,-12.000000
5238,-28.000000
5239,12.000000
5240,0.000000
5241,24.000000
5242,-8.000000
5243,0.000000
5244,4.000000
5245,-52.000000
5246,-8.000000
5247,0.000000
5248,20.000000
5249,-20.000000
5250,-12.000000
5251,-40.000000
5252,-4.000000
5253,-8.000000
5254,-8.000000
5255,-8.000000
5256,-8.000000
5257,12.000000
5258,-28.000000
5259,-40.000000
5260,-4.000000
5261,28.000000
5262,-44.000000
5263,-24.000000
5264,0.000000
5265,-44.000000
5266,0.000000
5267,44.000000
5268,0.000000
5269,8.000000
5270,-8.000000
5271,56.000000
5272,-68.000000
5273,0.000000
5274,0.000000
5275,-32.000000
5276,-4.000000
5277,-4.000000
5278,4.000000
5279,-8.000000
5280,-16.000000
5281,-16.000000
5282,8.000000
5283,-8.000000
5284,12.000000
5285,8.000000
5286,-32.000000
5287,56.000000
5288,0.000000
5289,16.000000
5290,-32.000000
5291,16.000000
5292,-44.000000
5293,4.000000
5294,-12.000000
5295,0.000000
5296,-20.000000
5297,28.000000
5298,-16.000000
5299,-24.000000
5300,-12.000000
5301,4.000000
5302,-44.000000
5303,24.000000
5304,-24.000000
5305,28.000000
5306,8.000000
5307,-36.000000
5308,-24.000000
5309,20.000000
5310,-8.000000
5311,-32.000000
5312,-72.000000
5313,0.000000
5314,-24.000000
5315,-24.000000
5316,-20.000000
5317,-20.000000
5318,-24.000000
5319,-8.000000
5320,16.000000
5321,0.000000
5322,-24.000000
5323,-24.000000
5324,0.000000
5325,-16.000000
5326,8.000000
5327,0.000000
5328,20.000000
5329,-20.000000
5330,0.000000
5331,8.000000
5332,4.000000
5333,56.000000
5334,-24.000000
5335,4.000000
5336,-8.000000
5337,-8.000000
5338,40.000000
5339,28.000000
5340,-8.000000
5341,20.000000
5342,-32.000000
5343,-36.000000
5344,12.000000
5345,-40.000000
5346,4.000000
5347,-24.000000
5348,-4.000000
5349,-16.000000
5350,-32.000000
5351,-24.000000
5352,-8.000000
5353,-8.000000
5354,12.000000
5355,16.000000
5356,0.000000
5357,12.000000
5358,8.000000
5359,52.000000
5360,-12.000000
5361,-28.000000
5362,-32.000000
5363,-8.000000
5364,-8.000000
5365,-4.000000
5366,8.000000
5367,-36.000000
5368,24.000000
5369,44.000000
5370,-4.000000
5371,-12.000000
5372,-4.000000
5373,4.000000
5374,12.000000
5375,12.000000
5376,8.000000
5377,4.000000
5378,-12.000000
5379,-8.000000
5380,-12.000000
5381,4.000000
5382,-12.000000
5383,8.000000
5384,0.000000
5385,12.000000
5386,0.000000
5387,16.000000
5388,-28.000000
5389,0.000000
5390,-52.000000
5391,8.000000
5392,-8.000000
5393,16.000000
5394,-4.000000
5395,-20.000000
5396,68.000000
5397,-16.000000
5398,8.000000
5399,0.000000
5400,-20.000000
5401,-24.000000
5402,52.000000
5403,-16.000000
5404,4.000000
5405,12.000000
5406,0.000000
5407,-4.000000
5408,-8.000000
5409,-4.000000
5410,24.000000
5411,-8.000000
5412,112.000000
5413,8.000000
5414,68.000000
5415,44.000000
5416,12.000000
5417,0.000000
5418,-24.000000
5419,0.000000
5420,16.000000
5421,0.000000
5422,16.000000
5423,12.000000
5424,0.000000
5425,36.000000
5426,-20.000000
5427,-8.000000
5428,0.000000
5429,0.000000
5430,20.000000
5431,0.000000
5432,72.000000
5433,-48.000000
5434,-12.000000
5435,-28.000000
5436,0.000000
5437,-28.000000
5438,8.000000
5439,-52.000000
5440,-4.000000
5441,16.000000
5442,-20.000000
5443,24.000000
5444,-12.000000
5445,-8.000000
5446,0.000000
5447,28.000000
5448,4.000000
5449,0.000000
5450,-4.000000
5451,-28.000000
5452,-32.000000
5453,-12.000000
5454,16.000000
5455,-16.000000
5456,-52.000000
5457,4.000000
5458,-32.000000
5459,-4.000000
5460,-8.000000
5461,-60.000000
5462,0.000000
5463,0.000000
5464,-16.000000
5465,-20.000000
5466,8.000000
5467,8.000000
5468,-8.000000
5469,-8.000000
5470,-8.000000
5471,-4.000000
5472,0.000000
5473,-56.000000
5474,-12.000000
5475,-12.000000
5476,0.000000
5477,-40.000000
5478,-40.000000
5479,8.000000
5480,4.000000
5481,0.000000
5482,-16.000000
5483,4.000000
5484,8.000000
5485,32.000000
5486,0.000000
5487,-8.000000
5488,-12.000000
5489,-12.000000
5490,-20.000000
5491,-52.000000
5492,4.000000
5493,40.000000
5494,-56.000000
5495,-12.000000
5496,-24.000000
5497,4.000000
5498,40.000000
5499,-12.000000
5500,16.000000
5501,16.000000
5502,20.000000
5503,-40.000000
5504,-8.000000
5505,0.000000
5506,-8.000000
5507,12.000000
5508,-36.000000
5509,-28.000000
5510,-32.000000
5511,0.000000
5512,-20.000000
5513,-4.000000
5514,0.000000
5515,-24.000000
5516,-8.000000
5517,-16.000000
5518,-20.000000
5519,16.000000
5520,4.000000
5521,-16.000000
5522,-16.000000
5523,-20.000000
5524,8.000000
5525,-40.000000
5526,4.000000
5527,-32.000000
5528,0.000000
5529,-4.000000
5530,-8.000000
5531,-8.000000
5532,16.000000
5533,-8.000000
5534,-28.000000
5535,4.000000
5536,16.000000
5537,-8.000000
5538,60.000000
5539,-40.000000
5540,-20.000000
5541,-12.000000
5542,0.000000
5543,-4.000000
5544,4.000000
5545,80.000000
5546,52.000000
5547,0.000000
5548,12.000000
5549,-12.000000
5550,-8.000000
5551,44.000000
5552,0.000000
5553,-24.000000
5554,-28.000000
5555,-44.000000
5556,52.000000
5557,-8.000000
5558,-8.000000
5559,-8.000000
5560,-8.000000
5561,-32.000000
5562,-44.000000
5563,36.000000
5564,0.000000
5565,0.000000
5566,-8.000000
5567,-4.000000
5568,0.000000
5569,4.000000
5570,-12.000000
5571,-20.000000
5572,0.000000
5573,24.000000
5574,-12.000000
5575,-8.000000
5576,-8.000000
5577,-4.000000
5578,28.000000
5579,-24.000000
5580,8.000000
5581,-28.000000
5582,-16.000000
5583,-16.000000
5584,-8.000000
5585,0.000000
5586,-28.000000
5587,4.000000
5588,36.000000
5589,0.000000
5590,-4.000000
5591,-4.000000
5592,0.000000
5593,4.000000
5594,-8.000000
5595,-44.000000
5596,-4.000000
5597,-28.000000
5598,-20.000000
5599,32.000000
5600,-24.000000
5601,-4.000000
5602,4.000000
5603,-8.000000
5604,0.000000
5605,-8.000000
5606,-8.000000
5607,-32.000000
5608,24.000000
5609,4.000000
5610,-52.000000
5611,12.000000
5612,-4.000000
5613,-16.000000
5614,4.000000
5615,-16.000000
5616,12.000000
5617,0.000000
5618,-20.000000
5619,68.000000
5620,20.000000
5621,12.000000
5622,-28.000000
5623,28.000000
5624,8.000000
5625,24.000000
5626,20.000000
5627,-24.000000
5628,-12.000000
5629,20.000000
5630,88.000000
5631,-60.000000
5632,-8.000000
5633,-4.000000
5634,32.000000
5635,-12.000000
5636,-24.000000
5637,-12.000000
5638,4.000000
5639,-20.000000
5640,-12.000000
5641,-8.000000
5642,-12.000000
5643,8.000000
5644,24.000000
5645,60.000000
5646,52.000000
5647,0.000000
5648,-8.000000
5649,-20.000000
5650,-12.000000
5651,-8.000000
5652,-8.000000
5653,0.000000
5654,-36.000000
5655,-28.000000
5656,-32.000000
5657,-8.000000
5658,0.000000
5659,-28.000000
5660,-8.000000
5661,-52.000000
5662,-16.000000
5663,72.000000
5664,-40.000000
5665,-20.000000
5666,-40.000000
5667,68.000000
5668,4.000000
5669,-12.000000
5670,-16.000000
5671,-12.000000
5672,32.000000
5673,16.000000
5674,-8.000000
5675,-12.000000
5676,4.000000
5677,4.000000
5678,-32.000000
5679,28.000000
5680,-8.000000
5681,0.000000
5682,-4.000000
5683,-12.000000
5684,16.000000
5685,12.000000
5686,24.000000
5687,-32.000000
5688,16.000000
5689,-24.000000
5690,0.000000
5691,-36.000000
5692,-8.000000
5693,-24.000000
5694,28.000000
5695,0.000000
5696,-40.000000
5697,8.000000
5698,-24.000000
5699,8.000000
5700,-28.000000
5701,-8.000000
5702,-24.000000
5703,-40.000000
5704,-12.000000
5705,-12.000000
5706,24.000000
5707,-20.000000
5708,12.000000
5709,28.000000
5710,-24.000000
5711,16.000000
5712,-56.000000
5713,-12.000000
5714,-8.000000
5715,-8.000000
5716,12.000000
5717,-28.000000
5718,4.000000
5719,0.000000
5720,0.000000
5721,-8.000000
5722,-48.000000
5723,-12.000000
5724,-36.000000
5725,8.000000
5726,-8.000000
5727,28.000000
5728,-28.000000
5729,-32.000000
5730,16.000000
5731,8.000000
5732,-24.000000
5733,12.000000
5734,-28.000000
5735,-28.000000
5736,-8.000000
5737,-24.000000
5738,-20.000000
5739,-20.000000
5740,-20.000000
5741,0.000000
5742,20.000000
5743,56.000000
5744,-4.000000
5745,-32.000000
5746,-28.000000
5747,4.000000
5748,-64.000000
5749,64.000000
5750,8.000000
5751,-32.000000
5752,0.000000
5753,0.000000
5754,-8.000000
5755,-36.000000
5756,12.000000
5757,-20.000000
5758,-12.000000
5759,0.000000
5760,-20.000000
5761,-20.000000
5762,-28.000000
5763,20.000000
5764,-44.000000
5765,0.000000
5766,-32.000000
5767,8.000000
5768,32.000000
5769,-20.000000
5770,-8.000000
5771,4.000000
5772,4.000000
5773,-16.000000
5774,-8.000000
5775,44.000000
5776,12.000000
5777,-8.000000
5778,24.000000
5779,-12.000000
5780,-8.000000
5781,-20.000000
5782,20.000000
5783,-8.000000
5784,-8.000000
5785,-52.000000
5786,4.000000
5787,16.000000
5788,-28.000000
5789,-28.000000
5790,-4.000000
5791,-8.000000
5792,-24.000000
5793,8.000000
5794,0.000000
5795,0.000000
5796,-20.000000
5797,24.000000
5798,-32.000000
5799,44.000000
5800,44.000000
5801,16.000000
5802,24.000000
5803,-8.000000
5804,-16.000000
5805,8.000000
5806,12.000000
5807,0.000000
5808,20.000000
5809,-12.000000
5810,16.000000
5811,44.000000
5812,0.000000
5813,-4.000000
5814,-8.000000
5815,20.000000
5816,0.000000
5817,-24.000000
5818,-8.000000
5819,0.000000
5820,16.000000
5821,0.000000
5822,0.000000
5823,0.000000
5824,64.000000
5825,16.000000
5826,52.000000
5827,-12.000000
5828,-24.000000
5829,8.000000
5830,8.000000
5831,-8.000000
5832,-24.000000
5833,-44.000000
5834,-24.000000
5835,52.000000
5836,4.000000
5837,0.000000
5838,-40.000000
5839,12.000000
5840,-8.000000
5841,-4.000000
5842,-28.000000
5843,52.000000
5844,28.000000
5845,20.000000
5846,8.000000
5847,-52.000000
5848,28.000000
5849,16.000000
5850,-28.000000
5851,24.000000
5852,-16.000000
5853,-8.000000
5854,20.000000
5855,-8.000000
5856,-16.000000
5857,-8.000000
5858,-24.000000
5859,0.000000
5860,-24.000000
5861,0.000000
5862,0.000000
5863,-8.000000
5864,24.000000
5865,0.000000
5866,16.000000
5867,20.000000
5868,-36.000000
5869,12.000000
5870,44.000000
5871,0.000000
5872,0.000000
5873,-20.000000
5874,-36.000000
5875,0.000000
5876,16.000000
5877,16.000000
5878,40.000000
5879,8.000000
5880,-40.000000
5881,-12.000000
5882,44.000000
5883,-20.000000
5884,-4.000000
5885,20.000000
5886,-24.000000
5887,20.000000
5888,68.000000
5889,-12.000000
5890,-60.000000
5891,4.000000
5892,76.000000
5893,-20.000000
5894,0.000000
5895,4.000000
5896,-32.000000
5897,-24.000000
5898,0.000000
5899,-32.000000
5900,-8.000000
5901,0.000000
5902,-24.000000
5903,-4.000000
5904,-28.000000
5905,-28.000000
5906,-16.000000
5907,-8.000000
5908,68.000000
5909,-32.000000
5910,-16.000000
5911,-36.000000
5912,-20.000000
5913,40.000000
5914,0.000000
5915,20.000000
5916,8.000000
5917,16.000000
5918,-8.000000
5919,-12.000000
5920,-28.000000
5921,8.000000
5922,44.000000
5923,16.000000
5924,20.000000
5925,-12.000000
5926,-24.000000
5927,-24.000000
5928,-8.000000
5929,44.000000
5930,-16.000000
5931,16.000000
5932,-20.000000
5933,0.000000
5934,-40.000000
5935,-40.000000
5936,40.000000
5937,4.000000
5938,0.000000
5939,4.000000
5940,100.000000
5941,-16.000000
5942,8.000000
5943,-24.000000
5944,-8.000000
5945,20.000000
5946,-8.000000
5947,-40.000000
5948,16.000000
5949,-8.000000
5950,44.000000
5951,-4.000000
5952,-8.000000
5953,-40.000000
5954,-20.000000
5955,-60.000000
5956,-8.000000
5957,-4.000000
5958,8.000000
5959,44.000000
5960,16.000000
5961,0.000000
5962,-12.000000
5963,16.000000
5964,52.000000
5965,-12.000000
5966,-32.000000
5967,4.000000
5968,-20.000000
5969,-20.000000
5970,-8.000000
5971,-8.000000
5972,8.000000
5973,-4.000000
5974,8.000000
5975,-40.000000
5976,-12.000000
5977,16.000000
5978,-12.000000
5979,24.000000
5980,40.000000
5981,-12.000000
5982,-8.000000
5983,4.000000
5984,-12.000000
5985,44.000000
5986,8.000000
5987,0.000000
5988,-28.000000
5989,-12.000000
5990,-4.000000
5991,0.000000
5992,-28.000000
5993,-8.000000
5994,-20.000000
5995,4.000000
5996,-44.000000
5997,4.000000
5998,-20.000000
5999,52.000000
6000,-8.000000
6001,0.000000
6002,-48.000000
6003,-8.000000
6004,4.000000
6005,24.000000
6006,20.000000
6007,-8.000000
6008,4.000000
6009,-12.000000
6010,-8.000000
6011,-8.000000
6012,28.000000
6013,12.000000
6014,8.000000
6015,-36.000000
6016,-4.000000
6017,-28.000000
6018,52.000000
6019,56.000000
6020,4.000000
6021,16.000000
6022,52.000000
6023,20.000000
6024,8.000000
6025,-4.000000
6026,0.000000
6027,-40.000000
6028,-20.000000
6029,-8.000000
6030,12.000000
6031,28.000000
6032,-12.000000
6033,-8.000000
6034,-4.000000
6035,8.000000
6036,-16.000000
6037,-20.000000
6038,-16.000000
6039,20.000000
6040,16.000000
6041,-32.000000
6042,-24.000000
6043,-12.000000
6044,-36.000000
6045,-36.000000
6046,-12.000000
6047,20.000000
6048,0.000000
6049,-20.000000
6050,56.000000
6051,16.000000
6052,-44.000000
6053,-28.000000
6054,-12.000000
6055,0.000000
6056,24.000000
6057,-16.000000
6058,0.000000
6059,0.000000
6060,-8.000000
6061,12.000000
6062,4.000000
6063,44.000000
6064,-64.000000
6065,0.000000
6066,4.000000
6067,4.000000
6068,76.000000
6069,-8.000000
6070,16.000000
6071,12.000000
6072,-12.000000
6073,0.000000
6074,68.000000
6075,-16.000000
6076,-28.000000
6077,4.000000
6078,-8.000000
6079,0.000000
6080,44.000000
6081,8.000000
6082,20.000000
6083,48.000000
6084,-16.000000
6085,-4.000000
6086,-28.000000
6087,8.000000
6088,20.000000
6089,-20.000000
6090,-8.000000
6091,0.000000
6092,-8.000000
6093,52.000000
6094,24.000000
6095,-24.000000
6096,-8.000000
6097,-4.000000
6098,-28.000000
6099,-36.000000
6100,-12.000000
6101,-16.000000
6102,32.000000
6103,8.000000
6104,4.000000
6105,-40.000000
6106,32.000000
6107,4.000000
6108,8.000000
6109,-88.000000
6110,-40.000000
6111,-36.000000
6112,-40.000000
6113,16.000000
6114,28.000000
6115,20.000000
6116,16.000000
6117,16.000000
6118,8.000000
6119,-4.000000
6120,-8.000000
6121,-12.000000
6122,-16.000000
6123,16.000000
6124,-16.000000
6125,-40.000000
6126,0.000000
6127,24.000000
6128,24.000000
6129,-4.000000
6130,-4.000000
6131,-4.000000
6132,-20.000000
6133,4.000000
6134,8.000000
6135,40.000000
6136,20.000000
6137,4.000000
6138,-16.000000
6139,-16.000000
6140,-28.000000
6141,-8.000000
6142,-4.000000
6143,-20.000000
6144,-8.000000
6145,-4.000000
6146,4.000000
6147,-16.000000
6148,16.000000
6149,-40.000000
6150,0.000000
6151,40.000000
6152,28.000000
6153,-32.000000
6154,-8.000000
6155,-8.000000
6156,52.000000
6157,-28.000000
6158,24.000000
6159,52.000000
6160,-60.000000
6161,0.000000
6162,0.000000
6163,-8.000000
6164,20.000000
6165,-12.000000
6166,52.000000
6167,-12.000000
6168,8.000000
6169,0.000000
6170,-32.000000
6171,28.000000
6172,-4.000000
6173,-16.000000
6174,-24.000000
6175,-28.000000
6176,-8.000000
6177,-20.000000
6178,32.000000
6179,-36.000000
6180,-8.000000
6181,-40.000000
6182,-16.000000
6183,16.000000
6184,12.000000
6185,-44.000000
6186,-8.000000
6187,-4.000000
6188,-24.000000
6189,-20.000000
6190,-12.000000
6191,-12.000000
6192,-8.000000
6193,-8.000000
6194,4.000000
6195,4.000000
6196,-20.000000
6197,-36.000000
6198,8.000000
6199,0.000000
6200,-4.000000
6201,-8.000000
6202,-8.000000
6203,-8.000000
6204,-8.000000
6205,44.000000
6206,-20.000000
6207,24.000000
6208,-8.000000
6209,-4.000000
6210,-16.000000
6211,-8.000000
6212,-32.000000
6213,12.000000
6214,8.000000
6215,0.000000
6216,20.000000
6217,12.000000
6218,-4.000000
6219,-8.000000
6220,-32.000000
6221,0.000000
6222,-12.000000
6223,-12.000000
6224,-8.000000
6225,0.000000
6226,-12.000000
6227,-12.000000
6228,0.000000
6229,64.000000
6230,-28.000000
6231,-28.000000
6232,0.000000
6233,-20.000000
6234,0.000000
6235,0.000000
6236,32.000000
6237,0.000000
6238,-12.000000
6239,4.000000
6240,-8.000000
6241,52.000000
6242,-4.000000
6243,-12.000000
6244,4.000000
6245,-12.000000
6246,4.000000
6247,-28.000000
6248,-16.000000
6249,8.000000
6250,76.000000
6251,64.000000
6252,8.000000
6253,0.000000
6254,-4.000000
6255,0.000000
6256,16.000000
6257,0.000000
6258,0.000000
6259,-20.000000
6260,-44.000000
6261,0.000000
6262,-40.000000
6263,76.000000
6264,-20.000000
6265,8.000000
6266,0.000000
6267,4.000000
6268,0.000000
6269,0.000000
6270,-24.000000
6271,52.000000
6272,24.000000
6273,-16.000000
6274,-20.000000
6275,0.000000
6276,4.000000
6277,-4.000000
6278,-8.000000
6279,84.000000
6280,-24.000000
6281,4.000000
6282,-36.000000
6283,12.000000
6284,8.000000
6285,-12.000000
6286,0.000000
6287,24.000000
6288,-8.000000
6289,-16.000000
6290,-20.000000
6291,-8.000000
6292,4.000000
6293,28.000000
6294,20.000000
6295,20.000000
6296,-8.000000
6297,12.000000
6298,56.000000
6299,-4.000000
6300,20.000000
6301,20.000000
6302,-8.000000
6303,4.000000
6304,12.000000
6305,4.000000
6306,4.000000
6307,-20.000000
6308,4.000000
6309,-24.000000
6310,-8.000000
6311,-16.000000
6312,-4.000000
6313,-28.000000
6314,28.000000
6315,4.000000
6316,-8.000000
6317,52.000000
6318,-28.000000
6319,16.000000
6320,-24.000000
6321,-24.000000
6322,-8.000000
6323,-16.000000
6324,-8.000000
6325,20.000000
6326,64.000000
6327,28.000000
6328,-4.000000
6329,-8.000000
6330,-16.000000
6331,0.000000
6332,12.000000
6333,4.000000
6334,16.000000
6335,0.000000
6336,-72.000000
6337,-8.000000
6338,12.000000
6339,-8.000000
6340,24.000000
6341,-44.000000
6342,44.000000
6343,-20.000000
6344,0.000000
6345,24.000000
6346,0.000000
6347,-28.000000
6348,40.000000
6349,-8.000000
6350,-8.000000
6351,60.000000
6352,0.000000
6353,0.000000
6354,-28.000000
6355,0.000000
6356,20.000000
6357,-48.000000
6358,-12.000000
6359,12.000000
6360,24.000000
6361,-72.000000
6362,8.000000
6363,-16.000000
6364,8.000000
6365,-28.000000
6366,-48.000000
6367,-12.000000
6368,-16.000000
6369,4.000000
6370,0.000000
6371,4.000000
6372,-8.000000
6373,20.000000
6374,-4.000000
6375,0.000000
6376,-16.000000
6377,-20.000000
6378,-20.000000
6379,-20.000000
6380,0.000000
6381,20.000000
6382,-4.000000
6383,-12.000000
6384,-24.000000
6385,52.000000
6386,-12.000000
6387,-56.000000
6388,-16.000000
6389,-16.000000
6390,-4.000000
6391,-32.000000
6392,16.000000
6393,24.000000
6394,8.000000
6395,-8.000000
6396,4.000000
6397,-32.000000
6398,-12.000000
6399,20.000000
6400,-8.000000
6401,-36.000000
6402,0.000000
6403,0.000000
6404,16.000000
6405,-16.000000
6406,-28.000000
6407,16.000000
6408,0.000000
6409,16.000000
6410,-20.000000
6411,-60.000000
6412,-32.000000
6413,-8.000000
6414,-24.000000
6415,8.000000
6416,-20.000000
6417,44.000000
6418,8.000000
6419,-4.000000
6420,-20.000000
6421,-8.000000
6422,-8.000000
6423,4.000000
6424,28.000000
6425,-32.000000
6426,32.000000
6427,12.000000
6428,-28.000000
6429,48.000000
6430,8.000000
6431,-28.000000
6432,16.000000
6433,0.000000
6434,28.000000
6435,-20.000000
6436,-20.000000
6437,20.000000
6438,-8.000000
6439,4.000000
6440,-8.000000
6441,-12.000000
6442,4.000000
6443,4.000000
6444,-4.000000
6445,28.000000
6446,-8.000000
6447,16.000000
6448,-28.000000
6449,0.000000
6450,-8.000000
6451,-32.000000
6452,24.000000
6453,-4.000000
6454,56.000000
6455,-20.000000
6456,0.000000
6457,24.000000
6458,12.000000
6459,-8.000000
6460,0.000000
6461,-12.000000
6462,52.000000
6463,-32.000000
6464,4.000000
6465,16.000000
6466,-4.000000
6467,24.000000
6468,-4.000000
6469,16.000000
6470,-12.000000
6471,0.000000
6472,16.000000
6473,-8.000000
6474,40.000000
6475,28.000000
6476,-4.000000
6477,-20.000000
6478,-12.000000
6479,-12.000000
6480,-20.000000
6481,-8.000000
6482,0.000000
6483,16.000000
6484,-20.000000
6485,-8.000000
6486,-16.000000
6487,-16.000000
6488,-4.000000
6489,-16.000000
6490,-16.000000
6491,16.000000
6492,8.000000
6493,8.000000
6494,-32.000000
6495,0.000000
6496,-8.000000
6497,-8.000000
6498,-20.000000
6499,12.000000
6500,-12.000000
6501,44.000000
6502,40.000000
6503,-48.000000
6504,0.000000
6505,0.000000
6506,24.000000
6507,-16.000000
6508,-20.000000
6509,-20.000000
6510,-32.000000
6511,-8.000000
6512,-16.000000
6513,8.000000
6514,0.000000
6515,12.000000
6516,20.000000
6517,-8.000000
6518,-24.000000
6519,0.000000
6520,8.000000
6521,32.000000
6522,12.000000
6523,0.000000
6524,-12.000000
6525,0.000000
6526,-16.000000
6527,-28.000000
6528,24.000000
6529,24.000000
6530,0.000000
6531,-4.000000
6532,64.000000
6533,-20.000000
6534,-16.000000
6535,-8.000000
6536,16.000000
6537,52.000000
6538,-24.000000
6539,24.000000
6540,16.000000
6541,16.000000
6542,0.000000
6543,52.000000
6544,8.000000
6545,8.000000
6546,-32.000000
6547,-8.000000
6548,-4.000000
6549,16.000000
6550,-8.000000
6551,0.000000
6552,-8.000000
6553,-8.000000
6554,-28.000000
6555,-4.000000
6556,16.000000
6557,28.000000
6558,-4.000000
6559,-20.000000
6560,-8.000000
6561,-64.000000
6562,-24.000000
6563,-28.000000
6564,16.000000
6565,24.000000
6566,-8.000000
6567,-8.000000
6568,4.000000
6569,-12.000000
6570,4.000000
6571,4.000000
6572,-28.000000
6573,44.000000
6574,-16.000000
6575,-8.000000
6576,-8.000000
6577,-8.000000
6578,-8.000000
6579,0.000000
6580,12.000000
6581,-8.000000
6582,-16.000000
6583,-40.000000
6584,0.000000
6585,0.000000
6586,-12.000000
6587,24.000000
6588,4.000000
6589,4.000000
6590,-20.000000
6591,-12.000000
6592,-24.000000
6593,16.000000
6594,-52.000000
6595,-12.000000
6596,4.000000
6597,4.000000
6598,-8.000000
6599,0.000000
6600,20.000000
6601,-8.000000
6602,-12.000000
6603,28.000000
6604,-12.000000
6605,-32.000000
6606,16.000000
6607,-44.000000
6608,-16.000000
6609,12.000000
6610,32.000000
6611,24.000000
6612,-72.000000
6613,8.000000
6614,-8.000000
6615,-40.000000
6616,-28.000000
6617,-8.000000
6618,-4.000000
6619,-8.000000
6620,-8.000000
6621,-20.000000
6622,44.000000
6623,44.000000
6624,-16.000000
6625,-12.000000
6626,56.000000
6627,0.000000
6628,-8.000000
6629,52.000000
6630,44.000000
6631,-12.000000
6632,8.000000
6633,-44.000000
6634,-40.000000
6635,-20.000000
6636,0.000000
6637,0.000000
6638,-16.000000
6639,-12.000000
6640,-12.000000
6641,16.000000
6642,12.000000
6643,12.000000
6644,-28.000000
6645,-28.000000
6646,-4.000000
6647,0.000000
6648,16.000000
6649,24.000000
6650,16.000000
6651,-28.000000
6652,8.000000
6653,28.000000
6654,12.000000
6655,-12.000000
6656,8.000000
6657,0.000000
6658,-28.000000
6659,12.000000
6660,44.000000
6661,-8.000000
6662,16.000000
6663,-8.000000
6664,52.000000
6665,8.000000
6666,0.000000
6667,0.000000
6668,-20.000000
6669,-44.000000
6670,44.000000
6671,0.000000
6672,16.000000
6673,-8.000000
6674,-16.000000
6675,28.000000
6676,20.000000
6677,-44.000000
6678,-20.000000
6679,0.000000
6680,12.000000
6681,4.000000
6682,-8.000000
6683,-8.000000
6684,8.000000
6685,-12.000000
6686,92.000000
6687,72.000000
6688,8.000000
6689,24.000000
6690,-4.000000
6691,4.000000
6692,-8.000000
6693,4.000000
6694,-16.000000
6695,24.000000
6696,-8.000000
6697,-28.000000
6698,0.000000
6699,-16.000000
6700,4.000000
6701,24.000000
6702,52.000000
6703,-40.000000
6704,-16.000000
6705,-8.000000
6706,-24.000000
6707,-60.000000
6708,24.000000
6709,-16.000000
6710,-40.000000
6711,-28.000000
6712,16.000000
6713,0.000000
6714,-20.000000
6715,24.000000
6716,-32.000000
6717,-8.000000
6718,-8.000000
6719,4.000000
6720,-16.000000
6721,-20.000000
6722,44.000000
6723,76.000000
6724,-16.000000
6725,-16.000000
6726,-20.000000
6727,28.000000
6728,-16.000000
6729,-8.000000
6730,8.000000
6731,4.000000
6732,-16.000000
6733,-20.000000
6734,-12.000000
6735,-4.000000
6736,-24.000000
6737,-24.000000
6738,-24.000000
6739,-20.000000
6740,-8.000000
6741,28.000000
6742,16.000000
6743,-52.000000
6744,-4.000000
6745,0.000000
6746,8.000000
6747,64.000000
6748,-8.000000
6749,-36.000000
6750,-52.000000
6751,0.000000
6752,32.000000
6753,-4.000000
6754,-4.000000
6755,-8.000000
6756,4.000000
6757,-4.000000
6758,-4.000000
6759,-8.000000
6760,-8.000000
6761,-8.000000
6762,-4.000000
6763,16.000000
6764,-8.000000
6765,-12.000000
6766,4.000000
6767,-40.000000
6768,-20.000000
6769,28.000000
6770,-32.000000
6771,-16.000000
6772,-8.000000
6773,-8.000000
6774,24.000000
6775,-8.000000
6776,-12.000000
6777,-40.000000
6778,-48.000000
6779,-12.000000
6780,8.000000
6781,24.000000
6782,-8.000000
6783,52.000000
6784,-20.000000
6785,28.000000
6786,-4.000000
6787,0.000000
6788,-8.000000
6789,8.000000
6790,-20.000000
6791,-4.000000
6792,4.000000
6793,-36.000000
6794,-32.000000
6795,-44.000000
6796,0.000000
6797,60.000000
6798,20.000000
6799,0.000000
6800,0.000000
6801,16.000000
6802,8.000000
6803,8.000000
6804,-28.000000
6805,-12.000000
6806,44.000000
6807,52.000000
6808,-20.000000
6809,36.000000
6810,-24.000000
6811,28.000000
6812,-8.000000
6813,-24.000000
6814,8.000000
6815,8.000000
6816,40.000000
6817,-20.000000
6818,24.000000
6819,16.000000
6820,-40.000000
6821,44.000000
6822,-32.000000
6823,8.000000
6824,64.000000
6825,52.000000
6826,20.000000
6827,4.000000
6828,24.000000
6829,16.000000
6830,-20.000000
6831,-8.000000
6832,8.000000
6833,12.000000
6834,-8.000000
6835,-8.000000
6836,52.000000
6837,16.000000
6838,-32.000000
6839,-16.000000
6840,-36.000000
6841,-8.000000
6842,0.000000
6843,-24.000000
6844,-28.000000
6845,16.000000
6846,-8.000000
6847,28.000000
6848,-12.000000
6849,-8.000000
6850,-4.000000
6851,-20.000000
6852,16.000000
6853,-36.000000
6854,-44.000000
6855,-36.000000
6856,-28.000000
6857,-28.000000
6858,-12.000000
6859,-12.000000
6860,-24.000000
6861,-8.000000
6862,12.000000
6863,32.000000
6864,-16.000000
6865,-20.000000
6866,-28.000000
6867,32.000000
6868,44.000000
6869,-20.000000
6870,-12.000000
6871,-44.000000
6872,12.000000
6873,0.000000
6874,0.000000
6875,-24.000000
6876,-8.000000
6877,-32.000000
6878,-24.000000
6879,4.000000
6880,-16.000000
6881,-12.000000
6882,-8.000000
6883,-4.000000
6884,-24.000000
6885,20.000000
6886,-8.000000
6887,-8.000000
6888,-8.000000
6889,-20.000000
6890,20.000000
6891,-52.000000
6892,-24.000000
6893,-28.000000
6894,16.000000
6895,-8.000000
6896,12.000000
6897,-8.000000
6898,16.000000
6899,-40.000000
6900,28.000000
6901,12.000000
6902,20.000000
6903,-28.000000
6904,0.000000
6905,-8.000000
6906,12.000000
6907,-24.000000
6908,-8.000000
6909,0.000000
6910,-8.000000
6911,-8.000000
6912,-8.000000
6913,-12.000000
6914,52.000000
6915,-8.000000
6916,-92.000000
6917,-8.000000
6918,24.000000
6919,0.000000
6920,-12.000000
6921,-8.000000
6922,24.000000
6923,-8.000000
6924,88.000000
6925,16.000000
6926,12.000000
6927,-32.000000
6928,-8.000000
6929,-8.000000
6930,20.000000
6931,20.000000
6932,-16.000000
6933,40.000000
6934,8.000000
6935,0.000000
6936,-8.000000
6937,-20.000000
6938,-24.000000
6939,-28.000000
6940,-8.000000
6941,-12.000000
6942,16.000000
6943,-40.000000
6944,-8.000000
6945,-56.000000
6946,-8.000000
6947,56.000000
6948,0.000000
6949,-20.000000
6950,-24.000000
6951,8.000000
6952,0.000000
6953,-8.000000
6954,4.000000
6955,20.000000
6956,-8.000000
6957,-44.000000
6958,-24.000000
6959,-12.000000
6960,20.000000
6961,0.000000
6962,44.000000
6963,52.000000
6964,-20.000000
6965,-28.000000
6966,-28.000000
6967,-52.000000
6968,64.000000
6969,-20.000000
6970,64.000000
6971,-32.000000
6972,-8.000000
6973,0.000000
6974,8.000000
6975,8.000000
6976,-28.000000
6977,-28.000000
6978,-8.000000
6979,4.000000
6980,-40.000000
6981,-32.000000
6982,0.000000
6983,0.000000
6984,16.000000
6985,-16.000000
6986,-32.000000
6987,12.000000
6988,-32.000000
6989,-20.000000
6990,4.000000
6991,8.000000
6992,-8.000000
6993,72.000000
6994,-4.000000
6995,0.000000
6996,0.000000
6997,-4.000000
6998,-8.000000
6999,8.000000
7000,20.000000
7001,12.000000
7002,20.000000
7003,-36.000000
7004,-8.000000
7005,8.000000
7006,12.000000
7007,-24.000000
7008,0.000000
7009,0.000000
7010,-12.000000
7011,-12.000000
7012,-8.000000
7013,-8.000000
7014,-20.000000
7015,-36.000000
7016,-8.000000
7017,24.000000
7018,8.000000
7019,0.000000
7020,28.000000
7021,-24.000000
7022,-8.000000
7023,-40.000000
7024,4.000000
7025,0.000000
7026,8.000000
7027,-12.000000
7028,-4.000000
7029,-20.000000
7030,-8.000000
7031,-48.000000
7032,28.000000
7033,-4.000000
7034,-28.000000
7035,-12.000000
7036,-16.000000
7037,44.000000
7038,4.000000
7039,-4.000000
7040,12.000000
7041,-24.000000
7042,-16.000000
7043,-8.000000
7044,-36.000000
7045,0.000000
7046,4.000000
7047,8.000000
7048,-40.000000
7049,-16.000000
7050,-32.000000
7051,0.000000
7052,0.000000
7053,-24.000000
7054,8.000000
7055,36.000000
7056,-12.000000
7057,0.000000
7058,0.000000
7059,0.000000
7060,-28.000000
7061,-8.000000
7062,0.000000
7063,16.000000
7064,-16.000000
7065,60.000000
7066,-36.000000
7067,-20.000000
7068,-28.000000
7069,4.000000
7070,-4.000000
7071,92.000000
7072,8.000000
7073,-24.000000
7074,0.000000
7075,4.000000
7076,-8.000000
7077,-8.000000
7078,8.000000
7079,-16.000000
7080,4.000000
7081,8.000000
7082,20.000000
7083,0.000000
7084,4.000000
7085,0.000000
7086,16.000000
7087,32.000000
7088,16.000000
7089,16.000000
7090,-28.000000
7091,0.000000
7092,8.000000
7093,-44.000000
7094,0.000000
7095,0.000000
7096,24.000000
7097,-8.000000
7098,-24.000000
7099,28.000000
7100,-24.000000
7101,16.000000
7102,4.000000
7103,52.000000
7104,-4.000000
7105,-16.000000
7106,20.000000
7107,-32.000000
7108,52.000000
7109,12.000000
7110,-24.000000
7111,8.000000
7112,-4.000000
7113,4.000000
7114,0.000000
7115,0.000000
7116,-8.000000
7117,28.000000
7118,-32.000000
7119,4.000000
7120,0.000000
7121,-8.000000
7122,-8.000000
7123,68.000000
7124,-4.000000
7125,-16.000000
7126,-12.000000
7127,12.000000
7128,16.000000
7129,-40.000000
7130,24.000000
7131,-20.000000
7132,-8.000000
7133,-28.000000
7134,-4.000000
7135,-16.000000
7136,-20.000000
7137,-120.000000
7138,68.000000
7139,-52.000000
7140,44.000000
7141,-56.000000
7142,-32.000000
7143,-36.000000
7144,-12.000000
7145,0.000000
7146,16.000000
7147,0.000000
7148,28.000000
7149,-8.000000
7150,-24.000000
7151,20.000000
7152,-8.000000
7153,-8.000000
7154,0.000000
7155,0.000000
7156,-4.000000
7157,-12.000000
7158,20.000000
7159,-8.000000
7160,32.000000
7161,0.000000
7162,0.000000
7163,0.000000
7164,8.000000
7165,52.000000
7166,-20.000000
7167,-52.000000
7168,12.000000
7169,0.000000
7170,-20.000000
7171,44.000000
7172,0.000000
7173,8.000000
7174,-20.000000
7175,0.000000
7176,0.000000
7177,44.000000
7178,24.000000
7179,-40.000000
7180,-12.000000
7181,48.000000
7182,16.000000
7183,-52.000000
7184,-8.000000
7185,0.000000
7186,4.000000
7187,0.000000
7188,-44.000000
7189,-8.000000
7190,4.000000
7191,0.000000
7192,24.000000
7193,4.000000
7194,-16.000000
7195,-20.000000
7196,-24.000000
7197,4.000000
7198,-16.000000
7199,-16.000000
7200,-8.000000
7201,-8.000000
7202,-8.000000
7203,-4.000000
7204,4.000000
7205,0.000000
7206,28.000000
7207,24.000000
7208,0.000000
7209,-12.000000
7210,4.000000
7211,-8.000000
7212,-8.000000
7213,24.000000
7214,0.000000
7215,64.000000
7216,0.000000
7217,-12.000000
7218,12.000000
7219,-44.000000
7220,12.000000
7221,-16.000000
7222,-72.000000
7223,24.000000
7224,-32.000000
7225,-32.000000
7226,8.000000
7227,32.000000
7228,0.000000
7229,-4.000000
7230,-8.000000
7231,-8.000000
7232,4.000000
7233,0.000000
7234,-12.000000
7235,-12.000000
7236,-12.000000
7237,-4.000000
7238,-4.000000
7239,4.000000
7240,-32.000000
7241,-4.000000
7242,-4.000000
7243,-20.000000
7244,-24.000000
7245,40.000000
7246,-20.000000
7247,0.000000
7248,-16.000000
7249,-12.000000
7250,-24.000000
7251,0.000000
7252,-32.000000
7253,24.000000
7254,-92.000000
7255,-8.000000
7256,-28.000000
7257,28.000000
7258,4.000000
7259,-4.000000
7260,12.000000
7261,-4.000000
7262,52.000000
7263,4.000000
7264,0.000000
7265,-24.000000
7266,-8.000000
7267,-40.000000
7268,24.000000
7269,-32.000000
7270,16.000000
7271,-8.000000
7272,12.000000
7273,-20.000000
7274,24.000000
7275,-28.000000
7276,-8.000000
7277,12.000000
7278,-8.000000
7279,-8.000000
7280,12.000000
7281,-44.000000
7282,20.000000
7283,-12.000000
7284,-16.000000
7285,-16.000000
7286,0.000000
7287,-4.000000
7288,-4.000000
7289,-12.000000
7290,4.000000
7291,-20.000000
7292,-8.000000
7293,8.000000
7294,-4.000000
7295,-8.000000
7296,-12.000000
7297,-12.000000
7298,0.000000
7299,-32.000000
7300,-44.000000
7301,-8.000000
7302,-16.000000
7303,-12.000000
7304,-40.000000
7305,-20.000000
7306,-8.000000
7307,4.000000
7308,24.000000
7309,20.000000
7310,-44.000000
7311,-8.000000
7312,-8.000000
7313,-4.000000
7314,-24.000000
7315,-32.000000
7316,-12.000000
7317,-8.000000
7318,-12.000000
7319,-4.000000
7320,-12.000000
7321,-4.000000
7322,-20.000000
7323,-24.000000
7324,16.000000
7325,24.000000
7326,8.000000
7327,-4.000000
7328,-8.000000
7329,-12.000000
7330,-8.000000
7331,-8.000000
7332,76.000000
7333,-8.000000
7334,-16.000000
7335,8.000000
7336,-8.000000
7337,16.000000
7338,-4.000000
7339,-4.000000
7340,-48.000000
7341,-4.000000
7342,-8.000000
7343,20.000000
7344,28.000000
7345,-8.000000
7346,-32.000000
7347,4.000000
7348,-20.000000
7349,-32.000000
7350,0.000000
7351,4.000000
7352,28.000000
7353,-4.000000
7354,-20.000000
7355,12.000000
7356,-44.000000
7357,0.000000
7358,-24.000000
7359,-24.000000
7360,0.000000
7361,-20.000000
7362,12.000000
7363,12.000000
7364,-28.000000
7365,-16.000000
7366,20.000000
7367,44.000000
7368,12.000000
7369,-4.000000
7370,4.000000
7371,-36.000000
7372,28.000000
7373,16.000000
7374,-32.000000
7375,8.000000
7376,0.000000
7377,0.000000
7378,-8.000000
7379,-16.000000
7380,24.000000
7381,-24.000000
7382,-8.000000
7383,-28.000000
7384,-12.000000
7385,-8.000000
7386,-12.000000
7387,-24.000000
7388,-20.000000
7389,0.000000
7390,-8.000000
7391,-24.000000
7392,8.000000
7393,-36.000000
7394,52.000000
7395,20.000000
7396,-4.000000
7397,-8.000000
7398,4.000000
7399,-8.000000
7400,4.000000
7401,-8.000000
7402,4.000000
7403,0.000000
7404,12.000000
7405,20.000000
7406,-12.000000
7407,-16.000000
7408,-8.000000
7409,-8.000000
7410,0.000000
7411,0.000000
7412,0.000000
7413,88.000000
7414,0.000000
7415,-16.000000
7416,12.000000
7417,-72.000000
7418,16.000000
7419,-12.000000
7420,-20.000000
7421,-8.000000
7422,56.000000
7423,-12.000000
7424,-8.000000
7425,-32.000000
7426,44.000000
7427,-36.000000
7428,-8.000000
7429,20.000000
7430,0.000000
7431,-8.000000
7432,-12.000000
7433,4.000000
7434,-52.000000
7435,4.000000
7436,-8.000000
7437,76.000000
7438,-4.000000
7439,-8.000000
7440,4.000000
7441,4.000000
7442,12.000000
7443,-52.000000
7444,-20.000000
7445,-24.000000
7446,-4.000000
7447,68.000000
7448,4.000000
7449,0.000000
7450,-8.000000
7451,32.000000
7452,-32.000000
7453,12.000000
7454,16.000000
7455,-56.000000
7456,-24.000000
7457,-32.000000
7458,0.000000
7459,0.000000
7460,-4.000000
7461,-8.000000
7462,-40.000000
7463,-12.000000
7464,0.000000
7465,0.000000
7466,0.000000
7467,16.000000
7468,-32.000000
7469,40.000000
7470,4.000000
7471,-24.000000
7472,-40.000000
7473,56.000000
7474,8.000000
7475,0.000000
7476,12.000000
7477,0.000000
7478,12.000000
7479,-12.000000
7480,56.000000
7481,4.000000
7482,-24.000000
7483,-20.000000
7484,0.000000
7485,-20.000000
7486,12.000000
7487,-12.000000
7488,-32.000000
7489,-32.000000
7490,-8.000000
7491,4.000000
7492,-16.000000
7493,-20.000000
7494,24.000000
7495,0.000000
7496,-8.000000
7497,-52.000000
7498,-16.000000
7499,-52.000000
7500,-8.000000
7501,-8.000000
7502,12.000000
7503,44.000000
7504,-20.000000
7505,28.000000
7506,-44.000000
7507,12.000000
7508,24.000000
7509,16.000000
7510,-4.000000
7511,-16.000000
7512,40.000000
7513,4.000000
7514,8.000000
7515,-40.000000
7516,-4.000000
7517,-4.000000
7518,-4.000000
7519,-8.000000
7520,-20.000000
7521,-8.000000
7522,8.000000
7523,8.000000
7524,-16.000000
7525,-32.000000
7526,-16.000000
7527,16.000000
7528,-16.000000
7529,16.000000
7530,-8.000000
7531,-4.000000
7532,4.000000
7533,-32.000000
7534,-4.000000
7535,-12.000000
7536,4.000000
7537,-24.000000
7538,-16.000000
7539,-8.000000
7540,20.000000
7541,-16.000000
7542,-8.000000
7543,-8.000000
7544,-4.000000
7545,0.000000
7546,0.000000
7547,-8.000000
7548,-24.000000
7549,-24.000000
7550,-4.000000
7551,0.000000
7552,20.000000
7553,-20.000000
7554,-52.000000
7555,-28.000000
7556,-16.000000
7557,-32.000000
7558,12.000000
7559,-20.000000
7560,0.000000
7561,-8.000000
7562,32.000000
7563,-36.000000
7564,4.000000
7565,24.000000
7566,-20.000000
7567,20.000000
7568,52.000000
7569,-20.000000
7570,20.000000
7571,0.000000
7572,8.000000
7573,-80.000000
7574,-24.000000
7575,-40.000000
7576,16.000000
7577,-4.000000
7578,24.000000
7579,32.000000
7580,-24.000000
7581,28.000000
7582,8.000000
7583,-16.000000
7584,-20.000000
7585,4.000000
7586,-12.000000
7587,24.000000
7588,20.000000
7589,20.000000
7590,-4.000000
7591,-8.000000
7592,-4.000000
7593,-8.000000
7594,-64.000000
7595,16.000000
7596,4.000000
7597,-8.000000
7598,-16.000000
7599,-8.000000
7600,12.000000
7601,16.000000
7602,-8.000000
7603,-8.000000
7604,4.000000
7605,4.000000
7606,52.000000
7607,16.000000
7608,-12.000000
7609,-20.000000
7610,-16.000000
7611,28.000000
7612,-28.000000
7613,0.000000
7614,28.000000
7615,-8.000000
7616,44.000000
7617,-8.000000
7618,20.000000
7619,44.000000
7620,-8.000000
7621,-8.000000
7622,12.000000
7623,-32.000000
7624,68.000000
7625,20.000000
7626,-24.000000
7627,-28.000000
7628,-36.000000
7629,16.000000
7630,0.000000
7631,-8.000000
7632,-4.000000
7633,52.000000
7634,8.000000
7635,4.000000
7636,-12.000000
7637,-8.000000
7638,-8.000000
7639,-24.000000
7640,8.000000
7641,-16.000000
7642,20.000000
7643,-40.000000
7644,8.000000
7645,-44.000000
7646,16.000000
7647,-16.000000
7648,0.000000
7649,4.000000
7650,-40.000000
7651,-20.000000
7652,-12.000000
7653,-8.000000
7654,-4.000000
7655,16.000000
7656,8.000000
7657,-8.000000
7658,-8.000000
7659,-32.000000
7660,20.000000
7661,44.000000
7662,-8.000000
7663,-8.000000
7664,0.000000
7665,12.000000
7666,-8.000000
7667,56.000000
7668,-36.000000
7669,-32.000000
7670,-8.000000
7671,0.000000
7672,-44.000000
7673,0.000000
7674,-12.000000
7675,-16.000000
7676,12.000000
7677,-12.000000
7678,20.000000
7679,0.000000
7680,44.000000
7681,-20.000000
7682,68.000000
7683,-32.000000
7684,12.000000
7685,4.000000
7686,20.000000
7687,24.000000
7688,-40.000000
7689,20.000000
7690,32.000000
7691,4.000000
7692,-24.000000
7693,-4.000000
7694,-16.000000
7695,20.000000
7696,4.000000
7697,0.000000
7698,12.000000
7699,-8.000000
7700,68.000000
7701,4.000000
7702,4.000000
7703,12.000000
7704,-64.000000
7705,-16.000000
7706,0.000000
7707,-8.000000
7708,44.000000
7709,-12.000000
7710,-20.000000
7711,8.000000
7712,-24.000000
7713,-28.000000
7714,0.000000
7715,-12.000000
7716,16.000000
7717,4.000000
7718,-8.000000
7719,0.000000
7720,-8.000000
7721,0.000000
7722,-24.000000
7723,-8.000000
7724,-20.000000
7725,-32.000000
7726,0.000000
7727,16.000000
7728,-8.000000
7729,-8.000000
7730,24.000000
7731,8.000000
7732,0.000000
7733,-40.000000
7734,-4.000000
7735,-24.000000
7736,-16.000000
7737,8.000000
7738,-8.000000
7739,-4.000000
7740,0.000000
7741,-12.000000
7742,0.000000
7743,8.000000
7744,-32.000000
7745,16.000000
7746,-56.000000
7747,4.000000
7748,-28.000000
7749,-24.000000
7750,24.000000
7751,24.000000
7752,-16.000000
7753,-20.000000
7754,-28.000000
7755,0.000000
7756,4.000000
7757,4.000000
7758,-28.000000
7759,-24.000000
7760,0.000000
7761,16.000000
7762,-32.000000
7763,-32.000000
7764,0.000000
7765,0.000000
7766,-8.000000
7767,68.000000
7768,-8.000000
7769,16.000000
7770,0.000000
7771,-60.000000
7772,-4.000000
7773,-8.000000
7774,0.000000
7775,-12.000000
7776,12.000000
7777,-4.000000
7778,-8.000000
7779,-16.000000
7780,0.000000
7781,-28.000000
7782,24.000000
7783,0.000000
7784,0.000000
7785,8.000000
7786,-36.000000
7787,8.000000
7788,-12.000000
7789,0.000000
7790,-32.000000
7791,-12.000000
7792,-4.000000
7793,-4.000000
7794,28.000000
7795,-40.000000
7796,-8.000000
7797,8.000000
7798,0.000000
7799,-52.000000
7800,-32.000000
7801,0.000000
7802,-28.000000
7803,-24.000000
7804,84.000000
7805,-8.000000
7806,16.000000
7807,-12.000000
7808,0.000000
7809,-4.000000
7810,8.000000
7811,16.000000
7812,-8.000000
7813,-8.000000
7814,8.000000
7815,4.000000
7816,0.000000
7817,16.000000
7818,-4.000000
7819,-8.000000
7820,-16.000000
7821,104.000000
7822,84.000000
7823,16.000000
7824,-8.000000
7825,-40.000000
7826,4.000000
7827,-8.000000
7828,-8.000000
7829,0.000000
7830,12.000000
7831,-8.000000
7832,56.000000
7833,20.000000
7834,-16.000000
7835,-8.000000
7836,-28.000000
7837,12.000000
7838,-8.000000
7839,-12.000000
7840,-72.000000
7841,12.000000
7842,24.000000
7843,-4.000000
7844,20.000000
7845,-44.000000
7846,-16.000000
7847,-8.000000
7848,0.000000
7849,-12.000000
7850,-40.000000
7851,40.000000
7852,-44.000000
7853,0.000000
7854,-44.000000
7855,0.000000
7856,4.000000
7857,-28.000000
7858,-8.000000
7859,8.000000
7860,-28.000000
7861,-12.000000
7862,-28.000000
7863,-24.000000
7864,44.000000
7865,-20.000000
7866,-52.000000
7867,0.000000
7868,-16.000000
7869,-16.000000
7870,-12.000000
7871,52.000000
7872,48.000000
7873,16.000000
7874,-8.000000
7875,-96.000000
7876,-8.000000
7877,-32.000000
7878,4.000000
7879,-12.000000
7880,28.000000
7881,-12.000000
7882,48.000000
7883,16.000000
7884,28.000000
7885,4.000000
7886,-44.000000
7887,8.000000
7888,-12.000000
7889,-52.000000
7890,0.000000
7891,-4.000000
7892,-24.000000
7893,-12.000000
7894,-24.000000
7895,0.000000
7896,-32.000000
7897,0.000000
7898,32.000000
7899,0.000000
7900,0.000000
7901,-24.000000
7902,-40.000000
7903,-24.000000
7904,-32.000000
7905,8.000000
7906,0.000000
7907,-8.000000
7908,-44.000000
7909,-16.000000
7910,-8.000000
7911,-40.000000
7912,-20.000000
7913,-12.000000
7914,-12.000000
7915,-12.000000
7916,-8.000000
7917,-8.000000
7918,24.000000
7919,-40.000000
7920,-24.000000
7921,-28.000000
7922,-40.000000
7923,0.000000
7924,-48.000000
7925,-24.000000
7926,-4.000000
7927,-24.000000
7928,-48.000000
7929,-44.000000
7930,52.000000
7931,-4.000000
7932,-4.000000
7933,0.000000
7934,-16.000000
7935,0.000000
7936,0.000000
7937,4.000000
7938,44.000000
7939,16.000000
7940,0.000000
7941,-8.000000
7942,-20.000000
7943,-24.000000
7944,12.000000
7945,20.000000
7946,-4.000000
7947,12.000000
7948,-8.000000
7949,-36.000000
7950,-36.000000
7951,-28.000000
7952,-16.000000
7953,20.000000
7954,-32.000000
7955,-16.000000
7956,-8.000000
7957,0.000000
7958,-8.000000
7959,0.000000
7960,-8.000000
7961,-16.000000
7962,-8.000000
7963,4.000000
7964,0.000000
7965,0.000000
7966,12.000000
7967,8.000000
7968,-24.000000
7969,-12.000000
7970,0.000000
7971,60.000000
7972,0.000000
7973,-64.000000
7974,0.000000
7975,-40.000000
7976,28.000000
7977,-8.000000
7978,8.000000
7979,24.000000
7980,-12.000000
7981,-40.000000
7982,0.000000
7983,24.000000
7984,-16.000000
7985,-4.000000
7986,4.000000
7987,12.000000
7988,-24.000000
7989,20.000000
7990,-48.000000
7991,28.000000
7992,24.000000
7993,-4.000000
7994,4.000000
7995,4.000000
7996,-24.000000
7997,-20.000000
7998,28.000000
7999,28.000000
8000,40.000000
8001,-12.000000
8002,-12.000000
8003,0.000000
8004,0.000000
8005,0.000000
8006,8.000000
8007,-12.000000
8008,-12.000000
8009,-16.000000
8010,8.000000
8011,24.000000
8012,28.000000
8013,20.000000
8014,-4.000000
8015,16.000000
8016,12.000000
8017,0.000000
8018,8.000000
8019,24.000000
8020,-20.000000
8021,28.000000
8022,0.000000
8023,0.000000
8024,52.000000
8025,-16.000000
8026,-28.000000
8027,0.000000
8028,-16.000000
8029,-32.000000
8030,-20.000000
8031,-20.000000
8032,-44.000000
8033,16.000000
8034,52.000000
8035,28.000000
8036,56.000000
8037,28.000000
8038,16.000000
8039,-72.000000
8040,-20.000000
8041,16.000000
8042,-20.000000
8043,20.000000
8044,4.000000
8045,-24.000000
8046,-16.000000
8047,12.000000
8048,-28.000000
8049,-40.000000
8050,12.000000
8051,-28.000000
8052,44.000000
8053,8.000000
8054,-24.000000
8055,-16.000000
8056,-24.000000
8057,-24.000000
8058,-32.000000
8059,8.000000
8060,12.000000
8061,4.000000
8062,-8.000000
8063,-16.000000
8064,8.000000
8065,-8.000000
8066,-44.000000
8067,-8.000000
8068,-24.000000
8069,-8.000000
8070,-28.000000
8071,24.000000
8072,-20.000000
8073,0.000000
8074,8.000000
8075,-96.000000
8076,-16.000000
8077,0.000000
8078,-8.000000
8079,24.000000
8080,-12.000000
8081,-8.000000
8082,-20.000000
8083,-16.000000
8084,4.000000
8085,-8.000000
8086,0.000000
8087,0.000000
8088,-20.000000
8089,16.000000
8090,0.000000
8091,-8.000000
8092,8.000000
8093,0.000000
8094,-16.000000
8095,-32.000000
8096,-4.000000
8097,-16.000000
8098,-20.000000
8099,12.000000
8100,-8.000000
8101,-32.000000
8102,-16.000000
8103,52.000000
8104,24.000000
8105,60.000000
8106,16.000000
8107,20.000000
8108,0.000000
8109,-4.000000
8110,-16.000000
8111,-24.000000
8112,-8.000000
8113,-12.000000
8114,-24.000000
8115,16.000000
8116,-28.000000
8117,0.000000
8118,4.000000
8119,-12.000000
8120,16.000000
8121,-8.000000
8122,16.000000
8123,16.000000
8124,20.000000
8125,-16.000000
8126,-8.000000
8127,64.000000
8128,-16.000000
8129,0.000000
8130,4.000000
8131,24.000000
8132,8.000000
8133,-60.000000
8134,8.000000
8135,12.000000
8136,0.000000
8137,0.000000
8138,-28.000000
8139,28.000000
8140,28.000000
8141,-52.000000
8142,12.000000
8143,0.000000
8144,-28.000000
8145,28.000000
8146,-8.000000
8147,8.000000
8148,-8.000000
8149,100.000000
8150,-12.000000
8151,4.000000
8152,-28.000000
8153,-32.000000
8154,-16.000000
8155,-44.000000
8156,0.000000
8157,-16.000000
8158,-36.000000
8159,-8.000000
8160,20.000000
8161,-28.000000
8162,-24.000000
8163,-20.000000
8164,0.000000
8165,-8.000000
8166,12.000000
8167,-8.000000
8168,16.000000
8169,8.000000
8170,12.000000
8171,44.000000
8172,8.000000
8173,8.000000
8174,-8.000000
8175,-32.000000
8176,-24.000000
8177,4.000000
8178,0.000000
8179,-16.000000
8180,8.000000
8181,8.000000
8182,-4.000000
8183,-12.000000
8184,20.000000
8185,8.000000
8186,12.000000
8187,-16.000000
8188,-24.000000
8189,56.000000
8190,16.000000
8191,12.000000
8192,4.000000
8193,0.000000
8194,44.000000
8195,-40.000000
8196,-28.000000
8197,8.000000
8198,-8.000000
8199,52.000000
8200,-20.000000
8201,-4.000000
8202,20.000000
8203,16.000000
8204,0.000000
8205,28.000000
8206,0.000000
8207,-12.000000
8208,0.000000
8209,4.000000
8210,-8.000000
8211,-12.000000
8212,44.000000
8213,-8.000000
8214,-24.000000
8215,-8.000000
8216,24.000000
8217,52.000000
8218,4.000000
8219,-16.000000
8220,-8.000000
8221,-8.000000
8222,-24.000000
8223,-20.000000
8224,-28.000000
8225,0.000000
8226,20.000000
8227,20.000000
8228,-28.000000
8229,-28.000000
8230,-12.000000
8231,-24.000000
8232,0.000000
8233,-20.000000
8234,28.000000
8235,-8.000000
8236,16.000000
8237,-24.000000
8238,24.000000
8239,-44.000000
8240,-36.000000
8241,-8.000000
8242,0.000000
8243,-28.000000
8244,-24.000000
8245,-52.000000
8246,-20.000000
8247,0.000000
8248,28.000000
8249,28.000000
8250,-20.000000
8251,4.000000
8252,-16.000000
8253,-12.000000
8254,20.000000
8255,0.000000
8256,-8.000000
8257,-8.000000
8258,16.000000
8259,12.000000
8260,-8.000000
8261,-12.000000
8262,-20.000000
8263,-28.000000
8264,0.000000
8265,-40.000000
8266,12.000000
8267,-28.000000
8268,-28.000000
8269,-36.000000
8270,8.000000
8271,-12.000000
8272,32.000000
8273,-8.000000
8274,-4.000000
8275,-12.000000
8276,-4.000000
8277,24.000000
8278,-4.000000
8279,24.000000
8280,-8.000000
8281,8.000000
8282,-20.000000
8283,-52.000000
8284,44.000000
8285,4.000000
8286,-12.000000
8287,8.000000
8288,-4.000000
8289,-4.000000
8290,-24.000000
8291,-12.000000
8292,40.000000
8293,40.000000
8294,-72.000000
8295,-32.000000
8296,0.000000
8297,64.000000
8298,0.000000
8299,-20.000000
8300,0.000000
8301,12.000000
8302,-24.000000
8303,-16.000000
8304,-24.000000
8305,16.000000
8306,-12.000000
8307,-4.000000
8308,12.000000
8309,8.000000
8310,16.000000
8311,-8.000000
8312,16.000000
8313,-32.000000
8314,32.000000
8315,20.000000
8316,-8.000000
8317,20.000000
8318,0.000000
8319,-8.000000
8320,52.000000
8321,0.000000
8322,-8.000000
8323,-8.000000
8324,8.000000
8325,-16.000000
8326,-32.000000
8327,8.000000
8328,-24.000000
8329,-28.000000
8330,-28.000000
8331,4.000000
8332,12.000000
8333,16.000000
8334,24.000000
8335,-8.000000
8336,16.000000
8337,16.000000
8338,-8.000000
8339,-56.000000
8340,-24.000000
8341,28.000000
8342,40.000000
8343,24.000000
8344,-8.000000
8345,20.000000
8346,-4.000000
8347,-8.000000
8348,4.000000
8349,0.000000
8350,-4.000000
8351,-20.000000
8352,20.000000
8353,-12.000000
8354,-4.000000
8355,20.000000
8356,-28.000000
8357,56.000000
8358,16.000000
8359,-4.000000
8360,-24.000000
8361,4.000000
8362,4.000000
8363,-16.000000
8364,24.000000
8365,-36.000000
8366,0.000000
8367,0.000000
8368,-24.000000
8369,16.000000
8370,0.000000
8371,4.000000
8372,44.000000
8373,8.000000
8374,-12.000000
8375,-8.000000
8376,28.000000
8377,-28.000000
8378,12.000000
8379,16.000000
8380,-28.000000
8381,-40.000000
8382,-56.000000
8383,-24.000000
8384,-4.000000
8385,-12.000000
8386,-8.000000
8387,60.000000
8388,0.000000
8389,32.000000
8390,-20.000000
8391,0.000000
8392,-8.000000
8393,4.000000
8394,8.000000
8395,28.000000
8396,8.000000
8397,-8.000000
8398,8.000000
8399,0.000000
8400,20.000000
8401,8.000000
8402,8.000000
8403,-4.000000
8404,-44.000000
8405,-40.000000
8406,-4.000000
8407,0.000000
8408,-24.000000
8409,24.000000
8410,-20.000000
8411,-4.000000
8412,-40.000000
8413,0.000000
8414,-8.000000
8415,-8.000000
8416,-4.000000
8417,4.000000
8418,-24.000000
8419,-40.000000
8420,0.000000
8421,0.000000
8422,12.000000
8423,8.000000
8424,72.000000
8425,-24.000000
8426,-28.000000
8427,8.000000
8428,-52.000000
8429,-44.000000
8430,-16.000000
8431,0.000000
8432,24.000000
8433,0.000000
8434,12.000000
8435,-12.000000
8436,8.000000
8437,-8.000000
8438,0.000000
8439,0.000000
8440,-28.000000
8441,20.000000
8442,-28.000000
8443,0.000000
8444,-12.000000
8445,-4.000000
8446,8.000000
8447,16.000000
8448,0.000000
8449,0.000000
8450,-24.000000
8451,16.000000
8452,40.000000
8453,56.000000
8454,-32.000000
8455,64.000000
8456,-20.000000
8457,-20.000000
8458,-12.000000
8459,-16.000000
8460,16.000000
8461,-4.000000
8462,24.000000
8463,8.000000
8464,0.000000
8465,-4.000000
8466,-40.000000
8467,28.000000
8468,0.000000
8469,24.000000
8470,-28.000000
8471,20.000000
8472,0.000000
8473,20.000000
8474,-8.000000
8475,-8.000000
8476,60.000000
8477,-16.000000
8478,44.000000
8479,20.000000
8480,8.000000
8481,-32.000000
8482,48.000000
8483,20.000000
8484,-4.000000
8485,-12.000000
8486,0.000000
8487,8.000000
8488,-36.000000
8489,16.000000
8490,-4.000000
8491,-24.000000
8492,-8.000000
8493,24.000000
8494,-8.000000
8495,44.000000
8496,4.000000
8497,4.000000
8498,-12.000000
8499,-8.000000
8500,-16.000000
8501,-16.000000
8502,-16.000000
8503,28.000000
8504,16.000000
8505,40.000000
8506,16.000000
8507,-12.000000
8508,12.000000
8509,8.000000
8510,28.000000
8511,-8.000000
8512,0.000000
8513,-20.000000
8514,44.000000
8515,0.000000
8516,20.000000
8517,72.000000
8518,-8.000000
8519,24.000000
8520,12.000000
8521,8.000000
8522,12.000000
8523,52.000000
8524,0.000000
8525,44.000000
8526,28.000000
8527,24.000000
8528,88.000000
8529,8.000000
8530,28.000000
8531,4.000000
8532,8.000000
8533,-28.000000
8534,52.000000
8535,-8.000000
8536,-48.000000
8537,28.000000
8538,44.000000
8539,-40.000000
8540,-8.000000
8541,-8.000000
8542,-24.000000
8543,-16.000000
8544,-8.000000
8545,52.000000
8546,8.000000
8547,-4.000000
8548,-8.000000
8549,32.000000
8550,28.000000
8551,-20.000000
8552,20.000000
8553,-24.000000
8554,4.000000
8555,20.000000
8556,-8.000000
8557,-4.000000
8558,44.000000
8559,-8.000000
8560,16.000000
8561,20.000000
8562,20.000000
8563,0.000000
8564,-24.000000
8565,-8.000000
8566,12.000000
8567,-52.000000
8568,-8.000000
8569,-4.000000
8570,-24.000000
8571,24.000000
8572,-28.000000
8573,-8.000000
8574,-32.000000
8575,16.000000
8576,40.000000
8577,20.000000
8578,-32.000000
8579,-16.000000
8580,28.000000
8581,0.000000
8582,-56.000000
8583,-16.000000
8584,-4.000000
8585,16.000000
8586,8.000000
8587,4.000000
8588,-12.000000
8589,0.000000
8590,-16.000000
8591,-16.000000
8592,8.000000
8593,8.000000
8594,-16.000000
8595,8.000000
8596,-12.000000
8597,16.000000
8598,80.000000
8599,0.000000
8600,-12.000000
8601,-12.000000
8602,0.000000
8603,-20.000000
8604,-12.000000
8605,20.000000
8606,84.000000
8607,-28.000000
8608,-8.000000
8609,8.000000
8610,-24.000000
8611,0.000000
8612,0.000000
8613,52.000000
8614,-44.000000
8615,16.000000
8616,0.000000
8617,-12.000000
8618,24.000000
8619,-20.000000
8620,20.000000
8621,-20.000000
8622,20.000000
8623,-8.000000
8624,-20.000000
8625,0.000000
8626,-28.000000
8627,-16.000000
8628,12.000000
8629,-8.000000
8630,44.000000
8631,4.000000
8632,24.000000
8633,28.000000
8634,76.000000
8635,20.000000
8636,-40.000000
8637,0.000000
8638,16.000000
8639,-20.000000
8640,-8.000000
8641,-24.000000
8642,-20.000000
8643,-32.000000
8644,0.000000
8645,-28.000000
8646,-16.000000
8647,0.000000
8648,0.000000
8649,4.000000
8650,4.000000
8651,-44.000000
8652,0.000000
8653,-20.000000
8654,-28.000000
8655,-8.000000
8656,28.000000
8657,28.000000
8658,-20.000000
8659,16.000000
8660,4.000000
8661,8.000000
8662,-32.000000
8663,68.000000
8664,0.000000
8665,0.000000
8666,-8.000000
8667,0.000000
8668,0.000000
8669,0.000000
8670,4.000000
8671,-12.000000
8672,-8.000000
8673,0.000000
8674,0.000000
8675,44.000000
8676,8.000000
8677,-12.000000
8678,-24.000000
8679,-24.000000
8680,-28.000000
8681,4.000000
8682,4.000000
8683,-44.000000
8684,52.000000
8685,-8.000000
8686,-12.000000
8687,-8.000000
8688,-28.000000
8689,-20.000000
8690,68.000000
8691,52.000000
8692,0.000000
8693,8.000000
8694,4.000000
8695,-8.000000
8696,44.000000
8697,28.000000
8698,32.000000
8699,-44.000000
8700,-28.000000
8701,-8.000000
8702,-4.000000
8703,-16.000000
8704,-32.000000
8705,0.000000
8706,-24.000000
8707,28.000000
8708,-12.000000
8709,-12.000000
8710,-24.000000
8711,0.000000
8712,8.000000
8713,0.000000
8714,-8.000000
8715,44.000000
8716,-8.000000
8717,-12.000000
8718,28.000000
8719,-32.000000
8720,-8.000000
8721,-20.000000
8722,0.000000
8723,-20.000000
8724,-24.000000
8725,-28.000000
8726,-20.000000
8727,72.000000
8728,-32.000000
8729,44.000000
8730,4.000000
8731,-20.000000
8732,12.000000
8733,-28.000000
8734,16.000000
8735,0.000000
8736,28.000000
8737,16.000000
8738,-40.000000
8739,-20.000000
8740,-28.000000
8741,-28.000000
8742,52.000000
8743,-8.000000
8744,-56.000000
8745,-8.000000
8746,-108.000000
8747,8.000000
8748,16.000000
8749,20.000000
8750,-12.000000
8751,8.000000
8752,-28.000000
8753,-20.000000
8754,-8.000000
8755,-16.000000
8756,0.000000
8757,-4.000000
8758,8.000000
8759,0.000000
8760,-24.000000
8761,28.000000
8762,12.000000
8763,28.000000
8764,-12.000000
8765,4.000000
8766,-40.000000
8767,12.000000
8768,-32.000000
8769,-8.000000
8770,-16.000000
8771,28.000000
8772,-12.000000
8773,-24.000000
8774,-8.000000
8775,-8.000000
8776,-40.000000
8777,-4.000000
8778,-16.000000
8779,28.000000
8780,-8.000000
8781,-8.000000
8782,-8.000000
8783,-64.000000
8784,-48.000000
8785,-8.000000
8786,-16.000000
8787,12.000000
8788,4.000000
8789,-24.000000
8790,-24.000000
8791,16.000000
8792,16.000000
8793,0.000000
8794,16.000000
8795,-24.000000
8796,-16.000000
8797,-4.000000
8798,24.000000
8799,-20.000000
8800,-68.000000
8801,40.000000
8802,28.000000
8803,24.000000
8804,-12.000000
8805,-16.000000
8806,-32.000000
8807,-16.000000
8808,12.000000
8809,-44.000000
8810,4.000000
8811,-32.000000
8812,-20.000000
8813,-24.000000
8814,60.000000
8815,8.000000
8816,0.000000
8817,-28.000000
8818,-8.000000
8819,0.000000
8820,-40.000000
8821,4.000000
8822,0.000000
8823,-24.000000
8824,0.000000
8825,-16.000000
8826,0.000000
8827,-8.000000
8828,16.000000
8829,-12.000000
8830,-12.000000
8831,-12.000000
8832,-16.000000
8833,-16.000000
8834,-28.000000
8835,4.000000
8836,0.000000
8837,20.000000
8838,20.000000
8839,52.000000
8840,44.000000
8841,-8.000000
8842,0.000000
8843,-4.000000
8844,-20.000000
8845,-24.000000
8846,0.000000
8847,-8.000000
8848,-64.000000
8849,-56.000000
8850,-8.000000
8851,0.000000
8852,0.000000
8853,-8.000000
8854,-124.000000
8855,-4.000000
8856,52.000000
8857,-8.000000
8858,-12.000000
8859,28.000000
8860,-8.000000
8861,24.000000
8862,12.000000
8863,44.000000
8864,0.000000
8865,-8.000000
8866,4.000000
8867,-4.000000
8868,-8.000000
8869,44.000000
8870,-20.000000
8871,-36.000000
8872,-32.000000
8873,64.000000
8874,8.000000
8875,-44.000000
8876,-52.000000
8877,-24.000000
8878,-4.000000
8879,0.000000
8880,-12.000000
8881,-28.000000
8882,-16.000000
8883,8.000000
8884,-12.000000
8885,4.000000
8886,0.000000
8887,-8.000000
8888,-4.000000
8889,0.000000
8890,40.000000
8891,0.000000
8892,0.000000
8893,0.000000
8894,16.000000
8895,-24.000000
8896,-16.000000
8897,-24.000000
8898,-16.000000
8899,4.000000
8900,-4.000000
8901,16.000000
8902,-8.000000
8903,0.000000
8904,-36.000000
8905,-36.000000
8906,-16.000000
8907,-4.000000
8908,24.000000
8909,-12.000000
8910,-8.000000
8911,16.000000
8912,-4.000000
8913,-32.000000
8914,12.000000
8915,-8.000000
8916,-8.000000
8917,20.000000
8918,20.000000
8919,20.000000
8920,-8.000000
8921,-8.000000
8922,-40.000000
8923,-8.000000
8924,-32.000000
8925,-32.000000
8926,-12.000000
8927,0.000000
8928,-8.000000
8929,-4.000000
8930,4.000000
8931,20.000000
8932,-12.000000
8933,-8.000000
8934,12.000000
8935,-8.000000
8936,-8.000000
8937,44.000000
8938,-4.000000
8939,-4.000000
8940,-16.000000
8941,12.000000
8942,24.000000
8943,16.000000
8944,-36.000000
8945,-12.000000
8946,-44.000000
8947,-16.000000
8948,-8.000000
8949,16.000000
8950,-24.000000
8951,-4.000000
8952,4.000000
8953,-24.000000
8954,-4.000000
8955,0.000000
8956,-8.000000
8957,0.000000
8958,-12.000000
8959,-12.000000
8960,16.000000
8961,-8.000000
8962,-52.000000
8963,-28.000000
8964,44.000000
8965,16.000000
8966,0.000000
8967,-4.000000
8968,-36.000000
8969,0.000000
8970,32.000000
8971,-16.000000
8972,0.000000
8973,92.000000
8974,-20.000000
8975,4.000000
8976,-12.000000
8977,12.000000
8978,-16.000000
8979,-20.000000
8980,-8.000000
8981,0.000000
8982,-24.000000
8983,-8.000000
8984,20.000000
8985,-4.000000
8986,0.000000
8987,-36.000000
8988,8.000000
8989,20.000000
8990,0.000000
8991,-40.000000
8992,12.000000
8993,-8.000000
8994,4.000000
8995,-12.000000
8996,-8.000000
8997,-24.000000
8998,4.000000
8999,-20.000000
9000,0.000000
9001,16.000000
9002,16.000000
9003,4.000000
9004,-20.000000
9005,-36.000000
9006,20.000000
9007,16.000000
9008,-32.000000
9009,56.000000
9010,12.000000
9011,-32.000000
9012,64.000000
9013,84.000000
9014,20.000000
9015,-8.000000
9016,-80.000000
9017,56.000000
9018,144.000000
9019,0.000000
9020,8.000000
9021,-16.000000
9022,-36.000000
9023,-72.000000
9024,-72.000000
9025,-44.000000
9026,20.000000
9027,68.000000
9028,-12.000000
9029,-40.000000
9030,-24.000000
9031,-4.000000
9032,8.000000
9033,16.000000
9034,16.000000
9035,12.000000
9036,-152.000000
9037,-152.000000
9038,-152.000000
9039,-152.000000
9040,-152.000000
9041,-152.000000
9042,-148.000000
9043,-148.000000
9044,-144.000000
9045,-144.000000
9046,-144.000000
9047,-140.000000
9048,-136.000000
9049,-136.000000
9050,-136.000000
9051,-136.000000
9052,-140.000000
9053,-140.000000
9054,-140.000000
9055,-140.000000
9056,-136.000000
9057,-140.000000
9058,-128.000000
9059,-128.000000
9060,-132.000000
9061,-120.000000
9062,-112.000000
9063,-104.000000
9064,-92.000000
9065,-80.000000
9066,-68.000000
9067,-60.000000
9068,-48.000000
9069,-44.000000
9070,-28.000000
9071,-8.000000
9072,0.000000
9073,8.000000
9074,12.000000
9075,4.000000
9076,36.000000
9077,36.000000
9078,32.000000
9079,40.000000
9080,48.000000
9081,48.000000
9082,68.000000
9083,64.000000
9084,0.000000
9085,-24.000000
9086,-12.000000
9087,-16.000000
9088,52.000000
9089,12.000000
9090,-8.000000
9091,44.000000
9092,-24.000000
9093,-24.000000
9094,56.000000
9095,-24.000000
9096,0.000000
9097,40.000000
9098,0.000000
9099,16.000000
9100,-28.000000
9101,60.000000
9102,-40.000000
9103,4.000000
9104,24.000000
9105,0.000000
9106,-28.000000
9107,16.000000
9108,12.000000
9109,44.000000
9110,12.000000
9111,-20.000000
9112,-8.000000
9113,-20.000000
9114,16.000000
9115,-8.000000
9116,-4.000000
9117,-8.000000
9118,4.000000
9119,4.000000
9120,-8.000000
9121,44.000000
9122,-8.000000
9123,-8.000000
9124,-24.000000
9125,20.000000
9126,-24.000000
9127,-36.000000
9128,4.000000
9129,-8.000000
9130,0.000000
9131,-4.000000
9132,-16.000000
9133,-28.000000
9134,0.000000
9135,-8.000000
9136,24.000000
9137,0.000000
9138,-8.000000
9139,52.000000
9140,-8.000000
9141,-12.000000
9142,4.000000
9143,40.000000
9144,-60.000000
9145,-8.000000
9146,44.000000
9147,-8.000000
9148,8.000000
9149,-52.000000
9150,-36.000000
9151,0.000000
9152,-40.000000
9153,-4.000000
9154,-16.000000
9155,12.000000
9156,-32.000000
9157,28.000000
9158,16.000000
9159,40.000000
9160,-8.000000
9161,-8.000000
9162,44.000000
9163,-4.000000
9164,-8.000000
9165,-8.000000
9166,40.000000
9167,-40.000000
9168,16.000000
9169,-20.000000
9170,-28.000000
9171,44.000000
9172,-16.000000
9173,-32.000000
9174,-88.000000
9175,-52.000000
9176,16.000000
9177,20.000000
9178,-20.000000
9179,20.000000
9180,-8.000000
9181,16.000000
9182,4.000000
9183,0.000000
9184,4.000000
9185,-24.000000
9186,12.000000
9187,-52.000000
9188,-8.000000
9189,-76.000000
9190,44.000000
9191,-36.000000
9192,12.000000
9193,32.000000
9194,-8.000000
9195,-12.000000
9196,44.000000
9197,-4.000000
9198,4.000000
9199,4.000000
9200,-16.000000
9201,-8.000000
9202,12.000000
9203,44.000000
9204,16.000000
9205,-4.000000
9206,0.000000
9207,24.000000
9208,-12.000000
9209,-12.000000
9210,-8.000000
9211,-8.000000
9212,16.000000
9213,12.000000
9214,20.000000
9215,-28.000000
9216,-20.000000
9217,-20.000000
9218,4.000000
9219,48.000000
9220,12.000000
9221,-8.000000
9222,-16.000000
9223,-20.000000
9224,24.000000
9225,20.000000
9226,-8.000000
9227,-8.000000
9228,8.000000
9229,-8.000000
9230,-4.000000
9231,60.000000
9232,-52.000000
9233,-84.000000
9234,8.000000
9235,-12.000000
9236,-44.000000
9237,0.000000
9238,12.000000
9239,-4.000000
9240,16.000000
9241,-8.000000
9242,-8.000000
9243,12.000000
9244,16.000000
9245,0.000000
9246,4.000000
9247,-72.000000
9248,68.000000
9249,4.000000
9250,24.000000
9251,-8.000000
9252,60.000000
9253,-24.000000
9254,-28.000000
9255,-44.000000
9256,20.000000
9257,-8.000000
9258,-52.000000
9259,0.000000
9260,-12.000000
9261,52.000000
9262,24.000000
9263,-24.000000
9264,-28.000000
9265,-8.000000
9266,-48.000000
9267,-8.000000
9268,12.000000
9269,44.000000
9270,-12.000000
9271,-12.000000
9272,-20.000000
9273,4.000000
9274,24.000000
9275,4.000000
9276,16.000000
9277,12.000000
9278,20.000000
9279,16.000000
9280,-8.000000
9281,4.000000
9282,0.000000
9283,-32.000000
9284,40.000000
9285,4.000000
9286,0.000000
9287,0.000000
9288,-8.000000
9289,-12.000000
9290,-12.000000
9291,52.000000
9292,8.000000
9293,0.000000
9294,0.000000
9295,-12.000000
9296,8.000000
9297,8.000000
9298,12.000000
9299,-12.000000
9300,12.000000
9301,-36.000000
9302,-24.000000
9303,40.000000
9304,12.000000
9305,16.000000
9306,0.000000
9307,8.000000
9308,-8.000000
9309,-40.000000
9310,-36.000000
9311,8.000000
9312,40.000000
9313,-4.000000
9314,-32.000000
9315,4.000000
9316,0.000000
9317,4.000000
9318,-16.000000
9319,-36.000000
9320,8.000000
9321,44.000000
9322,-20.000000
9323,-12.000000
9324,-8.000000
9325,-8.000000
9326,56.000000
9327,-32.000000
9328,16.000000
9329,-8.000000
9330,-4.000000
9331,-28.000000
9332,0.000000
9333,0.000000
9334,-24.000000
9335,0.000000
9336,-16.000000
9337,-24.000000
9338,8.000000
9339,-60.000000
9340,-60.000000
9341,24.000000
9342,-4.000000
9343,-8.000000
9344,8.000000
9345,-8.000000
9346,0.000000
9347,0.000000
9348,0.000000
9349,-20.000000
9350,8.000000
9351,12.000000
9352,64.000000
9353,-12.000000
9354,-12.000000
9355,20.000000
9356,-28.000000
9357,28.000000
9358,20.000000
9359,-12.000000
9360,-28.000000
9361,68.000000
9362,-24.000000
9363,-8.000000
9364,24.000000
9365,-8.000000
9366,20.000000
9367,-28.000000
9368,-28.000000
9369,4.000000
9370,4.000000
9371,20.000000
9372,-32.000000
9373,-36.000000
9374,-28.000000
9375,-48.000000
9376,12.000000
9377,16.000000
9378,-8.000000
9379,-12.000000
9380,-4.000000
9381,-8.000000
9382,0.000000
9383,60.000000
9384,-24.000000
9385,16.000000
9386,16.000000
9387,-32.000000
9388,-4.000000
9389,0.000000
9390,4.000000
9391,28.000000
9392,-12.000000
9393,-16.000000
9394,-16.000000
9395,8.000000
9396,-20.000000
9397,-32.000000
9398,-40.000000
9399,-64.000000
9400,12.000000
9401,12.000000
9402,0.000000
9403,4.000000
9404,-20.000000
9405,-8.000000
9406,8.000000
9407,24.000000
9408,24.000000
9409,4.000000
9410,-4.000000
9411,12.000000
9412,4.000000
9413,12.000000
9414,-8.000000
9415,4.000000
9416,8.000000
9417,20.000000
9418,-8.000000
9419,-8.000000
9420,-8.000000
9421,12.000000
9422,-16.000000
9423,-16.000000
9424,16.000000
9425,4.000000
9426,0.000000
9427,4.000000
9428,-16.000000
9429,8.000000
9430,-4.000000
9431,4.000000
9432,-8.000000
9433,-20.000000
9434,4.000000
9435,0.000000
9436,-12.000000
9437,-24.000000
9438,-12.000000
9439,-24.000000
9440,-20.000000
9441,-40.000000
9442,-8.000000
9443,-28.000000
9444,-16.000000
9445,-32.000000
9446,-8.000000
9447,12.000000
9448,24.000000
9449,-24.000000
9450,0.000000
9451,12.000000
9452,-4.000000
9453,12.000000
9454,-20.000000
9455,-52.000000
9456,12.000000
9457,-20.000000
9458,-8.000000
9459,-92.000000
9460,24.000000
9461,-8.000000
9462,-16.000000
9463,0.000000
9464,-8.000000
9465,16.000000
9466,-8.000000
9467,-8.000000
9468,44.000000
9469,-4.000000
9470,-24.000000
9471,40.000000
9472,-12.000000
9473,8.000000
9474,-36.000000
9475,-32.000000
9476,-12.000000
9477,-32.000000
9478,-4.000000
9479,0.000000
9480,-36.000000
9481,0.000000
9482,-16.000000
9483,-28.000000
9484,-52.000000
9485,-20.000000
9486,-84.000000
9487,-44.000000
9488,-16.000000
9489,56.000000
9490,-12.000000
9491,24.000000
9492,-60.000000
9493,-28.000000
9494,0.000000
9495,-16.000000
9496,-16.000000
9497,0.000000
9498,-56.000000
9499,-8.000000
9500,-4.000000
9501,0.000000
9502,-16.000000
9503,20.000000
9504,8.000000
9505,16.000000
9506,8.000000
9507,4.000000
9508,16.000000
9509,8.000000
9510,16.000000
9511,16.000000
9512,-8.000000
9513,-8.000000
9514,-12.000000
9515,-12.000000
9516,-12.000000
9517,-8.000000
9518,12.000000
9519,-16.000000
9520,-4.000000
9521,0.000000
9522,-16.000000
9523,52.000000
9524,-20.000000
9525,-20.000000
9526,-28.000000
9527,-48.000000
9528,-28.000000
9529,4.000000
9530,12.000000
9531,-12.000000
9532,-60.000000
9533,4.000000
9534,-12.000000
9535,-8.000000
9536,-24.000000
9537,56.000000
9538,0.000000
9539,-40.000000
9540,-8.000000
9541,24.000000
9542,4.000000
9543,-20.000000
9544,-4.000000
9545,-24.000000
9546,16.000000
9547,-8.000000
9548,-44.000000
9549,-32.000000
9550,-48.000000
9551,-32.000000
9552,-32.000000
9553,16.000000
9554,4.000000
9555,-20.000000
9556,-4.000000
9557,0.000000
9558,-8.000000
9559,-16.000000
9560,24.000000
9561,72.000000
9562,44.000000
9563,-8.000000
9564,68.000000
9565,0.000000
9566,-4.000000
9567,52.000000
9568,-24.000000
9569,-24.000000
9570,-20.000000
9571,24.000000
9572,0.000000
9573,-20.000000
9574,-20.000000
9575,-76.000000
9576,-8.000000
9577,24.000000
9578,-60.000000
9579,-16.000000
9580,24.000000
9581,-8.000000
9582,-8.000000
9583,16.000000
9584,16.000000
9585,-44.000000
9586,-24.000000
9587,-4.000000
9588,20.000000
9589,-20.000000
9590,16.000000
9591,0.000000
9592,-44.000000
9593,12.000000
9594,-12.000000
9595,-60.000000
9596,0.000000
9597,-8.000000
9598,24.000000
9599,-24.000000
9600,-28.000000
9601,24.000000
9602,28.000000
9603,-4.000000
9604,4.000000
9605,-24.000000
9606,16.000000
9607,36.000000
9608,-32.000000
9609,4.000000
9610,-4.000000
9611,-8.000000
9612,16.000000
9613,24.000000
9614,52.000000
9615,88.000000
9616,-4.000000
9617,-24.000000
9618,0.000000
9619,0.000000
9620,0.000000
9621,56.000000
9622,0.000000
9623,-8.000000
9624,-4.000000
9625,92.000000
9626,36.000000
9627,-32.000000
9628,24.000000
9629,-20.000000
9630,-8.000000
9631,-4.000000
9632,-16.000000
9633,8.000000
9634,12.000000
9635,-44.000000
9636,16.000000
9637,12.000000
9638,-12.000000
9639,4.000000
9640,-8.000000
9641,0.000000
9642,4.000000
9643,12.000000
9644,12.000000
9645,4.000000
9646,-8.000000
9647,44.000000
9648,-16.000000
9649,16.000000
9650,0.000000
9651,0.000000
9652,0.000000
9653,0.000000
9654,-24.000000
9655,64.000000
9656,0.000000
9657,0.000000
9658,-32.000000
9659,0.000000
9660,-8.000000
9661,40.000000
9662,-32.000000
9663,0.000000
9664,4.000000
9665,4.000000
9666,-4.000000
9667,-60.000000
9668,-20.000000
9669,8.000000
9670,-36.000000
9671,-36.000000
9672,-8.000000
9673,24.000000
9674,12.000000
9675,88.000000
9676,-4.000000
9677,-12.000000
9678,16.000000
9679,-8.000000
9680,-20.000000
9681,-12.000000
9682,40.000000
9683,4.000000
9684,20.000000
9685,20.000000
9686,-8.000000
9687,0.000000
9688,-16.000000
9689,-16.000000
9690,-4.000000
9691,44.000000
9692,4.000000
9693,-28.000000
9694,0.000000
9695,-16.000000
9696,-8.000000
9697,44.000000
9698,20.000000
9699,-12.000000
9700,-16.000000
9701,-4.000000
9702,-8.000000
9703,8.000000
9704,-4.000000
9705,-52.000000
9706,52.000000
9707,28.000000
9708,-20.000000
9709,0.000000
9710,0.000000
9711,-60.000000
9712,32.000000
9713,-36.000000
9714,-8.000000
9715,-20.000000
9716,-16.000000
9717,-8.000000
9718,-4.000000
9719,0.000000
9720,0.000000
9721,16.000000
9722,-4.000000
9723,-8.000000
9724,-24.000000
9725,24.000000
9726,-8.000000
9727,-8.000000
9728,-44.000000
9729,0.000000
9730,-16.000000
9731,-8.000000
9732,-4.000000
9733,-20.000000
9734,40.000000
9735,0.000000
9736,-20.000000
9737,-32.000000
9738,-12.000000
9739,20.000000
9740,-12.000000
9741,-12.000000
9742,28.000000
9743,-16.000000
9744,4.000000
9745,0.000000
9746,-20.000000
9747,-16.000000
9748,4.000000
9749,-8.000000
9750,24.000000
9751,68.000000
9752,-36.000000
9753,0.000000
9754,-8.000000
9755,24.000000
9756,28.000000
9757,-8.000000
9758,-28.000000
9759,-32.000000
9760,8.000000
9761,0.000000
9762,-12.000000
9763,28.000000
9764,12.000000
9765,4.000000
9766,28.000000
9767,-28.000000
9768,12.000000
9769,0.000000
9770,-8.000000
9771,-12.000000
9772,0.000000
9773,0.000000
9774,-20.000000
9775,56.000000
9776,4.000000
9777,4.000000
9778,-40.000000
9779,-16.000000
9780,-8.000000
9781,28.000000
9782,8.000000
9783,20.000000
9784,-20.000000
9785,-8.000000
9786,0.000000
9787,-12.000000
9788,-12.000000
9789,-52.000000
9790,44.000000
9791,-8.000000
9792,-8.000000
9793,60.000000
9794,-20.000000
9795,-20.000000
9796,20.000000
9797,-16.000000
9798,-4.000000
9799,-8.000000
9800,-32.000000
9801,28.000000
9802,-28.000000
9803,28.000000
9804,24.000000
9805,-24.000000
9806,8.000000
9807,24.000000
9808,-16.000000
9809,24.000000
9810,-4.000000
9811,12.000000
9812,4.000000
9813,-12.000000
9814,-4.000000
9815,16.000000
9816,-8.000000
9817,-52.000000
9818,4.000000
9819,-60.000000
9820,-8.000000
9821,-8.000000
9822,-8.000000
9823,0.000000
9824,-8.000000
9825,0.000000
9826,0.000000
9827,44.000000
9828,-8.000000
9829,-8.000000
9830,-40.000000
9831,52.000000
9832,24.000000
9833,-20.000000
9834,8.000000
9835,24.000000
9836,-4.000000
9837,-4.000000
9838,-8.000000
9839,-8.000000
9840,4.000000
9841,12.000000
9842,-12.000000
9843,4.000000
9844,0.000000
9845,28.000000
9846,0.000000
9847,-24.000000
9848,52.000000
9849,28.000000
9850,-4.000000
9851,-8.000000
9852,32.000000
9853,4.000000
9854,12.000000
9855,-12.000000
9856,-8.000000
9857,44.000000
9858,-20.000000
9859,-20.000000
9860,-28.000000
9861,0.000000
9862,44.000000
9863,8.000000
9864,12.000000
9865,-8.000000
9866,12.000000
9867,12.000000
9868,-20.000000
9869,8.000000
9870,-8.000000
9871,-32.000000
9872,4.000000
9873,-16.000000
9874,16.000000
9875,20.000000
9876,-28.000000
9877,24.000000
9878,-8.000000
9879,20.000000
9880,28.000000
9881,-24.000000
9882,20.000000
9883,0.000000
9884,0.000000
9885,4.000000
9886,-16.000000
9887,20.000000
9888,24.000000
9889,-52.000000
9890,-8.000000
9891,-16.000000
9892,4.000000
9893,44.000000
9894,12.000000
9895,-4.000000
9896,52.000000
9897,0.000000
9898,64.000000
9899,52.000000
9900,-68.000000
9901,4.000000
9902,-24.000000
9903,-20.000000
9904,20.000000
9905,-4.000000
9906,-4.000000
9907,0.000000
9908,80.000000
9909,-48.000000
9910,-72.000000
9911,8.000000
9912,24.000000
9913,16.000000
9914,-16.000000
9915,52.000000
9916,-24.000000
9917,0.000000
9918,4.000000
9919,-8.000000
9920,12.000000
9921,-20.000000
9922,20.000000
9923,16.000000
9924,-8.000000
9925,0.000000
9926,-28.000000
9927,-32.000000
9928,4.000000
9929,0.000000
9930,-44.000000
9931,-32.000000
9932,12.000000
9933,0.000000
9934,12.000000
9935,12.000000
9936,-44.000000
9937,4.000000
9938,8.000000
9939,4.000000
9940,-8.000000
9941,-12.000000
9942,12.000000
9943,-8.000000
9944,20.000000
9945,8.000000
9946,-12.000000
9947,-12.000000
9948,-8.000000
9949,-16.000000
9950,-8.000000
9951,28.000000
9952,-4.000000
9953,-4.000000
9954,-12.000000
9955,0.000000
9956,28.000000
9957,-16.000000
9958,20.000000
9959,0.000000
9960,0.000000
9961,0.000000
9962,-60.000000
9963,-20.000000
9964,-8.000000
9965,-8.000000
9966,-8.000000
9967,-24.000000
9968,-28.000000
9969,0.000000
9970,-16.000000
9971,28.000000
9972,0.000000
9973,-52.000000
9974,-24.000000
9975,56.000000
9976,16.000000
9977,0.000000
9978,0.000000
9979,-16.000000
9980,0.000000
9981,-36.000000
9982,4.000000
9983,-8.000000
9984,52.000000
9985,52.000000
9986,16.000000
9987,-12.000000
9988,-8.000000
9989,-36.000000
9990,-20.000000
9991,12.000000
9992,0.000000
9993,64.000000
9994,12.000000
9995,16.000000
9996,-4.000000
9997,-4.000000
9998,-16.000000
9999,-16.000000
10000,-16.000000
