Channel              :,CH1
Frequency            :,  ?
Period               :,  ?
PK-PK                :,236.0mV
Probe attenuation    :,1X
Voltage per ADC value:,0.250000mV
Time interval        :,100.00000us

index,CH1_Voltage(mV)
1,0.000000
2,0.000000
3,-8.000000
4,-8.000000
5,-64.000000
6,0.000000
7,-4.000000
8,-4.000000
9,-20.000000
10,0.000000
11,64.000000
12,-20.000000
13,-44.000000
14,24.000000
15,0.000000
16,16.000000
17,-24.000000
18,-24.000000
19,-8.000000
20,16.000000
21,-36.000000
22,12.000000
23,-16.000000
24,20.000000
25,24.000000
26,-24.000000
27,-28.000000
28,-28.000000
29,-16.000000
30,-16.000000
31,-36.000000
32,4.000000
33,-24.000000
34,-64.000000
35,-28.000000
36,20.000000
37,-28.000000
38,0.000000
39,52.000000
40,-24.000000
41,0.000000
42,-24.000000
43,28.000000
44,-20.000000
45,-12.000000
46,-16.000000
47,-28.000000
48,-32.000000
49,-16.000000
50,52.000000
51,-12.000000
52,-12.000000
53,-8.000000
54,0.000000
55,-20.000000
56,8.000000
57,8.000000
58,-12.000000
59,-48.000000
60,-40.000000
61,-32.000000
62,-12.000000
63,28.000000
64,-8.000000
65,-12.000000
66,-4.000000
67,12.000000
68,8.000000
69,-12.000000
70,52.000000
71,-8.000000
72,-4.000000
73,-12.000000
74,12.000000
75,-20.000000
76,-20.000000
77,-20.000000
78,-8.000000
79,60.000000
80,-124.000000
81,32.000000
82,-36.000000
83,-12.000000
84,28.000000
85,16.000000
86,20.000000
87,12.000000
88,16.000000
89,0.000000
90,0.000000
91,16.000000
92,-8.000000
93,12.000000
94,-16.000000
95,-16.000000
96,12.000000
97,-40.000000
98,0.000000
99,40.000000
100,16.000000
101,-4.000000
102,32.000000
103,12.000000
104,12.000000
105,-8.000000
106,0.000000
107,-20.000000
108,16.000000
109,0.000000
110,-12.000000
111,8.000000
112,44.000000
113,-20.000000
114,-12.000000
115,-8.000000
116,20.000000
117,8.000000
118,40.000000
119,12.000000
120,24.000000
121,12.000000
122,-72.000000
123,-12.000000
124,-36.000000
125,-8.000000
126,-4.000000
127,-8.000000
128,0.000000
129,8.000000
130,-20.000000
131,24.000000
132,-8.000000
133,32.000000
134,-8.000000
135,-8.000000
136,24.000000
137,-32.000000
138,0.000000
139,-52.000000
140,0.000000
141,40.000000
142,-20.000000
143,0.000000
144,-8.000000
145,0.000000
146,0.000000
147,0.000000
148,0.000000
149,-28.000000
150,52.000000
151,-20.000000
152,-8.000000
153,-8.000000
154,0.000000
155,4.000000
156,-8.000000
157,8.000000
158,-44.000000
159,-8.000000
160,-8.000000
161,-8.000000
162,-12.000000
163,16.000000
164,8.000000
165,-128.000000
166,-24.000000
167,-4.000000
168,-8.000000
169,4.000000
170,-24.000000
171,4.000000
172,4.000000
173,-8.000000
174,-20.000000
175,0.000000
176,-12.000000
177,44.000000
178,-28.000000
179,68.000000
180,24.000000
181,-72.000000
182,4.000000
183,24.000000
184,4.000000
185,-20.000000
186,4.000000
187,0.000000
188,-20.000000
189,-40.000000
190,28.000000
191,-24.000000
192,-20.000000
193,-12.000000
194,-4.000000
195,-24.000000
196,52.000000
197,-32.000000
198,0.000000
199,-4.000000
200,-16.000000
201,8.000000
202,0.000000
203,-4.000000
204,0.000000
205,0.000000
206,4.000000
207,0.000000
208,-28.000000
209,-28.000000
210,16.000000
211,24.000000
212,24.000000
213,-28.000000
214,36.000000
215,-16.000000
216,20.000000
217,4.000000
218,16.000000
219,-4.000000
220,-20.000000
221,24.000000
222,24.000000
223,-8.000000
224,-8.000000
225,0.000000
226,4.000000
227,0.000000
228,16.000000
229,-8.000000
230,-8.000000
231,16.000000
232,16.000000
233,8.000000
234,40.000000
235,-4.000000
236,-44.000000
237,0.000000
238,-4.000000
239,0.000000
240,-24.000000
241,24.000000
242,20.000000
243,-28.000000
244,64.000000
245,0.000000
246,0.000000
247,32.000000
248,40.000000
249,44.000000
250,-4.000000
251,-8.000000
252,-28.000000
253,24.000000
254,-8.000000
255,-28.000000
256,0.000000
257,-24.000000
258,-28.000000
259,-16.000000
260,-16.000000
261,0.000000
262,-20.000000
263,-20.000000
264,-4.000000
265,16.000000
266,-8.000000
267,0.000000
268,32.000000
269,-60.000000
270,0.000000
271,-8.000000
272,-24.000000
273,-12.000000
274,20.000000
275,-24.000000
276,-28.000000
277,-36.000000
278,-36.000000
279,4.000000
280,-48.000000
281,4.000000
282,-88.000000
283,-24.000000
284,0.000000
285,0.000000
286,-16.000000
287,-20.000000
288,-20.000000
289,-36.000000
290,20.000000
291,4.000000
292,-32.000000
293,-8.000000
294,0.000000
295,-8.000000
296,-8.000000
297,4.000000
298,-20.000000
299,20.000000
300,-40.000000
301,-36.000000
302,-36.000000
303,16.000000
304,-24.000000
305,0.000000
306,0.000000
307,-8.000000
308,20.000000
309,-16.000000
310,-16.000000
311,-20.000000
312,0.000000
313,-60.000000
314,-28.000000
315,-24.000000
316,-20.000000
317,-4.000000
318,-20.000000
319,-20.000000
320,52.000000
321,-40.000000
322,-28.000000
323,-8.000000
324,-8.000000
325,20.000000
326,16.000000
327,-8.000000
328,-24.000000
329,-36.000000
330,-20.000000
331,0.000000
332,4.000000
333,0.000000
334,-8.000000
335,-8.000000
336,0.000000
337,12.000000
338,-8.000000
339,8.000000
340,8.000000
341,8.000000
342,32.000000
343,4.000000
344,4.000000
345,-12.000000
346,-8.000000
347,100.000000
348,12.000000
349,56.000000
350,20.000000
351,-8.000000
352,8.000000
353,16.000000
354,64.000000
355,0.000000
356,0.000000
357,4.000000
358,0.000000
359,0.000000
360,24.000000
361,-52.000000
362,4.000000
363,-8.000000
364,40.000000
365,0.000000
366,-4.000000
367,20.000000
368,24.000000
369,52.000000
370,60.000000
371,0.000000
372,8.000000
373,0.000000
374,4.000000
375,-8.000000
376,-8.000000
377,28.000000
378,24.000000
379,44.000000
380,-8.000000
381,-52.000000
382,8.000000
383,0.000000
384,-72.000000
385,-4.000000
386,-20.000000
387,-12.000000
388,-40.000000
389,-60.000000
390,12.000000
391,-44.000000
392,-48.000000
393,-16.000000
394,16.000000
395,-4.000000
396,-28.000000
397,4.000000
398,12.000000
399,16.000000
400,-16.000000
401,12.000000
402,44.000000
403,0.000000
404,-12.000000
405,-12.000000
406,44.000000
407,0.000000
408,-44.000000
409,-44.000000
410,4.000000
411,-8.000000
412,-32.000000
413,-32.000000
414,0.000000
415,-12.000000
416,-8.000000
417,-4.000000
418,-28.000000
419,16.000000
420,-12.000000
421,16.000000
422,-4.000000
423,-4.000000
424,28.000000
425,0.000000
426,-8.000000
427,0.000000
428,-24.000000
429,20.000000
430,-36.000000
431,4.000000
432,20.000000
433,-16.000000
434,0.000000
435,-28.000000
436,72.000000
437,-40.000000
438,-48.000000
439,-40.000000
440,-28.000000
441,-12.000000
442,-4.000000
443,-8.000000
444,20.000000
445,-8.000000
446,-8.000000
447,-32.000000
448,16.000000
449,44.000000
450,0.000000
451,-32.000000
452,-8.000000
453,-8.000000
454,0.000000
455,-24.000000
456,-8.000000
457,-12.000000
458,-8.000000
459,16.000000
460,60.000000
461,-4.000000
462,-28.000000
463,-16.000000
464,-36.000000
465,-8.000000
466,12.000000
467,-24.000000
468,60.000000
469,20.000000
470,-12.000000
471,-8.000000
472,-4.000000
473,4.000000
474,0.000000
475,0.000000
476,0.000000
477,-108.000000
478,0.000000
479,-16.000000
480,0.000000
481,-24.000000
482,12.000000
483,0.000000
484,-8.000000
485,-8.000000
486,12.000000
487,52.000000
488,24.000000
489,48.000000
490,-12.000000
491,16.000000
492,-20.000000
493,0.000000
494,48.000000
495,-4.000000
496,-8.000000
497,24.000000
498,16.000000
499,28.000000
500,-16.000000
501,-8.000000
502,12.000000
503,-36.000000
504,32.000000
505,8.000000
506,8.000000
507,4.000000
508,-8.000000
509,20.000000
510,-24.000000
511,0.000000
512,16.000000
513,44.000000
514,-12.000000
515,12.000000
516,32.000000
517,28.000000
518,8.000000
519,16.000000
520,12.000000
521,-24.000000
522,-8.000000
523,4.000000
524,-16.000000
525,-8.000000
526,12.000000
527,92.000000
528,12.000000
529,0.000000
530,-24.000000
531,-16.000000
532,-12.000000
533,-16.000000
534,-32.000000
535,-8.000000
536,16.000000
537,0.000000
538,-16.000000
539,-24.000000
540,-20.000000
541,-28.000000
542,-28.000000
543,-48.000000
544,-20.000000
545,4.000000
546,-40.000000
547,-28.000000
548,-4.000000
549,-20.000000
550,-8.000000
551,-4.000000
552,-24.000000
553,-24.000000
554,-24.000000
555,16.000000
556,24.000000
557,-4.000000
558,-40.000000
559,-40.000000
560,-48.000000
561,-36.000000
562,0.000000
563,44.000000
564,-8.000000
565,4.000000
566,4.000000
567,-16.000000
568,-8.000000
569,44.000000
570,-12.000000
571,-4.000000
572,-32.000000
573,-16.000000
574,-36.000000
575,-16.000000
576,4.000000
577,0.000000
578,20.000000
579,8.000000
580,52.000000
581,0.000000
582,-12.000000
583,-52.000000
584,-36.000000
585,-32.000000
586,16.000000
587,-32.000000
588,-12.000000
589,4.000000
590,0.000000
591,12.000000
592,16.000000
593,8.000000
594,52.000000
595,-28.000000
596,8.000000
597,-4.000000
598,20.000000
599,24.000000
600,-16.000000
601,-12.000000
602,-8.000000
603,-20.000000
604,0.000000
605,4.000000
606,4.000000
607,4.000000
608,-60.000000
609,24.000000
610,4.000000
611,-28.000000
612,0.000000
613,20.000000
614,-12.000000
615,52.000000
616,-4.000000
617,-8.000000
618,4.000000
619,-12.000000
620,4.000000
621,20.000000
622,12.000000
623,-16.000000
624,12.000000
625,-4.000000
626,-8.000000
627,-4.000000
628,-64.000000
629,16.000000
630,40.000000
631,-20.000000
632,0.000000
633,-8.000000
634,12.000000
635,-36.000000
636,4.000000
637,20.000000
638,-20.000000
639,0.000000
640,-40.000000
641,0.000000
642,-24.000000
643,-28.000000
644,-36.000000
645,-20.000000
646,8.000000
647,-4.000000
648,-8.000000
649,-24.000000
650,-16.000000
651,-8.000000
652,-16.000000
653,16.000000
654,52.000000
655,-8.000000
656,-12.000000
657,8.000000
658,8.000000
659,12.000000
660,12.000000
661,20.000000
662,0.000000
663,-24.000000
664,-28.000000
665,12.000000
666,0.000000
667,-20.000000
668,0.000000
669,4.000000
670,32.000000
671,28.000000
672,-4.000000
673,8.000000
674,4.000000
675,-60.000000
676,8.000000
677,-8.000000
678,-12.000000
679,-8.000000
680,-20.000000
681,20.000000
682,-8.000000
683,-20.000000
684,-8.000000
685,-12.000000
686,-12.000000
687,-8.000000
688,44.000000
689,-60.000000
690,-8.000000
691,-8.000000
692,-36.000000
693,-24.000000
694,44.000000
695,28.000000
696,-8.000000
697,24.000000
698,-12.000000
699,-92.000000
700,0.000000
701,-8.000000
702,-16.000000
703,0.000000
704,0.000000
705,36.000000
706,32.000000
707,4.000000
708,-8.000000
709,60.000000
710,64.000000
711,4.000000
712,8.000000
713,-20.000000
714,20.000000
715,-4.000000
716,4.000000
717,-20.000000
718,32.000000
719,4.000000
720,-44.000000
721,-12.000000
722,4.000000
723,16.000000
724,0.000000
725,20.000000
726,24.000000
727,20.000000
728,20.000000
729,48.000000
730,8.000000
731,-12.000000
732,20.000000
733,-8.000000
734,24.000000
735,28.000000
736,-12.000000
737,-8.000000
738,-8.000000
739,-4.000000
740,76.000000
741,0.000000
742,40.000000
743,4.000000
744,-24.000000
745,20.000000
746,16.000000
747,-8.000000
748,44.000000
749,-36.000000
750,-44.000000
751,-24.000000
752,4.000000
753,-16.000000
754,4.000000
755,-4.000000
756,0.000000
757,-32.000000
758,-12.000000
759,-16.000000
760,32.000000
761,12.000000
762,-4.000000
763,8.000000
764,-8.000000
765,20.000000
766,-4.000000
767,-12.000000
768,0.000000
769,-8.000000
770,-4.000000
771,-32.000000
772,-40.000000
773,-8.000000
774,52.000000
775,-4.000000
776,-4.000000
777,12.000000
778,-12.000000
779,-8.000000
780,-8.000000
781,-8.000000
782,92.000000
783,84.000000
784,-16.000000
785,-24.000000
786,20.000000
787,-24.000000
788,-48.000000
789,44.000000
790,-20.000000
791,0.000000
792,28.000000
793,4.000000
794,0.000000
795,-52.000000
796,-8.000000
797,-8.000000
798,4.000000
799,-8.000000
800,-8.000000
801,16.000000
802,-24.000000
803,76.000000
804,-20.000000
805,-32.000000
806,-92.000000
807,-20.000000
808,8.000000
809,20.000000
810,-16.000000
811,-16.000000
812,-8.000000
813,-40.000000
814,-12.000000
815,56.000000
816,-8.000000
817,16.000000
818,-8.000000
819,-56.000000
820,-16.000000
821,-52.000000
822,-28.000000
823,-8.000000
824,-88.000000
825,-16.000000
826,28.000000
827,28.000000
828,-20.000000
829,-52.000000
830,12.000000
831,-8.000000
832,-4.000000
833,8.000000
834,8.000000
835,0.000000
836,4.000000
837,0.000000
838,-20.000000
839,-32.000000
840,24.000000
841,64.000000
842,-8.000000
843,76.000000
844,-20.000000
845,0.000000
846,8.000000
847,16.000000
848,-16.000000
849,-24.000000
850,-48.000000
851,-24.000000
852,-20.000000
853,4.000000
854,16.000000
855,12.000000
856,48.000000
857,4.000000
858,-28.000000
859,8.000000
860,8.000000
861,28.000000
862,20.000000
863,24.000000
864,12.000000
865,-16.000000
866,20.000000
867,0.000000
868,0.000000
869,-12.000000
870,0.000000
871,0.000000
872,24.000000
873,20.000000
874,24.000000
875,0.000000
876,-8.000000
877,0.000000
878,-76.000000
879,-8.000000
880,24.000000
881,-8.000000
882,52.000000
883,-60.000000
884,4.000000
885,-12.000000
886,0.000000
887,32.000000
888,-16.000000
889,4.000000
890,-20.000000
891,16.000000
892,16.000000
893,24.000000
894,-8.000000
895,0.000000
896,0.000000
897,44.000000
898,-8.000000
899,48.000000
900,-28.000000
901,-40.000000
902,-36.000000
903,20.000000
904,-16.000000
905,12.000000
906,-8.000000
907,0.000000
908,0.000000
909,0.000000
910,8.000000
911,-16.000000
912,12.000000
913,-20.000000
914,52.000000
915,-32.000000
916,-12.000000
917,4.000000
918,0.000000
919,-20.000000
920,-4.000000
921,16.000000
922,20.000000
923,-32.000000
924,4.000000
925,-4.000000
926,-36.000000
927,-4.000000
928,-32.000000
929,4.000000
930,0.000000
931,4.000000
932,-36.000000
933,8.000000
934,12.000000
935,20.000000
936,20.000000
937,-4.000000
938,-8.000000
939,-16.000000
940,-12.000000
941,-20.000000
942,0.000000
943,-24.000000
944,68.000000
945,-12.000000
946,-12.000000
947,-24.000000
948,-20.000000
949,4.000000
950,20.000000
951,12.000000
952,8.000000
953,-24.000000
954,-8.000000
955,-28.000000
956,0.000000
957,-8.000000
958,-12.000000
959,24.000000
960,0.000000
961,52.000000
962,-20.000000
963,-52.000000
964,8.000000
965,44.000000
966,-24.000000
967,20.000000
968,16.000000
969,16.000000
970,-28.000000
971,12.000000
972,-16.000000
973,-20.000000
974,-44.000000
975,-24.000000
976,0.000000
977,4.000000
978,28.000000
979,-8.000000
980,-8.000000
981,4.000000
982,-20.000000
983,12.000000
984,-24.000000
985,20.000000
986,8.000000
987,8.000000
988,12.000000
989,60.000000
990,-8.000000
991,24.000000
992,44.000000
993,4.000000
994,-20.000000
995,52.000000
996,0.000000
997,-12.000000
998,24.000000
999,-8.000000
1000,44.000000
1001,44.000000
1002,52.000000
1003,52.000000
1004,-8.000000
1005,12.000000
1006,8.000000
1007,-32.000000
1008,20.000000
1009,8.000000
1010,8.000000
1011,0.000000
1012,12.000000
1013,0.000000
1014,-16.000000
1015,12.000000
1016,-28.000000
1017,-20.000000
1018,32.000000
1019,0.000000
1020,16.000000
1021,28.000000
1022,60.000000
1023,-56.000000
1024,20.000000
1025,-28.000000
1026,4.000000
1027,-28.000000
1028,-16.000000
1029,8.000000
1030,28.000000
1031,28.000000
1032,-8.000000
1033,-8.000000
1034,-28.000000
1035,24.000000
1036,0.000000
1037,-12.000000
1038,-8.000000
1039,-4.000000
1040,12.000000
1041,28.000000
1042,16.000000
1043,20.000000
1044,4.000000
1045,-24.000000
1046,-20.000000
1047,4.000000
1048,-24.000000
1049,-28.000000
1050,-24.000000
1051,-36.000000
1052,-40.000000
1053,-16.000000
1054,-8.000000
1055,-28.000000
1056,-20.000000
1057,-8.000000
1058,72.000000
1059,-28.000000
1060,-52.000000
1061,-12.000000
1062,-24.000000
1063,-4.000000
1064,-8.000000
1065,20.000000
1066,-36.000000
1067,0.000000
1068,-36.000000
1069,0.000000
1070,28.000000
1071,-20.000000
1072,-16.000000
1073,-40.000000
1074,-4.000000
1075,0.000000
1076,-40.000000
1077,-8.000000
1078,-8.000000
1079,-8.000000
1080,8.000000
1081,-24.000000
1082,12.000000
1083,-44.000000
1084,20.000000
1085,-4.000000
1086,-8.000000
1087,-20.000000
1088,12.000000
1089,16.000000
1090,-12.000000
1091,-8.000000
1092,8.000000
1093,24.000000
1094,20.000000
1095,-12.000000
1096,8.000000
1097,0.000000
1098,0.000000
1099,-8.000000
1100,64.000000
1101,0.000000
1102,-8.000000
1103,16.000000
1104,0.000000
1105,-8.000000
1106,16.000000
1107,4.000000
1108,4.000000
1109,-100.000000
1110,-24.000000
1111,4.000000
1112,-8.000000
1113,8.000000
1114,-12.000000
1115,28.000000
1116,-12.000000
1117,-28.000000
1118,-44.000000
1119,8.000000
1120,-8.000000
1121,16.000000
1122,16.000000
1123,-8.000000
1124,24.000000
1125,24.000000
1126,-4.000000
1127,32.000000
1128,-12.000000
1129,32.000000
1130,4.000000
1131,12.000000
1132,8.000000
1133,16.000000
1134,-8.000000
1135,-64.000000
1136,24.000000
1137,32.000000
1138,16.000000
1139,68.000000
1140,-12.000000
1141,-20.000000
1142,0.000000
1143,4.000000
1144,-12.000000
1145,8.000000
1146,32.000000
1147,-32.000000
1148,-52.000000
1149,0.000000
1150,4.000000
1151,-28.000000
1152,0.000000
1153,12.000000
1154,-16.000000
1155,0.000000
1156,-36.000000
1157,0.000000
1158,-32.000000
1159,-8.000000
1160,-88.000000
1161,-28.000000
1162,-8.000000
1163,-28.000000
1164,64.000000
1165,-8.000000
1166,-4.000000
1167,-20.000000
1168,-8.000000
1169,-28.000000
1170,20.000000
1171,0.000000
1172,8.000000
1173,40.000000
1174,-16.000000
1175,-4.000000
1176,-8.000000
1177,-32.000000
1178,-8.000000
1179,-44.000000
1180,84.000000
1181,-16.000000
1182,-32.000000
1183,-16.000000
1184,-20.000000
1185,-20.000000
1186,4.000000
1187,4.000000
1188,-20.000000
1189,-36.000000
1190,68.000000
1191,-28.000000
1192,-24.000000
1193,12.000000
1194,-40.000000
1195,-28.000000
1196,-44.000000
1197,0.000000
1198,-8.000000
1199,16.000000
1200,8.000000
1201,0.000000
1202,-24.000000
1203,0.000000
1204,-32.000000
1205,-12.000000
1206,52.000000
1207,16.000000
1208,44.000000
1209,-16.000000
1210,16.000000
1211,16.000000
1212,8.000000
1213,-8.000000
1214,-40.000000
1215,24.000000
1216,20.000000
1217,16.000000
1218,-8.000000
1219,16.000000
1220,-32.000000
1221,4.000000
1222,-40.000000
1223,-20.000000
1224,20.000000
1225,-4.000000
1226,-32.000000
1227,-12.000000
1228,-28.000000
1229,-4.000000
1230,0.000000
1231,0.000000
1232,44.000000
1233,-12.000000
1234,-16.000000
1235,-8.000000
1236,-4.000000
1237,16.000000
1238,24.000000
1239,-24.000000
1240,16.000000
1241,24.000000
1242,-12.000000
1243,16.000000
1244,0.000000
1245,52.000000
1246,-20.000000
1247,0.000000
1248,12.000000
1249,52.000000
1250,20.000000
1251,4.000000
1252,8.000000
1253,-8.000000
1254,-8.000000
1255,20.000000
1256,-16.000000
1257,-12.000000
1258,0.000000
1259,8.000000
1260,8.000000
1261,12.000000
1262,12.000000
1263,4.000000
1264,4.000000
1265,-12.000000
1266,-52.000000
1267,-16.000000
1268,-24.000000
1269,44.000000
1270,-16.000000
1271,8.000000
1272,-24.000000
1273,-16.000000
1274,-60.000000
1275,-44.000000
1276,52.000000
1277,-8.000000
1278,24.000000
1279,-32.000000
1280,0.000000
1281,0.000000
1282,-16.000000
1283,-20.000000
1284,-52.000000
1285,-52.000000
1286,-24.000000
1287,0.000000
1288,-8.000000
1289,-24.000000
1290,-28.000000
1291,52.000000
1292,24.000000
1293,-120.000000
1294,-16.000000
1295,-48.000000
1296,-16.000000
1297,-8.000000
1298,-8.000000
1299,28.000000
1300,-28.000000
1301,-24.000000
1302,-20.000000
1303,-20.000000
1304,-20.000000
1305,-28.000000
1306,20.000000
1307,-20.000000
1308,-12.000000
1309,4.000000
1310,-16.000000
1311,0.000000
1312,-20.000000
1313,-8.000000
1314,0.000000
1315,84.000000
1316,-32.000000
1317,-8.000000
1318,44.000000
1319,-8.000000
1320,-68.000000
1321,-32.000000
1322,24.000000
1323,-16.000000
1324,-8.000000
1325,16.000000
1326,-8.000000
1327,32.000000
1328,4.000000
1329,20.000000
1330,-20.000000
1331,0.000000
1332,-28.000000
1333,0.000000
1334,8.000000
1335,-52.000000
1336,0.000000
1337,-12.000000
1338,-8.000000
1339,16.000000
1340,24.000000
1341,-12.000000
1342,-8.000000
1343,16.000000
1344,16.000000
1345,60.000000
1346,16.000000
1347,16.000000
1348,16.000000
1349,12.000000
1350,0.000000
1351,20.000000
1352,0.000000
1353,0.000000
1354,40.000000
1355,-8.000000
1356,20.000000
1357,-8.000000
1358,-16.000000
1359,4.000000
1360,0.000000
1361,20.000000
1362,20.000000
1363,12.000000
1364,12.000000
1365,12.000000
1366,12.000000
1367,-12.000000
1368,8.000000
1369,-20.000000
1370,4.000000
1371,12.000000
1372,8.000000
1373,44.000000
1374,28.000000
1375,12.000000
1376,0.000000
1377,4.000000
1378,24.000000
1379,0.000000
1380,-8.000000
1381,-20.000000
1382,16.000000
1383,-12.000000
1384,24.000000
1385,12.000000
1386,16.000000
1387,68.000000
1388,20.000000
1389,16.000000
1390,20.000000
1391,0.000000
1392,24.000000
1393,20.000000
1394,52.000000
1395,-20.000000
1396,8.000000
1397,44.000000
1398,8.000000
1399,-20.000000
1400,-16.000000
1401,-8.000000
1402,8.000000
1403,-16.000000
1404,0.000000
1405,28.000000
1406,-24.000000
1407,60.000000
1408,-4.000000
1409,-12.000000
1410,-8.000000
1411,28.000000
1412,-8.000000
1413,-24.000000
1414,0.000000
1415,0.000000
1416,-16.000000
1417,-12.000000
1418,-8.000000
1419,-44.000000
1420,4.000000
1421,44.000000
1422,4.000000
1423,-32.000000
1424,-20.000000
1425,8.000000
1426,-8.000000
1427,-12.000000
1428,-32.000000
1429,-24.000000
1430,-8.000000
1431,16.000000
1432,-60.000000
1433,-8.000000
1434,40.000000
1435,-28.000000
1436,-32.000000
1437,20.000000
1438,52.000000
1439,-20.000000
1440,16.000000
1441,-32.000000
1442,-40.000000
1443,-28.000000
1444,-12.000000
1445,0.000000
1446,0.000000
1447,-24.000000
1448,0.000000
1449,24.000000
1450,-20.000000
1451,56.000000
1452,0.000000
1453,0.000000
1454,20.000000
1455,-16.000000
1456,16.000000
1457,-28.000000
1458,-8.000000
1459,-12.000000
1460,-8.000000
1461,4.000000
1462,-20.000000
1463,16.000000
1464,0.000000
1465,-20.000000
1466,0.000000
1467,-8.000000
1468,44.000000
1469,52.000000
1470,-20.000000
1471,-40.000000
1472,-8.000000
1473,-20.000000
1474,0.000000
1475,20.000000
1476,-52.000000
1477,0.000000
1478,4.000000
1479,-8.000000
1480,-12.000000
1481,16.000000
1482,-8.000000
1483,-36.000000
1484,-8.000000
1485,0.000000
1486,-20.000000
1487,-40.000000
1488,-8.000000
1489,-8.000000
1490,16.000000
1491,8.000000
1492,8.000000
1493,-20.000000
1494,28.000000
1495,-52.000000
1496,-24.000000
1497,-36.000000
1498,16.000000
1499,4.000000
1500,32.000000
1501,4.000000
1502,4.000000
1503,-12.000000
1504,-4.000000
1505,60.000000
1506,-4.000000
1507,-40.000000
1508,16.000000
1509,36.000000
1510,4.000000
1511,-4.000000
1512,60.000000
1513,20.000000
1514,0.000000
1515,-8.000000
1516,16.000000
1517,-8.000000
1518,-20.000000
1519,0.000000
1520,-24.000000
1521,0.000000
1522,12.000000
1523,0.000000
1524,-24.000000
1525,-16.000000
1526,16.000000
1527,-8.000000
1528,4.000000
1529,-4.000000
1530,-12.000000
1531,-8.000000
1532,104.000000
1533,28.000000
1534,20.000000
1535,0.000000
1536,8.000000
1537,-16.000000
1538,16.000000
1539,0.000000
1540,-12.000000
1541,-24.000000
1542,-4.000000
1543,-32.000000
1544,44.000000
1545,12.000000
1546,-16.000000
1547,-8.000000
1548,-8.000000
1549,-24.000000
1550,12.000000
1551,-36.000000
1552,4.000000
1553,4.000000
1554,-44.000000
1555,-16.000000
1556,-16.000000
1557,-20.000000
1558,-20.000000
1559,-28.000000
1560,-32.000000
1561,16.000000
1562,-28.000000
1563,-28.000000
1564,12.000000
1565,-36.000000
1566,52.000000
1567,-32.000000
1568,-32.000000
1569,-8.000000
1570,-12.000000
1571,4.000000
1572,-32.000000
1573,-20.000000
1574,-8.000000
1575,0.000000
1576,8.000000
1577,-8.000000
1578,-32.000000
1579,-36.000000
1580,-48.000000
1581,-32.000000
1582,0.000000
1583,20.000000
1584,44.000000
1585,-36.000000
1586,-36.000000
1587,-8.000000
1588,-16.000000
1589,-28.000000
1590,8.000000
1591,16.000000
1592,-8.000000
1593,-12.000000
1594,8.000000
1595,-8.000000
1596,-48.000000
1597,24.000000
1598,-8.000000
1599,52.000000
1600,52.000000
1601,24.000000
1602,68.000000
1603,0.000000
1604,-8.000000
1605,60.000000
1606,64.000000
1607,-44.000000
1608,8.000000
1609,8.000000
1610,-36.000000
1611,40.000000
1612,20.000000
1613,12.000000
1614,8.000000
1615,8.000000
1616,16.000000
1617,-44.000000
1618,20.000000
1619,0.000000
1620,48.000000
1621,16.000000
1622,-32.000000
1623,-32.000000
1624,8.000000
1625,-20.000000
1626,-24.000000
1627,-44.000000
1628,-20.000000
1629,16.000000
1630,8.000000
1631,-4.000000
1632,16.000000
1633,32.000000
1634,-20.000000
1635,32.000000
1636,8.000000
1637,32.000000
1638,12.000000
1639,52.000000
1640,8.000000
1641,4.000000
1642,-12.000000
1643,8.000000
1644,-8.000000
1645,-16.000000
1646,0.000000
1647,-8.000000
1648,-12.000000
1649,-16.000000
1650,-20.000000
1651,-36.000000
1652,-28.000000
1653,0.000000
1654,32.000000
1655,12.000000
1656,-20.000000
1657,52.000000
1658,-12.000000
1659,-44.000000
1660,24.000000
1661,12.000000
1662,-8.000000
1663,12.000000
1664,-40.000000
1665,24.000000
1666,0.000000
1667,20.000000
1668,16.000000
1669,0.000000
1670,-16.000000
1671,60.000000
1672,-8.000000
1673,-52.000000
1674,-44.000000
1675,-12.000000
1676,-12.000000
1677,44.000000
1678,-8.000000
1679,-108.000000
1680,12.000000
1681,20.000000
1682,-36.000000
1683,12.000000
1684,12.000000
1685,20.000000
1686,80.000000
1687,-52.000000
1688,0.000000
1689,0.000000
1690,-8.000000
1691,-52.000000
1692,-8.000000
1693,-4.000000
1694,-8.000000
1695,12.000000
1696,-16.000000
1697,-48.000000
1698,-48.000000
1699,-16.000000
1700,-48.000000
1701,-28.000000
1702,-24.000000
1703,-4.000000
1704,-24.000000
1705,-8.000000
1706,0.000000
1707,20.000000
1708,-16.000000
1709,20.000000
1710,-20.000000
1711,-40.000000
1712,-12.000000
1713,-8.000000
1714,20.000000
1715,-4.000000
1716,-12.000000
1717,12.000000
1718,-60.000000
1719,-20.000000
1720,0.000000
1721,12.000000
1722,8.000000
1723,4.000000
1724,-12.000000
1725,-8.000000
1726,-8.000000
1727,4.000000
1728,-12.000000
1729,0.000000
1730,20.000000
1731,8.000000
1732,-8.000000
1733,0.000000
1734,-36.000000
1735,8.000000
1736,4.000000
1737,-8.000000
1738,-36.000000
1739,-4.000000
1740,-4.000000
1741,-4.000000
1742,0.000000
1743,-4.000000
1744,52.000000
1745,-44.000000
1746,4.000000
1747,-8.000000
1748,0.000000
1749,-16.000000
1750,-8.000000
1751,16.000000
1752,-8.000000
1753,4.000000
1754,4.000000
1755,8.000000
1756,12.000000
1757,-12.000000
1758,-52.000000
1759,12.000000
1760,-4.000000
1761,-8.000000
1762,20.000000
1763,16.000000
1764,-40.000000
1765,0.000000
1766,0.000000
1767,-20.000000
1768,-12.000000
1769,0.000000
1770,-32.000000
1771,-12.000000
1772,8.000000
1773,12.000000
1774,16.000000
1775,20.000000
1776,-16.000000
1777,-4.000000
1778,-8.000000
1779,-20.000000
1780,4.000000
1781,-8.000000
1782,-24.000000
1783,12.000000
1784,0.000000
1785,16.000000
1786,-24.000000
1787,-36.000000
1788,-28.000000
1789,20.000000
1790,-28.000000
1791,-4.000000
1792,-60.000000
1793,-4.000000
1794,-4.000000
1795,4.000000
1796,-12.000000
1797,-8.000000
1798,-20.000000
1799,-28.000000
1800,-52.000000
1801,16.000000
1802,16.000000
1803,-32.000000
1804,12.000000
1805,4.000000
1806,8.000000
1807,28.000000
1808,0.000000
1809,4.000000
1810,-12.000000
1811,-8.000000
1812,-28.000000
1813,-24.000000
1814,-60.000000
1815,-20.000000
1816,20.000000
1817,-28.000000
1818,-24.000000
1819,-40.000000
1820,-28.000000
1821,-52.000000
1822,-8.000000
1823,-12.000000
1824,24.000000
1825,-20.000000
1826,-8.000000
1827,-8.000000
1828,-16.000000
1829,-20.000000
1830,16.000000
1831,12.000000
1832,-8.000000
1833,-24.000000
1834,-32.000000
1835,-16.000000
1836,44.000000
1837,-8.000000
1838,64.000000
1839,4.000000
1840,-16.000000
1841,-8.000000
1842,0.000000
1843,-16.000000
1844,-16.000000
1845,44.000000
1846,-36.000000
1847,8.000000
1848,24.000000
1849,68.000000
1850,24.000000
1851,84.000000
1852,-116.000000
1853,52.000000
1854,-16.000000
1855,-8.000000
1856,-8.000000
1857,4.000000
1858,-44.000000
1859,4.000000
1860,-48.000000
1861,4.000000
1862,-12.000000
1863,8.000000
1864,20.000000
1865,-28.000000
1866,-28.000000
1867,-8.000000
1868,-8.000000
1869,12.000000
1870,-12.000000
1871,-4.000000
1872,8.000000
1873,0.000000
1874,0.000000
1875,-16.000000
1876,4.000000
1877,-8.000000
1878,-12.000000
1879,-16.000000
1880,0.000000
1881,-12.000000
1882,-8.000000
1883,28.000000
1884,-60.000000
1885,-8.000000
1886,-8.000000
1887,60.000000
1888,-36.000000
1889,16.000000
1890,-16.000000
1891,-8.000000
1892,24.000000
1893,0.000000
1894,0.000000
1895,-16.000000
1896,-40.000000
1897,0.000000
1898,8.000000
1899,-20.000000
1900,-32.000000
1901,8.000000
1902,-32.000000
1903,4.000000
1904,-8.000000
1905,52.000000
1906,-8.000000
1907,4.000000
1908,-36.000000
1909,52.000000
1910,-36.000000
1911,-16.000000
1912,52.000000
1913,56.000000
1914,-20.000000
1915,4.000000
1916,-16.000000
1917,-8.000000
1918,-20.000000
1919,0.000000
1920,-40.000000
1921,-16.000000
1922,0.000000
1923,12.000000
1924,-36.000000
1925,-24.000000
1926,16.000000
1927,20.000000
1928,0.000000
1929,-52.000000
1930,-32.000000
1931,28.000000
1932,-4.000000
1933,-20.000000
1934,8.000000
1935,40.000000
1936,4.000000
1937,-8.000000
1938,-4.000000
1939,0.000000
1940,-16.000000
1941,-40.000000
1942,-40.000000
1943,-8.000000
1944,64.000000
1945,-16.000000
1946,0.000000
1947,-20.000000
1948,28.000000
1949,0.000000
1950,-40.000000
1951,-8.000000
1952,-8.000000
1953,-24.000000
1954,-8.000000
1955,8.000000
1956,44.000000
1957,-8.000000
1958,28.000000
1959,-72.000000
1960,-40.000000
1961,-4.000000
1962,24.000000
1963,-8.000000
1964,44.000000
1965,20.000000
1966,-44.000000
1967,8.000000
1968,0.000000
1969,28.000000
1970,-40.000000
1971,8.000000
1972,12.000000
1973,24.000000
1974,20.000000
1975,-8.000000
1976,-16.000000
1977,0.000000
1978,-36.000000
1979,-36.000000
1980,-8.000000
1981,4.000000
1982,-12.000000
1983,28.000000
1984,0.000000
1985,-12.000000
1986,-20.000000
1987,0.000000
1988,4.000000
1989,-8.000000
1990,8.000000
1991,-8.000000
1992,-16.000000
1993,-20.000000
1994,-12.000000
1995,8.000000
1996,52.000000
1997,-8.000000
1998,4.000000
1999,-20.000000
2000,20.000000
2001,0.000000
2002,12.000000
2003,16.000000
2004,-4.000000
2005,-40.000000
2006,48.000000
2007,8.000000
2008,-16.000000
2009,12.000000
2010,0.000000
2011,-12.000000
2012,20.000000
2013,-12.000000
2014,8.000000
2015,-4.000000
2016,-12.000000
2017,-36.000000
2018,-8.000000
2019,-8.000000
2020,-12.000000
2021,-16.000000
2022,48.000000
2023,-12.000000
2024,0.000000
2025,-20.000000
2026,32.000000
2027,-24.000000
2028,12.000000
2029,-32.000000
2030,-56.000000
2031,-8.000000
2032,-8.000000
2033,20.000000
2034,-4.000000
2035,-12.000000
2036,16.000000
2037,4.000000
2038,-4.000000
2039,16.000000
2040,-24.000000
2041,4.000000
2042,-4.000000
2043,-20.000000
2044,44.000000
2045,-4.000000
2046,-16.000000
2047,-16.000000
2048,-20.000000
2049,-16.000000
2050,52.000000
2051,-8.000000
2052,0.000000
2053,60.000000
2054,12.000000
2055,-24.000000
2056,-52.000000
2057,12.000000
2058,16.000000
2059,-28.000000
2060,-8.000000
2061,-28.000000
2062,-8.000000
2063,-12.000000
2064,-12.000000
2065,56.000000
2066,8.000000
2067,8.000000
2068,-8.000000
2069,-40.000000
2070,20.000000
2071,0.000000
2072,-28.000000
2073,28.000000
2074,-12.000000
2075,0.000000
2076,-12.000000
2077,-20.000000
2078,0.000000
2079,-12.000000
2080,4.000000
2081,12.000000
2082,-8.000000
2083,0.000000
2084,-36.000000
2085,0.000000
2086,0.000000
2087,-20.000000
2088,-32.000000
2089,0.000000
2090,44.000000
2091,16.000000
2092,-8.000000
2093,-16.000000
2094,24.000000
2095,0.000000
2096,-20.000000
2097,16.000000
2098,-20.000000
2099,0.000000
2100,-28.000000
2101,0.000000
2102,12.000000
2103,-16.000000
2104,0.000000
2105,44.000000
2106,-8.000000
2107,28.000000
2108,76.000000
2109,-16.000000
2110,0.000000
2111,8.000000
2112,-8.000000
2113,0.000000
2114,-4.000000
2115,-16.000000
2116,-48.000000
2117,24.000000
2118,44.000000
2119,4.000000
2120,-8.000000
2121,-44.000000
2122,12.000000
2123,-4.000000
2124,0.000000
2125,16.000000
2126,8.000000
2127,-24.000000
2128,0.000000
2129,44.000000
2130,8.000000
2131,-40.000000
2132,4.000000
2133,-4.000000
2134,-4.000000
2135,-16.000000
2136,0.000000
2137,-72.000000
2138,-4.000000
2139,-28.000000
2140,40.000000
2141,4.000000
2142,-44.000000
2143,-16.000000
2144,-8.000000
2145,-16.000000
2146,8.000000
2147,-8.000000
2148,12.000000
2149,-8.000000
2150,-16.000000
2151,12.000000
2152,-8.000000
2153,-16.000000
2154,-4.000000
2155,52.000000
2156,-8.000000
2157,-40.000000
2158,-24.000000
2159,-8.000000
2160,-8.000000
2161,-28.000000
2162,-8.000000
2163,-28.000000
2164,0.000000
2165,44.000000
2166,-40.000000
2167,16.000000
2168,-4.000000
2169,12.000000
2170,-44.000000
2171,-32.000000
2172,-8.000000
2173,-100.000000
2174,-24.000000
2175,-32.000000
2176,-8.000000
2177,-24.000000
2178,-32.000000
2179,-20.000000
2180,20.000000
2181,-24.000000
2182,-24.000000
2183,0.000000
2184,8.000000
2185,-8.000000
2186,-28.000000
2187,0.000000
2188,-32.000000
2189,44.000000
2190,-8.000000
2191,24.000000
2192,-28.000000
2193,-24.000000
2194,-60.000000
2195,-28.000000
2196,0.000000
2197,0.000000
2198,-44.000000
2199,-8.000000
2200,-12.000000
2201,-28.000000
2202,-28.000000
2203,-24.000000
2204,-24.000000
2205,4.000000
2206,8.000000
2207,0.000000
2208,24.000000
2209,16.000000
2210,-8.000000
2211,-4.000000
2212,-8.000000
2213,-28.000000
2214,-8.000000
2215,-60.000000
2216,16.000000
2217,52.000000
2218,20.000000
2219,28.000000
2220,-8.000000
2221,-8.000000
2222,-24.000000
2223,16.000000
2224,12.000000
2225,-4.000000
2226,20.000000
2227,0.000000
2228,0.000000
2229,8.000000
2230,12.000000
2231,12.000000
2232,28.000000
2233,60.000000
2234,0.000000
2235,-4.000000
2236,-4.000000
2237,32.000000
2238,-8.000000
2239,8.000000
2240,8.000000
2241,16.000000
2242,16.000000
2243,-36.000000
2244,4.000000
2245,-24.000000
2246,8.000000
2247,16.000000
2248,-4.000000
2249,-28.000000
2250,20.000000
2251,0.000000
2252,8.000000
2253,8.000000
2254,16.000000
2255,-8.000000
2256,16.000000
2257,-40.000000
2258,0.000000
2259,64.000000
2260,-40.000000
2261,16.000000
2262,32.000000
2263,16.000000
2264,16.000000
2265,0.000000
2266,12.000000
2267,56.000000
2268,72.000000
2269,-24.000000
2270,-44.000000
2271,-28.000000
2272,84.000000
2273,4.000000
2274,-16.000000
2275,56.000000
2276,-12.000000
2277,0.000000
2278,0.000000
2279,24.000000
2280,4.000000
2281,0.000000
2282,-4.000000
2283,-44.000000
2284,-52.000000
2285,4.000000
2286,-8.000000
2287,-28.000000
2288,-28.000000
2289,12.000000
2290,-8.000000
2291,20.000000
2292,-28.000000
2293,-8.000000
2294,-8.000000
2295,44.000000
2296,-108.000000
2297,-20.000000
2298,-8.000000
2299,-24.000000
2300,0.000000
2301,-32.000000
2302,-8.000000
2303,-24.000000
2304,-20.000000
2305,8.000000
2306,8.000000
2307,0.000000
2308,-32.000000
2309,-4.000000
2310,-8.000000
2311,-4.000000
2312,-32.000000
2313,0.000000
2314,0.000000
2315,-32.000000
2316,20.000000
2317,-12.000000
2318,-8.000000
2319,-12.000000
2320,-20.000000
2321,-20.000000
2322,-20.000000
2323,8.000000
2324,-16.000000
2325,-32.000000
2326,-8.000000
2327,-8.000000
2328,20.000000
2329,-28.000000
2330,-20.000000
2331,-8.000000
2332,24.000000
2333,24.000000
2334,-24.000000
2335,12.000000
2336,-8.000000
2337,-20.000000
2338,12.000000
2339,8.000000
2340,-12.000000
2341,-12.000000
2342,-8.000000
2343,-56.000000
2344,-8.000000
2345,-8.000000
2346,12.000000
2347,-36.000000
2348,-16.000000
2349,12.000000
2350,-8.000000
2351,12.000000
2352,12.000000
2353,-24.000000
2354,16.000000
2355,0.000000
2356,-4.000000
2357,52.000000
2358,-20.000000
2359,-28.000000
2360,-24.000000
2361,-8.000000
2362,24.000000
2363,-8.000000
2364,16.000000
2365,12.000000
2366,-8.000000
2367,-20.000000
2368,16.000000
2369,0.000000
2370,20.000000
2371,4.000000
2372,-12.000000
2373,32.000000
2374,20.000000
2375,-8.000000
2376,12.000000
2377,40.000000
2378,20.000000
2379,-24.000000
2380,-8.000000
2381,48.000000
2382,40.000000
2383,16.000000
2384,24.000000
2385,32.000000
2386,0.000000
2387,-40.000000
2388,-8.000000
2389,-12.000000
2390,44.000000
2391,0.000000
2392,72.000000
2393,0.000000
2394,0.000000
2395,-8.000000
2396,16.000000
2397,-28.000000
2398,0.000000
2399,20.000000
2400,-20.000000
2401,-28.000000
2402,32.000000
2403,16.000000
2404,-12.000000
2405,64.000000
2406,-24.000000
2407,0.000000
2408,-4.000000
2409,-8.000000
2410,-24.000000
2411,20.000000
2412,-24.000000
2413,-16.000000
2414,-20.000000
2415,-8.000000
2416,-8.000000
2417,-4.000000
2418,44.000000
2419,-8.000000
2420,-12.000000
2421,-96.000000
2422,-8.000000
2423,-24.000000
2424,-8.000000
2425,-28.000000
2426,-28.000000
2427,-4.000000
2428,44.000000
2429,4.000000
2430,-8.000000
2431,-32.000000
2432,-24.000000
2433,8.000000
2434,-20.000000
2435,0.000000
2436,8.000000
2437,-16.000000
2438,-52.000000
2439,-48.000000
2440,8.000000
2441,-32.000000
2442,-28.000000
2443,-4.000000
2444,0.000000
2445,16.000000
2446,-28.000000
2447,-32.000000
2448,0.000000
2449,20.000000
2450,-40.000000
2451,-8.000000
2452,-36.000000
2453,-32.000000
2454,-28.000000
2455,0.000000
2456,-20.000000
2457,16.000000
2458,4.000000
2459,20.000000
2460,4.000000
2461,0.000000
2462,24.000000
2463,-32.000000
2464,-4.000000
2465,-28.000000
2466,44.000000
2467,4.000000
2468,-12.000000
2469,-28.000000
2470,-8.000000
2471,40.000000
2472,16.000000
2473,-4.000000
2474,-4.000000
2475,16.000000
2476,-8.000000
2477,-8.000000
2478,4.000000
2479,-8.000000
2480,-16.000000
2481,24.000000
2482,-28.000000
2483,0.000000
2484,-8.000000
2485,-8.000000
2486,-8.000000
2487,-8.000000
2488,44.000000
2489,-24.000000
2490,12.000000
2491,-8.000000
2492,0.000000
2493,0.000000
2494,-4.000000
2495,0.000000
2496,-44.000000
2497,12.000000
2498,-8.000000
2499,-52.000000
2500,24.000000
2501,32.000000
2502,-12.000000
2503,-16.000000
2504,0.000000
2505,16.000000
2506,-32.000000
2507,-12.000000
2508,-44.000000
2509,-24.000000
2510,20.000000
2511,-24.000000
2512,-32.000000
2513,20.000000
2514,12.000000
2515,-52.000000
2516,4.000000
2517,0.000000
2518,0.000000
2519,4.000000
2520,16.000000
2521,-4.000000
2522,-36.000000
2523,8.000000
2524,8.000000
2525,-8.000000
2526,-32.000000
2527,0.000000
2528,-16.000000
2529,-20.000000
2530,-12.000000
2531,-8.000000
2532,-32.000000
2533,-8.000000
2534,40.000000
2535,44.000000
2536,-12.000000
2537,-48.000000
2538,-8.000000
2539,8.000000
2540,12.000000
2541,-8.000000
2542,-32.000000
2543,-20.000000
2544,68.000000
2545,-52.000000
2546,40.000000
2547,12.000000
2548,-8.000000
2549,-24.000000
2550,24.000000
2551,-100.000000
2552,-12.000000
2553,-40.000000
2554,-36.000000
2555,4.000000
2556,-12.000000
2557,-12.000000
2558,-16.000000
2559,-16.000000
2560,-16.000000
2561,-32.000000
2562,0.000000
2563,64.000000
2564,-16.000000
2565,0.000000
2566,24.000000
2567,-8.000000
2568,-32.000000
2569,-8.000000
2570,16.000000
2571,44.000000
2572,-24.000000
2573,-8.000000
2574,-8.000000
2575,44.000000
2576,-8.000000
2577,-8.000000
2578,-28.000000
2579,-8.000000
2580,24.000000
2581,-8.000000
2582,-16.000000
2583,16.000000
2584,-12.000000
2585,-12.000000
2586,-56.000000
2587,20.000000
2588,-8.000000
2589,20.000000
2590,-20.000000
2591,60.000000
2592,0.000000
2593,40.000000
2594,-24.000000
2595,-20.000000
2596,-4.000000
2597,-8.000000
2598,0.000000
2599,52.000000
2600,-8.000000
2601,0.000000
2602,-4.000000
2603,-8.000000
2604,4.000000
2605,0.000000
2606,-60.000000
2607,-24.000000
2608,-76.000000
2609,12.000000
2610,8.000000
2611,56.000000
2612,-20.000000
2613,-28.000000
2614,16.000000
2615,0.000000
2616,24.000000
2617,24.000000
2618,-32.000000
2619,24.000000
2620,-32.000000
2621,0.000000
2622,48.000000
2623,32.000000
2624,4.000000
2625,32.000000
2626,8.000000
2627,-8.000000
2628,0.000000
2629,-4.000000
2630,0.000000
2631,-44.000000
2632,4.000000
2633,0.000000
2634,44.000000
2635,12.000000
2636,48.000000
2637,8.000000
2638,8.000000
2639,24.000000
2640,12.000000
2641,-16.000000
2642,16.000000
2643,16.000000
2644,-12.000000
2645,76.000000
2646,-28.000000
2647,-12.000000
2648,0.000000
2649,4.000000
2650,24.000000
2651,16.000000
2652,16.000000
2653,-12.000000
2654,4.000000
2655,-36.000000
2656,-16.000000
2657,-20.000000
2658,-108.000000
2659,-12.000000
2660,-8.000000
2661,56.000000
2662,16.000000
2663,-8.000000
2664,8.000000
2665,-52.000000
2666,0.000000
2667,-20.000000
2668,-12.000000
2669,28.000000
2670,-48.000000
2671,52.000000
2672,-12.000000
2673,-12.000000
2674,-12.000000
2675,-16.000000
2676,64.000000
2677,28.000000
2678,-16.000000
2679,20.000000
2680,44.000000
2681,20.000000
2682,-32.000000
2683,-20.000000
2684,-20.000000
2685,0.000000
2686,44.000000
2687,-28.000000
2688,4.000000
2689,-24.000000
2690,0.000000
2691,-40.000000
2692,-12.000000
2693,-8.000000
2694,-4.000000
2695,-64.000000
2696,-8.000000
2697,-4.000000
2698,-24.000000
2699,52.000000
2700,28.000000
2701,-12.000000
2702,-8.000000
2703,-12.000000
2704,-24.000000
2705,-32.000000
2706,-32.000000
2707,-4.000000
2708,-8.000000
2709,-16.000000
2710,-20.000000
2711,-24.000000
2712,-8.000000
2713,-60.000000
2714,4.000000
2715,-28.000000
2716,-24.000000
2717,0.000000
2718,-16.000000
2719,24.000000
2720,52.000000
2721,-8.000000
2722,0.000000
2723,24.000000
2724,8.000000
2725,24.000000
2726,-12.000000
2727,16.000000
2728,-28.000000
2729,-8.000000
2730,-20.000000
2731,8.000000
2732,4.000000
2733,12.000000
2734,0.000000
2735,24.000000
2736,4.000000
2737,16.000000
2738,-28.000000
2739,8.000000
2740,-72.000000
2741,-52.000000
2742,0.000000
2743,0.000000
2744,16.000000
2745,0.000000
2746,-12.000000
2747,0.000000
2748,-8.000000
2749,-32.000000
2750,-28.000000
2751,24.000000
2752,20.000000
2753,8.000000
2754,-12.000000
2755,16.000000
2756,20.000000
2757,0.000000
2758,0.000000
2759,-8.000000
2760,-4.000000
2761,24.000000
2762,-4.000000
2763,0.000000
2764,4.000000
2765,-12.000000
2766,24.000000
2767,0.000000
2768,0.000000
2769,20.000000
2770,4.000000
2771,16.000000
2772,-4.000000
2773,-28.000000
2774,52.000000
2775,8.000000
2776,-40.000000
2777,8.000000
2778,16.000000
2779,-8.000000
2780,-8.000000
2781,44.000000
2782,-36.000000
2783,-16.000000
2784,8.000000
2785,-28.000000
2786,-24.000000
2787,-12.000000
2788,68.000000
2789,-16.000000
2790,20.000000
2791,4.000000
2792,-20.000000
2793,-8.000000
2794,-28.000000
2795,-12.000000
2796,4.000000
2797,28.000000
2798,0.000000
2799,-8.000000
2800,-24.000000
2801,4.000000
2802,-16.000000
2803,12.000000
2804,-12.000000
2805,-28.000000
2806,-8.000000
2807,-20.000000
2808,-16.000000
2809,40.000000
2810,-12.000000
2811,-52.000000
2812,12.000000
2813,-8.000000
2814,-8.000000
2815,-48.000000
2816,-8.000000
2817,-16.000000
2818,-8.000000
2819,-4.000000
2820,20.000000
2821,-44.000000
2822,-8.000000
2823,-16.000000
2824,-12.000000
2825,-4.000000
2826,-16.000000
2827,-20.000000
2828,-40.000000
2829,-20.000000
2830,-20.000000
2831,-60.000000
2832,12.000000
2833,0.000000
2834,-40.000000
2835,-8.000000
2836,20.000000
2837,-60.000000
2838,-8.000000
2839,52.000000
2840,-16.000000
2841,-28.000000
2842,-28.000000
2843,24.000000
2844,-24.000000
2845,-20.000000
2846,28.000000
2847,-12.000000
2848,-12.000000
2849,-8.000000
2850,24.000000
2851,12.000000
2852,0.000000
2853,-12.000000
2854,24.000000
2855,-52.000000
2856,-44.000000
2857,4.000000
2858,-52.000000
2859,-8.000000
2860,-8.000000
2861,28.000000
2862,-20.000000
2863,-8.000000
2864,52.000000
2865,44.000000
2866,8.000000
2867,-12.000000
2868,-8.000000
2869,36.000000
2870,16.000000
2871,0.000000
2872,-44.000000
2873,4.000000
2874,4.000000
2875,24.000000
2876,-40.000000
2877,72.000000
2878,0.000000
2879,-44.000000
2880,84.000000
2881,-8.000000
2882,16.000000
2883,-8.000000
2884,-24.000000
2885,24.000000
2886,-4.000000
2887,-8.000000
2888,16.000000
2889,0.000000
2890,-12.000000
2891,-8.000000
2892,-40.000000
2893,12.000000
2894,112.000000
2895,8.000000
2896,8.000000
2897,8.000000
2898,12.000000
2899,-12.000000
2900,0.000000
2901,8.000000
2902,40.000000
2903,-24.000000
2904,4.000000
2905,8.000000
2906,-28.000000
2907,-4.000000
2908,8.000000
2909,52.000000
2910,-8.000000
2911,-20.000000
2912,12.000000
2913,24.000000
2914,4.000000
2915,16.000000
2916,-8.000000
2917,-8.000000
2918,8.000000
2919,-32.000000
2920,-28.000000
2921,0.000000
2922,0.000000
2923,12.000000
2924,12.000000
2925,-16.000000
2926,-16.000000
2927,0.000000
2928,-68.000000
2929,-24.000000
2930,-16.000000
2931,-16.000000
2932,4.000000
2933,0.000000
2934,0.000000
2935,-20.000000
2936,-8.000000
2937,-40.000000
2938,-8.000000
2939,76.000000
2940,20.000000
2941,24.000000
2942,0.000000
2943,0.000000
2944,-20.000000
2945,-8.000000
2946,16.000000
2947,-8.000000
2948,-72.000000
2949,0.000000
2950,-28.000000
2951,-8.000000
2952,-36.000000
2953,-16.000000
2954,0.000000
2955,-8.000000
2956,-28.000000
2957,-28.000000
2958,-28.000000
2959,28.000000
2960,-32.000000
2961,0.000000
2962,-68.000000
2963,-16.000000
2964,-12.000000
2965,-20.000000
2966,-20.000000
2967,-24.000000
2968,-8.000000
2969,-32.000000
2970,-16.000000
2971,44.000000
2972,-28.000000
2973,-36.000000
2974,12.000000
2975,72.000000
2976,64.000000
2977,-8.000000
2978,-12.000000
2979,0.000000
2980,16.000000
2981,0.000000
2982,-8.000000
2983,0.000000
2984,-32.000000
2985,-8.000000
2986,-32.000000
2987,-4.000000
2988,0.000000
2989,-8.000000
2990,-16.000000
2991,-20.000000
2992,12.000000
2993,16.000000
2994,20.000000
2995,-8.000000
2996,24.000000
2997,8.000000
2998,12.000000
2999,20.000000
3000,20.000000
3001,0.000000
3002,28.000000
3003,12.000000
3004,12.000000
3005,20.000000
3006,20.000000
3007,4.000000
3008,8.000000
3009,-16.000000
3010,16.000000
3011,52.000000
3012,28.000000
3013,28.000000
3014,28.000000
3015,0.000000
3016,4.000000
3017,-40.000000
3018,-8.000000
3019,8.000000
3020,-12.000000
3021,12.000000
3022,12.000000
3023,16.000000
3024,64.000000
3025,0.000000
3026,-28.000000
3027,-8.000000
3028,0.000000
3029,0.000000
3030,-8.000000
3031,0.000000
3032,8.000000
3033,4.000000
3034,-32.000000
3035,32.000000
3036,20.000000
3037,-24.000000
3038,-12.000000
3039,-28.000000
3040,-36.000000
3041,24.000000
3042,-40.000000
3043,-40.000000
3044,-4.000000
3045,-28.000000
3046,28.000000
3047,-16.000000
3048,-24.000000
3049,4.000000
3050,8.000000
3051,-20.000000
3052,-20.000000
3053,12.000000
3054,-52.000000
3055,-8.000000
3056,-16.000000
3057,12.000000
3058,-36.000000
3059,-20.000000
3060,-20.000000
3061,-32.000000
3062,-32.000000
3063,-28.000000
3064,-28.000000
3065,-48.000000
3066,-8.000000
3067,40.000000
3068,40.000000
3069,-24.000000
3070,-80.000000
3071,-8.000000
3072,-28.000000
3073,40.000000
3074,-8.000000
3075,-12.000000
3076,-12.000000
3077,-20.000000
3078,-4.000000
3079,-40.000000
3080,-16.000000
3081,-36.000000
3082,-40.000000
3083,-24.000000
3084,24.000000
3085,-76.000000
3086,12.000000
3087,-28.000000
3088,-20.000000
3089,-60.000000
3090,-32.000000
3091,52.000000
3092,-20.000000
3093,-32.000000
3094,16.000000
3095,-8.000000
3096,-8.000000
3097,-4.000000
3098,-8.000000
3099,40.000000
3100,-20.000000
3101,4.000000
3102,40.000000
3103,4.000000
3104,-24.000000
3105,60.000000
3106,-4.000000
3107,16.000000
3108,-8.000000
3109,-32.000000
3110,-12.000000
3111,-28.000000
3112,16.000000
3113,4.000000
3114,4.000000
3115,-28.000000
3116,24.000000
3117,16.000000
3118,8.000000
3119,32.000000
3120,32.000000
3121,28.000000
3122,36.000000
3123,0.000000
3124,16.000000
3125,0.000000
3126,0.000000
3127,4.000000
3128,8.000000
3129,-16.000000
3130,4.000000
3131,-20.000000
3132,8.000000
3133,36.000000
3134,-28.000000
3135,20.000000
3136,0.000000
3137,4.000000
3138,4.000000
3139,32.000000
3140,8.000000
3141,24.000000
3142,-4.000000
3143,-8.000000
3144,-12.000000
3145,-20.000000
3146,4.000000
3147,12.000000
3148,12.000000
3149,0.000000
3150,-8.000000
3151,0.000000
3152,-28.000000
3153,-8.000000
3154,0.000000
3155,-28.000000
3156,-24.000000
3157,0.000000
3158,52.000000
3159,0.000000
3160,32.000000
3161,4.000000
3162,-24.000000
3163,-20.000000
3164,-12.000000
3165,0.000000
3166,8.000000
3167,0.000000
3168,0.000000
3169,-28.000000
3170,12.000000
3171,52.000000
3172,4.000000
3173,0.000000
3174,40.000000
3175,-4.000000
3176,-8.000000
3177,-24.000000
3178,0.000000
3179,-52.000000
3180,-52.000000
3181,-8.000000
3182,-8.000000
3183,12.000000
3184,-32.000000
3185,28.000000
3186,-48.000000
3187,24.000000
3188,-8.000000
3189,-8.000000
3190,-20.000000
3191,-8.000000
3192,-24.000000
3193,-16.000000
3194,-8.000000
3195,-24.000000
3196,-4.000000
3197,-24.000000
3198,-8.000000
3199,-24.000000
3200,-40.000000
3201,-16.000000
3202,-16.000000
3203,20.000000
3204,-16.000000
3205,-8.000000
3206,-64.000000
3207,-12.000000
3208,0.000000
3209,-48.000000
3210,-100.000000
3211,-20.000000
3212,-8.000000
3213,0.000000
3214,-8.000000
3215,32.000000
3216,12.000000
3217,-20.000000
3218,-8.000000
3219,4.000000
3220,0.000000
3221,-12.000000
3222,-12.000000
3223,32.000000
3224,-56.000000
3225,16.000000
3226,28.000000
3227,16.000000
3228,40.000000
3229,-8.000000
3230,-60.000000
3231,-52.000000
3232,4.000000
3233,-8.000000
3234,8.000000
3235,-12.000000
3236,32.000000
3237,-20.000000
3238,4.000000
3239,0.000000
3240,8.000000
3241,36.000000
3242,16.000000
3243,-40.000000
3244,-8.000000
3245,0.000000
3246,-40.000000
3247,4.000000
3248,52.000000
3249,8.000000
3250,8.000000
3251,-28.000000
3252,44.000000
3253,0.000000
3254,16.000000
3255,20.000000
3256,52.000000
3257,0.000000
3258,-28.000000
3259,20.000000
3260,4.000000
3261,-28.000000
3262,20.000000
3263,16.000000
3264,20.000000
3265,-28.000000
3266,-28.000000
3267,32.000000
3268,-28.000000
3269,100.000000
3270,20.000000
3271,12.000000
3272,0.000000
3273,8.000000
3274,-36.000000
3275,-12.000000
3276,-20.000000
3277,-8.000000
3278,24.000000
3279,-60.000000
3280,-12.000000
3281,44.000000
3282,-12.000000
3283,0.000000
3284,-8.000000
3285,0.000000
3286,-12.000000
3287,-8.000000
3288,-40.000000
3289,24.000000
3290,-36.000000
3291,-36.000000
3292,-12.000000
3293,-68.000000
3294,-100.000000
3295,40.000000
3296,28.000000
3297,-32.000000
3298,-4.000000
3299,-28.000000
3300,28.000000
3301,-20.000000
3302,-12.000000
3303,-52.000000
3304,0.000000
3305,-12.000000
3306,-8.000000
3307,0.000000
3308,52.000000
3309,12.000000
3310,-4.000000
3311,-8.000000
3312,-8.000000
3313,52.000000
3314,8.000000
3315,-8.000000
3316,-8.000000
3317,8.000000
3318,-20.000000
3319,-28.000000
3320,8.000000
3321,-8.000000
3322,44.000000
3323,12.000000
3324,-40.000000
3325,-28.000000
3326,0.000000
3327,-56.000000
3328,-32.000000
3329,-12.000000
3330,12.000000
3331,-40.000000
3332,-8.000000
3333,-20.000000
3334,-40.000000
3335,16.000000
3336,-28.000000
3337,-20.000000
3338,-12.000000
3339,28.000000
3340,-12.000000
3341,-20.000000
3342,68.000000
3343,0.000000
3344,8.000000
3345,-20.000000
3346,0.000000
3347,-60.000000
3348,0.000000
3349,-8.000000
3350,-8.000000
3351,-52.000000
3352,16.000000
3353,52.000000
3354,-60.000000
3355,0.000000
3356,-4.000000
3357,-12.000000
3358,-12.000000
3359,-8.000000
3360,-16.000000
3361,-8.000000
3362,-4.000000
3363,-28.000000
3364,-28.000000
3365,4.000000
3366,8.000000
3367,20.000000
3368,-8.000000
3369,20.000000
3370,-4.000000
3371,0.000000
3372,8.000000
3373,32.000000
3374,-20.000000
3375,24.000000
3376,4.000000
3377,32.000000
3378,16.000000
3379,84.000000
3380,52.000000
3381,-16.000000
3382,-32.000000
3383,16.000000
3384,88.000000
3385,8.000000
3386,-8.000000
3387,-16.000000
3388,28.000000
3389,-8.000000
3390,24.000000
3391,0.000000
3392,8.000000
3393,4.000000
3394,-16.000000
3395,-36.000000
3396,-28.000000
3397,0.000000
3398,24.000000
3399,4.000000
3400,-108.000000
3401,-8.000000
3402,0.000000
3403,-12.000000
3404,0.000000
3405,44.000000
3406,-40.000000
3407,20.000000
3408,-64.000000
3409,-40.000000
3410,16.000000
3411,0.000000
3412,-20.000000
3413,-24.000000
3414,44.000000
3415,16.000000
3416,16.000000
3417,28.000000
3418,20.000000
3419,0.000000
3420,-40.000000
3421,24.000000
3422,-8.000000
3423,-4.000000
3424,-4.000000
3425,8.000000
3426,24.000000
3427,52.000000
3428,0.000000
3429,-8.000000
3430,60.000000
3431,-24.000000
3432,24.000000
3433,-8.000000
3434,52.000000
3435,0.000000
3436,4.000000
3437,8.000000
3438,4.000000
3439,-16.000000
3440,-8.000000
3441,-24.000000
3442,12.000000
3443,-28.000000
3444,-24.000000
3445,-36.000000
3446,32.000000
3447,-24.000000
3448,-28.000000
3449,4.000000
3450,-8.000000
3451,-28.000000
3452,-28.000000
3453,52.000000
3454,-28.000000
3455,0.000000
3456,-8.000000
3457,-8.000000
3458,-20.000000
3459,52.000000
3460,28.000000
3461,-4.000000
3462,-12.000000
3463,-8.000000
3464,0.000000
3465,-4.000000
3466,-16.000000
3467,8.000000
3468,-12.000000
3469,-16.000000
3470,-12.000000
3471,0.000000
3472,-8.000000
3473,60.000000
3474,-24.000000
3475,-36.000000
3476,-28.000000
3477,4.000000
3478,4.000000
3479,-4.000000
3480,-24.000000
3481,20.000000
3482,24.000000
3483,12.000000
3484,44.000000
3485,-32.000000
3486,-12.000000
3487,44.000000
3488,52.000000
3489,-36.000000
3490,60.000000
3491,8.000000
3492,32.000000
3493,8.000000
3494,8.000000
3495,-20.000000
3496,-16.000000
3497,8.000000
3498,0.000000
3499,-20.000000
3500,-16.000000
3501,36.000000
3502,20.000000
3503,4.000000
3504,4.000000
3505,-16.000000
3506,-8.000000
3507,0.000000
3508,0.000000
3509,-8.000000
3510,-8.000000
3511,-28.000000
3512,20.000000
3513,0.000000
3514,0.000000
3515,36.000000
3516,28.000000
3517,-4.000000
3518,-52.000000
3519,-16.000000
3520,20.000000
3521,28.000000
3522,40.000000
3523,0.000000
3524,8.000000
3525,16.000000
3526,-24.000000
3527,0.000000
3528,-8.000000
3529,-40.000000
3530,-12.000000
3531,0.000000
3532,-12.000000
3533,-12.000000
3534,0.000000
3535,20.000000
3536,-24.000000
3537,-36.000000
3538,-8.000000
3539,-8.000000
3540,52.000000
3541,0.000000
3542,-20.000000
3543,-12.000000
3544,0.000000
3545,-8.000000
3546,20.000000
3547,-28.000000
3548,-28.000000
3549,-20.000000
3550,56.000000
3551,-28.000000
3552,-20.000000
3553,-8.000000
3554,-44.000000
3555,16.000000
3556,-24.000000
3557,52.000000
3558,-28.000000
3559,-72.000000
3560,-36.000000
3561,0.000000
3562,-16.000000
3563,-24.000000
3564,-8.000000
3565,-48.000000
3566,-16.000000
3567,28.000000
3568,-4.000000
3569,20.000000
3570,-40.000000
3571,24.000000
3572,28.000000
3573,-8.000000
3574,16.000000
3575,-32.000000
3576,-16.000000
3577,-12.000000
3578,-12.000000
3579,-8.000000
3580,-32.000000
3581,-8.000000
3582,-48.000000
3583,20.000000
3584,68.000000
3585,0.000000
3586,-4.000000
3587,-28.000000
3588,64.000000
3589,8.000000
3590,4.000000
3591,12.000000
3592,-8.000000
3593,44.000000
3594,-8.000000
3595,0.000000
3596,4.000000
3597,28.000000
3598,52.000000
3599,-28.000000
3600,-28.000000
3601,-24.000000
3602,-4.000000
3603,0.000000
3604,32.000000
3605,-12.000000
3606,-16.000000
3607,4.000000
3608,4.000000
3609,16.000000
3610,28.000000
3611,24.000000
3612,40.000000
3613,-8.000000
3614,12.000000
3615,4.000000
3616,-12.000000
3617,-8.000000
3618,16.000000
3619,24.000000
3620,20.000000
3621,4.000000
3622,24.000000
3623,4.000000
3624,4.000000
3625,28.000000
3626,12.000000
3627,32.000000
3628,12.000000
3629,-8.000000
3630,-36.000000
3631,-8.000000
3632,24.000000
3633,16.000000
3634,20.000000
3635,-12.000000
3636,-24.000000
3637,20.000000
3638,0.000000
3639,-20.000000
3640,0.000000
3641,0.000000
3642,16.000000
3643,0.000000
3644,0.000000
3645,-8.000000
3646,52.000000
3647,-20.000000
3648,32.000000
3649,44.000000
3650,16.000000
3651,-16.000000
3652,-16.000000
3653,-8.000000
3654,52.000000
3655,40.000000
3656,-8.000000
3657,16.000000
3658,-8.000000
3659,8.000000
3660,-8.000000
3661,28.000000
3662,-8.000000
3663,-36.000000
3664,-12.000000
3665,0.000000
3666,-28.000000
3667,-28.000000
3668,-32.000000
3669,4.000000
3670,-40.000000
3671,-36.000000
3672,4.000000
3673,12.000000
3674,52.000000
3675,-12.000000
3676,-32.000000
3677,-28.000000
3678,28.000000
3679,-12.000000
3680,-12.000000
3681,12.000000
3682,12.000000
3683,4.000000
3684,8.000000
3685,0.000000
3686,20.000000
3687,-48.000000
3688,28.000000
3689,0.000000
3690,-20.000000
3691,-28.000000
3692,40.000000
3693,-4.000000
3694,0.000000
3695,44.000000
3696,-28.000000
3697,-20.000000
3698,-104.000000
3699,-8.000000
3700,-8.000000
3701,60.000000
3702,12.000000
3703,4.000000
3704,-40.000000
3705,-44.000000
3706,-8.000000
3707,-16.000000
3708,0.000000
3709,-52.000000
3710,8.000000
3711,-8.000000
3712,24.000000
3713,40.000000
3714,8.000000
3715,0.000000
3716,-8.000000
3717,-8.000000
3718,0.000000
3719,16.000000
3720,0.000000
3721,64.000000
3722,-24.000000
3723,-28.000000
3724,12.000000
3725,0.000000
3726,16.000000
3727,-8.000000
3728,-8.000000
3729,-12.000000
3730,0.000000
3731,-44.000000
3732,16.000000
3733,44.000000
3734,0.000000
3735,0.000000
3736,-8.000000
3737,44.000000
3738,4.000000
3739,-8.000000
3740,12.000000
3741,-8.000000
3742,-20.000000
3743,28.000000
3744,-8.000000
3745,-4.000000
3746,-8.000000
3747,-8.000000
3748,12.000000
3749,12.000000
3750,-12.000000
3751,8.000000
3752,4.000000
3753,8.000000
3754,20.000000
3755,-52.000000
3756,-8.000000
3757,4.000000
3758,60.000000
3759,-12.000000
3760,0.000000
3761,44.000000
3762,52.000000
3763,-20.000000
3764,-8.000000
3765,16.000000
3766,-16.000000
3767,0.000000
3768,16.000000
3769,-12.000000
3770,-8.000000
3771,8.000000
3772,-44.000000
3773,-44.000000
3774,32.000000
3775,24.000000
3776,-60.000000
3777,-8.000000
3778,-8.000000
3779,12.000000
3780,-60.000000
3781,-28.000000
3782,4.000000
3783,-20.000000
3784,-8.000000
3785,-12.000000
3786,4.000000
3787,-28.000000
3788,8.000000
3789,4.000000
3790,0.000000
3791,-16.000000
3792,-32.000000
3793,-28.000000
3794,-32.000000
3795,-8.000000
3796,0.000000
3797,-4.000000
3798,4.000000
3799,-24.000000
3800,-20.000000
3801,-24.000000
3802,-8.000000
3803,-12.000000
3804,-40.000000
3805,-24.000000
3806,-20.000000
3807,-60.000000
3808,-8.000000
3809,-24.000000
3810,-24.000000
3811,-8.000000
3812,4.000000
3813,20.000000
3814,8.000000
3815,-4.000000
3816,-8.000000
3817,0.000000
3818,-4.000000
3819,-52.000000
3820,4.000000
3821,16.000000
3822,-40.000000
3823,52.000000
3824,-4.000000
3825,20.000000
3826,-32.000000
3827,-20.000000
3828,12.000000
3829,0.000000
3830,-16.000000
3831,-4.000000
3832,-8.000000
3833,-4.000000
3834,4.000000
3835,-8.000000
3836,-32.000000
3837,-16.000000
3838,52.000000
3839,-28.000000
3840,-28.000000
3841,12.000000
3842,20.000000
3843,24.000000
3844,24.000000
3845,-12.000000
3846,0.000000
3847,12.000000
3848,-24.000000
3849,8.000000
3850,20.000000
3851,-8.000000
3852,-20.000000
3853,24.000000
3854,20.000000
3855,24.000000
3856,-8.000000
3857,20.000000
3858,16.000000
3859,0.000000
3860,8.000000
3861,4.000000
3862,-12.000000
3863,-28.000000
3864,-28.000000
3865,-8.000000
3866,16.000000
3867,4.000000
3868,-32.000000
3869,-28.000000
3870,8.000000
3871,60.000000
3872,-8.000000
3873,28.000000
3874,32.000000
3875,16.000000
3876,20.000000
3877,16.000000
3878,16.000000
3879,20.000000
3880,-8.000000
3881,8.000000
3882,8.000000
3883,20.000000
3884,4.000000
3885,-40.000000
3886,16.000000
3887,4.000000
3888,4.000000
3889,20.000000
3890,20.000000
3891,-12.000000
3892,8.000000
3893,104.000000
3894,16.000000
3895,-20.000000
3896,20.000000
3897,20.000000
3898,-4.000000
3899,-8.000000
3900,44.000000
3901,24.000000
3902,16.000000
3903,0.000000
3904,12.000000
3905,-8.000000
3906,44.000000
3907,20.000000
3908,0.000000
3909,-48.000000
3910,16.000000
3911,-56.000000
3912,56.000000
3913,-4.000000
3914,-8.000000
3915,4.000000
3916,0.000000
3917,0.000000
3918,-20.000000
3919,-12.000000
3920,-8.000000
3921,0.000000
3922,-12.000000
3923,0.000000
3924,4.000000
3925,12.000000
3926,32.000000
3927,32.000000
3928,4.000000
3929,-16.000000
3930,52.000000
3931,0.000000
3932,-12.000000
3933,-20.000000
3934,4.000000
3935,-28.000000
3936,20.000000
3937,8.000000
3938,-16.000000
3939,0.000000
3940,0.000000
3941,-32.000000
3942,20.000000
3943,-8.000000
3944,-8.000000
3945,-20.000000
3946,0.000000
3947,0.000000
3948,16.000000
3949,-24.000000
3950,12.000000
3951,28.000000
3952,-28.000000
3953,16.000000
3954,-24.000000
3955,0.000000
3956,-28.000000
3957,-24.000000
3958,12.000000
3959,20.000000
3960,-16.000000
3961,84.000000
3962,-32.000000
3963,0.000000
3964,20.000000
3965,-28.000000
3966,-40.000000
3967,64.000000
3968,0.000000
3969,12.000000
3970,8.000000
3971,0.000000
3972,0.000000
3973,16.000000
3974,0.000000
3975,-8.000000
3976,0.000000
3977,-60.000000
3978,4.000000
3979,0.000000
3980,32.000000
3981,-32.000000
3982,16.000000
3983,40.000000
3984,-16.000000
3985,-8.000000
3986,-52.000000
3987,0.000000
3988,28.000000
3989,20.000000
3990,12.000000
3991,-8.000000
3992,-8.000000
3993,0.000000
3994,0.000000
3995,4.000000
3996,-48.000000
3997,44.000000
3998,-12.000000
3999,-24.000000
4000,0.000000
4001,12.000000
4002,-12.000000
4003,16.000000
4004,8.000000
4005,72.000000
4006,4.000000
4007,-16.000000
4008,24.000000
4009,16.000000
4010,-24.000000
4011,-12.000000
4012,-20.000000
4013,0.000000
4014,48.000000
4015,20.000000
4016,20.000000
4017,24.000000
4018,-12.000000
4019,12.000000
4020,0.000000
4021,8.000000
4022,0.000000
4023,-24.000000
4024,0.000000
4025,-8.000000
4026,12.000000
4027,0.000000
4028,8.000000
4029,52.000000
4030,4.000000
4031,8.000000
4032,4.000000
4033,4.000000
4034,4.000000
4035,32.000000
4036,20.000000
4037,-4.000000
4038,-4.000000
4039,24.000000
4040,-16.000000
4041,12.000000
4042,4.000000
4043,44.000000
4044,-28.000000
4045,12.000000
4046,16.000000
4047,0.000000
4048,84.000000
4049,-36.000000
4050,0.000000
4051,-20.000000
4052,-36.000000
4053,-16.000000
4054,8.000000
4055,-8.000000
4056,12.000000
4057,20.000000
4058,32.000000
4059,-12.000000
4060,-8.000000
4061,-40.000000
4062,-8.000000
4063,-40.000000
4064,-24.000000
4065,-40.000000
4066,12.000000
4067,-8.000000
4068,-20.000000
4069,-44.000000
4070,0.000000
4071,8.000000
4072,0.000000
4073,-20.000000
4074,0.000000
4075,-16.000000
4076,-16.000000
4077,-24.000000
4078,-24.000000
4079,-36.000000
4080,-8.000000
4081,-24.000000
4082,0.000000
4083,16.000000
4084,0.000000
4085,-16.000000
4086,-20.000000
4087,0.000000
4088,-4.000000
4089,-80.000000
4090,-44.000000
4091,-24.000000
4092,28.000000
4093,-36.000000
4094,-48.000000
4095,8.000000
4096,-24.000000
4097,8.000000
4098,-8.000000
4099,-8.000000
4100,-16.000000
4101,52.000000
4102,-24.000000
4103,-8.000000
4104,12.000000
4105,0.000000
4106,0.000000
4107,-40.000000
4108,32.000000
4109,0.000000
4110,0.000000
4111,24.000000
4112,24.000000
4113,32.000000
4114,20.000000
4115,48.000000
4116,52.000000
4117,0.000000
4118,0.000000
4119,16.000000
4120,24.000000
4121,0.000000
4122,4.000000
4123,64.000000
4124,0.000000
4125,-8.000000
4126,12.000000
4127,8.000000
4128,-44.000000
4129,-4.000000
4130,0.000000
4131,12.000000
4132,8.000000
4133,0.000000
4134,0.000000
4135,20.000000
4136,40.000000
4137,92.000000
4138,0.000000
4139,12.000000
4140,-12.000000
4141,8.000000
4142,8.000000
4143,-28.000000
4144,16.000000
4145,0.000000
4146,12.000000
4147,0.000000
4148,4.000000
4149,4.000000
4150,-8.000000
4151,4.000000
4152,8.000000
4153,-4.000000
4154,44.000000
4155,0.000000
4156,-44.000000
4157,-8.000000
4158,-24.000000
4159,8.000000
4160,-8.000000
4161,-4.000000
4162,52.000000
4163,-16.000000
4164,-20.000000
4165,-24.000000
4166,44.000000
4167,-8.000000
4168,44.000000
4169,52.000000
4170,0.000000
4171,-8.000000
4172,24.000000
4173,-28.000000
4174,12.000000
4175,12.000000
4176,0.000000
4177,-4.000000
4178,4.000000
4179,-12.000000
4180,16.000000
4181,0.000000
4182,-8.000000
4183,-32.000000
4184,-8.000000
4185,0.000000
4186,-16.000000
4187,-16.000000
4188,-16.000000
4189,92.000000
4190,-4.000000
4191,16.000000
4192,52.000000
4193,20.000000
4194,0.000000
4195,8.000000
4196,-36.000000
4197,-44.000000
4198,-4.000000
4199,-8.000000
4200,-8.000000
4201,-8.000000
4202,4.000000
4203,12.000000
4204,-4.000000
4205,-24.000000
4206,-24.000000
4207,4.000000
4208,-8.000000
4209,-28.000000
4210,-8.000000
4211,-48.000000
4212,-8.000000
4213,-24.000000
4214,-32.000000
4215,-8.000000
4216,4.000000
4217,-20.000000
4218,-20.000000
4219,-8.000000
4220,-36.000000
4221,4.000000
4222,28.000000
4223,-12.000000
4224,-40.000000
4225,-24.000000
4226,-20.000000
4227,-4.000000
4228,0.000000
4229,0.000000
4230,-44.000000
4231,-8.000000
4232,-20.000000
4233,-4.000000
4234,-40.000000
4235,24.000000
4236,-12.000000
4237,-8.000000
4238,24.000000
4239,-32.000000
4240,-32.000000
4241,4.000000
4242,52.000000
4243,12.000000
4244,-8.000000
4245,4.000000
4246,4.000000
4247,24.000000
4248,8.000000
4249,-32.000000
4250,8.000000
4251,-8.000000
4252,16.000000
4253,52.000000
4254,4.000000
4255,-8.000000
4256,16.000000
4257,20.000000
4258,24.000000
4259,8.000000
4260,-44.000000
4261,72.000000
4262,28.000000
4263,12.000000
4264,32.000000
4265,12.000000
4266,12.000000
4267,-8.000000
4268,44.000000
4269,-8.000000
4270,-36.000000
4271,-20.000000
4272,0.000000
4273,0.000000
4274,20.000000
4275,8.000000
4276,16.000000
4277,0.000000
4278,12.000000
4279,4.000000
4280,40.000000
4281,12.000000
4282,16.000000
4283,-56.000000
4284,-8.000000
4285,28.000000
4286,-8.000000
4287,-28.000000
4288,8.000000
4289,16.000000
4290,0.000000
4291,-84.000000
4292,16.000000
4293,4.000000
4294,-16.000000
4295,0.000000
4296,8.000000
4297,12.000000
4298,-4.000000
4299,16.000000
4300,-8.000000
4301,-8.000000
4302,-60.000000
4303,-20.000000
4304,8.000000
4305,-56.000000
4306,0.000000
4307,-24.000000
4308,-20.000000
4309,-20.000000
4310,-20.000000
4311,-24.000000
4312,-24.000000
4313,-16.000000
4314,-12.000000
4315,-20.000000
4316,16.000000
4317,-32.000000
4318,-28.000000
4319,-4.000000
4320,-24.000000
4321,-28.000000
4322,-28.000000
4323,-36.000000
4324,0.000000
4325,-4.000000
4326,-52.000000
4327,-16.000000
4328,-20.000000
4329,-16.000000
4330,16.000000
4331,-8.000000
4332,28.000000
4333,-12.000000
4334,-16.000000
4335,8.000000
4336,-24.000000
4337,-4.000000
4338,-16.000000
4339,-44.000000
4340,-56.000000
4341,-24.000000
4342,-28.000000
4343,-60.000000
4344,8.000000
4345,20.000000
4346,-32.000000
4347,-24.000000
4348,-12.000000
4349,0.000000
4350,16.000000
4351,-20.000000
4352,4.000000
4353,-12.000000
4354,0.000000
4355,-16.000000
4356,-8.000000
4357,-8.000000
4358,16.000000
4359,-64.000000
4360,-28.000000
4361,-8.000000
4362,32.000000
4363,-8.000000
4364,-16.000000
4365,-4.000000
4366,-12.000000
4367,48.000000
4368,4.000000
4369,44.000000
4370,-16.000000
4371,36.000000
4372,8.000000
4373,12.000000
4374,-44.000000
4375,52.000000
4376,-4.000000
4377,-8.000000
4378,0.000000
4379,0.000000
4380,-52.000000
4381,96.000000
4382,0.000000
4383,4.000000
4384,116.000000
4385,-16.000000
4386,-4.000000
4387,12.000000
4388,8.000000
4389,0.000000
4390,-8.000000
4391,0.000000
4392,-36.000000
4393,-8.000000
4394,-4.000000
4395,0.000000
4396,-8.000000
4397,-60.000000
4398,20.000000
4399,-12.000000
4400,-20.000000
4401,20.000000
4402,24.000000
4403,4.000000
4404,24.000000
4405,4.000000
4406,-24.000000
4407,8.000000
4408,-16.000000
4409,-32.000000
4410,-24.000000
4411,-8.000000
4412,52.000000
4413,4.000000
4414,-28.000000
4415,8.000000
4416,-12.000000
4417,-20.000000
4418,-24.000000
4419,4.000000
4420,-28.000000
4421,8.000000
4422,8.000000
4423,-24.000000
4424,44.000000
4425,0.000000
4426,-40.000000
4427,0.000000
4428,20.000000
4429,-12.000000
4430,-12.000000
4431,16.000000
4432,-16.000000
4433,12.000000
4434,-4.000000
4435,-40.000000
4436,24.000000
4437,-12.000000
4438,-8.000000
4439,-48.000000
4440,28.000000
4441,-24.000000
4442,-8.000000
4443,0.000000
4444,-28.000000
4445,8.000000
4446,-16.000000
4447,-8.000000
4448,-20.000000
4449,16.000000
4450,-40.000000
4451,44.000000
4452,4.000000
4453,4.000000
4454,16.000000
4455,-8.000000
4456,-36.000000
4457,-12.000000
4458,0.000000
4459,-24.000000
4460,-4.000000
4461,-40.000000
4462,-36.000000
4463,28.000000
4464,-32.000000
4465,-24.000000
4466,-24.000000
4467,16.000000
4468,-20.000000
4469,0.000000
4470,0.000000
4471,12.000000
4472,-24.000000
4473,52.000000
4474,-28.000000
4475,44.000000
4476,-16.000000
4477,-20.000000
4478,8.000000
4479,-12.000000
4480,4.000000
4481,52.000000
4482,12.000000
4483,0.000000
4484,20.000000
4485,20.000000
4486,0.000000
4487,44.000000
4488,-32.000000
4489,44.000000
4490,0.000000
4491,16.000000
4492,96.000000
4493,52.000000
4494,68.000000
4495,-8.000000
4496,0.000000
4497,24.000000
4498,0.000000
4499,4.000000
4500,-12.000000
4501,4.000000
4502,0.000000
4503,48.000000
4504,-8.000000
4505,24.000000
4506,-8.000000
4507,24.000000
4508,-12.000000
4509,16.000000
4510,20.000000
4511,40.000000
4512,16.000000
4513,16.000000
4514,16.000000
4515,24.000000
4516,-12.000000
4517,12.000000
4518,32.000000
4519,-16.000000
4520,-20.000000
4521,-4.000000
4522,56.000000
4523,-16.000000
4524,64.000000
4525,0.000000
4526,24.000000
4527,28.000000
4528,32.000000
4529,-20.000000
4530,-52.000000
4531,4.000000
4532,4.000000
4533,36.000000
4534,0.000000
4535,32.000000
4536,-36.000000
4537,4.000000
4538,0.000000
4539,0.000000
4540,8.000000
4541,20.000000
4542,28.000000
4543,0.000000
4544,-24.000000
4545,-24.000000
4546,-32.000000
4547,-44.000000
4548,24.000000
4549,0.000000
4550,-36.000000
4551,-8.000000
4552,0.000000
4553,56.000000
4554,8.000000
4555,-20.000000
4556,56.000000
4557,12.000000
4558,4.000000
4559,-20.000000
4560,-20.000000
4561,-20.000000
4562,28.000000
4563,16.000000
4564,-92.000000
4565,-8.000000
4566,-52.000000
4567,0.000000
4568,-28.000000
4569,8.000000
4570,44.000000
4571,-8.000000
4572,-4.000000
4573,4.000000
4574,-8.000000
4575,-28.000000
4576,-60.000000
4577,4.000000
4578,-28.000000
4579,24.000000
4580,-12.000000
4581,-32.000000
4582,-48.000000
4583,-28.000000
4584,-20.000000
4585,4.000000
4586,-8.000000
4587,-20.000000
4588,-20.000000
4589,0.000000
4590,-24.000000
4591,4.000000
4592,4.000000
4593,24.000000
4594,76.000000
4595,-36.000000
4596,-36.000000
4597,-8.000000
4598,12.000000
4599,28.000000
4600,-8.000000
4601,8.000000
4602,-20.000000
4603,16.000000
4604,-52.000000
4605,20.000000
4606,20.000000
4607,0.000000
4608,24.000000
4609,4.000000
4610,4.000000
4611,0.000000
4612,4.000000
4613,4.000000
4614,4.000000
4615,-4.000000
4616,-8.000000
4617,-8.000000
4618,-12.000000
4619,32.000000
4620,4.000000
4621,-8.000000
4622,56.000000
4623,-24.000000
4624,0.000000
4625,20.000000
4626,-28.000000
4627,12.000000
4628,-12.000000
4629,8.000000
4630,8.000000
4631,20.000000
4632,20.000000
4633,-52.000000
4634,-12.000000
4635,44.000000
4636,52.000000
4637,-52.000000
4638,24.000000
4639,0.000000
4640,-16.000000
4641,-20.000000
4642,24.000000
4643,-8.000000
4644,52.000000
4645,-28.000000
4646,0.000000
4647,8.000000
4648,-44.000000
4649,-32.000000
4650,16.000000
4651,12.000000
4652,32.000000
4653,20.000000
4654,4.000000
4655,20.000000
4656,16.000000
4657,-4.000000
4658,16.000000
4659,16.000000
4660,-12.000000
4661,8.000000
4662,24.000000
4663,0.000000
4664,16.000000
4665,0.000000
4666,4.000000
4667,24.000000
4668,20.000000
4669,-12.000000
4670,-8.000000
4671,-8.000000
4672,0.000000
4673,-28.000000
4674,8.000000
4675,-20.000000
4676,-32.000000
4677,-8.000000
4678,-12.000000
4679,-40.000000
4680,-28.000000
4681,-8.000000
4682,-72.000000
4683,-32.000000
4684,-28.000000
4685,-28.000000
4686,-4.000000
4687,8.000000
4688,-28.000000
4689,-24.000000
4690,0.000000
4691,8.000000
4692,-32.000000
4693,16.000000
4694,-20.000000
4695,-32.000000
4696,-32.000000
4697,-28.000000
4698,-32.000000
4699,-8.000000
4700,-40.000000
4701,16.000000
4702,-20.000000
4703,-24.000000
4704,-16.000000
4705,0.000000
4706,0.000000
4707,-24.000000
4708,12.000000
4709,-44.000000
4710,-4.000000
4711,-12.000000
4712,-16.000000
4713,0.000000
4714,-4.000000
4715,0.000000
4716,-16.000000
4717,0.000000
4718,0.000000
4719,-16.000000
4720,-24.000000
4721,-24.000000
4722,-52.000000
4723,-28.000000
4724,-24.000000
4725,0.000000
4726,0.000000
4727,12.000000
4728,0.000000
4729,0.000000
4730,0.000000
4731,-8.000000
4732,-4.000000
4733,20.000000
4734,32.000000
4735,-4.000000
4736,-12.000000
4737,-8.000000
4738,4.000000
4739,52.000000
4740,72.000000
4741,-16.000000
4742,-8.000000
4743,-16.000000
4744,44.000000
4745,24.000000
4746,-12.000000
4747,-12.000000
4748,8.000000
4749,-16.000000
4750,-16.000000
4751,68.000000
4752,-8.000000
4753,0.000000
4754,-16.000000
4755,0.000000
4756,8.000000
4757,32.000000
4758,0.000000
4759,32.000000
4760,28.000000
4761,-16.000000
4762,-8.000000
4763,32.000000
4764,0.000000
4765,-48.000000
4766,16.000000
4767,16.000000
4768,16.000000
4769,20.000000
4770,-4.000000
4771,24.000000
4772,-20.000000
4773,8.000000
4774,12.000000
4775,-16.000000
4776,12.000000
4777,24.000000
4778,20.000000
4779,4.000000
4780,-12.000000
4781,24.000000
4782,20.000000
4783,-12.000000
4784,-12.000000
4785,-32.000000
4786,-44.000000
4787,-4.000000
4788,20.000000
4789,-8.000000
4790,4.000000
4791,24.000000
4792,20.000000
4793,0.000000
4794,0.000000
4795,76.000000
4796,-12.000000
4797,-8.000000
4798,0.000000
4799,-8.000000
4800,-16.000000
4801,-56.000000
4802,-24.000000
4803,-8.000000
4804,-4.000000
4805,28.000000
4806,-28.000000
4807,-28.000000
4808,8.000000
4809,-8.000000
4810,-32.000000
4811,0.000000
4812,-12.000000
4813,-20.000000
4814,-4.000000
4815,-8.000000
4816,-32.000000
4817,-12.000000
4818,16.000000
4819,12.000000
4820,-12.000000
4821,4.000000
4822,-4.000000
4823,-8.000000
4824,-20.000000
4825,-44.000000
4826,-60.000000
4827,68.000000
4828,-20.000000
4829,-16.000000
4830,4.000000
4831,-40.000000
4832,-60.000000
4833,-4.000000
4834,0.000000
4835,-32.000000
4836,-16.000000
4837,24.000000
4838,4.000000
4839,16.000000
4840,-16.000000
4841,44.000000
4842,-36.000000
4843,20.000000
4844,-12.000000
4845,28.000000
4846,-8.000000
4847,-28.000000
4848,12.000000
4849,8.000000
4850,-40.000000
4851,-36.000000
4852,-4.000000
4853,-28.000000
4854,-32.000000
4855,-36.000000
4856,0.000000
4857,-28.000000
4858,-8.000000
4859,-28.000000
4860,36.000000
4861,12.000000
4862,16.000000
4863,-36.000000
4864,8.000000
4865,60.000000
4866,-8.000000
4867,28.000000
4868,-4.000000
4869,0.000000
4870,8.000000
4871,-80.000000
4872,12.000000
4873,8.000000
4874,0.000000
4875,-48.000000
4876,16.000000
4877,24.000000
4878,24.000000
4879,-24.000000
4880,0.000000
4881,-8.000000
4882,8.000000
4883,-20.000000
4884,104.000000
4885,-4.000000
4886,0.000000
4887,-12.000000
4888,-16.000000
4889,20.000000
4890,-20.000000
4891,8.000000
4892,-44.000000
4893,16.000000
4894,-12.000000
4895,-8.000000
4896,100.000000
4897,12.000000
4898,-24.000000
4899,-8.000000
4900,-24.000000
4901,12.000000
4902,-36.000000
4903,20.000000
4904,-12.000000
4905,16.000000
4906,8.000000
4907,-4.000000
4908,-24.000000
4909,-32.000000
4910,-16.000000
4911,8.000000
4912,0.000000
4913,16.000000
4914,-36.000000
4915,4.000000
4916,0.000000
4917,0.000000
4918,-20.000000
4919,0.000000
4920,-4.000000
4921,-8.000000
4922,-24.000000
4923,24.000000
4924,-16.000000
4925,-8.000000
4926,-20.000000
4927,-8.000000
4928,-8.000000
4929,-8.000000
4930,0.000000
4931,16.000000
4932,-24.000000
4933,56.000000
4934,0.000000
4935,-60.000000
4936,-8.000000
4937,4.000000
4938,4.000000
4939,-64.000000
4940,20.000000
4941,40.000000
4942,52.000000
4943,8.000000
4944,8.000000
4945,-28.000000
4946,-36.000000
4947,-28.000000
4948,-24.000000
4949,0.000000
4950,-16.000000
4951,0.000000
4952,-28.000000
4953,-32.000000
4954,24.000000
4955,-48.000000
4956,-16.000000
4957,52.000000
4958,-4.000000
4959,-36.000000
4960,-68.000000
4961,-28.000000
4962,-24.000000
4963,-20.000000
4964,-24.000000
4965,-40.000000
4966,-28.000000
4967,88.000000
4968,0.000000
4969,40.000000
4970,-8.000000
4971,-28.000000
4972,44.000000
4973,-8.000000
4974,-4.000000
4975,16.000000
4976,-16.000000
4977,0.000000
4978,104.000000
4979,8.000000
4980,-12.000000
4981,16.000000
4982,4.000000
4983,8.000000
4984,-8.000000
4985,-8.000000
4986,-52.000000
4987,-8.000000
4988,-8.000000
4989,12.000000
4990,24.000000
4991,8.000000
4992,8.000000
4993,16.000000
4994,0.000000
4995,-36.000000
4996,44.000000
4997,-16.000000
4998,-16.000000
4999,44.000000
5000,-8.000000
5001,-4.000000
5002,44.000000
5003,12.000000
5004,8.000000
5005,-20.000000
5006,52.000000
5007,-32.000000
5008,-44.000000
5009,12.000000
5010,-28.000000
5011,0.000000
5012,-20.000000
5013,-12.000000
5014,12.000000
5015,-16.000000
5016,-4.000000
5017,-4.000000
5018,-4.000000
5019,0.000000
5020,-28.000000
5021,0.000000
5022,8.000000
5023,32.000000
5024,24.000000
5025,0.000000
5026,12.000000
5027,-12.000000
5028,-8.000000
5029,-8.000000
5030,-4.000000
5031,4.000000
5032,8.000000
5033,-28.000000
5034,16.000000
5035,-8.000000
5036,-8.000000
5037,44.000000
5038,-20.000000
5039,20.000000
5040,-24.000000
5041,-12.000000
5042,-52.000000
5043,-28.000000
5044,-8.000000
5045,12.000000
5046,-24.000000
5047,52.000000
5048,-16.000000
5049,-12.000000
5050,-40.000000
5051,-16.000000
5052,60.000000
5053,-24.000000
5054,-8.000000
5055,-8.000000
5056,-28.000000
5057,8.000000
5058,-4.000000
5059,-8.000000
5060,20.000000
5061,-8.000000
5062,16.000000
5063,-28.000000
5064,16.000000
5065,-8.000000
5066,0.000000
5067,-56.000000
5068,-4.000000
5069,60.000000
5070,-28.000000
5071,-20.000000
5072,-20.000000
5073,4.000000
5074,-36.000000
5075,52.000000
5076,-8.000000
5077,-8.000000
5078,-32.000000
5079,20.000000
5080,-72.000000
5081,-48.000000
5082,-24.000000
5083,-40.000000
5084,52.000000
5085,0.000000
5086,-8.000000
5087,16.000000
5088,8.000000
5089,16.000000
5090,-4.000000
5091,60.000000
5092,-20.000000
5093,-56.000000
5094,-28.000000
5095,-32.000000
5096,-8.000000
5097,-12.000000
5098,-12.000000
5099,40.000000
5100,0.000000
5101,12.000000
5102,-36.000000
5103,52.000000
5104,-8.000000
5105,-4.000000
5106,-8.000000
5107,-44.000000
5108,-8.000000
5109,12.000000
5110,-24.000000
5111,-36.000000
5112,-44.000000
5113,-4.000000
5114,-8.000000
5115,16.000000
5116,-8.000000
5117,-8.000000
5118,32.000000
5119,-36.000000
5120,-20.000000
5121,12.000000
5122,24.000000
5123,32.000000
5124,4.000000
5125,20.000000
5126,16.000000
5127,-20.000000
5128,8.000000
5129,12.000000
5130,-8.000000
5131,0.000000
5132,-36.000000
5133,0.000000
5134,20.000000
5135,-8.000000
5136,4.000000
5137,0.000000
5138,-8.000000
5139,16.000000
5140,8.000000
5141,-24.000000
5142,-12.000000
5143,8.000000
5144,-8.000000
5145,-8.000000
5146,0.000000
5147,-4.000000
5148,0.000000
5149,0.000000
5150,-44.000000
5151,16.000000
5152,-12.000000
5153,-28.000000
5154,8.000000
5155,20.000000
5156,0.000000
5157,0.000000
5158,12.000000
5159,-8.000000
5160,20.000000
5161,24.000000
5162,8.000000
5163,-20.000000
5164,4.000000
5165,-8.000000
5166,-12.000000
5167,-12.000000
5168,-8.000000
5169,24.000000
5170,-8.000000
5171,-20.000000
5172,-40.000000
5173,28.000000
5174,-20.000000
5175,20.000000
5176,20.000000
5177,0.000000
5178,-24.000000
5179,-20.000000
5180,-16.000000
5181,0.000000
5182,-4.000000
5183,-4.000000
5184,-4.000000
5185,4.000000
5186,-32.000000
5187,8.000000
5188,0.000000
5189,0.000000
5190,4.000000
5191,-44.000000
5192,-32.000000
5193,-12.000000
5194,4.000000
5195,-24.000000
5196,0.000000
5197,0.000000
5198,-8.000000
5199,-16.000000
5200,20.000000
5201,12.000000
5202,0.000000
5203,16.000000
5204,-16.000000
5205,-8.000000
5206,0.000000
5207,0.000000
5208,-28.000000
5209,-8.000000
5210,-28.000000
5211,0.000000
5212,0.000000
5213,4.000000
5214,-16.000000
5215,-16.000000
5216,-8.000000
5217,-8.000000
5218,-8.000000
5219,-8.000000
5220,-12.000000
5221,-32.000000
5222,-16.000000
5223,-4.000000
5224,-12.000000
5225,-12.000000
5226,-24.000000
5227,-20.000000
5228,-16.000000
5229,-8.000000
5230,8.000000
5231,-44.000000
5232,-24.000000
5233,44.000000
5234,-28.000000
5235,-4.000000
5236,-24.000000
5237,64.000000
5238,-16.000000
5239,0.000000
5240,-16.000000
5241,8.000000
5242,-16.000000
5243,-4.000000
5244,-8.000000
5245,-12.000000
5246,12.000000
5247,-16.000000
5248,0.000000
5249,32.000000
5250,16.000000
5251,-12.000000
5252,4.000000
5253,-24.000000
5254,44.000000
5255,16.000000
5256,0.000000
5257,-32.000000
5258,-24.000000
5259,-16.000000
5260,44.000000
5261,-8.000000
5262,0.000000
5263,-44.000000
5264,0.000000
5265,16.000000
5266,24.000000
5267,-52.000000
5268,32.000000
5269,-44.000000
5270,0.000000
5271,-8.000000
5272,-20.000000
5273,24.000000
5274,24.000000
5275,24.000000
5276,32.000000
5277,48.000000
5278,-16.000000
5279,32.000000
5280,32.000000
5281,12.000000
5282,-8.000000
5283,16.000000
5284,-8.000000
5285,12.000000
5286,4.000000
5287,-40.000000
5288,-4.000000
5289,-40.000000
5290,4.000000
5291,-52.000000
5292,116.000000
5293,4.000000
5294,0.000000
5295,-4.000000
5296,0.000000
5297,24.000000
5298,-44.000000
5299,-8.000000
5300,64.000000
5301,8.000000
5302,8.000000
5303,24.000000
5304,16.000000
5305,-12.000000
5306,-8.000000
5307,0.000000
5308,-16.000000
5309,-16.000000
5310,-16.000000
5311,28.000000
5312,24.000000
5313,8.000000
5314,-32.000000
5315,24.000000
5316,16.000000
5317,-4.000000
5318,44.000000
5319,-16.000000
5320,-20.000000
5321,12.000000
5322,-32.000000
5323,16.000000
5324,-8.000000
5325,4.000000
5326,8.000000
5327,-20.000000
5328,28.000000
5329,16.000000
5330,16.000000
5331,-12.000000
5332,-52.000000
5333,20.000000
5334,4.000000
5335,12.000000
5336,-24.000000
5337,0.000000
5338,-68.000000
5339,-40.000000
5340,-24.000000
5341,4.000000
5342,16.000000
5343,-8.000000
5344,24.000000
5345,-28.000000
5346,-8.000000
5347,0.000000
5348,16.000000
5349,44.000000
5350,-16.000000
5351,-8.000000
5352,20.000000
5353,-8.000000
5354,0.000000
5355,0.000000
5356,-12.000000
5357,-24.000000
5358,-24.000000
5359,-16.000000
5360,-16.000000
5361,-20.000000
5362,4.000000
5363,28.000000
5364,28.000000
5365,0.000000
5366,-8.000000
5367,-20.000000
5368,12.000000
5369,4.000000
5370,-32.000000
5371,-8.000000
5372,16.000000
5373,-8.000000
5374,-8.000000
5375,-16.000000
5376,20.000000
5377,4.000000
5378,-16.000000
5379,-4.000000
5380,16.000000
5381,-36.000000
5382,24.000000
5383,-32.000000
5384,-40.000000
5385,16.000000
5386,-16.000000
5387,0.000000
5388,12.000000
5389,-4.000000
5390,-8.000000
5391,4.000000
5392,-12.000000
5393,32.000000
5394,8.000000
5395,-20.000000
5396,-8.000000
5397,-16.000000
5398,16.000000
5399,72.000000
5400,44.000000
5401,-20.000000
5402,0.000000
5403,4.000000
5404,8.000000
5405,-8.000000
5406,32.000000
5407,-8.000000
5408,-8.000000
5409,-36.000000
5410,0.000000
5411,-12.000000
5412,0.000000
5413,-40.000000
5414,-12.000000
5415,-32.000000
5416,-4.000000
5417,-12.000000
5418,-16.000000
5419,-32.000000
5420,-16.000000
5421,-16.000000
5422,-8.000000
5423,-8.000000
5424,32.000000
5425,-4.000000
5426,-36.000000
5427,-12.000000
5428,20.000000
5429,-16.000000
5430,-32.000000
5431,-8.000000
5432,-20.000000
5433,20.000000
5434,20.000000
5435,8.000000
5436,8.000000
5437,44.000000
5438,24.000000
5439,4.000000
5440,-8.000000
5441,-32.000000
5442,80.000000
5443,0.000000
5444,-36.000000
5445,-28.000000
5446,-44.000000
5447,-48.000000
5448,-20.000000
5449,-32.000000
5450,0.000000
5451,16.000000
5452,12.000000
5453,-12.000000
5454,-12.000000
5455,-8.000000
5456,-20.000000
5457,-8.000000
5458,-64.000000
5459,-4.000000
5460,-20.000000
5461,-8.000000
5462,-108.000000
5463,-32.000000
5464,-32.000000
5465,-36.000000
5466,16.000000
5467,16.000000
5468,-32.000000
5469,-12.000000
5470,-24.000000
5471,4.000000
5472,16.000000
5473,-20.000000
5474,76.000000
5475,4.000000
5476,-8.000000
5477,-24.000000
5478,52.000000
5479,24.000000
5480,44.000000
5481,4.000000
5482,-8.000000
5483,8.000000
5484,-4.000000
5485,44.000000
5486,-52.000000
5487,12.000000
5488,-16.000000
5489,-12.000000
5490,20.000000
5491,-40.000000
5492,0.000000
5493,-8.000000
5494,-16.000000
5495,76.000000
5496,12.000000
5497,-8.000000
5498,-20.000000
5499,-20.000000
5500,32.000000
5501,4.000000
5502,-4.000000
5503,0.000000
5504,0.000000
5505,4.000000
5506,16.000000
5507,-16.000000
5508,0.000000
5509,-12.000000
5510,-8.000000
5511,16.000000
5512,0.000000
5513,-24.000000
5514,-8.000000
5515,0.000000
5516,-44.000000
5517,-24.000000
5518,-36.000000
5519,-36.000000
5520,-12.000000
5521,16.000000
5522,0.000000
5523,8.000000
5524,0.000000
5525,-8.000000
5526,0.000000
5527,4.000000
5528,-12.000000
5529,0.000000
5530,-36.000000
5531,4.000000
5532,-28.000000
5533,4.000000
5534,-8.000000
5535,52.000000
5536,0.000000
5537,-8.000000
5538,-8.000000
5539,0.000000
5540,0.000000
5541,16.000000
5542,-36.000000
5543,8.000000
5544,-4.000000
5545,-24.000000
5546,8.000000
5547,20.000000
5548,24.000000
5549,-12.000000
5550,16.000000
5551,-92.000000
5552,8.000000
5553,-4.000000
5554,-8.000000
5555,4.000000
5556,-44.000000
5557,0.000000
5558,16.000000
5559,-8.000000
5560,-24.000000
5561,28.000000
5562,-28.000000
5563,-32.000000
5564,-4.000000
5565,52.000000
5566,-36.000000
5567,-28.000000
5568,0.000000
5569,0.000000
5570,-40.000000
5571,20.000000
5572,-48.000000
5573,-8.000000
5574,-28.000000
5575,44.000000
5576,-56.000000
5577,8.000000
5578,-52.000000
5579,-8.000000
5580,72.000000
5581,-24.000000
5582,-32.000000
5583,20.000000
5584,-20.000000
5585,-60.000000
5586,20.000000
5587,12.000000
5588,-32.000000
5589,-24.000000
5590,-20.000000
5591,0.000000
5592,44.000000
5593,24.000000
5594,-16.000000
5595,24.000000
5596,20.000000
5597,-20.000000
5598,28.000000
5599,64.000000
5600,-28.000000
5601,4.000000
5602,-24.000000
5603,-8.000000
5604,40.000000
5605,8.000000
5606,-8.000000
5607,28.000000
5608,0.000000
5609,8.000000
5610,8.000000
5611,0.000000
5612,12.000000
5613,44.000000
5614,0.000000
5615,-4.000000
5616,20.000000
5617,8.000000
5618,8.000000
5619,-16.000000
5620,0.000000
5621,0.000000
5622,4.000000
5623,-8.000000
5624,-24.000000
5625,44.000000
5626,-16.000000
5627,4.000000
5628,32.000000
5629,24.000000
5630,20.000000
5631,16.000000
5632,16.000000
5633,12.000000
5634,-64.000000
5635,-32.000000
5636,-4.000000
5637,36.000000
5638,-16.000000
5639,-8.000000
5640,-32.000000
5641,0.000000
5642,0.000000
5643,-36.000000
5644,4.000000
5645,60.000000
5646,-8.000000
5647,-24.000000
5648,-8.000000
5649,-28.000000
5650,-8.000000
5651,-12.000000
5652,4.000000
5653,-12.000000
5654,-8.000000
5655,-24.000000
5656,-4.000000
5657,-16.000000
5658,0.000000
5659,32.000000
5660,12.000000
5661,-88.000000
5662,8.000000
5663,12.000000
5664,-28.000000
5665,0.000000
5666,0.000000
5667,0.000000
5668,0.000000
5669,-40.000000
5670,4.000000
5671,28.000000
5672,-24.000000
5673,0.000000
5674,-20.000000
5675,64.000000
5676,20.000000
5677,-8.000000
5678,-32.000000
5679,-16.000000
5680,4.000000
5681,-4.000000
5682,20.000000
5683,-20.000000
5684,-52.000000
5685,-24.000000
5686,-8.000000
5687,-28.000000
5688,0.000000
5689,-16.000000
5690,12.000000
5691,-4.000000
5692,-12.000000
5693,-16.000000
5694,4.000000
5695,-20.000000
5696,-20.000000
5697,-20.000000
5698,-24.000000
5699,-24.000000
5700,16.000000
5701,-24.000000
5702,12.000000
5703,4.000000
5704,4.000000
5705,44.000000
5706,0.000000
5707,-12.000000
5708,0.000000
5709,0.000000
5710,0.000000
5711,-8.000000
5712,-8.000000
5713,8.000000
5714,0.000000
5715,-16.000000
5716,-12.000000
5717,-8.000000
5718,-16.000000
5719,16.000000
5720,8.000000
5721,-52.000000
5722,-60.000000
5723,4.000000
5724,-44.000000
5725,0.000000
5726,-24.000000
5727,52.000000
5728,-60.000000
5729,-44.000000
5730,-40.000000
5731,0.000000
5732,24.000000
5733,12.000000
5734,-8.000000
5735,-60.000000
5736,0.000000
5737,-20.000000
5738,-4.000000
5739,52.000000
5740,0.000000
5741,20.000000
5742,-8.000000
5743,-8.000000
5744,-12.000000
5745,-8.000000
5746,44.000000
5747,0.000000
5748,-8.000000
5749,12.000000
5750,24.000000
5751,-12.000000
5752,-4.000000
5753,-12.000000
5754,4.000000
5755,12.000000
5756,32.000000
5757,-8.000000
5758,28.000000
5759,24.000000
5760,20.000000
5761,-28.000000
5762,20.000000
5763,-52.000000
5764,-20.000000
5765,28.000000
5766,44.000000
5767,4.000000
5768,32.000000
5769,-16.000000
5770,-16.000000
5771,24.000000
5772,-44.000000
5773,0.000000
5774,-28.000000
5775,-4.000000
5776,0.000000
5777,20.000000
5778,32.000000
5779,-12.000000
5780,-4.000000
5781,60.000000
5782,4.000000
5783,12.000000
5784,24.000000
5785,4.000000
5786,-4.000000
5787,-44.000000
5788,12.000000
5789,40.000000
5790,-28.000000
5791,52.000000
5792,16.000000
5793,8.000000
5794,8.000000
5795,-8.000000
5796,-4.000000
5797,16.000000
5798,56.000000
5799,-48.000000
5800,-12.000000
5801,-48.000000
5802,-8.000000
5803,-20.000000
5804,-20.000000
5805,-32.000000
5806,4.000000
5807,-12.000000
5808,-8.000000
5809,-52.000000
5810,-16.000000
5811,28.000000
5812,-24.000000
5813,0.000000
5814,12.000000
5815,-4.000000
5816,-4.000000
5817,8.000000
5818,-44.000000
5819,-16.000000
5820,-8.000000
5821,-4.000000
5822,-40.000000
5823,-8.000000
5824,-60.000000
5825,-8.000000
5826,-24.000000
5827,-24.000000
5828,-24.000000
5829,-8.000000
5830,44.000000
5831,20.000000
5832,16.000000
5833,16.000000
5834,4.000000
5835,12.000000
5836,-16.000000
5837,-4.000000
5838,8.000000
5839,0.000000
5840,0.000000
5841,-28.000000
5842,-24.000000
5843,0.000000
5844,-12.000000
5845,16.000000
5846,16.000000
5847,-8.000000
5848,12.000000
5849,-8.000000
5850,-8.000000
5851,-52.000000
5852,0.000000
5853,-12.000000
5854,24.000000
5855,12.000000
5856,-32.000000
5857,-8.000000
5858,-4.000000
5859,0.000000
5860,24.000000
5861,0.000000
5862,-20.000000
5863,-40.000000
5864,-40.000000
5865,-8.000000
5866,-8.000000
5867,-20.000000
5868,-8.000000
5869,12.000000
5870,40.000000
5871,20.000000
5872,-20.000000
5873,4.000000
5874,24.000000
5875,-8.000000
5876,-8.000000
5877,0.000000
5878,-16.000000
5879,16.000000
5880,-8.000000
5881,-28.000000
5882,-28.000000
5883,16.000000
5884,-4.000000
5885,-12.000000
5886,-44.000000
5887,-8.000000
5888,0.000000
5889,-24.000000
5890,0.000000
5891,28.000000
5892,-4.000000
5893,-20.000000
5894,-52.000000
5895,24.000000
5896,0.000000
5897,16.000000
5898,-28.000000
5899,-4.000000
5900,-32.000000
5901,-32.000000
5902,28.000000
5903,-24.000000
5904,24.000000
5905,4.000000
5906,12.000000
5907,-8.000000
5908,12.000000
5909,-16.000000
5910,-20.000000
5911,-12.000000
5912,8.000000
5913,20.000000
5914,-24.000000
5915,-4.000000
5916,-16.000000
5917,8.000000
5918,0.000000
5919,16.000000
5920,-48.000000
5921,0.000000
5922,4.000000
5923,68.000000
5924,16.000000
5925,8.000000
5926,-12.000000
5927,0.000000
5928,-8.000000
5929,-8.000000
5930,-8.000000
5931,16.000000
5932,-8.000000
5933,0.000000
5934,0.000000
5935,-8.000000
5936,4.000000
5937,0.000000
5938,12.000000
5939,-32.000000
5940,-8.000000
5941,80.000000
5942,-40.000000
5943,-28.000000
5944,-8.000000
5945,12.000000
5946,4.000000
5947,4.000000
5948,-56.000000
5949,-8.000000
5950,-12.000000
5951,4.000000
5952,12.000000
5953,28.000000
5954,4.000000
5955,-28.000000
5956,16.000000
5957,12.000000
5958,4.000000
5959,-20.000000
5960,-44.000000
5961,-8.000000
5962,-24.000000
5963,-12.000000
5964,-8.000000
5965,-12.000000
5966,-8.000000
5967,72.000000
5968,4.000000
5969,28.000000
5970,-8.000000
5971,-28.000000
5972,0.000000
5973,-24.000000
5974,60.000000
5975,-20.000000
5976,-32.000000
5977,-12.000000
5978,-8.000000
5979,-8.000000
5980,-32.000000
5981,-52.000000
5982,-16.000000
5983,-12.000000
5984,0.000000
5985,-44.000000
5986,-8.000000
5987,-20.000000
5988,0.000000
5989,-8.000000
5990,-8.000000
5991,-32.000000
5992,-4.000000
5993,4.000000
5994,0.000000
5995,20.000000
5996,20.000000
5997,12.000000
5998,24.000000
5999,60.000000
6000,12.000000
6001,24.000000
6002,0.000000
6003,4.000000
6004,0.000000
6005,4.000000
6006,-8.000000
6007,12.000000
6008,20.000000
6009,4.000000
6010,16.000000
6011,16.000000
6012,16.000000
6013,12.000000
6014,32.000000
6015,8.000000
6016,-16.000000
6017,-12.000000
6018,-8.000000
6019,0.000000
6020,44.000000
6021,16.000000
6022,20.000000
6023,-20.000000
6024,8.000000
6025,0.000000
6026,0.000000
6027,24.000000
6028,28.000000
6029,8.000000
6030,-8.000000
6031,16.000000
6032,24.000000
6033,16.000000
6034,8.000000
6035,-44.000000
6036,24.000000
6037,8.000000
6038,0.000000
6039,-8.000000
6040,4.000000
6041,12.000000
6042,8.000000
6043,4.000000
6044,8.000000
6045,4.000000
6046,-40.000000
6047,-20.000000
6048,-20.000000
6049,32.000000
6050,40.000000
6051,-16.000000
6052,20.000000
6053,4.000000
6054,64.000000
6055,-28.000000
6056,-12.000000
6057,-8.000000
6058,-24.000000
6059,0.000000
6060,-32.000000
6061,-8.000000
6062,0.000000
6063,-16.000000
6064,-68.000000
6065,0.000000
6066,16.000000
6067,0.000000
6068,0.000000
6069,-20.000000
6070,0.000000
6071,-40.000000
6072,-8.000000
6073,-8.000000
6074,-36.000000
6075,-32.000000
6076,-8.000000
6077,-20.000000
6078,-8.000000
6079,-24.000000
6080,-52.000000
6081,-8.000000
6082,-24.000000
6083,-44.000000
6084,-44.000000
6085,-8.000000
6086,-12.000000
6087,16.000000
6088,-36.000000
6089,-12.000000
6090,-8.000000
6091,-32.000000
6092,-24.000000
6093,-28.000000
6094,-28.000000
6095,-20.000000
6096,-16.000000
6097,-16.000000
6098,-16.000000
6099,0.000000
6100,-32.000000
6101,-20.000000
6102,-32.000000
6103,-8.000000
6104,-12.000000
6105,-20.000000
6106,4.000000
6107,-20.000000
6108,16.000000
6109,-20.000000
6110,16.000000
6111,-4.000000
6112,52.000000
6113,12.000000
6114,-16.000000
6115,-52.000000
6116,4.000000
6117,12.000000
6118,8.000000
6119,32.000000
6120,8.000000
6121,8.000000
6122,8.000000
6123,4.000000
6124,4.000000
6125,-20.000000
6126,-20.000000
6127,8.000000
6128,4.000000
6129,-8.000000
6130,0.000000
6131,-12.000000
6132,-8.000000
6133,104.000000
6134,32.000000
6135,24.000000
6136,20.000000
6137,20.000000
6138,52.000000
6139,-20.000000
6140,8.000000
6141,60.000000
6142,-52.000000
6143,0.000000
6144,0.000000
6145,4.000000
6146,4.000000
6147,4.000000
6148,32.000000
6149,20.000000
6150,20.000000
6151,-24.000000
6152,16.000000
6153,-16.000000
6154,4.000000
6155,-4.000000
6156,0.000000
6157,-12.000000
6158,0.000000
6159,8.000000
6160,8.000000
6161,12.000000
6162,0.000000
6163,0.000000
6164,24.000000
6165,32.000000
6166,4.000000
6167,-32.000000
6168,-8.000000
6169,-20.000000
6170,0.000000
6171,-12.000000
6172,-8.000000
6173,-36.000000
6174,-8.000000
6175,28.000000
6176,-12.000000
6177,-20.000000
6178,-4.000000
6179,-8.000000
6180,-60.000000
6181,-8.000000
6182,0.000000
6183,-8.000000
6184,-32.000000
6185,-24.000000
6186,16.000000
6187,0.000000
6188,-36.000000
6189,28.000000
6190,-16.000000
6191,44.000000
6192,52.000000
6193,-8.000000
6194,-48.000000
6195,-44.000000
6196,-24.000000
6197,-28.000000
6198,0.000000
6199,-32.000000
6200,0.000000
6201,-16.000000
6202,-20.000000
6203,-20.000000
6204,-40.000000
6205,-20.000000
6206,52.000000
6207,-8.000000
6208,-16.000000
6209,-8.000000
6210,8.000000
6211,-84.000000
6212,-4.000000
6213,-20.000000
6214,-24.000000
6215,24.000000
6216,44.000000
6217,-8.000000
6218,-8.000000
6219,-8.000000
6220,64.000000
6221,-4.000000
6222,-28.000000
6223,-4.000000
6224,16.000000
6225,-8.000000
6226,4.000000
6227,4.000000
6228,-20.000000
6229,-24.000000
6230,-44.000000
6231,-8.000000
6232,40.000000
6233,-4.000000
6234,-8.000000
6235,-4.000000
6236,-8.000000
6237,16.000000
6238,-52.000000
6239,0.000000
6240,0.000000
6241,8.000000
6242,0.000000
6243,76.000000
6244,-8.000000
6245,-8.000000
6246,8.000000
6247,-20.000000
6248,-20.000000
6249,0.000000
6250,8.000000
6251,-4.000000
6252,-16.000000
6253,0.000000
6254,-52.000000
6255,-24.000000
6256,-8.000000
6257,-4.000000
6258,0.000000
6259,-4.000000
6260,8.000000
6261,-4.000000
6262,0.000000
6263,8.000000
6264,8.000000
6265,-24.000000
6266,-20.000000
6267,40.000000
6268,20.000000
6269,40.000000
6270,-24.000000
6271,-16.000000
6272,52.000000
6273,-16.000000
6274,0.000000
6275,-24.000000
6276,-16.000000
6277,-60.000000
6278,-20.000000
6279,20.000000
6280,72.000000
6281,4.000000
6282,-16.000000
6283,-32.000000
6284,-32.000000
6285,100.000000
6286,-36.000000
6287,24.000000
6288,20.000000
6289,16.000000
6290,-12.000000
6291,28.000000
6292,-44.000000
6293,-8.000000
6294,-20.000000
6295,-16.000000
6296,-12.000000
6297,-40.000000
6298,-44.000000
6299,-44.000000
6300,-28.000000
6301,-28.000000
6302,0.000000
6303,24.000000
6304,-24.000000
6305,12.000000
6306,-24.000000
6307,-8.000000
6308,-8.000000
6309,-8.000000
6310,-8.000000
6311,16.000000
6312,-16.000000
6313,68.000000
6314,-24.000000
6315,-8.000000
6316,-20.000000
6317,16.000000
6318,-24.000000
6319,0.000000
6320,-44.000000
6321,0.000000
6322,-88.000000
6323,-20.000000
6324,8.000000
6325,12.000000
6326,-40.000000
6327,-16.000000
6328,-64.000000
6329,12.000000
6330,0.000000
6331,-24.000000
6332,12.000000
6333,24.000000
6334,44.000000
6335,-40.000000
6336,-32.000000
6337,-16.000000
6338,-24.000000
6339,12.000000
6340,20.000000
6341,-8.000000
6342,4.000000
6343,16.000000
6344,-8.000000
6345,-4.000000
6346,-8.000000
6347,-20.000000
6348,-8.000000
6349,24.000000
6350,8.000000
6351,0.000000
6352,60.000000
6353,-24.000000
6354,16.000000
6355,-8.000000
6356,24.000000
6357,-24.000000
6358,-20.000000
6359,-8.000000
6360,44.000000
6361,28.000000
6362,96.000000
6363,8.000000
6364,60.000000
6365,-28.000000
6366,8.000000
6367,-8.000000
6368,52.000000
6369,24.000000
6370,24.000000
6371,44.000000
6372,52.000000
6373,-36.000000
6374,16.000000
6375,48.000000
6376,-64.000000
6377,16.000000
6378,-8.000000
6379,16.000000
6380,-4.000000
6381,-32.000000
6382,20.000000
6383,0.000000
6384,-24.000000
6385,8.000000
6386,-12.000000
6387,56.000000
6388,-28.000000
6389,48.000000
6390,8.000000
6391,-4.000000
6392,84.000000
6393,0.000000
6394,-8.000000
6395,20.000000
6396,16.000000
6397,24.000000
6398,16.000000
6399,12.000000
6400,4.000000
6401,16.000000
6402,-32.000000
6403,16.000000
6404,-24.000000
6405,-8.000000
6406,44.000000
6407,-8.000000
6408,-16.000000
6409,24.000000
6410,24.000000
6411,20.000000
6412,16.000000
6413,16.000000
6414,-16.000000
6415,24.000000
6416,-60.000000
6417,0.000000
6418,4.000000
6419,0.000000
6420,32.000000
6421,-64.000000
6422,8.000000
6423,0.000000
6424,28.000000
6425,-8.000000
6426,-28.000000
6427,-8.000000
6428,-32.000000
6429,-8.000000
6430,-4.000000
6431,0.000000
6432,16.000000
6433,4.000000
6434,16.000000
6435,-16.000000
6436,-8.000000
6437,-40.000000
6438,-8.000000
6439,-12.000000
6440,8.000000
6441,-16.000000
6442,44.000000
6443,-44.000000
6444,0.000000
6445,-12.000000
6446,4.000000
6447,-16.000000
6448,-12.000000
6449,-8.000000
6450,0.000000
6451,-16.000000
6452,0.000000
6453,-4.000000
6454,44.000000
6455,48.000000
6456,0.000000
6457,20.000000
6458,-8.000000
6459,-28.000000
6460,44.000000
6461,12.000000
6462,4.000000
6463,24.000000
6464,-24.000000
6465,0.000000
6466,-32.000000
6467,24.000000
6468,0.000000
6469,-28.000000
6470,-28.000000
6471,4.000000
6472,8.000000
6473,24.000000
6474,4.000000
6475,-28.000000
6476,-16.000000
6477,-24.000000
6478,-108.000000
6479,-4.000000
6480,16.000000
6481,56.000000
6482,16.000000
6483,-60.000000
6484,4.000000
6485,40.000000
6486,-40.000000
6487,-4.000000
6488,-4.000000
6489,4.000000
6490,-28.000000
6491,76.000000
6492,44.000000
6493,-72.000000
6494,-16.000000
6495,24.000000
6496,12.000000
6497,28.000000
6498,-12.000000
6499,44.000000
6500,-8.000000
6501,4.000000
6502,16.000000
6503,8.000000
6504,24.000000
6505,4.000000
6506,44.000000
6507,28.000000
6508,-4.000000
6509,-4.000000
6510,-8.000000
6511,-28.000000
6512,8.000000
6513,0.000000
6514,-12.000000
6515,20.000000
6516,-16.000000
6517,12.000000
6518,0.000000
6519,20.000000
6520,-32.000000
6521,-32.000000
6522,0.000000
6523,-40.000000
6524,12.000000
6525,-28.000000
6526,16.000000
6527,-12.000000
6528,0.000000
6529,-4.000000
6530,-4.000000
6531,4.000000
6532,4.000000
6533,-60.000000
6534,-12.000000
6535,-12.000000
6536,16.000000
6537,16.000000
6538,44.000000
6539,44.000000
6540,12.000000
6541,-16.000000
6542,-16.000000
6543,-12.000000
6544,-8.000000
6545,-24.000000
6546,28.000000
6547,68.000000
6548,24.000000
6549,72.000000
6550,-24.000000
6551,-16.000000
6552,-24.000000
6553,12.000000
6554,-20.000000
6555,-32.000000
6556,-28.000000
6557,-16.000000
6558,-16.000000
6559,20.000000
6560,-8.000000
6561,36.000000
6562,4.000000
6563,-16.000000
6564,-12.000000
6565,-8.000000
6566,0.000000
6567,32.000000
6568,8.000000
6569,-16.000000
6570,-4.000000
6571,-52.000000
6572,16.000000
6573,16.000000
6574,-4.000000
6575,-60.000000
6576,-16.000000
6577,-32.000000
6578,52.000000
6579,12.000000
6580,-12.000000
6581,-88.000000
6582,20.000000
6583,-12.000000
6584,-20.000000
6585,-48.000000
6586,44.000000
6587,-20.000000
6588,-8.000000
6589,60.000000
6590,-24.000000
6591,-20.000000
6592,0.000000
6593,-8.000000
6594,-16.000000
6595,0.000000
6596,4.000000
6597,-24.000000
6598,-24.000000
6599,-44.000000
6600,-40.000000
6601,0.000000
6602,44.000000
6603,-8.000000
6604,-100.000000
6605,8.000000
6606,-24.000000
6607,-52.000000
6608,-32.000000
6609,-16.000000
6610,12.000000
6611,52.000000
6612,-12.000000
6613,-24.000000
6614,28.000000
6615,-8.000000
6616,0.000000
6617,-8.000000
6618,-8.000000
6619,4.000000
6620,-56.000000
6621,0.000000
6622,-8.000000
6623,32.000000
6624,8.000000
6625,28.000000
6626,36.000000
6627,44.000000
6628,0.000000
6629,4.000000
6630,56.000000
6631,-44.000000
6632,24.000000
6633,0.000000
6634,16.000000
6635,0.000000
6636,4.000000
6637,16.000000
6638,-8.000000
6639,-8.000000
6640,-12.000000
6641,-8.000000
6642,24.000000
6643,8.000000
6644,8.000000
6645,-16.000000
6646,-8.000000
6647,0.000000
6648,-12.000000
6649,-12.000000
6650,24.000000
6651,0.000000
6652,20.000000
6653,8.000000
6654,-32.000000
6655,-32.000000
6656,16.000000
6657,-8.000000
6658,28.000000
6659,4.000000
6660,-20.000000
6661,-8.000000
6662,0.000000
6663,-8.000000
6664,-20.000000
6665,-20.000000
6666,72.000000
6667,-12.000000
6668,4.000000
6669,-4.000000
6670,16.000000
6671,-20.000000
6672,24.000000
6673,-12.000000
6674,-12.000000
6675,68.000000
6676,-32.000000
6677,-20.000000
6678,-16.000000
6679,-8.000000
6680,-36.000000
6681,-40.000000
6682,-28.000000
6683,56.000000
6684,60.000000
6685,-16.000000
6686,56.000000
6687,-44.000000
6688,-32.000000
6689,16.000000
6690,-16.000000
6691,0.000000
6692,-24.000000
6693,-40.000000
6694,0.000000
6695,-36.000000
6696,-36.000000
6697,20.000000
6698,52.000000
6699,16.000000
6700,-24.000000
6701,-20.000000
6702,8.000000
6703,4.000000
6704,-24.000000
6705,0.000000
6706,-32.000000
6707,20.000000
6708,-12.000000
6709,-28.000000
6710,-20.000000
6711,-8.000000
6712,-8.000000
6713,-28.000000
6714,0.000000
6715,-16.000000
6716,52.000000
6717,16.000000
6718,8.000000
6719,12.000000
6720,-44.000000
6721,-8.000000
6722,-60.000000
6723,-24.000000
6724,28.000000
6725,-8.000000
6726,52.000000
6727,-16.000000
6728,-16.000000
6729,16.000000
6730,-28.000000
6731,-20.000000
6732,-32.000000
6733,4.000000
6734,-16.000000
6735,0.000000
6736,60.000000
6737,-32.000000
6738,8.000000
6739,-36.000000
6740,16.000000
6741,-8.000000
6742,-32.000000
6743,4.000000
6744,-8.000000
6745,28.000000
6746,-8.000000
6747,-8.000000
6748,52.000000
6749,-8.000000
6750,-4.000000
6751,8.000000
6752,52.000000
6753,-8.000000
6754,24.000000
6755,-16.000000
6756,28.000000
6757,-28.000000
6758,16.000000
6759,4.000000
6760,-36.000000
6761,16.000000
6762,0.000000
6763,0.000000
6764,16.000000
6765,0.000000
6766,-12.000000
6767,8.000000
6768,4.000000
6769,-8.000000
6770,8.000000
6771,12.000000
6772,24.000000
6773,-12.000000
6774,-4.000000
6775,0.000000
6776,16.000000
6777,68.000000
6778,0.000000
6779,20.000000
6780,-12.000000
6781,-12.000000
6782,-12.000000
6783,-48.000000
6784,68.000000
6785,-44.000000
6786,4.000000
6787,-32.000000
6788,-56.000000
6789,4.000000
6790,4.000000
6791,-8.000000
6792,-24.000000
6793,0.000000
6794,-28.000000
6795,-16.000000
6796,-20.000000
6797,-16.000000
6798,-20.000000
6799,16.000000
6800,-8.000000
6801,-40.000000
6802,16.000000
6803,-44.000000
6804,16.000000
6805,0.000000
6806,4.000000
6807,-16.000000
6808,4.000000
6809,8.000000
6810,-4.000000
6811,-20.000000
6812,-4.000000
6813,28.000000
6814,-20.000000
6815,-28.000000
6816,-8.000000
6817,8.000000
6818,-32.000000
6819,20.000000
6820,-28.000000
6821,-24.000000
6822,-32.000000
6823,20.000000
6824,8.000000
6825,8.000000
6826,-24.000000
6827,-8.000000
6828,20.000000
6829,8.000000
6830,-12.000000
6831,-8.000000
6832,-8.000000
6833,-8.000000
6834,0.000000
6835,28.000000
6836,-36.000000
6837,8.000000
6838,-4.000000
6839,0.000000
6840,44.000000
6841,-4.000000
6842,-16.000000
6843,-8.000000
6844,-32.000000
6845,-24.000000
6846,-20.000000
6847,-28.000000
6848,-4.000000
6849,-56.000000
6850,-28.000000
6851,12.000000
6852,-36.000000
6853,-48.000000
6854,-32.000000
6855,-40.000000
6856,-40.000000
6857,-52.000000
6858,8.000000
6859,-16.000000
6860,-20.000000
6861,-32.000000
6862,-24.000000
6863,16.000000
6864,-32.000000
6865,-16.000000
6866,16.000000
6867,-4.000000
6868,-60.000000
6869,-8.000000
6870,-32.000000
6871,64.000000
6872,-20.000000
6873,-24.000000
6874,16.000000
6875,20.000000
6876,-12.000000
6877,8.000000
6878,8.000000
6879,8.000000
6880,-60.000000
6881,24.000000
6882,-8.000000
6883,-16.000000
6884,0.000000
6885,60.000000
6886,8.000000
6887,12.000000
6888,4.000000
6889,-8.000000
6890,0.000000
6891,-20.000000
6892,24.000000
6893,52.000000
6894,4.000000
6895,-20.000000
6896,0.000000
6897,-8.000000
6898,0.000000
6899,-4.000000
6900,4.000000
6901,16.000000
6902,0.000000
6903,12.000000
6904,0.000000
6905,-8.000000
6906,16.000000
6907,4.000000
6908,0.000000
6909,0.000000
6910,-12.000000
6911,52.000000
6912,28.000000
6913,12.000000
6914,-28.000000
6915,-12.000000
6916,4.000000
6917,0.000000
6918,-32.000000
6919,-8.000000
6920,-8.000000
6921,12.000000
6922,-12.000000
6923,-8.000000
6924,0.000000
6925,0.000000
6926,24.000000
6927,-4.000000
6928,4.000000
6929,-24.000000
6930,0.000000
6931,0.000000
6932,-52.000000
6933,28.000000
6934,-8.000000
6935,-8.000000
6936,60.000000
6937,-8.000000
6938,-16.000000
6939,-12.000000
6940,0.000000
6941,56.000000
6942,-28.000000
6943,-16.000000
6944,12.000000
6945,-44.000000
6946,0.000000
6947,-4.000000
6948,-8.000000
6949,12.000000
6950,-16.000000
6951,-64.000000
6952,-12.000000
6953,-28.000000
6954,-32.000000
6955,28.000000
6956,-60.000000
6957,-16.000000
6958,-24.000000
6959,-24.000000
6960,-8.000000
6961,4.000000
6962,4.000000
6963,-4.000000
6964,-12.000000
6965,-36.000000
6966,-4.000000
6967,-12.000000
6968,-12.000000
6969,-20.000000
6970,4.000000
6971,52.000000
6972,-28.000000
6973,-16.000000
6974,-52.000000
6975,20.000000
6976,-12.000000
6977,16.000000
6978,-20.000000
6979,44.000000
6980,-28.000000
6981,0.000000
6982,16.000000
6983,-12.000000
6984,-8.000000
6985,52.000000
6986,-20.000000
6987,76.000000
6988,-20.000000
6989,60.000000
6990,8.000000
6991,-52.000000
6992,0.000000
6993,-8.000000
6994,12.000000
6995,0.000000
6996,-20.000000
6997,-16.000000
6998,28.000000
6999,20.000000
7000,16.000000
7001,16.000000
7002,16.000000
7003,0.000000
7004,48.000000
7005,0.000000
7006,-8.000000
7007,-12.000000
7008,-16.000000
7009,20.000000
7010,16.000000
7011,52.000000
7012,4.000000
7013,-8.000000
7014,-32.000000
7015,24.000000
7016,-72.000000
7017,0.000000
7018,0.000000
7019,-24.000000
7020,24.000000
7021,8.000000
7022,-44.000000
7023,32.000000
7024,-12.000000
7025,4.000000
7026,8.000000
7027,32.000000
7028,84.000000
7029,32.000000
7030,0.000000
7031,12.000000
7032,16.000000
7033,-36.000000
7034,32.000000
7035,-80.000000
7036,-44.000000
7037,-8.000000
7038,52.000000
7039,0.000000
7040,-36.000000
7041,-20.000000
7042,40.000000
7043,8.000000
7044,-40.000000
7045,0.000000
7046,0.000000
7047,24.000000
7048,16.000000
7049,-8.000000
7050,-4.000000
7051,0.000000
7052,-24.000000
7053,-24.000000
7054,20.000000
7055,0.000000
7056,-4.000000
7057,-12.000000
7058,-68.000000
7059,-16.000000
7060,-12.000000
7061,-8.000000
7062,12.000000
7063,-24.000000
7064,-28.000000
7065,104.000000
7066,0.000000
7067,20.000000
7068,32.000000
7069,-8.000000
7070,76.000000
7071,-20.000000
7072,0.000000
7073,32.000000
7074,40.000000
7075,-8.000000
7076,-8.000000
7077,-8.000000
7078,-16.000000
7079,20.000000
7080,-24.000000
7081,0.000000
7082,-92.000000
7083,16.000000
7084,-32.000000
7085,0.000000
7086,-8.000000
7087,-32.000000
7088,0.000000
7089,-12.000000
7090,44.000000
7091,28.000000
7092,-32.000000
7093,0.000000
7094,-4.000000
7095,-4.000000
7096,-16.000000
7097,-16.000000
7098,-4.000000
7099,-8.000000
7100,-8.000000
7101,-8.000000
7102,28.000000
7103,-32.000000
7104,-16.000000
7105,16.000000
7106,-8.000000
7107,0.000000
7108,24.000000
7109,-4.000000
7110,16.000000
7111,-40.000000
7112,52.000000
7113,8.000000
7114,12.000000
7115,-20.000000
7116,60.000000
7117,-32.000000
7118,0.000000
7119,44.000000
7120,32.000000
7121,0.000000
7122,-4.000000
7123,-16.000000
7124,-20.000000
7125,12.000000
7126,64.000000
7127,-4.000000
7128,-32.000000
7129,16.000000
7130,16.000000
7131,0.000000
7132,-72.000000
7133,32.000000
7134,4.000000
7135,40.000000
7136,24.000000
7137,-20.000000
7138,-12.000000
7139,-24.000000
7140,-24.000000
7141,-8.000000
7142,4.000000
7143,20.000000
7144,0.000000
7145,40.000000
7146,-28.000000
7147,0.000000
7148,-4.000000
7149,-16.000000
7150,-24.000000
7151,-8.000000
7152,-16.000000
7153,-24.000000
7154,0.000000
7155,-8.000000
7156,0.000000
7157,32.000000
7158,4.000000
7159,60.000000
7160,-8.000000
7161,0.000000
7162,-12.000000
7163,20.000000
7164,0.000000
7165,12.000000
7166,8.000000
7167,44.000000
7168,12.000000
7169,0.000000
7170,32.000000
7171,24.000000
7172,-36.000000
7173,52.000000
7174,12.000000
7175,4.000000
7176,-20.000000
7177,-8.000000
7178,-8.000000
7179,4.000000
7180,24.000000
7181,4.000000
7182,-20.000000
7183,-12.000000
7184,-12.000000
7185,-12.000000
7186,60.000000
7187,-88.000000
7188,4.000000
7189,72.000000
7190,-20.000000
7191,-20.000000
7192,16.000000
7193,-8.000000
7194,12.000000
7195,4.000000
7196,-32.000000
7197,-40.000000
7198,16.000000
7199,-16.000000
7200,-40.000000
7201,-16.000000
7202,0.000000
7203,56.000000
7204,-8.000000
7205,4.000000
7206,40.000000
7207,4.000000
7208,4.000000
7209,-12.000000
7210,-8.000000
7211,-44.000000
7212,16.000000
7213,0.000000
7214,36.000000
7215,-8.000000
7216,-8.000000
7217,-12.000000
7218,-16.000000
7219,-8.000000
7220,16.000000
7221,20.000000
7222,-4.000000
7223,-60.000000
7224,-36.000000
7225,20.000000
7226,20.000000
7227,52.000000
7228,16.000000
7229,-48.000000
7230,-24.000000
7231,-12.000000
7232,-8.000000
7233,-8.000000
7234,-48.000000
7235,-8.000000
7236,-8.000000
7237,16.000000
7238,-8.000000
7239,56.000000
7240,-8.000000
7241,12.000000
7242,-4.000000
7243,-8.000000
7244,12.000000
7245,28.000000
7246,-20.000000
7247,4.000000
7248,0.000000
7249,-16.000000
7250,0.000000
7251,-16.000000
7252,0.000000
7253,-32.000000
7254,12.000000
7255,20.000000
7256,52.000000
7257,56.000000
7258,12.000000
7259,-12.000000
7260,52.000000
7261,12.000000
7262,0.000000
7263,4.000000
7264,12.000000
7265,-28.000000
7266,0.000000
7267,52.000000
7268,-4.000000
7269,20.000000
7270,-8.000000
7271,12.000000
7272,0.000000
7273,84.000000
7274,12.000000
7275,12.000000
7276,12.000000
7277,-24.000000
7278,-4.000000
7279,-4.000000
7280,4.000000
7281,-12.000000
7282,-4.000000
7283,0.000000
7284,8.000000
7285,-20.000000
7286,24.000000
7287,0.000000
7288,-12.000000
7289,-12.000000
7290,24.000000
7291,-36.000000
7292,-28.000000
7293,0.000000
7294,12.000000
7295,12.000000
7296,-12.000000
7297,-24.000000
7298,-4.000000
7299,16.000000
7300,-12.000000
7301,8.000000
7302,-12.000000
7303,12.000000
7304,-40.000000
7305,8.000000
7306,8.000000
7307,-16.000000
7308,44.000000
7309,-16.000000
7310,12.000000
7311,12.000000
7312,-12.000000
7313,-4.000000
7314,-4.000000
7315,16.000000
7316,-36.000000
7317,16.000000
7318,-8.000000
7319,-36.000000
7320,-16.000000
7321,-24.000000
7322,-28.000000
7323,-8.000000
7324,-8.000000
7325,-8.000000
7326,-4.000000
7327,-56.000000
7328,-4.000000
7329,-16.000000
7330,-108.000000
7331,-28.000000
7332,8.000000
7333,-4.000000
7334,-20.000000
7335,-20.000000
7336,-16.000000
7337,-8.000000
7338,32.000000
7339,-8.000000
7340,-56.000000
7341,-32.000000
7342,-12.000000
7343,-44.000000
7344,-8.000000
7345,-20.000000
7346,-20.000000
7347,-4.000000
7348,0.000000
7349,-28.000000
7350,-56.000000
7351,-20.000000
7352,-20.000000
7353,-12.000000
7354,-8.000000
7355,4.000000
7356,24.000000
7357,-36.000000
7358,-32.000000
7359,4.000000
7360,0.000000
7361,40.000000
7362,-52.000000
7363,-24.000000
7364,-24.000000
7365,-8.000000
7366,-16.000000
7367,-28.000000
7368,0.000000
7369,52.000000
7370,-24.000000
7371,28.000000
7372,-12.000000
7373,12.000000
7374,0.000000
7375,12.000000
7376,-20.000000
7377,4.000000
7378,8.000000
7379,-32.000000
7380,4.000000
7381,0.000000
7382,-16.000000
7383,-4.000000
7384,-8.000000
7385,24.000000
7386,8.000000
7387,-20.000000
7388,-12.000000
7389,-24.000000
7390,-4.000000
7391,0.000000
7392,0.000000
7393,8.000000
7394,-20.000000
7395,-20.000000
7396,44.000000
7397,8.000000
7398,-20.000000
7399,0.000000
7400,56.000000
7401,-36.000000
7402,44.000000
7403,12.000000
7404,44.000000
7405,8.000000
7406,4.000000
7407,0.000000
7408,4.000000
7409,24.000000
7410,16.000000
7411,24.000000
7412,20.000000
7413,-20.000000
7414,-24.000000
7415,8.000000
7416,8.000000
7417,0.000000
7418,44.000000
7419,-20.000000
7420,0.000000
7421,24.000000
7422,12.000000
7423,0.000000
7424,4.000000
7425,-12.000000
7426,-8.000000
7427,40.000000
7428,0.000000
7429,0.000000
7430,-8.000000
7431,20.000000
7432,-52.000000
7433,12.000000
7434,-12.000000
7435,-12.000000
7436,-16.000000
7437,0.000000
7438,-32.000000
7439,24.000000
7440,-48.000000
7441,-16.000000
7442,-16.000000
7443,-20.000000
7444,-28.000000
7445,-12.000000
7446,-8.000000
7447,-8.000000
7448,16.000000
7449,-4.000000
7450,-24.000000
7451,-96.000000
7452,-12.000000
7453,16.000000
7454,-8.000000
7455,-56.000000
7456,-32.000000
7457,-40.000000
7458,4.000000
7459,-28.000000
7460,-28.000000
7461,12.000000
7462,-8.000000
7463,-28.000000
7464,44.000000
7465,0.000000
7466,-8.000000
7467,-32.000000
7468,12.000000
7469,0.000000
7470,-12.000000
7471,-44.000000
7472,12.000000
7473,-60.000000
7474,0.000000
7475,28.000000
7476,-20.000000
7477,-8.000000
7478,44.000000
7479,-28.000000
7480,-52.000000
7481,-24.000000
7482,28.000000
7483,-32.000000
7484,-20.000000
7485,28.000000
7486,-32.000000
7487,20.000000
7488,20.000000
7489,-4.000000
7490,-12.000000
7491,20.000000
7492,12.000000
7493,8.000000
7494,-4.000000
7495,-16.000000
7496,24.000000
7497,-20.000000
7498,12.000000
7499,-20.000000
7500,-36.000000
7501,-8.000000
7502,-12.000000
7503,4.000000
7504,0.000000
7505,0.000000
7506,-24.000000
7507,-8.000000
7508,52.000000
7509,24.000000
7510,24.000000
7511,20.000000
7512,20.000000
7513,8.000000
7514,8.000000
7515,-44.000000
7516,16.000000
7517,24.000000
7518,4.000000
7519,0.000000
7520,0.000000
7521,-24.000000
7522,-4.000000
7523,20.000000
7524,20.000000
7525,16.000000
7526,24.000000
7527,12.000000
7528,0.000000
7529,-28.000000
7530,12.000000
7531,0.000000
7532,0.000000
7533,8.000000
7534,8.000000
7535,28.000000
7536,-16.000000
7537,0.000000
7538,8.000000
7539,28.000000
7540,-8.000000
7541,-16.000000
7542,8.000000
7543,8.000000
7544,-12.000000
7545,16.000000
7546,-8.000000
7547,64.000000
7548,32.000000
7549,32.000000
7550,16.000000
7551,0.000000
7552,16.000000
7553,-8.000000
7554,16.000000
7555,-8.000000
7556,4.000000
7557,-32.000000
7558,-36.000000
7559,24.000000
7560,0.000000
7561,44.000000
7562,-4.000000
7563,-32.000000
7564,28.000000
7565,20.000000
7566,-8.000000
7567,8.000000
7568,-16.000000
7569,-40.000000
7570,24.000000
7571,-8.000000
7572,-32.000000
7573,-12.000000
7574,8.000000
7575,4.000000
7576,0.000000
7577,4.000000
7578,0.000000
7579,-40.000000
7580,-40.000000
7581,16.000000
7582,8.000000
7583,-88.000000
7584,-32.000000
7585,-72.000000
7586,8.000000
7587,8.000000
7588,-28.000000
7589,-28.000000
7590,0.000000
7591,28.000000
7592,16.000000
7593,-28.000000
7594,-44.000000
7595,36.000000
7596,-20.000000
7597,-20.000000
7598,-20.000000
7599,-28.000000
7600,16.000000
7601,-4.000000
7602,0.000000
7603,24.000000
7604,0.000000
7605,-52.000000
7606,4.000000
7607,-48.000000
7608,-8.000000
7609,16.000000
7610,0.000000
7611,44.000000
7612,-40.000000
7613,-12.000000
7614,-60.000000
7615,56.000000
7616,0.000000
7617,0.000000
7618,0.000000
7619,-56.000000
7620,48.000000
7621,-16.000000
7622,44.000000
7623,8.000000
7624,-32.000000
7625,104.000000
7626,0.000000
7627,16.000000
7628,-4.000000
7629,4.000000
7630,-36.000000
7631,32.000000
7632,-20.000000
7633,-8.000000
7634,-16.000000
7635,-32.000000
7636,4.000000
7637,16.000000
7638,4.000000
7639,12.000000
7640,0.000000
7641,8.000000
7642,-8.000000
7643,8.000000
7644,12.000000
7645,0.000000
7646,0.000000
7647,4.000000
7648,-8.000000
7649,-40.000000
7650,8.000000
7651,0.000000
7652,-52.000000
7653,64.000000
7654,68.000000
7655,-60.000000
7656,-52.000000
7657,-16.000000
7658,12.000000
7659,0.000000
7660,-32.000000
7661,-20.000000
7662,4.000000
7663,-8.000000
7664,20.000000
7665,-8.000000
7666,-8.000000
7667,40.000000
7668,-16.000000
7669,-8.000000
7670,-20.000000
7671,12.000000
7672,12.000000
7673,32.000000
7674,-12.000000
7675,-12.000000
7676,44.000000
7677,-20.000000
7678,-72.000000
7679,12.000000
7680,0.000000
7681,0.000000
7682,-48.000000
7683,-16.000000
7684,20.000000
7685,-32.000000
7686,-28.000000
7687,-28.000000
7688,20.000000
7689,28.000000
7690,4.000000
7691,-40.000000
7692,24.000000
7693,4.000000
7694,-8.000000
7695,44.000000
7696,-16.000000
7697,0.000000
7698,-40.000000
7699,-28.000000
7700,20.000000
7701,-24.000000
7702,-16.000000
7703,16.000000
7704,-8.000000
7705,16.000000
7706,-4.000000
7707,4.000000
7708,-12.000000
7709,-8.000000
7710,-16.000000
7711,-16.000000
7712,-16.000000
7713,-40.000000
7714,24.000000
7715,-4.000000
7716,4.000000
7717,-12.000000
7718,32.000000
7719,-8.000000
7720,-8.000000
7721,-20.000000
7722,-24.000000
7723,4.000000
7724,16.000000
7725,-20.000000
7726,-4.000000
7727,0.000000
7728,-32.000000
7729,8.000000
7730,-60.000000
7731,16.000000
7732,-24.000000
7733,-60.000000
7734,-20.000000
7735,-8.000000
7736,-40.000000
7737,20.000000
7738,-16.000000
7739,-8.000000
7740,-20.000000
7741,4.000000
7742,4.000000
7743,-24.000000
7744,-8.000000
7745,28.000000
7746,0.000000
7747,-8.000000
7748,-28.000000
7749,12.000000
7750,8.000000
7751,-28.000000
7752,16.000000
7753,28.000000
7754,-8.000000
7755,16.000000
7756,-8.000000
7757,8.000000
7758,24.000000
7759,4.000000
7760,16.000000
7761,64.000000
7762,8.000000
7763,-24.000000
7764,12.000000
7765,16.000000
7766,0.000000
7767,20.000000
7768,20.000000
7769,-12.000000
7770,-8.000000
7771,-20.000000
7772,-36.000000
7773,-16.000000
7774,-16.000000
7775,-12.000000
7776,0.000000
7777,-20.000000
7778,0.000000
7779,-80.000000
7780,-28.000000
7781,-4.000000
7782,-4.000000
7783,20.000000
7784,-28.000000
7785,0.000000
7786,8.000000
7787,-32.000000
7788,16.000000
7789,44.000000
7790,8.000000
7791,84.000000
7792,20.000000
7793,-4.000000
7794,-4.000000
7795,12.000000
7796,16.000000
7797,8.000000
7798,-52.000000
7799,24.000000
7800,16.000000
7801,32.000000
7802,4.000000
7803,44.000000
7804,-4.000000
7805,68.000000
7806,12.000000
7807,-52.000000
7808,36.000000
7809,44.000000
7810,-16.000000
7811,12.000000
7812,8.000000
7813,-8.000000
7814,16.000000
7815,-40.000000
7816,-20.000000
7817,16.000000
7818,0.000000
7819,72.000000
7820,-20.000000
7821,4.000000
7822,-8.000000
7823,-4.000000
7824,-8.000000
7825,-28.000000
7826,-32.000000
7827,-16.000000
7828,44.000000
7829,16.000000
7830,-8.000000
7831,-32.000000
7832,-36.000000
7833,-24.000000
7834,-24.000000
7835,-20.000000
7836,-28.000000
7837,-12.000000
7838,-8.000000
7839,0.000000
7840,-36.000000
7841,-28.000000
7842,-24.000000
7843,-16.000000
7844,84.000000
7845,-8.000000
7846,64.000000
7847,0.000000
7848,-16.000000
7849,4.000000
7850,-20.000000
7851,-24.000000
7852,20.000000
7853,-16.000000
7854,52.000000
7855,16.000000
7856,-4.000000
7857,16.000000
7858,-8.000000
7859,-12.000000
7860,-24.000000
7861,60.000000
7862,-8.000000
7863,8.000000
7864,-8.000000
7865,-28.000000
7866,-8.000000
7867,-8.000000
7868,-4.000000
7869,20.000000
7870,-24.000000
7871,16.000000
7872,-56.000000
7873,-8.000000
7874,52.000000
7875,4.000000
7876,12.000000
7877,8.000000
7878,-4.000000
7879,0.000000
7880,0.000000
7881,-28.000000
7882,-52.000000
7883,12.000000
7884,16.000000
7885,-12.000000
7886,-12.000000
7887,-12.000000
7888,28.000000
7889,0.000000
7890,-8.000000
7891,48.000000
7892,0.000000
7893,-16.000000
7894,0.000000
7895,72.000000
7896,-24.000000
7897,32.000000
7898,-12.000000
7899,-24.000000
7900,32.000000
7901,16.000000
7902,-44.000000
7903,0.000000
7904,-8.000000
7905,-4.000000
7906,-8.000000
7907,36.000000
7908,-16.000000
7909,8.000000
7910,-36.000000
7911,-88.000000
7912,20.000000
7913,16.000000
7914,0.000000
7915,-4.000000
7916,-4.000000
7917,-4.000000
7918,-28.000000
7919,0.000000
7920,8.000000
7921,16.000000
7922,8.000000
7923,-12.000000
7924,0.000000
7925,-44.000000
7926,20.000000
7927,8.000000
7928,8.000000
7929,24.000000
7930,36.000000
7931,-8.000000
7932,-44.000000
7933,24.000000
7934,-16.000000
7935,0.000000
7936,-8.000000
7937,-28.000000
7938,0.000000
7939,-28.000000
7940,16.000000
7941,4.000000
7942,-32.000000
7943,64.000000
7944,-60.000000
7945,-24.000000
7946,8.000000
7947,0.000000
7948,-20.000000
7949,-52.000000
7950,0.000000
7951,-8.000000
7952,-48.000000
7953,56.000000
7954,-32.000000
7955,0.000000
7956,-16.000000
7957,4.000000
7958,52.000000
7959,-60.000000
7960,64.000000
7961,68.000000
7962,-16.000000
7963,20.000000
7964,-24.000000
7965,44.000000
7966,-8.000000
7967,-28.000000
7968,-36.000000
7969,-20.000000
7970,-8.000000
7971,-8.000000
7972,-60.000000
7973,-4.000000
7974,-16.000000
7975,12.000000
7976,4.000000
7977,-8.000000
7978,-16.000000
7979,-52.000000
7980,0.000000
7981,-20.000000
7982,4.000000
7983,-12.000000
7984,28.000000
7985,-16.000000
7986,-20.000000
7987,-24.000000
7988,84.000000
7989,-24.000000
7990,-8.000000
7991,28.000000
7992,-24.000000
7993,-4.000000
7994,-8.000000
7995,8.000000
7996,8.000000
7997,-20.000000
7998,-20.000000
7999,-16.000000
8000,4.000000
8001,4.000000
8002,16.000000
8003,4.000000
8004,16.000000
8005,52.000000
8006,0.000000
8007,-36.000000
8008,24.000000
8009,-8.000000
8010,40.000000
8011,-24.000000
8012,0.000000
8013,4.000000
8014,4.000000
8015,0.000000
8016,24.000000
8017,-12.000000
8018,24.000000
8019,0.000000
8020,4.000000
8021,8.000000
8022,20.000000
8023,-8.000000
8024,-20.000000
8025,52.000000
8026,20.000000
8027,0.000000
8028,24.000000
8029,8.000000
8030,4.000000
8031,24.000000
8032,20.000000
8033,16.000000
8034,12.000000
8035,-16.000000
8036,52.000000
8037,8.000000
8038,-8.000000
8039,-8.000000
8040,28.000000
8041,16.000000
8042,16.000000
8043,4.000000
8044,-12.000000
8045,-44.000000
8046,52.000000
8047,-20.000000
8048,-28.000000
8049,-40.000000
8050,-4.000000
8051,-8.000000
8052,0.000000
8053,0.000000
8054,16.000000
8055,-40.000000
8056,-28.000000
8057,0.000000
8058,-8.000000
8059,-28.000000
8060,24.000000
8061,-12.000000
8062,16.000000
8063,12.000000
8064,-16.000000
8065,-12.000000
8066,4.000000
8067,-24.000000
8068,8.000000
8069,16.000000
8070,4.000000
8071,-32.000000
8072,-32.000000
8073,-20.000000
8074,4.000000
8075,-32.000000
8076,-28.000000
8077,-20.000000
8078,-32.000000
8079,-20.000000
8080,-20.000000
8081,-44.000000
8082,-36.000000
8083,-24.000000
8084,-24.000000
8085,-12.000000
8086,-12.000000
8087,-48.000000
8088,-48.000000
8089,-32.000000
8090,-8.000000
8091,-28.000000
8092,-12.000000
8093,-8.000000
8094,-36.000000
8095,-32.000000
8096,-8.000000
8097,-36.000000
8098,12.000000
8099,-36.000000
8100,24.000000
8101,-16.000000
8102,-16.000000
8103,-24.000000
8104,-24.000000
8105,-48.000000
8106,-24.000000
8107,-48.000000
8108,-40.000000
8109,4.000000
8110,-16.000000
8111,4.000000
8112,-28.000000
8113,-24.000000
8114,-8.000000
8115,8.000000
8116,-24.000000
8117,-16.000000
8118,20.000000
8119,-8.000000
8120,4.000000
8121,-16.000000
8122,-16.000000
8123,-8.000000
8124,-8.000000
8125,24.000000
8126,16.000000
8127,0.000000
8128,4.000000
8129,0.000000
8130,20.000000
8131,-8.000000
8132,-4.000000
8133,0.000000
8134,52.000000
8135,-20.000000
8136,12.000000
8137,0.000000
8138,12.000000
8139,16.000000
8140,16.000000
8141,-4.000000
8142,8.000000
8143,4.000000
8144,4.000000
8145,44.000000
8146,8.000000
8147,12.000000
8148,32.000000
8149,4.000000
8150,-8.000000
8151,-16.000000
8152,-8.000000
8153,20.000000
8154,64.000000
8155,-20.000000
8156,108.000000
8157,-24.000000
8158,-20.000000
8159,-8.000000
8160,-8.000000
8161,-4.000000
8162,4.000000
8163,4.000000
8164,12.000000
8165,-20.000000
8166,-8.000000
8167,-28.000000
8168,44.000000
8169,-28.000000
8170,-12.000000
8171,0.000000
8172,-16.000000
8173,0.000000
8174,-60.000000
8175,-12.000000
8176,-8.000000
8177,12.000000
8178,28.000000
8179,20.000000
8180,72.000000
8181,4.000000
8182,0.000000
8183,24.000000
8184,-28.000000
8185,-16.000000
8186,-8.000000
8187,-32.000000
8188,-32.000000
8189,-8.000000
8190,-40.000000
8191,52.000000
8192,-24.000000
8193,20.000000
8194,-16.000000
8195,-36.000000
8196,0.000000
8197,28.000000
8198,-40.000000
8199,-32.000000
8200,-8.000000
8201,-16.000000
8202,8.000000
8203,44.000000
8204,-8.000000
8205,-16.000000
8206,-60.000000
8207,-16.000000
8208,-24.000000
8209,-12.000000
8210,16.000000
8211,20.000000
8212,12.000000
8213,-24.000000
8214,-24.000000
8215,-24.000000
8216,0.000000
8217,0.000000
8218,-16.000000
8219,-12.000000
8220,0.000000
8221,-36.000000
8222,-8.000000
8223,-16.000000
8224,44.000000
8225,4.000000
8226,-80.000000
8227,-4.000000
8228,-32.000000
8229,4.000000
8230,-16.000000
8231,12.000000
8232,-24.000000
8233,0.000000
8234,-60.000000
8235,-16.000000
8236,-8.000000
8237,-24.000000
8238,-16.000000
8239,-4.000000
8240,-8.000000
8241,-8.000000
8242,0.000000
8243,12.000000
8244,8.000000
8245,-4.000000
8246,-8.000000
8247,-32.000000
8248,24.000000
8249,-4.000000
8250,12.000000
8251,4.000000
8252,-44.000000
8253,-4.000000
8254,0.000000
8255,-20.000000
8256,16.000000
8257,28.000000
8258,-8.000000
8259,-44.000000
8260,4.000000
8261,-36.000000
8262,0.000000
8263,0.000000
8264,4.000000
8265,-4.000000
8266,-8.000000
8267,16.000000
8268,-20.000000
8269,0.000000
8270,12.000000
8271,-20.000000
8272,12.000000
8273,36.000000
8274,48.000000
8275,-12.000000
8276,24.000000
8277,8.000000
8278,-40.000000
8279,-24.000000
8280,16.000000
8281,-36.000000
8282,12.000000
8283,8.000000
8284,8.000000
8285,4.000000
8286,8.000000
8287,24.000000
8288,0.000000
8289,-32.000000
8290,4.000000
8291,-12.000000
8292,28.000000
8293,28.000000
8294,-16.000000
8295,28.000000
8296,-16.000000
8297,12.000000
8298,-32.000000
8299,52.000000
8300,-8.000000
8301,-44.000000
8302,4.000000
8303,24.000000
8304,32.000000
8305,-20.000000
8306,40.000000
8307,-8.000000
8308,-16.000000
8309,-8.000000
8310,0.000000
8311,40.000000
8312,-32.000000
8313,-56.000000
8314,-16.000000
8315,-4.000000
8316,-24.000000
8317,-8.000000
8318,-16.000000
8319,-56.000000
8320,4.000000
8321,28.000000
8322,52.000000
8323,-12.000000
8324,-28.000000
8325,0.000000
8326,-44.000000
8327,-28.000000
8328,20.000000
8329,-8.000000
8330,28.000000
8331,-12.000000
8332,-16.000000
8333,20.000000
8334,4.000000
8335,-24.000000
8336,-16.000000
8337,-16.000000
8338,-24.000000
8339,-16.000000
8340,-16.000000
8341,-28.000000
8342,16.000000
8343,-24.000000
8344,0.000000
8345,0.000000
8346,-16.000000
8347,-28.000000
8348,12.000000
8349,4.000000
8350,4.000000
8351,-40.000000
8352,-8.000000
8353,-20.000000
8354,-16.000000
8355,-8.000000
8356,104.000000
8357,12.000000
8358,-12.000000
8359,-28.000000
8360,-28.000000
8361,-12.000000
8362,-8.000000
8363,0.000000
8364,4.000000
8365,64.000000
8366,76.000000
8367,-24.000000
8368,4.000000
8369,0.000000
8370,0.000000
8371,0.000000
8372,4.000000
8373,0.000000
8374,-12.000000
8375,-4.000000
8376,16.000000
8377,24.000000
8378,-20.000000
8379,32.000000
8380,4.000000
8381,-16.000000
8382,-24.000000
8383,8.000000
8384,28.000000
8385,4.000000
8386,-60.000000
8387,-32.000000
8388,-32.000000
8389,-4.000000
8390,16.000000
8391,12.000000
8392,12.000000
8393,0.000000
8394,-8.000000
8395,-12.000000
8396,-20.000000
8397,0.000000
8398,0.000000
8399,0.000000
8400,-20.000000
8401,-44.000000
8402,32.000000
8403,28.000000
8404,20.000000
8405,4.000000
8406,0.000000
8407,-16.000000
8408,-8.000000
8409,72.000000
8410,4.000000
8411,-12.000000
8412,-32.000000
8413,-12.000000
8414,24.000000
8415,24.000000
8416,-8.000000
8417,-8.000000
8418,-36.000000
8419,12.000000
8420,32.000000
8421,4.000000
8422,56.000000
8423,76.000000
8424,44.000000
8425,32.000000
8426,-8.000000
8427,-16.000000
8428,-8.000000
8429,4.000000
8430,-20.000000
8431,-8.000000
8432,-8.000000
8433,-8.000000
8434,16.000000
8435,4.000000
8436,32.000000
8437,24.000000
8438,8.000000
8439,-12.000000
8440,-12.000000
8441,-28.000000
8442,8.000000
8443,-12.000000
8444,64.000000
8445,-24.000000
8446,-8.000000
8447,0.000000
8448,12.000000
8449,-28.000000
8450,8.000000
8451,-4.000000
8452,-24.000000
8453,8.000000
8454,8.000000
8455,56.000000
8456,56.000000
8457,44.000000
8458,-28.000000
8459,-8.000000
8460,4.000000
8461,8.000000
8462,-28.000000
8463,-4.000000
8464,-32.000000
8465,0.000000
8466,-8.000000
8467,-24.000000
8468,-24.000000
8469,-4.000000
8470,-8.000000
8471,12.000000
8472,-28.000000
8473,-16.000000
8474,-8.000000
8475,-12.000000
8476,20.000000
8477,-40.000000
8478,0.000000
8479,-8.000000
8480,-8.000000
8481,-40.000000
8482,4.000000
8483,-12.000000
8484,-4.000000
8485,0.000000
8486,-4.000000
8487,-8.000000
8488,24.000000
8489,-32.000000
8490,-16.000000
8491,20.000000
8492,-16.000000
8493,-4.000000
8494,-16.000000
8495,-4.000000
8496,-24.000000
8497,12.000000
8498,8.000000
8499,0.000000
8500,-8.000000
8501,-8.000000
8502,4.000000
8503,-8.000000
8504,20.000000
8505,-8.000000
8506,12.000000
8507,-12.000000
8508,8.000000
8509,-32.000000
8510,-28.000000
8511,-24.000000
8512,-16.000000
8513,-8.000000
8514,0.000000
8515,20.000000
8516,-4.000000
8517,16.000000
8518,-24.000000
8519,52.000000
8520,-20.000000
8521,-4.000000
8522,64.000000
8523,-8.000000
8524,-16.000000
8525,24.000000
8526,28.000000
8527,-20.000000
8528,-24.000000
8529,12.000000
8530,-4.000000
8531,0.000000
8532,40.000000
8533,-4.000000
8534,32.000000
8535,48.000000
8536,12.000000
8537,28.000000
8538,36.000000
8539,4.000000
8540,4.000000
8541,16.000000
8542,-20.000000
8543,-32.000000
8544,80.000000
8545,-40.000000
8546,20.000000
8547,44.000000
8548,-8.000000
8549,44.000000
8550,4.000000
8551,24.000000
8552,-8.000000
8553,4.000000
8554,24.000000
8555,28.000000
8556,24.000000
8557,56.000000
8558,-8.000000
8559,8.000000
8560,-12.000000
8561,24.000000
8562,-28.000000
8563,12.000000
8564,-4.000000
8565,-64.000000
8566,16.000000
8567,-8.000000
8568,52.000000
8569,-8.000000
8570,20.000000
8571,-32.000000
8572,-44.000000
8573,8.000000
8574,-8.000000
8575,8.000000
8576,44.000000
8577,-4.000000
8578,-36.000000
8579,16.000000
8580,-8.000000
8581,-12.000000
8582,-24.000000
8583,-32.000000
8584,24.000000
8585,0.000000
8586,-40.000000
8587,16.000000
8588,20.000000
8589,28.000000
8590,16.000000
8591,-24.000000
8592,-20.000000
8593,0.000000
8594,-8.000000
8595,-16.000000
8596,-12.000000
8597,8.000000
8598,0.000000
8599,-8.000000
8600,-24.000000
8601,-20.000000
8602,4.000000
8603,-40.000000
8604,8.000000
8605,-28.000000
8606,0.000000
8607,-20.000000
8608,-24.000000
8609,-8.000000
8610,-8.000000
8611,-20.000000
8612,-4.000000
8613,-16.000000
8614,-20.000000
8615,-8.000000
8616,-8.000000
8617,-24.000000
8618,-44.000000
8619,-44.000000
8620,-24.000000
8621,-20.000000
8622,16.000000
8623,44.000000
8624,-16.000000
8625,56.000000
8626,-24.000000
8627,28.000000
8628,-8.000000
8629,16.000000
8630,-20.000000
8631,24.000000
8632,-4.000000
8633,24.000000
8634,32.000000
8635,8.000000
8636,8.000000
8637,0.000000
8638,-4.000000
8639,52.000000
8640,-4.000000
8641,0.000000
8642,8.000000
8643,112.000000
8644,52.000000
8645,24.000000
8646,24.000000
8647,-20.000000
8648,0.000000
8649,48.000000
8650,44.000000
8651,0.000000
8652,0.000000
8653,-52.000000
8654,20.000000
8655,8.000000
8656,-20.000000
8657,116.000000
8658,8.000000
8659,24.000000
8660,-12.000000
8661,8.000000
8662,12.000000
8663,28.000000
8664,52.000000
8665,12.000000
8666,12.000000
8667,0.000000
8668,-28.000000
8669,20.000000
8670,32.000000
8671,16.000000
8672,-12.000000
8673,32.000000
8674,0.000000
8675,12.000000
8676,-4.000000
8677,44.000000
8678,20.000000
8679,16.000000
8680,16.000000
8681,0.000000
8682,0.000000
8683,-8.000000
8684,0.000000
8685,20.000000
8686,4.000000
8687,-20.000000
8688,-20.000000
8689,8.000000
8690,8.000000
8691,0.000000
8692,-12.000000
8693,-16.000000
8694,-8.000000
8695,32.000000
8696,-60.000000
8697,-4.000000
8698,-36.000000
8699,0.000000
8700,8.000000
8701,4.000000
8702,16.000000
8703,-8.000000
8704,12.000000
8705,-20.000000
8706,-84.000000
8707,-16.000000
8708,24.000000
8709,4.000000
8710,0.000000
8711,-44.000000
8712,12.000000
8713,-12.000000
8714,16.000000
8715,-24.000000
8716,-12.000000
8717,-28.000000
8718,-24.000000
8719,-28.000000
8720,52.000000
8721,-16.000000
8722,-52.000000
8723,-8.000000
8724,16.000000
8725,84.000000
8726,-16.000000
8727,-12.000000
8728,-8.000000
8729,24.000000
8730,64.000000
8731,28.000000
8732,0.000000
8733,-32.000000
8734,-8.000000
8735,-20.000000
8736,16.000000
8737,-32.000000
8738,-12.000000
8739,-28.000000
8740,-4.000000
8741,28.000000
8742,-12.000000
8743,24.000000
8744,-24.000000
8745,4.000000
8746,0.000000
8747,-4.000000
8748,-8.000000
8749,44.000000
8750,-40.000000
8751,-12.000000
8752,16.000000
8753,-4.000000
8754,-8.000000
8755,4.000000
8756,16.000000
8757,-16.000000
8758,-16.000000
8759,12.000000
8760,0.000000
8761,0.000000
8762,0.000000
8763,-8.000000
8764,-40.000000
8765,-28.000000
8766,28.000000
8767,44.000000
8768,-4.000000
8769,-4.000000
8770,8.000000
8771,-4.000000
8772,-60.000000
8773,-64.000000
8774,4.000000
8775,12.000000
8776,40.000000
8777,44.000000
8778,-16.000000
8779,20.000000
8780,16.000000
8781,12.000000
8782,-8.000000
8783,-44.000000
8784,-12.000000
8785,-28.000000
8786,-28.000000
8787,-8.000000
8788,-12.000000
8789,44.000000
8790,28.000000
8791,-12.000000
8792,20.000000
8793,52.000000
8794,-4.000000
8795,-4.000000
8796,-36.000000
8797,4.000000
8798,8.000000
8799,-32.000000
8800,24.000000
8801,-12.000000
8802,-4.000000
8803,-16.000000
8804,52.000000
8805,8.000000
8806,16.000000
8807,16.000000
8808,16.000000
8809,12.000000
8810,0.000000
8811,-4.000000
8812,44.000000
8813,-4.000000
8814,16.000000
8815,-8.000000
8816,-32.000000
8817,-8.000000
8818,-40.000000
8819,-28.000000
8820,16.000000
8821,20.000000
8822,-8.000000
8823,-12.000000
8824,24.000000
8825,-16.000000
8826,-56.000000
8827,0.000000
8828,0.000000
8829,24.000000
8830,12.000000
8831,-32.000000
8832,12.000000
8833,-8.000000
8834,-20.000000
8835,0.000000
8836,32.000000
8837,-20.000000
8838,24.000000
8839,44.000000
8840,56.000000
8841,-20.000000
8842,-20.000000
8843,-24.000000
8844,-48.000000
8845,-36.000000
8846,-8.000000
8847,-40.000000
8848,-32.000000
8849,-20.000000
8850,0.000000
8851,0.000000
8852,-4.000000
8853,4.000000
8854,-48.000000
8855,8.000000
8856,0.000000
8857,-24.000000
8858,-20.000000
8859,-20.000000
8860,12.000000
8861,-8.000000
8862,-32.000000
8863,28.000000
8864,-20.000000
8865,-20.000000
8866,12.000000
8867,28.000000
8868,-32.000000
8869,24.000000
8870,20.000000
8871,-20.000000
8872,4.000000
8873,8.000000
8874,-16.000000
8875,-4.000000
8876,-32.000000
8877,-20.000000
8878,40.000000
8879,4.000000
8880,-20.000000
8881,-36.000000
8882,-76.000000
8883,0.000000
8884,-20.000000
8885,8.000000
8886,-44.000000
8887,8.000000
8888,12.000000
8889,-16.000000
8890,-8.000000
8891,8.000000
8892,-24.000000
8893,12.000000
8894,36.000000
8895,-40.000000
8896,-24.000000
8897,48.000000
8898,-36.000000
8899,8.000000
8900,8.000000
8901,24.000000
8902,-24.000000
8903,-20.000000
8904,8.000000
8905,20.000000
8906,-16.000000
8907,4.000000
8908,0.000000
8909,40.000000
8910,32.000000
8911,24.000000
8912,-72.000000
8913,-36.000000
8914,24.000000
8915,16.000000
8916,-16.000000
8917,0.000000
8918,4.000000
8919,-4.000000
8920,-4.000000
8921,24.000000
8922,-12.000000
8923,0.000000
8924,12.000000
8925,16.000000
8926,16.000000
8927,-24.000000
8928,56.000000
8929,0.000000
8930,8.000000
8931,-36.000000
8932,-20.000000
8933,24.000000
8934,-8.000000
8935,8.000000
8936,4.000000
8937,16.000000
8938,-20.000000
8939,-12.000000
8940,-8.000000
8941,16.000000
8942,-24.000000
8943,-24.000000
8944,-24.000000
8945,-20.000000
8946,0.000000
8947,-8.000000
8948,12.000000
8949,-8.000000
8950,40.000000
8951,-4.000000
8952,4.000000
8953,8.000000
8954,-12.000000
8955,-8.000000
8956,52.000000
8957,-12.000000
8958,0.000000
8959,0.000000
8960,44.000000
8961,-16.000000
8962,-24.000000
8963,20.000000
8964,12.000000
8965,-28.000000
8966,-28.000000
8967,-8.000000
8968,28.000000
8969,0.000000
8970,-12.000000
8971,72.000000
8972,44.000000
8973,-20.000000
8974,48.000000
8975,-36.000000
8976,-28.000000
8977,16.000000
8978,0.000000
8979,-32.000000
8980,-20.000000
8981,44.000000
8982,-8.000000
8983,8.000000
8984,0.000000
8985,-40.000000
8986,-32.000000
8987,-32.000000
8988,0.000000
8989,-4.000000
8990,12.000000
8991,-12.000000
8992,4.000000
8993,-8.000000
8994,-4.000000
8995,16.000000
8996,-28.000000
8997,-48.000000
8998,12.000000
8999,-32.000000
9000,16.000000
9001,52.000000
9002,-4.000000
9003,-24.000000
9004,-8.000000
9005,-16.000000
9006,-16.000000
9007,-64.000000
9008,-12.000000
9009,-12.000000
9010,-4.000000
9011,-32.000000
9012,4.000000
9013,28.000000
9014,-8.000000
9015,-8.000000
9016,72.000000
9017,24.000000
9018,0.000000
9019,8.000000
9020,4.000000
9021,0.000000
9022,0.000000
9023,-4.000000
9024,60.000000
9025,-72.000000
9026,52.000000
9027,20.000000
9028,-8.000000
9029,0.000000
9030,36.000000
9031,20.000000
9032,-36.000000
9033,64.000000
9034,8.000000
9035,16.000000
9036,12.000000
9037,28.000000
9038,28.000000
9039,-8.000000
9040,28.000000
9041,0.000000
9042,52.000000
9043,-8.000000
9044,0.000000
9045,-20.000000
9046,-20.000000
9047,-20.000000
9048,28.000000
9049,-8.000000
9050,4.000000
9051,0.000000
9052,88.000000
9053,-12.000000
9054,12.000000
9055,-20.000000
9056,16.000000
9057,8.000000
9058,0.000000
9059,44.000000
9060,4.000000
9061,-12.000000
9062,-20.000000
9063,-8.000000
9064,-12.000000
9065,44.000000
9066,-16.000000
9067,24.000000
9068,-44.000000
9069,64.000000
9070,20.000000
9071,-8.000000
9072,12.000000
9073,0.000000
9074,-12.000000
9075,16.000000
9076,12.000000
9077,-8.000000
9078,8.000000
9079,56.000000
9080,-24.000000
9081,0.000000
9082,-92.000000
9083,-8.000000
9084,-20.000000
9085,20.000000
9086,-48.000000
9087,0.000000
9088,-28.000000
9089,-12.000000
9090,4.000000
9091,-44.000000
9092,0.000000
9093,-16.000000
9094,-16.000000
9095,52.000000
9096,-16.000000
9097,-12.000000
9098,44.000000
9099,-12.000000
9100,-8.000000
9101,-8.000000
9102,-16.000000
9103,4.000000
9104,4.000000
9105,0.000000
9106,-48.000000
9107,-20.000000
9108,-8.000000
9109,-24.000000
9110,-20.000000
9111,-12.000000
9112,-4.000000
9113,-36.000000
9114,-32.000000
9115,-40.000000
9116,20.000000
9117,16.000000
9118,-20.000000
9119,4.000000
9120,-44.000000
9121,28.000000
9122,0.000000
9123,-28.000000
9124,12.000000
9125,-8.000000
9126,-16.000000
9127,-40.000000
9128,0.000000
9129,20.000000
9130,4.000000
9131,-16.000000
9132,-16.000000
9133,-4.000000
9134,-24.000000
9135,4.000000
9136,32.000000
9137,0.000000
9138,-12.000000
9139,-36.000000
9140,28.000000
9141,8.000000
9142,-28.000000
9143,-32.000000
9144,24.000000
9145,12.000000
9146,0.000000
9147,16.000000
9148,52.000000
9149,0.000000
9150,76.000000
9151,-16.000000
9152,24.000000
9153,-28.000000
9154,16.000000
9155,8.000000
9156,8.000000
9157,52.000000
9158,-20.000000
9159,76.000000
9160,0.000000
9161,4.000000
9162,0.000000
9163,12.000000
9164,-44.000000
9165,4.000000
9166,4.000000
9167,44.000000
9168,-8.000000
9169,-4.000000
9170,24.000000
9171,0.000000
9172,-4.000000
9173,-8.000000
9174,20.000000
9175,-28.000000
9176,20.000000
9177,0.000000
9178,40.000000
9179,-72.000000
9180,-52.000000
9181,0.000000
9182,-52.000000
9183,-8.000000
9184,-16.000000
9185,-16.000000
9186,0.000000
9187,24.000000
9188,-16.000000
9189,-8.000000
9190,8.000000
9191,20.000000
9192,16.000000
9193,-8.000000
9194,-4.000000
9195,-52.000000
9196,-4.000000
9197,-12.000000
9198,-8.000000
9199,0.000000
9200,-16.000000
9201,-24.000000
9202,-24.000000
9203,4.000000
9204,0.000000
9205,28.000000
9206,-8.000000
9207,0.000000
9208,-12.000000
9209,-16.000000
9210,-8.000000
9211,-36.000000
9212,4.000000
9213,-8.000000
9214,-32.000000
9215,20.000000
9216,-8.000000
9217,-8.000000
9218,-120.000000
9219,12.000000
9220,-32.000000
9221,44.000000
9222,20.000000
9223,-28.000000
9224,-24.000000
9225,-32.000000
9226,-32.000000
9227,-4.000000
9228,0.000000
9229,8.000000
9230,-20.000000
9231,-12.000000
9232,-60.000000
9233,-24.000000
9234,-8.000000
9235,-8.000000
9236,-60.000000
9237,-8.000000
9238,-8.000000
9239,8.000000
9240,-12.000000
9241,-28.000000
9242,-8.000000
9243,40.000000
9244,-4.000000
9245,64.000000
9246,-40.000000
9247,-8.000000
9248,-8.000000
9249,60.000000
9250,12.000000
9251,56.000000
9252,44.000000
9253,-72.000000
9254,16.000000
9255,-28.000000
9256,0.000000
9257,-16.000000
9258,0.000000
9259,8.000000
9260,32.000000
9261,-44.000000
9262,-20.000000
9263,-16.000000
9264,-8.000000
9265,16.000000
9266,44.000000
9267,0.000000
9268,0.000000
9269,-44.000000
9270,-12.000000
9271,0.000000
9272,-64.000000
9273,24.000000
9274,88.000000
9275,16.000000
9276,0.000000
9277,8.000000
9278,52.000000
9279,-20.000000
9280,24.000000
9281,-8.000000
9282,4.000000
9283,64.000000
9284,48.000000
9285,28.000000
9286,20.000000
9287,36.000000
9288,0.000000
9289,44.000000
9290,-20.000000
9291,0.000000
9292,-8.000000
9293,8.000000
9294,-20.000000
9295,-8.000000
9296,44.000000
9297,-24.000000
9298,-24.000000
9299,-4.000000
9300,-8.000000
9301,28.000000
9302,-24.000000
9303,0.000000
9304,-12.000000
9305,-8.000000
9306,-16.000000
9307,24.000000
9308,16.000000
9309,28.000000
9310,68.000000
9311,-32.000000
9312,-8.000000
9313,32.000000
9314,-8.000000
9315,-20.000000
9316,4.000000
9317,-24.000000
9318,-72.000000
9319,-12.000000
9320,-24.000000
9321,-16.000000
9322,-4.000000
9323,20.000000
9324,-32.000000
9325,-32.000000
9326,-40.000000
9327,12.000000
9328,-8.000000
9329,-12.000000
9330,-4.000000
9331,-8.000000
9332,-12.000000
9333,16.000000
9334,-28.000000
9335,-8.000000
9336,-28.000000
9337,24.000000
9338,80.000000
9339,-8.000000
9340,-12.000000
9341,-8.000000
9342,60.000000
9343,0.000000
9344,12.000000
9345,-8.000000
9346,24.000000
9347,-8.000000
9348,20.000000
9349,-8.000000
9350,4.000000
9351,0.000000
9352,16.000000
9353,24.000000
9354,4.000000
9355,32.000000
9356,28.000000
9357,-8.000000
9358,0.000000
9359,44.000000
9360,24.000000
9361,8.000000
9362,-8.000000
9363,-8.000000
9364,-12.000000
9365,8.000000
9366,-12.000000
9367,-36.000000
9368,-24.000000
9369,56.000000
9370,4.000000
9371,4.000000
9372,0.000000
9373,-8.000000
9374,44.000000
9375,-4.000000
9376,-8.000000
9377,20.000000
9378,-8.000000
9379,52.000000
9380,-8.000000
9381,-8.000000
9382,52.000000
9383,-8.000000
9384,-4.000000
9385,-8.000000
9386,52.000000
9387,-16.000000
9388,20.000000
9389,68.000000
9390,44.000000
9391,24.000000
9392,28.000000
9393,12.000000
9394,-16.000000
9395,28.000000
9396,16.000000
9397,-32.000000
9398,-8.000000
9399,-24.000000
9400,-64.000000
9401,4.000000
9402,0.000000
9403,12.000000
9404,8.000000
9405,68.000000
9406,-4.000000
9407,-16.000000
9408,-28.000000
9409,-8.000000
9410,-16.000000
9411,-44.000000
9412,-8.000000
9413,28.000000
9414,0.000000
9415,-72.000000
9416,-44.000000
9417,-20.000000
9418,-24.000000
9419,-8.000000
9420,20.000000
9421,-16.000000
9422,-8.000000
9423,52.000000
9424,-12.000000
9425,28.000000
9426,52.000000
9427,-44.000000
9428,-28.000000
9429,-52.000000
9430,-72.000000
9431,-32.000000
9432,16.000000
9433,52.000000
9434,-8.000000
9435,-4.000000
9436,72.000000
9437,24.000000
9438,12.000000
9439,-8.000000
9440,-48.000000
9441,16.000000
9442,4.000000
9443,20.000000
9444,-4.000000
9445,-8.000000
9446,0.000000
9447,48.000000
9448,-8.000000
9449,20.000000
9450,8.000000
9451,20.000000
9452,-12.000000
9453,0.000000
9454,0.000000
9455,0.000000
9456,4.000000
9457,-8.000000
9458,44.000000
9459,-44.000000
9460,8.000000
9461,12.000000
9462,-16.000000
9463,-8.000000
9464,24.000000
9465,44.000000
9466,52.000000
9467,0.000000
9468,4.000000
9469,-4.000000
9470,44.000000
9471,8.000000
9472,-8.000000
9473,16.000000
9474,-8.000000
9475,20.000000
9476,-4.000000
9477,-12.000000
9478,-8.000000
9479,-8.000000
9480,16.000000
9481,16.000000
9482,24.000000
9483,20.000000
9484,16.000000
9485,-16.000000
9486,8.000000
9487,-4.000000
9488,12.000000
9489,-32.000000
9490,4.000000
9491,4.000000
9492,24.000000
9493,20.000000
9494,-8.000000
9495,0.000000
9496,36.000000
9497,-36.000000
9498,56.000000
9499,4.000000
9500,12.000000
9501,16.000000
9502,8.000000
9503,-12.000000
9504,12.000000
9505,-8.000000
9506,-16.000000
9507,-12.000000
9508,-12.000000
9509,-12.000000
9510,0.000000
9511,-4.000000
9512,8.000000
9513,-20.000000
9514,12.000000
9515,-8.000000
9516,-28.000000
9517,-28.000000
9518,-12.000000
9519,-40.000000
9520,-24.000000
9521,44.000000
9522,-4.000000
9523,-36.000000
9524,-16.000000
9525,-28.000000
9526,-28.000000
9527,-20.000000
9528,-12.000000
9529,52.000000
9530,-4.000000
9531,0.000000
9532,-32.000000
9533,-8.000000
9534,-24.000000
9535,-12.000000
9536,0.000000
9537,-36.000000
9538,12.000000
9539,-16.000000
9540,0.000000
9541,-32.000000
9542,28.000000
9543,-28.000000
9544,24.000000
9545,-28.000000
9546,-28.000000
9547,-32.000000
9548,-16.000000
9549,-28.000000
9550,28.000000
9551,4.000000
9552,-32.000000
9553,-40.000000
9554,0.000000
9555,0.000000
9556,16.000000
9557,-8.000000
9558,-4.000000
9559,12.000000
9560,-60.000000
9561,0.000000
9562,-24.000000
9563,-24.000000
9564,8.000000
9565,-12.000000
9566,28.000000
9567,-40.000000
9568,4.000000
9569,-28.000000
9570,16.000000
9571,-24.000000
9572,88.000000
9573,-4.000000
9574,24.000000
9575,60.000000
9576,-92.000000
9577,60.000000
9578,28.000000
9579,76.000000
9580,60.000000
9581,0.000000
9582,4.000000
9583,-8.000000
9584,4.000000
9585,44.000000
9586,-24.000000
9587,0.000000
9588,20.000000
9589,-4.000000
9590,52.000000
9591,0.000000
9592,-8.000000
9593,0.000000
9594,12.000000
9595,-60.000000
9596,0.000000
9597,16.000000
9598,16.000000
9599,60.000000
9600,16.000000
9601,12.000000
9602,-20.000000
9603,0.000000
9604,-8.000000
9605,16.000000
9606,24.000000
9607,4.000000
9608,24.000000
9609,0.000000
9610,16.000000
9611,20.000000
9612,24.000000
9613,0.000000
9614,0.000000
9615,24.000000
9616,48.000000
9617,-8.000000
9618,28.000000
9619,48.000000
9620,-24.000000
9621,-8.000000
9622,-4.000000
9623,-24.000000
9624,-8.000000
9625,-24.000000
9626,0.000000
9627,-4.000000
9628,-8.000000
9629,-16.000000
9630,44.000000
9631,-8.000000
9632,44.000000
9633,-8.000000
9634,-8.000000
9635,4.000000
9636,16.000000
9637,-8.000000
9638,4.000000
9639,-32.000000
9640,-28.000000
9641,0.000000
9642,-8.000000
9643,8.000000
9644,16.000000
9645,-20.000000
9646,12.000000
9647,-8.000000
9648,-52.000000
9649,8.000000
9650,0.000000
9651,-32.000000
9652,-28.000000
9653,-8.000000
9654,-20.000000
9655,-24.000000
9656,16.000000
9657,-32.000000
9658,-36.000000
9659,-16.000000
9660,-16.000000
9661,4.000000
9662,20.000000
9663,0.000000
9664,20.000000
9665,-60.000000
9666,-24.000000
9667,-20.000000
9668,-28.000000
9669,-28.000000
9670,-28.000000
9671,12.000000
9672,-12.000000
9673,20.000000
9674,-8.000000
9675,-16.000000
9676,16.000000
9677,-8.000000
9678,-24.000000
9679,-20.000000
9680,-20.000000
9681,0.000000
9682,-16.000000
9683,-24.000000
9684,-24.000000
9685,24.000000
9686,16.000000
9687,24.000000
9688,12.000000
9689,-16.000000
9690,12.000000
9691,16.000000
9692,-8.000000
9693,4.000000
9694,68.000000
9695,24.000000
9696,-8.000000
9697,-44.000000
9698,16.000000
9699,-24.000000
9700,28.000000
9701,76.000000
9702,-32.000000
9703,4.000000
9704,0.000000
9705,0.000000
9706,-4.000000
9707,-4.000000
9708,-8.000000
9709,-32.000000
9710,-24.000000
9711,-16.000000
9712,12.000000
9713,12.000000
9714,24.000000
9715,0.000000
9716,-16.000000
9717,-4.000000
9718,0.000000
9719,16.000000
9720,-8.000000
9721,12.000000
9722,-12.000000
9723,-20.000000
9724,4.000000
9725,-8.000000
9726,-4.000000
9727,28.000000
9728,-4.000000
9729,4.000000
9730,0.000000
9731,0.000000
9732,-52.000000
9733,-8.000000
9734,72.000000
9735,-12.000000
9736,0.000000
9737,-24.000000
9738,24.000000
9739,-24.000000
9740,20.000000
9741,-8.000000
9742,0.000000
9743,-20.000000
9744,4.000000
9745,8.000000
9746,-28.000000
9747,-16.000000
9748,36.000000
9749,0.000000
9750,-20.000000
9751,-20.000000
9752,-24.000000
9753,-24.000000
9754,-20.000000
9755,8.000000
9756,-24.000000
9757,12.000000
9758,-92.000000
9759,16.000000
9760,16.000000
9761,-8.000000
9762,-20.000000
9763,16.000000
9764,0.000000
9765,-8.000000
9766,20.000000
9767,-16.000000
9768,-16.000000
9769,-48.000000
9770,24.000000
9771,-8.000000
9772,-4.000000
9773,-40.000000
9774,-20.000000
9775,-72.000000
9776,-24.000000
9777,-8.000000
9778,24.000000
9779,-16.000000
9780,-16.000000
9781,0.000000
9782,-20.000000
9783,-28.000000
9784,-28.000000
9785,-32.000000
9786,-24.000000
9787,-16.000000
9788,60.000000
9789,-24.000000
9790,-24.000000
9791,-16.000000
9792,-16.000000
9793,0.000000
9794,-24.000000
9795,-32.000000
9796,-32.000000
9797,-4.000000
9798,-4.000000
9799,-12.000000
9800,-8.000000
9801,-8.000000
9802,-48.000000
9803,-48.000000
9804,24.000000
9805,-28.000000
9806,-28.000000
9807,-8.000000
9808,16.000000
9809,-8.000000
9810,24.000000
9811,64.000000
9812,-32.000000
9813,-8.000000
9814,4.000000
9815,-44.000000
9816,4.000000
9817,-36.000000
9818,-24.000000
9819,4.000000
9820,4.000000
9821,-8.000000
9822,4.000000
9823,12.000000
9824,8.000000
9825,12.000000
9826,12.000000
9827,-28.000000
9828,12.000000
9829,-8.000000
9830,12.000000
9831,28.000000
9832,-28.000000
9833,-8.000000
9834,4.000000
9835,-8.000000
9836,24.000000
9837,4.000000
9838,-60.000000
9839,8.000000
9840,24.000000
9841,-8.000000
9842,4.000000
9843,16.000000
9844,16.000000
9845,-4.000000
9846,-60.000000
9847,24.000000
9848,20.000000
9849,-4.000000
9850,60.000000
9851,0.000000
9852,-28.000000
9853,20.000000
9854,-8.000000
9855,-8.000000
9856,0.000000
9857,-36.000000
9858,-20.000000
9859,40.000000
9860,36.000000
9861,24.000000
9862,40.000000
9863,-32.000000
9864,0.000000
9865,12.000000
9866,12.000000
9867,44.000000
9868,16.000000
9869,16.000000
9870,-12.000000
9871,-8.000000
9872,20.000000
9873,12.000000
9874,0.000000
9875,-32.000000
9876,-8.000000
9877,32.000000
9878,4.000000
9879,-24.000000
9880,12.000000
9881,4.000000
9882,0.000000
9883,-16.000000
9884,0.000000
9885,-72.000000
9886,4.000000
9887,0.000000
9888,16.000000
9889,-4.000000
9890,-8.000000
9891,-16.000000
9892,-32.000000
9893,-28.000000
9894,4.000000
9895,-16.000000
9896,28.000000
9897,20.000000
9898,-20.000000
9899,-16.000000
9900,16.000000
9901,-24.000000
9902,-12.000000
9903,-4.000000
9904,-12.000000
9905,0.000000
9906,16.000000
9907,-32.000000
9908,16.000000
9909,-16.000000
9910,-12.000000
9911,60.000000
9912,0.000000
9913,24.000000
9914,-8.000000
9915,-20.000000
9916,-24.000000
9917,-8.000000
9918,-4.000000
9919,-32.000000
9920,28.000000
9921,-8.000000
9922,-12.000000
9923,-8.000000
9924,28.000000
9925,-12.000000
9926,-20.000000
9927,-16.000000
9928,-16.000000
9929,-40.000000
9930,-32.000000
9931,-20.000000
9932,0.000000
9933,12.000000
9934,8.000000
9935,32.000000
9936,-20.000000
9937,-8.000000
9938,-4.000000
9939,-32.000000
9940,0.000000
9941,20.000000
9942,0.000000
9943,0.000000
9944,24.000000
9945,-44.000000
9946,-24.000000
9947,-8.000000
9948,24.000000
9949,-20.000000
9950,0.000000
9951,4.000000
9952,32.000000
9953,12.000000
9954,-4.000000
9955,-28.000000
9956,4.000000
9957,20.000000
9958,0.000000
9959,-8.000000
9960,0.000000
9961,8.000000
9962,-8.000000
9963,24.000000
9964,12.000000
9965,20.000000
9966,4.000000
9967,8.000000
9968,8.000000
9969,20.000000
9970,-12.000000
9971,-20.000000
9972,12.000000
9973,-4.000000
9974,0.000000
9975,4.000000
9976,-20.000000
9977,-52.000000
9978,-16.000000
9979,0.000000
9980,4.000000
9981,-8.000000
9982,0.000000
9983,-4.000000
9984,0.000000
9985,-8.000000
9986,-40.000000
9987,-28.000000
9988,52.000000
9989,-4.000000
9990,-52.000000
9991,12.000000
9992,-20.000000
9993,-48.000000
9994,8.000000
9995,-4.000000
9996,88.000000
9997,52.000000
9998,-8.000000
9999,-12.000000
10000,4.000000
