Channel              :,CH1
Frequency            :,5.495Hz
Period               :,0.182s
PK-PK                :,260.0mV
Probe attenuation    :,1X
Voltage per ADC value:,0.125000mV
Time interval        :,100.00000us

index,CH1_Voltage(mV)
1,-28.000000
2,-28.000000
3,-44.000000
4,-44.000000
5,4.000000
6,-8.000000
7,-46.000000
8,-10.000000
9,-12.000000
10,20.000000
11,20.000000
12,4.000000
13,20.000000
14,46.000000
15,-2.000000
16,-12.000000
17,-8.000000
18,-36.000000
19,34.000000
20,-16.000000
21,-12.000000
22,22.000000
23,40.000000
24,62.000000
25,14.000000
26,26.000000
27,-30.000000
28,-8.000000
29,28.000000
30,-10.000000
31,6.000000
32,-12.000000
33,0.000000
34,-40.000000
35,-12.000000
36,-36.000000
37,-4.000000
38,-6.000000
39,-12.000000
40,-4.000000
41,-2.000000
42,38.000000
43,-14.000000
44,6.000000
45,-12.000000
46,16.000000
47,8.000000
48,58.000000
49,24.000000
50,-20.000000
51,-24.000000
52,-16.000000
53,54.000000
54,20.000000
55,-2.000000
56,-8.000000
57,30.000000
58,6.000000
59,-20.000000
60,8.000000
61,8.000000
62,-12.000000
63,14.000000
64,-48.000000
65,-14.000000
66,-28.000000
67,-14.000000
68,14.000000
69,8.000000
70,-22.000000
71,-4.000000
72,-64.000000
73,30.000000
74,-26.000000
75,14.000000
76,30.000000
77,-22.000000
78,-8.000000
79,-16.000000
80,0.000000
81,6.000000
82,0.000000
83,-30.000000
84,10.000000
85,-18.000000
86,-18.000000
87,-12.000000
88,-14.000000
89,-4.000000
90,20.000000
91,26.000000
92,-46.000000
93,-12.000000
94,16.000000
95,-36.000000
96,42.000000
97,-18.000000
98,24.000000
99,-8.000000
100,-8.000000
101,20.000000
102,-36.000000
103,2.000000
104,0.000000
105,54.000000
106,-26.000000
107,-50.000000
108,10.000000
109,-12.000000
110,-12.000000
111,10.000000
112,-4.000000
113,-18.000000
114,-22.000000
115,8.000000
116,-34.000000
117,14.000000
118,2.000000
119,-36.000000
120,-2.000000
121,-22.000000
122,-12.000000
123,-26.000000
124,16.000000
125,-38.000000
126,-50.000000
127,28.000000
128,-12.000000
129,-12.000000
130,32.000000
131,-22.000000
132,-8.000000
133,-8.000000
134,30.000000
135,-26.000000
136,28.000000
137,-34.000000
138,36.000000
139,6.000000
140,22.000000
141,30.000000
142,-14.000000
143,36.000000
144,34.000000
145,30.000000
146,14.000000
147,-24.000000
148,26.000000
149,36.000000
150,72.000000
151,-20.000000
152,90.000000
153,-2.000000
154,16.000000
155,-12.000000
156,14.000000
157,22.000000
158,2.000000
159,-58.000000
160,-8.000000
161,-56.000000
162,2.000000
163,16.000000
164,-8.000000
165,-44.000000
166,-6.000000
167,32.000000
168,-42.000000
169,10.000000
170,12.000000
171,-4.000000
172,40.000000
173,26.000000
174,-34.000000
175,2.000000
176,64.000000
177,-18.000000
178,14.000000
179,-12.000000
180,2.000000
181,10.000000
182,-20.000000
183,-4.000000
184,-6.000000
185,58.000000
186,2.000000
187,0.000000
188,8.000000
189,-4.000000
190,24.000000
191,2.000000
192,20.000000
193,-22.000000
194,-22.000000
195,-18.000000
196,-26.000000
197,22.000000
198,-50.000000
199,-84.000000
200,26.000000
201,26.000000
202,-4.000000
203,-16.000000
204,-34.000000
205,40.000000
206,-16.000000
207,-22.000000
208,2.000000
209,-10.000000
210,-12.000000
211,20.000000
212,24.000000
213,-30.000000
214,-30.000000
215,-34.000000
216,20.000000
217,-26.000000
218,-4.000000
219,20.000000
220,16.000000
221,-32.000000
222,-2.000000
223,-18.000000
224,-18.000000
225,-26.000000
226,-18.000000
227,-8.000000
228,58.000000
229,-12.000000
230,60.000000
231,-40.000000
232,8.000000
233,62.000000
234,-18.000000
235,-40.000000
236,-26.000000
237,-18.000000
238,-16.000000
239,20.000000
240,-32.000000
241,-26.000000
242,-74.000000
243,-12.000000
244,4.000000
245,58.000000
246,50.000000
247,16.000000
248,-52.000000
249,26.000000
250,-18.000000
251,-12.000000
252,-4.000000
253,-56.000000
254,-48.000000
255,12.000000
256,-6.000000
257,40.000000
258,10.000000
259,4.000000
260,4.000000
261,18.000000
262,-30.000000
263,2.000000
264,-12.000000
265,8.000000
266,4.000000
267,16.000000
268,-4.000000
269,2.000000
270,-30.000000
271,-4.000000
272,-82.000000
273,0.000000
274,8.000000
275,24.000000
276,-6.000000
277,24.000000
278,2.000000
279,20.000000
280,-62.000000
281,2.000000
282,74.000000
283,-14.000000
284,8.000000
285,-4.000000
286,12.000000
287,12.000000
288,-12.000000
289,2.000000
290,-50.000000
291,-52.000000
292,-10.000000
293,14.000000
294,2.000000
295,-20.000000
296,4.000000
297,54.000000
298,-8.000000
299,32.000000
300,-4.000000
301,16.000000
302,-16.000000
303,10.000000
304,-32.000000
305,-60.000000
306,-12.000000
307,6.000000
308,-4.000000
309,2.000000
310,10.000000
311,54.000000
312,6.000000
313,12.000000
314,40.000000
315,50.000000
316,-32.000000
317,18.000000
318,-64.000000
319,-34.000000
320,-26.000000
321,-32.000000
322,-36.000000
323,8.000000
324,10.000000
325,26.000000
326,24.000000
327,0.000000
328,-44.000000
329,-18.000000
330,-12.000000
331,-16.000000
332,88.000000
333,60.000000
334,6.000000
335,20.000000
336,-2.000000
337,-26.000000
338,-22.000000
339,0.000000
340,10.000000
341,-14.000000
342,36.000000
343,6.000000
344,-12.000000
345,-24.000000
346,-8.000000
347,30.000000
348,-12.000000
349,12.000000
350,-32.000000
351,10.000000
352,-26.000000
353,-20.000000
354,42.000000
355,22.000000
356,36.000000
357,-22.000000
358,-20.000000
359,-10.000000
360,-16.000000
361,8.000000
362,30.000000
363,-14.000000
364,-40.000000
365,54.000000
366,54.000000
367,4.000000
368,30.000000
369,20.000000
370,44.000000
371,44.000000
372,14.000000
373,14.000000
374,-44.000000
375,-26.000000
376,6.000000
377,6.000000
378,-32.000000
379,2.000000
380,40.000000
381,-18.000000
382,58.000000
383,-6.000000
384,-74.000000
385,2.000000
386,-4.000000
387,0.000000
388,-22.000000
389,64.000000
390,-16.000000
391,8.000000
392,30.000000
393,14.000000
394,-84.000000
395,22.000000
396,50.000000
397,-52.000000
398,-4.000000
399,-8.000000
400,-42.000000
401,26.000000
402,-16.000000
403,46.000000
404,40.000000
405,-50.000000
406,0.000000
407,-18.000000
408,38.000000
409,42.000000
410,12.000000
411,-48.000000
412,90.000000
413,38.000000
414,28.000000
415,6.000000
416,-40.000000
417,-12.000000
418,18.000000
419,-20.000000
420,-22.000000
421,26.000000
422,-36.000000
423,-50.000000
424,-14.000000
425,-64.000000
426,0.000000
427,-8.000000
428,-4.000000
429,34.000000
430,12.000000
431,42.000000
432,28.000000
433,10.000000
434,8.000000
435,-4.000000
436,26.000000
437,-22.000000
438,16.000000
439,-6.000000
440,74.000000
441,16.000000
442,14.000000
443,8.000000
444,14.000000
445,-12.000000
446,-24.000000
447,-4.000000
448,12.000000
449,-30.000000
450,-24.000000
451,-40.000000
452,-26.000000
453,-18.000000
454,-16.000000
455,-40.000000
456,-44.000000
457,0.000000
458,-8.000000
459,-18.000000
460,-16.000000
461,46.000000
462,-66.000000
463,20.000000
464,6.000000
465,58.000000
466,60.000000
467,-24.000000
468,24.000000
469,-26.000000
470,0.000000
471,26.000000
472,-50.000000
473,54.000000
474,26.000000
475,-40.000000
476,16.000000
477,2.000000
478,-8.000000
479,-14.000000
480,-12.000000
481,-68.000000
482,-48.000000
483,-16.000000
484,20.000000
485,0.000000
486,-22.000000
487,62.000000
488,0.000000
489,42.000000
490,0.000000
491,-16.000000
492,8.000000
493,-50.000000
494,2.000000
495,26.000000
496,-16.000000
497,-54.000000
498,-8.000000
499,16.000000
500,-40.000000
501,-26.000000
502,16.000000
503,-20.000000
504,24.000000
505,-34.000000
506,12.000000
507,-30.000000
508,28.000000
509,-4.000000
510,26.000000
511,90.000000
512,32.000000
513,16.000000
514,-34.000000
515,6.000000
516,-26.000000
517,-6.000000
518,20.000000
519,-44.000000
520,26.000000
521,28.000000
522,28.000000
523,56.000000
524,-4.000000
525,-2.000000
526,-6.000000
527,-8.000000
528,-6.000000
529,76.000000
530,-12.000000
531,18.000000
532,2.000000
533,24.000000
534,-22.000000
535,-20.000000
536,14.000000
537,40.000000
538,-30.000000
539,18.000000
540,10.000000
541,8.000000
542,8.000000
543,-2.000000
544,-4.000000
545,-12.000000
546,8.000000
547,28.000000
548,16.000000
549,32.000000
550,-4.000000
551,-22.000000
552,40.000000
553,-4.000000
554,50.000000
555,-4.000000
556,0.000000
557,-26.000000
558,-12.000000
559,22.000000
560,12.000000
561,4.000000
562,-2.000000
563,-2.000000
564,0.000000
565,54.000000
566,-12.000000
567,8.000000
568,38.000000
569,-6.000000
570,2.000000
571,-6.000000
572,2.000000
573,20.000000
574,14.000000
575,-30.000000
576,0.000000
577,4.000000
578,10.000000
579,2.000000
580,-62.000000
581,-8.000000
582,-12.000000
583,8.000000
584,-12.000000
585,-8.000000
586,-26.000000
587,24.000000
588,0.000000
589,-12.000000
590,10.000000
591,2.000000
592,0.000000
593,2.000000
594,10.000000
595,26.000000
596,-54.000000
597,-4.000000
598,8.000000
599,-20.000000
600,4.000000
601,-4.000000
602,40.000000
603,68.000000
604,-6.000000
605,34.000000
606,-34.000000
607,-2.000000
608,0.000000
609,8.000000
610,32.000000
611,-2.000000
612,46.000000
613,78.000000
614,14.000000
615,-18.000000
616,8.000000
617,-4.000000
618,8.000000
619,2.000000
620,44.000000
621,-22.000000
622,38.000000
623,10.000000
624,-2.000000
625,-8.000000
626,-30.000000
627,40.000000
628,68.000000
629,2.000000
630,-20.000000
631,-44.000000
632,2.000000
633,4.000000
634,26.000000
635,-60.000000
636,44.000000
637,-44.000000
638,16.000000
639,20.000000
640,-20.000000
641,-20.000000
642,0.000000
643,40.000000
644,20.000000
645,-48.000000
646,44.000000
647,-34.000000
648,-8.000000
649,-62.000000
650,-26.000000
651,-4.000000
652,26.000000
653,4.000000
654,54.000000
655,24.000000
656,-12.000000
657,28.000000
658,30.000000
659,-32.000000
660,-12.000000
661,6.000000
662,-50.000000
663,20.000000
664,10.000000
665,-28.000000
666,-16.000000
667,28.000000
668,82.000000
669,14.000000
670,14.000000
671,72.000000
672,74.000000
673,14.000000
674,-12.000000
675,10.000000
676,-36.000000
677,-46.000000
678,-82.000000
679,-20.000000
680,26.000000
681,12.000000
682,-36.000000
683,-10.000000
684,-10.000000
685,60.000000
686,-12.000000
687,-12.000000
688,26.000000
689,24.000000
690,8.000000
691,14.000000
692,4.000000
693,16.000000
694,16.000000
695,-30.000000
696,-2.000000
697,-34.000000
698,-18.000000
699,10.000000
700,-8.000000
701,-44.000000
702,8.000000
703,-4.000000
704,-16.000000
705,-8.000000
706,44.000000
707,-30.000000
708,-22.000000
709,14.000000
710,8.000000
711,-34.000000
712,2.000000
713,-44.000000
714,10.000000
715,38.000000
716,24.000000
717,10.000000
718,-4.000000
719,36.000000
720,48.000000
721,32.000000
722,-62.000000
723,22.000000
724,-12.000000
725,20.000000
726,-38.000000
727,-18.000000
728,-26.000000
729,-36.000000
730,-64.000000
731,-12.000000
732,-12.000000
733,50.000000
734,-24.000000
735,0.000000
736,-18.000000
737,6.000000
738,-4.000000
739,-16.000000
740,4.000000
741,-34.000000
742,-8.000000
743,8.000000
744,16.000000
745,-12.000000
746,-54.000000
747,22.000000
748,-4.000000
749,12.000000
750,54.000000
751,22.000000
752,22.000000
753,-14.000000
754,14.000000
755,-36.000000
756,-62.000000
757,16.000000
758,-18.000000
759,16.000000
760,30.000000
761,-4.000000
762,8.000000
763,6.000000
764,30.000000
765,-22.000000
766,8.000000
767,2.000000
768,2.000000
769,-16.000000
770,70.000000
771,-18.000000
772,-40.000000
773,10.000000
774,-62.000000
775,22.000000
776,-16.000000
777,-82.000000
778,6.000000
779,-26.000000
780,-2.000000
781,6.000000
782,-68.000000
783,-2.000000
784,14.000000
785,20.000000
786,20.000000
787,2.000000
788,-10.000000
789,46.000000
790,68.000000
791,8.000000
792,-12.000000
793,-2.000000
794,-2.000000
795,-16.000000
796,14.000000
797,18.000000
798,2.000000
799,-26.000000
800,6.000000
801,4.000000
802,-12.000000
803,-28.000000
804,-6.000000
805,-50.000000
806,-8.000000
807,10.000000
808,-12.000000
809,4.000000
810,-26.000000
811,32.000000
812,-4.000000
813,36.000000
814,6.000000
815,46.000000
816,4.000000
817,78.000000
818,16.000000
819,-10.000000
820,58.000000
821,6.000000
822,24.000000
823,-20.000000
824,-12.000000
825,14.000000
826,-10.000000
827,-8.000000
828,4.000000
829,26.000000
830,0.000000
831,24.000000
832,2.000000
833,-24.000000
834,32.000000
835,0.000000
836,-12.000000
837,36.000000
838,-20.000000
839,34.000000
840,32.000000
841,12.000000
842,24.000000
843,-4.000000
844,40.000000
845,-10.000000
846,-6.000000
847,-12.000000
848,-76.000000
849,10.000000
850,10.000000
851,8.000000
852,30.000000
853,-6.000000
854,-26.000000
855,-48.000000
856,-2.000000
857,-6.000000
858,-20.000000
859,-18.000000
860,4.000000
861,-56.000000
862,8.000000
863,-14.000000
864,0.000000
865,28.000000
866,-4.000000
867,-2.000000
868,-42.000000
869,20.000000
870,-8.000000
871,-2.000000
872,4.000000
873,4.000000
874,8.000000
875,50.000000
876,50.000000
877,-8.000000
878,2.000000
879,-60.000000
880,-54.000000
881,12.000000
882,34.000000
883,2.000000
884,26.000000
885,34.000000
886,-4.000000
887,-16.000000
888,-16.000000
889,-2.000000
890,-62.000000
891,40.000000
892,-30.000000
893,-34.000000
894,-20.000000
895,-16.000000
896,14.000000
897,46.000000
898,-6.000000
899,-4.000000
900,10.000000
901,16.000000
902,-12.000000
903,-16.000000
904,-54.000000
905,20.000000
906,10.000000
907,16.000000
908,12.000000
909,0.000000
910,18.000000
911,30.000000
912,-6.000000
913,-68.000000
914,16.000000
915,58.000000
916,16.000000
917,24.000000
918,-16.000000
919,-12.000000
920,-16.000000
921,86.000000
922,-12.000000
923,-16.000000
924,-20.000000
925,10.000000
926,30.000000
927,-70.000000
928,26.000000
929,14.000000
930,28.000000
931,2.000000
932,-4.000000
933,6.000000
934,30.000000
935,82.000000
936,20.000000
937,-26.000000
938,-6.000000
939,30.000000
940,-2.000000
941,-14.000000
942,-14.000000
943,-28.000000
944,-16.000000
945,0.000000
946,34.000000
947,14.000000
948,-84.000000
949,-12.000000
950,8.000000
951,-28.000000
952,46.000000
953,-34.000000
954,48.000000
955,-12.000000
956,-16.000000
957,8.000000
958,-26.000000
959,58.000000
960,40.000000
961,12.000000
962,14.000000
963,-16.000000
964,-8.000000
965,16.000000
966,-12.000000
967,-16.000000
968,8.000000
969,14.000000
970,20.000000
971,-10.000000
972,38.000000
973,54.000000
974,34.000000
975,6.000000
976,-10.000000
977,0.000000
978,-6.000000
979,2.000000
980,8.000000
981,10.000000
982,-2.000000
983,24.000000
984,-52.000000
985,24.000000
986,14.000000
987,-32.000000
988,4.000000
989,38.000000
990,-6.000000
991,-6.000000
992,28.000000
993,14.000000
994,-8.000000
995,-44.000000
996,-12.000000
997,-4.000000
998,-12.000000
999,-4.000000
1000,14.000000
1001,8.000000
1002,-24.000000
1003,8.000000
1004,-18.000000
1005,-14.000000
1006,14.000000
1007,26.000000
1008,2.000000
1009,-28.000000
1010,26.000000
1011,0.000000
1012,8.000000
1013,10.000000
1014,0.000000
1015,36.000000
1016,10.000000
1017,42.000000
1018,-70.000000
1019,-2.000000
1020,-16.000000
1021,16.000000
1022,46.000000
1023,-12.000000
1024,8.000000
1025,0.000000
1026,20.000000
1027,-32.000000
1028,40.000000
1029,-2.000000
1030,6.000000
1031,28.000000
1032,-26.000000
1033,68.000000
1034,4.000000
1035,34.000000
1036,-14.000000
1037,6.000000
1038,8.000000
1039,-40.000000
1040,-8.000000
1041,20.000000
1042,0.000000
1043,2.000000
1044,14.000000
1045,-66.000000
1046,8.000000
1047,12.000000
1048,-20.000000
1049,-38.000000
1050,22.000000
1051,-36.000000
1052,-18.000000
1053,8.000000
1054,8.000000
1055,-8.000000
1056,-8.000000
1057,50.000000
1058,-2.000000
1059,-66.000000
1060,72.000000
1061,16.000000
1062,-2.000000
1063,-64.000000
1064,46.000000
1065,-4.000000
1066,-4.000000
1067,18.000000
1068,46.000000
1069,-34.000000
1070,-26.000000
1071,-8.000000
1072,8.000000
1073,-32.000000
1074,4.000000
1075,-66.000000
1076,-60.000000
1077,-20.000000
1078,-10.000000
1079,58.000000
1080,26.000000
1081,4.000000
1082,-8.000000
1083,-12.000000
1084,46.000000
1085,-4.000000
1086,4.000000
1087,14.000000
1088,8.000000
1089,2.000000
1090,-26.000000
1091,-2.000000
1092,-4.000000
1093,-28.000000
1094,8.000000
1095,46.000000
1096,-8.000000
1097,-58.000000
1098,10.000000
1099,-40.000000
1100,42.000000
1101,32.000000
1102,-10.000000
1103,-2.000000
1104,-8.000000
1105,-50.000000
1106,-40.000000
1107,32.000000
1108,28.000000
1109,-76.000000
1110,14.000000
1111,0.000000
1112,-22.000000
1113,-16.000000
1114,18.000000
1115,16.000000
1116,-26.000000
1117,-8.000000
1118,-30.000000
1119,14.000000
1120,8.000000
1121,18.000000
1122,-30.000000
1123,-16.000000
1124,-8.000000
1125,10.000000
1126,-12.000000
1127,14.000000
1128,-26.000000
1129,0.000000
1130,-4.000000
1131,-8.000000
1132,10.000000
1133,-16.000000
1134,-16.000000
1135,8.000000
1136,32.000000
1137,-30.000000
1138,10.000000
1139,2.000000
1140,64.000000
1141,12.000000
1142,-30.000000
1143,-18.000000
1144,18.000000
1145,54.000000
1146,-2.000000
1147,-82.000000
1148,-16.000000
1149,-54.000000
1150,-10.000000
1151,-26.000000
1152,-30.000000
1153,14.000000
1154,60.000000
1155,-10.000000
1156,28.000000
1157,-4.000000
1158,28.000000
1159,44.000000
1160,-8.000000
1161,20.000000
1162,12.000000
1163,8.000000
1164,-8.000000
1165,6.000000
1166,-36.000000
1167,6.000000
1168,8.000000
1169,-16.000000
1170,-30.000000
1171,-8.000000
1172,-12.000000
1173,22.000000
1174,22.000000
1175,-10.000000
1176,-2.000000
1177,58.000000
1178,-4.000000
1179,-6.000000
1180,14.000000
1181,-24.000000
1182,-18.000000
1183,-40.000000
1184,-14.000000
1185,24.000000
1186,2.000000
1187,0.000000
1188,0.000000
1189,-2.000000
1190,0.000000
1191,6.000000
1192,-4.000000
1193,54.000000
1194,-30.000000
1195,-56.000000
1196,-56.000000
1197,-4.000000
1198,24.000000
1199,-8.000000
1200,8.000000
1201,4.000000
1202,-18.000000
1203,2.000000
1204,2.000000
1205,-6.000000
1206,-12.000000
1207,-26.000000
1208,40.000000
1209,8.000000
1210,-28.000000
1211,24.000000
1212,40.000000
1213,-22.000000
1214,-18.000000
1215,-12.000000
1216,2.000000
1217,2.000000
1218,-20.000000
1219,32.000000
1220,36.000000
1221,-22.000000
1222,60.000000
1223,68.000000
1224,-4.000000
1225,14.000000
1226,2.000000
1227,-12.000000
1228,-14.000000
1229,38.000000
1230,14.000000
1231,-20.000000
1232,-44.000000
1233,-8.000000
1234,-36.000000
1235,8.000000
1236,6.000000
1237,78.000000
1238,2.000000
1239,18.000000
1240,16.000000
1241,16.000000
1242,10.000000
1243,-16.000000
1244,-12.000000
1245,46.000000
1246,32.000000
1247,-26.000000
1248,8.000000
1249,28.000000
1250,-4.000000
1251,-4.000000
1252,-12.000000
1253,8.000000
1254,8.000000
1255,2.000000
1256,40.000000
1257,-16.000000
1258,4.000000
1259,0.000000
1260,-10.000000
1261,36.000000
1262,-22.000000
1263,42.000000
1264,-30.000000
1265,38.000000
1266,26.000000
1267,-22.000000
1268,2.000000
1269,-4.000000
1270,54.000000
1271,2.000000
1272,-20.000000
1273,-30.000000
1274,76.000000
1275,62.000000
1276,14.000000
1277,-40.000000
1278,2.000000
1279,-22.000000
1280,-66.000000
1281,0.000000
1282,2.000000
1283,2.000000
1284,2.000000
1285,24.000000
1286,-24.000000
1287,-4.000000
1288,-32.000000
1289,2.000000
1290,6.000000
1291,10.000000
1292,28.000000
1293,-12.000000
1294,10.000000
1295,54.000000
1296,-18.000000
1297,2.000000
1298,6.000000
1299,12.000000
1300,-6.000000
1301,10.000000
1302,28.000000
1303,20.000000
1304,-8.000000
1305,38.000000
1306,30.000000
1307,26.000000
1308,18.000000
1309,60.000000
1310,-36.000000
1311,-6.000000
1312,-2.000000
1313,22.000000
1314,-76.000000
1315,74.000000
1316,-8.000000
1317,-4.000000
1318,-8.000000
1319,-22.000000
1320,86.000000
1321,-12.000000
1322,0.000000
1323,-8.000000
1324,24.000000
1325,10.000000
1326,-48.000000
1327,10.000000
1328,-26.000000
1329,-14.000000
1330,-22.000000
1331,8.000000
1332,-8.000000
1333,20.000000
1334,2.000000
1335,16.000000
1336,14.000000
1337,0.000000
1338,-76.000000
1339,2.000000
1340,-4.000000
1341,-34.000000
1342,6.000000
1343,-20.000000
1344,-28.000000
1345,34.000000
1346,8.000000
1347,-16.000000
1348,-54.000000
1349,-70.000000
1350,12.000000
1351,-16.000000
1352,-18.000000
1353,30.000000
1354,-20.000000
1355,0.000000
1356,-36.000000
1357,-30.000000
1358,10.000000
1359,-16.000000
1360,12.000000
1361,-26.000000
1362,-32.000000
1363,6.000000
1364,2.000000
1365,-26.000000
1366,-16.000000
1367,-12.000000
1368,82.000000
1369,-22.000000
1370,0.000000
1371,-26.000000
1372,22.000000
1373,-2.000000
1374,-4.000000
1375,-46.000000
1376,32.000000
1377,14.000000
1378,-34.000000
1379,40.000000
1380,34.000000
1381,34.000000
1382,-30.000000
1383,2.000000
1384,-26.000000
1385,-12.000000
1386,-16.000000
1387,50.000000
1388,-26.000000
1389,8.000000
1390,10.000000
1391,6.000000
1392,-14.000000
1393,2.000000
1394,-4.000000
1395,28.000000
1396,-24.000000
1397,-8.000000
1398,38.000000
1399,28.000000
1400,24.000000
1401,2.000000
1402,2.000000
1403,-70.000000
1404,-26.000000
1405,-12.000000
1406,60.000000
1407,-4.000000
1408,-14.000000
1409,-32.000000
1410,-12.000000
1411,-14.000000
1412,42.000000
1413,58.000000
1414,82.000000
1415,32.000000
1416,14.000000
1417,-16.000000
1418,24.000000
1419,-16.000000
1420,48.000000
1421,-22.000000
1422,-64.000000
1423,4.000000
1424,-36.000000
1425,-50.000000
1426,-56.000000
1427,-4.000000
1428,-44.000000
1429,-20.000000
1430,-20.000000
1431,6.000000
1432,30.000000
1433,-72.000000
1434,32.000000
1435,-6.000000
1436,-34.000000
1437,38.000000
1438,-40.000000
1439,34.000000
1440,0.000000
1441,-14.000000
1442,4.000000
1443,-16.000000
1444,-30.000000
1445,-34.000000
1446,18.000000
1447,12.000000
1448,-4.000000
1449,-56.000000
1450,22.000000
1451,-34.000000
1452,-16.000000
1453,44.000000
1454,-20.000000
1455,24.000000
1456,-34.000000
1457,-12.000000
1458,-64.000000
1459,14.000000
1460,-4.000000
1461,54.000000
1462,32.000000
1463,10.000000
1464,-2.000000
1465,-26.000000
1466,-26.000000
1467,-20.000000
1468,-10.000000
1469,26.000000
1470,-76.000000
1471,-14.000000
1472,0.000000
1473,-4.000000
1474,2.000000
1475,-22.000000
1476,20.000000
1477,-18.000000
1478,-16.000000
1479,2.000000
1480,26.000000
1481,16.000000
1482,0.000000
1483,-52.000000
1484,-32.000000
1485,0.000000
1486,-60.000000
1487,-2.000000
1488,46.000000
1489,6.000000
1490,46.000000
1491,2.000000
1492,8.000000
1493,14.000000
1494,0.000000
1495,6.000000
1496,46.000000
1497,-30.000000
1498,26.000000
1499,-6.000000
1500,-16.000000
1501,10.000000
1502,64.000000
1503,-12.000000
1504,22.000000
1505,-20.000000
1506,18.000000
1507,18.000000
1508,-22.000000
1509,14.000000
1510,-40.000000
1511,-24.000000
1512,-14.000000
1513,12.000000
1514,-30.000000
1515,-40.000000
1516,30.000000
1517,10.000000
1518,58.000000
1519,-2.000000
1520,-60.000000
1521,72.000000
1522,6.000000
1523,-26.000000
1524,26.000000
1525,10.000000
1526,-14.000000
1527,28.000000
1528,-18.000000
1529,10.000000
1530,10.000000
1531,-34.000000
1532,16.000000
1533,14.000000
1534,-66.000000
1535,-8.000000
1536,30.000000
1537,-4.000000
1538,-2.000000
1539,8.000000
1540,-42.000000
1541,-58.000000
1542,0.000000
1543,24.000000
1544,-64.000000
1545,22.000000
1546,44.000000
1547,-20.000000
1548,-16.000000
1549,8.000000
1550,32.000000
1551,-52.000000
1552,-12.000000
1553,26.000000
1554,-88.000000
1555,0.000000
1556,10.000000
1557,-78.000000
1558,36.000000
1559,-14.000000
1560,60.000000
1561,18.000000
1562,-12.000000
1563,0.000000
1564,-26.000000
1565,12.000000
1566,20.000000
1567,-4.000000
1568,10.000000
1569,-2.000000
1570,-8.000000
1571,74.000000
1572,0.000000
1573,-64.000000
1574,-12.000000
1575,-64.000000
1576,-12.000000
1577,28.000000
1578,-26.000000
1579,-60.000000
1580,-50.000000
1581,-36.000000
1582,-8.000000
1583,26.000000
1584,-12.000000
1585,24.000000
1586,14.000000
1587,-14.000000
1588,4.000000
1589,0.000000
1590,-42.000000
1591,10.000000
1592,-16.000000
1593,46.000000
1594,-20.000000
1595,10.000000
1596,-26.000000
1597,-20.000000
1598,82.000000
1599,14.000000
1600,-68.000000
1601,0.000000
1602,-10.000000
1603,8.000000
1604,2.000000
1605,26.000000
1606,32.000000
1607,-22.000000
1608,-16.000000
1609,-72.000000
1610,-4.000000
1611,8.000000
1612,28.000000
1613,-16.000000
1614,14.000000
1615,10.000000
1616,8.000000
1617,-20.000000
1618,-14.000000
1619,12.000000
1620,-26.000000
1621,-26.000000
1622,-18.000000
1623,-48.000000
1624,-16.000000
1625,6.000000
1626,8.000000
1627,-4.000000
1628,-20.000000
1629,-24.000000
1630,-2.000000
1631,-44.000000
1632,-20.000000
1633,28.000000
1634,-60.000000
1635,-86.000000
1636,-8.000000
1637,-6.000000
1638,26.000000
1639,-12.000000
1640,-12.000000
1641,8.000000
1642,-64.000000
1643,10.000000
1644,14.000000
1645,8.000000
1646,-26.000000
1647,86.000000
1648,6.000000
1649,28.000000
1650,-14.000000
1651,86.000000
1652,-44.000000
1653,10.000000
1654,30.000000
1655,38.000000
1656,-18.000000
1657,-10.000000
1658,34.000000
1659,-74.000000
1660,-22.000000
1661,-8.000000
1662,-4.000000
1663,14.000000
1664,-14.000000
1665,8.000000
1666,16.000000
1667,-64.000000
1668,54.000000
1669,-18.000000
1670,-18.000000
1671,-40.000000
1672,-56.000000
1673,-4.000000
1674,8.000000
1675,26.000000
1676,-2.000000
1677,14.000000
1678,-26.000000
1679,58.000000
1680,-30.000000
1681,22.000000
1682,16.000000
1683,-68.000000
1684,-24.000000
1685,58.000000
1686,2.000000
1687,2.000000
1688,44.000000
1689,34.000000
1690,16.000000
1691,2.000000
1692,-78.000000
1693,-30.000000
1694,14.000000
1695,-12.000000
1696,0.000000
1697,-32.000000
1698,-22.000000
1699,36.000000
1700,48.000000
1701,16.000000
1702,-18.000000
1703,-78.000000
1704,20.000000
1705,-22.000000
1706,30.000000
1707,0.000000
1708,24.000000
1709,28.000000
1710,14.000000
1711,-12.000000
1712,-18.000000
1713,-4.000000
1714,-2.000000
1715,-32.000000
1716,-26.000000
1717,24.000000
1718,10.000000
1719,16.000000
1720,-12.000000
1721,-34.000000
1722,-94.000000
1723,-8.000000
1724,2.000000
1725,-40.000000
1726,28.000000
1727,0.000000
1728,-26.000000
1729,64.000000
1730,16.000000
1731,20.000000
1732,-26.000000
1733,-2.000000
1734,34.000000
1735,-28.000000
1736,-16.000000
1737,-20.000000
1738,-10.000000
1739,-12.000000
1740,-30.000000
1741,-2.000000
1742,-28.000000
1743,-4.000000
1744,24.000000
1745,4.000000
1746,2.000000
1747,40.000000
1748,-10.000000
1749,4.000000
1750,2.000000
1751,-58.000000
1752,0.000000
1753,20.000000
1754,8.000000
1755,36.000000
1756,60.000000
1757,-22.000000
1758,-32.000000
1759,20.000000
1760,4.000000
1761,2.000000
1762,8.000000
1763,20.000000
1764,18.000000
1765,10.000000
1766,8.000000
1767,14.000000
1768,44.000000
1769,0.000000
1770,-26.000000
1771,30.000000
1772,-6.000000
1773,-6.000000
1774,-6.000000
1775,24.000000
1776,-8.000000
1777,-26.000000
1778,50.000000
1779,-2.000000
1780,-6.000000
1781,-14.000000
1782,-4.000000
1783,-6.000000
1784,-4.000000
1785,12.000000
1786,50.000000
1787,-40.000000
1788,-52.000000
1789,-2.000000
1790,46.000000
1791,-16.000000
1792,-26.000000
1793,0.000000
1794,50.000000
1795,-10.000000
1796,2.000000
1797,6.000000
1798,2.000000
1799,0.000000
1800,4.000000
1801,-80.000000
1802,-16.000000
1803,-4.000000
1804,-70.000000
1805,0.000000
1806,-4.000000
1807,-54.000000
1808,-2.000000
1809,-2.000000
1810,-12.000000
1811,-38.000000
1812,14.000000
1813,44.000000
1814,-20.000000
1815,16.000000
1816,-70.000000
1817,-26.000000
1818,-22.000000
1819,94.000000
1820,-34.000000
1821,-12.000000
1822,-64.000000
1823,44.000000
1824,-12.000000
1825,-12.000000
1826,-22.000000
1827,50.000000
1828,-4.000000
1829,-22.000000
1830,14.000000
1831,-24.000000
1832,32.000000
1833,6.000000
1834,-4.000000
1835,2.000000
1836,-40.000000
1837,54.000000
1838,12.000000
1839,-36.000000
1840,0.000000
1841,36.000000
1842,-20.000000
1843,10.000000
1844,14.000000
1845,4.000000
1846,-18.000000
1847,-24.000000
1848,-20.000000
1849,-86.000000
1850,30.000000
1851,-2.000000
1852,-32.000000
1853,-4.000000
1854,-34.000000
1855,-12.000000
1856,30.000000
1857,-70.000000
1858,34.000000
1859,-4.000000
1860,8.000000
1861,-8.000000
1862,-8.000000
1863,48.000000
1864,68.000000
1865,78.000000
1866,20.000000
1867,18.000000
1868,-6.000000
1869,26.000000
1870,-80.000000
1871,-8.000000
1872,-20.000000
1873,-6.000000
1874,-12.000000
1875,6.000000
1876,4.000000
1877,2.000000
1878,0.000000
1879,24.000000
1880,12.000000
1881,-88.000000
1882,4.000000
1883,-24.000000
1884,8.000000
1885,16.000000
1886,44.000000
1887,28.000000
1888,4.000000
1889,10.000000
1890,74.000000
1891,12.000000
1892,-60.000000
1893,2.000000
1894,-28.000000
1895,46.000000
1896,2.000000
1897,-16.000000
1898,-2.000000
1899,28.000000
1900,-40.000000
1901,-54.000000
1902,10.000000
1903,14.000000
1904,-2.000000
1905,10.000000
1906,30.000000
1907,14.000000
1908,-14.000000
1909,-26.000000
1910,-16.000000
1911,-18.000000
1912,22.000000
1913,-66.000000
1914,-34.000000
1915,10.000000
1916,-16.000000
1917,-26.000000
1918,-8.000000
1919,38.000000
1920,64.000000
1921,18.000000
1922,68.000000
1923,22.000000
1924,68.000000
1925,58.000000
1926,-34.000000
1927,30.000000
1928,-54.000000
1929,0.000000
1930,-12.000000
1931,-44.000000
1932,22.000000
1933,30.000000
1934,4.000000
1935,-20.000000
1936,-64.000000
1937,14.000000
1938,32.000000
1939,-20.000000
1940,-48.000000
1941,-62.000000
1942,62.000000
1943,8.000000
1944,-106.000000
1945,-2.000000
1946,38.000000
1947,-8.000000
1948,46.000000
1949,76.000000
1950,2.000000
1951,16.000000
1952,-30.000000
1953,0.000000
1954,26.000000
1955,2.000000
1956,-70.000000
1957,18.000000
1958,-20.000000
1959,-6.000000
1960,-8.000000
1961,0.000000
1962,-8.000000
1963,-18.000000
1964,2.000000
1965,-34.000000
1966,-6.000000
1967,-26.000000
1968,4.000000
1969,-20.000000
1970,-20.000000
1971,22.000000
1972,14.000000
1973,-14.000000
1974,40.000000
1975,8.000000
1976,2.000000
1977,6.000000
1978,54.000000
1979,20.000000
1980,6.000000
1981,0.000000
1982,-14.000000
1983,-36.000000
1984,18.000000
1985,2.000000
1986,34.000000
1987,40.000000
1988,10.000000
1989,30.000000
1990,8.000000
1991,-20.000000
1992,68.000000
1993,-6.000000
1994,24.000000
1995,16.000000
1996,-20.000000
1997,4.000000
1998,-26.000000
1999,-68.000000
2000,-14.000000
2001,20.000000
2002,0.000000
2003,58.000000
2004,2.000000
2005,-48.000000
2006,34.000000
2007,50.000000
2008,-4.000000
2009,8.000000
2010,22.000000
2011,0.000000
2012,44.000000
2013,-4.000000
2014,-12.000000
2015,-12.000000
2016,-14.000000
2017,14.000000
2018,8.000000
2019,74.000000
2020,-10.000000
2021,4.000000
2022,0.000000
2023,16.000000
2024,-60.000000
2025,10.000000
2026,-26.000000
2027,24.000000
2028,10.000000
2029,-4.000000
2030,-64.000000
2031,50.000000
2032,38.000000
2033,-18.000000
2034,24.000000
2035,32.000000
2036,-8.000000
2037,14.000000
2038,38.000000
2039,-4.000000
2040,-4.000000
2041,54.000000
2042,-2.000000
2043,-50.000000
2044,-48.000000
2045,40.000000
2046,28.000000
2047,-48.000000
2048,10.000000
2049,42.000000
2050,40.000000
2051,-54.000000
2052,46.000000
2053,20.000000
2054,-56.000000
2055,10.000000
2056,-8.000000
2057,-20.000000
2058,2.000000
2059,-16.000000
2060,-30.000000
2061,-2.000000
2062,-4.000000
2063,-40.000000
2064,10.000000
2065,2.000000
2066,-10.000000
2067,-4.000000
2068,-24.000000
2069,2.000000
2070,-6.000000
2071,22.000000
2072,30.000000
2073,-22.000000
2074,0.000000
2075,14.000000
2076,24.000000
2077,-84.000000
2078,-22.000000
2079,50.000000
2080,4.000000
2081,-6.000000
2082,-2.000000
2083,2.000000
2084,-12.000000
2085,24.000000
2086,6.000000
2087,14.000000
2088,8.000000
2089,-44.000000
2090,-2.000000
2091,22.000000
2092,-40.000000
2093,-36.000000
2094,-20.000000
2095,-2.000000
2096,2.000000
2097,-16.000000
2098,26.000000
2099,-20.000000
2100,-62.000000
2101,-6.000000
2102,-4.000000
2103,4.000000
2104,-28.000000
2105,26.000000
2106,-4.000000
2107,-12.000000
2108,-26.000000
2109,-30.000000
2110,-2.000000
2111,-12.000000
2112,-34.000000
2113,12.000000
2114,12.000000
2115,-64.000000
2116,12.000000
2117,22.000000
2118,8.000000
2119,-16.000000
2120,-4.000000
2121,34.000000
2122,-8.000000
2123,14.000000
2124,14.000000
2125,14.000000
2126,40.000000
2127,8.000000
2128,-62.000000
2129,20.000000
2130,-6.000000
2131,-50.000000
2132,-34.000000
2133,36.000000
2134,-18.000000
2135,-8.000000
2136,-10.000000
2137,78.000000
2138,-28.000000
2139,-20.000000
2140,-14.000000
2141,-14.000000
2142,34.000000
2143,6.000000
2144,60.000000
2145,24.000000
2146,-4.000000
2147,12.000000
2148,-44.000000
2149,-16.000000
2150,-12.000000
2151,-20.000000
2152,-4.000000
2153,-8.000000
2154,14.000000
2155,-62.000000
2156,24.000000
2157,-8.000000
2158,-26.000000
2159,-2.000000
2160,-4.000000
2161,40.000000
2162,32.000000
2163,-4.000000
2164,26.000000
2165,16.000000
2166,14.000000
2167,34.000000
2168,-50.000000
2169,-38.000000
2170,38.000000
2171,28.000000
2172,60.000000
2173,-2.000000
2174,-22.000000
2175,10.000000
2176,-8.000000
2177,-50.000000
2178,30.000000
2179,-14.000000
2180,26.000000
2181,54.000000
2182,-56.000000
2183,-12.000000
2184,-18.000000
2185,26.000000
2186,-28.000000
2187,-4.000000
2188,-20.000000
2189,-42.000000
2190,4.000000
2191,40.000000
2192,-14.000000
2193,-22.000000
2194,70.000000
2195,8.000000
2196,0.000000
2197,-36.000000
2198,64.000000
2199,26.000000
2200,-26.000000
2201,-30.000000
2202,-60.000000
2203,-32.000000
2204,-2.000000
2205,-22.000000
2206,0.000000
2207,14.000000
2208,-8.000000
2209,-26.000000
2210,-26.000000
2211,-6.000000
2212,-20.000000
2213,-10.000000
2214,44.000000
2215,-50.000000
2216,-30.000000
2217,4.000000
2218,-44.000000
2219,2.000000
2220,-20.000000
2221,-2.000000
2222,6.000000
2223,-12.000000
2224,-24.000000
2225,14.000000
2226,-22.000000
2227,2.000000
2228,2.000000
2229,-14.000000
2230,-26.000000
2231,-22.000000
2232,-30.000000
2233,-48.000000
2234,-16.000000
2235,6.000000
2236,8.000000
2237,2.000000
2238,-10.000000
2239,30.000000
2240,-2.000000
2241,24.000000
2242,-16.000000
2243,-4.000000
2244,60.000000
2245,-44.000000
2246,22.000000
2247,-22.000000
2248,20.000000
2249,6.000000
2250,46.000000
2251,-4.000000
2252,64.000000
2253,-66.000000
2254,-52.000000
2255,-34.000000
2256,8.000000
2257,16.000000
2258,-12.000000
2259,26.000000
2260,-12.000000
2261,22.000000
2262,-12.000000
2263,10.000000
2264,-4.000000
2265,-24.000000
2266,34.000000
2267,-12.000000
2268,2.000000
2269,-16.000000
2270,-24.000000
2271,-16.000000
2272,-16.000000
2273,-14.000000
2274,32.000000
2275,-12.000000
2276,0.000000
2277,-66.000000
2278,-40.000000
2279,-4.000000
2280,6.000000
2281,-4.000000
2282,-4.000000
2283,-44.000000
2284,2.000000
2285,54.000000
2286,-52.000000
2287,26.000000
2288,-78.000000
2289,0.000000
2290,72.000000
2291,-44.000000
2292,8.000000
2293,-20.000000
2294,32.000000
2295,-76.000000
2296,32.000000
2297,-8.000000
2298,-16.000000
2299,-18.000000
2300,-2.000000
2301,-20.000000
2302,16.000000
2303,-22.000000
2304,68.000000
2305,0.000000
2306,2.000000
2307,-12.000000
2308,68.000000
2309,-64.000000
2310,-44.000000
2311,32.000000
2312,-32.000000
2313,-8.000000
2314,-20.000000
2315,-26.000000
2316,-26.000000
2317,16.000000
2318,-14.000000
2319,30.000000
2320,16.000000
2321,36.000000
2322,-40.000000
2323,8.000000
2324,28.000000
2325,-42.000000
2326,-2.000000
2327,-8.000000
2328,20.000000
2329,22.000000
2330,-22.000000
2331,20.000000
2332,-2.000000
2333,18.000000
2334,34.000000
2335,-8.000000
2336,0.000000
2337,-18.000000
2338,-4.000000
2339,24.000000
2340,-26.000000
2341,86.000000
2342,-18.000000
2343,-2.000000
2344,-40.000000
2345,4.000000
2346,-26.000000
2347,6.000000
2348,32.000000
2349,2.000000
2350,-34.000000
2351,-48.000000
2352,52.000000
2353,-12.000000
2354,24.000000
2355,24.000000
2356,4.000000
2357,12.000000
2358,10.000000
2359,8.000000
2360,58.000000
2361,0.000000
2362,10.000000
2363,-72.000000
2364,4.000000
2365,20.000000
2366,2.000000
2367,-2.000000
2368,-8.000000
2369,-22.000000
2370,-30.000000
2371,20.000000
2372,-16.000000
2373,-34.000000
2374,-16.000000
2375,-46.000000
2376,-30.000000
2377,-24.000000
2378,-4.000000
2379,-6.000000
2380,-16.000000
2381,4.000000
2382,-38.000000
2383,12.000000
2384,10.000000
2385,20.000000
2386,-16.000000
2387,-10.000000
2388,-16.000000
2389,20.000000
2390,12.000000
2391,-52.000000
2392,-4.000000
2393,8.000000
2394,26.000000
2395,-6.000000
2396,0.000000
2397,72.000000
2398,2.000000
2399,16.000000
2400,-22.000000
2401,-4.000000
2402,-56.000000
2403,-30.000000
2404,8.000000
2405,-50.000000
2406,-20.000000
2407,12.000000
2408,-6.000000
2409,-20.000000
2410,-16.000000
2411,0.000000
2412,20.000000
2413,-20.000000
2414,46.000000
2415,-2.000000
2416,2.000000
2417,-44.000000
2418,2.000000
2419,-60.000000
2420,-12.000000
2421,0.000000
2422,-50.000000
2423,-52.000000
2424,54.000000
2425,38.000000
2426,30.000000
2427,-36.000000
2428,-4.000000
2429,16.000000
2430,10.000000
2431,-6.000000
2432,10.000000
2433,-12.000000
2434,20.000000
2435,16.000000
2436,-4.000000
2437,4.000000
2438,8.000000
2439,-26.000000
2440,8.000000
2441,30.000000
2442,-20.000000
2443,-12.000000
2444,-10.000000
2445,0.000000
2446,14.000000
2447,0.000000
2448,16.000000
2449,14.000000
2450,8.000000
2451,28.000000
2452,0.000000
2453,-6.000000
2454,-8.000000
2455,-8.000000
2456,20.000000
2457,-8.000000
2458,26.000000
2459,-4.000000
2460,-10.000000
2461,10.000000
2462,22.000000
2463,-20.000000
2464,-54.000000
2465,-2.000000
2466,-24.000000
2467,-18.000000
2468,-16.000000
2469,16.000000
2470,0.000000
2471,-22.000000
2472,14.000000
2473,-4.000000
2474,46.000000
2475,-8.000000
2476,-16.000000
2477,-30.000000
2478,-14.000000
2479,-56.000000
2480,-30.000000
2481,-40.000000
2482,60.000000
2483,16.000000
2484,-26.000000
2485,2.000000
2486,16.000000
2487,-6.000000
2488,-4.000000
2489,28.000000
2490,0.000000
2491,-8.000000
2492,-16.000000
2493,4.000000
2494,-8.000000
2495,-16.000000
2496,34.000000
2497,10.000000
2498,12.000000
2499,16.000000
2500,8.000000
2501,-22.000000
2502,-22.000000
2503,28.000000
2504,-8.000000
2505,10.000000
2506,26.000000
2507,-24.000000
2508,36.000000
2509,4.000000
2510,30.000000
2511,-4.000000
2512,104.000000
2513,24.000000
2514,-48.000000
2515,2.000000
2516,-4.000000
2517,-6.000000
2518,-40.000000
2519,-8.000000
2520,-40.000000
2521,16.000000
2522,12.000000
2523,-52.000000
2524,-44.000000
2525,38.000000
2526,38.000000
2527,26.000000
2528,-22.000000
2529,20.000000
2530,14.000000
2531,-24.000000
2532,-12.000000
2533,22.000000
2534,-40.000000
2535,10.000000
2536,-20.000000
2537,-22.000000
2538,26.000000
2539,8.000000
2540,14.000000
2541,40.000000
2542,-24.000000
2543,6.000000
2544,2.000000
2545,-22.000000
2546,2.000000
2547,-22.000000
2548,20.000000
2549,-2.000000
2550,-4.000000
2551,-60.000000
2552,-4.000000
2553,-62.000000
2554,0.000000
2555,-2.000000
2556,-10.000000
2557,-84.000000
2558,16.000000
2559,-6.000000
2560,60.000000
2561,-18.000000
2562,6.000000
2563,-70.000000
2564,-50.000000
2565,6.000000
2566,-12.000000
2567,2.000000
2568,54.000000
2569,-8.000000
2570,-6.000000
2571,10.000000
2572,-8.000000
2573,-10.000000
2574,46.000000
2575,-4.000000
2576,8.000000
2577,54.000000
2578,-16.000000
2579,14.000000
2580,14.000000
2581,-16.000000
2582,4.000000
2583,-50.000000
2584,20.000000
2585,-26.000000
2586,38.000000
2587,10.000000
2588,-22.000000
2589,-2.000000
2590,-40.000000
2591,2.000000
2592,44.000000
2593,-34.000000
2594,20.000000
2595,-2.000000
2596,32.000000
2597,2.000000
2598,-44.000000
2599,-30.000000
2600,-20.000000
2601,14.000000
2602,-24.000000
2603,-4.000000
2604,-20.000000
2605,-2.000000
2606,-22.000000
2607,-12.000000
2608,38.000000
2609,12.000000
2610,12.000000
2611,-68.000000
2612,-22.000000
2613,38.000000
2614,26.000000
2615,-20.000000
2616,-20.000000
2617,-56.000000
2618,20.000000
2619,-70.000000
2620,-12.000000
2621,34.000000
2622,-34.000000
2623,30.000000
2624,0.000000
2625,-16.000000
2626,-32.000000
2627,-46.000000
2628,0.000000
2629,72.000000
2630,16.000000
2631,-82.000000
2632,6.000000
2633,0.000000
2634,-18.000000
2635,-48.000000
2636,-48.000000
2637,50.000000
2638,-20.000000
2639,12.000000
2640,-8.000000
2641,-52.000000
2642,6.000000
2643,6.000000
2644,-4.000000
2645,-58.000000
2646,-16.000000
2647,-8.000000
2648,0.000000
2649,-42.000000
2650,22.000000
2651,-42.000000
2652,2.000000
2653,-26.000000
2654,-42.000000
2655,-4.000000
2656,-12.000000
2657,-10.000000
2658,-52.000000
2659,50.000000
2660,62.000000
2661,14.000000
2662,8.000000
2663,-22.000000
2664,-30.000000
2665,-12.000000
2666,2.000000
2667,-34.000000
2668,-10.000000
2669,-2.000000
2670,-22.000000
2671,30.000000
2672,2.000000
2673,48.000000
2674,-12.000000
2675,28.000000
2676,6.000000
2677,-4.000000
2678,0.000000
2679,14.000000
2680,10.000000
2681,-44.000000
2682,-14.000000
2683,-20.000000
2684,-6.000000
2685,4.000000
2686,-16.000000
2687,-12.000000
2688,-12.000000
2689,24.000000
2690,2.000000
2691,-68.000000
2692,30.000000
2693,-4.000000
2694,30.000000
2695,-2.000000
2696,0.000000
2697,-36.000000
2698,-48.000000
2699,12.000000
2700,-40.000000
2701,-22.000000
2702,46.000000
2703,12.000000
2704,-4.000000
2705,16.000000
2706,-12.000000
2707,-48.000000
2708,-44.000000
2709,-8.000000
2710,-36.000000
2711,14.000000
2712,-4.000000
2713,-30.000000
2714,10.000000
2715,34.000000
2716,-2.000000
2717,-20.000000
2718,42.000000
2719,14.000000
2720,36.000000
2721,62.000000
2722,-44.000000
2723,-24.000000
2724,-34.000000
2725,24.000000
2726,14.000000
2727,-48.000000
2728,20.000000
2729,10.000000
2730,30.000000
2731,4.000000
2732,30.000000
2733,-18.000000
2734,-8.000000
2735,4.000000
2736,32.000000
2737,8.000000
2738,58.000000
2739,-94.000000
2740,-4.000000
2741,14.000000
2742,30.000000
2743,-28.000000
2744,0.000000
2745,0.000000
2746,-20.000000
2747,22.000000
2748,-18.000000
2749,4.000000
2750,40.000000
2751,-6.000000
2752,-26.000000
2753,26.000000
2754,-22.000000
2755,8.000000
2756,-2.000000
2757,14.000000
2758,6.000000
2759,-12.000000
2760,-12.000000
2761,2.000000
2762,60.000000
2763,18.000000
2764,-98.000000
2765,0.000000
2766,8.000000
2767,-20.000000
2768,-18.000000
2769,-20.000000
2770,-4.000000
2771,28.000000
2772,-20.000000
2773,26.000000
2774,-12.000000
2775,-68.000000
2776,-12.000000
2777,30.000000
2778,-4.000000
2779,54.000000
2780,-6.000000
2781,46.000000
2782,46.000000
2783,8.000000
2784,8.000000
2785,-32.000000
2786,-22.000000
2787,-12.000000
2788,-12.000000
2789,-22.000000
2790,-28.000000
2791,18.000000
2792,-4.000000
2793,50.000000
2794,10.000000
2795,-30.000000
2796,-14.000000
2797,8.000000
2798,60.000000
2799,-10.000000
2800,-58.000000
2801,-38.000000
2802,50.000000
2803,4.000000
2804,4.000000
2805,6.000000
2806,24.000000
2807,-4.000000
2808,0.000000
2809,-30.000000
2810,-22.000000
2811,-2.000000
2812,50.000000
2813,-14.000000
2814,-68.000000
2815,-16.000000
2816,-58.000000
2817,30.000000
2818,-58.000000
2819,4.000000
2820,-16.000000
2821,-18.000000
2822,2.000000
2823,12.000000
2824,6.000000
2825,46.000000
2826,-12.000000
2827,20.000000
2828,8.000000
2829,-10.000000
2830,-12.000000
2831,14.000000
2832,6.000000
2833,-2.000000
2834,-22.000000
2835,0.000000
2836,-26.000000
2837,-26.000000
2838,-18.000000
2839,-12.000000
2840,-30.000000
2841,-16.000000
2842,-8.000000
2843,14.000000
2844,-16.000000
2845,-10.000000
2846,38.000000
2847,-6.000000
2848,-6.000000
2849,-18.000000
2850,8.000000
2851,-2.000000
2852,-46.000000
2853,-56.000000
2854,38.000000
2855,38.000000
2856,-16.000000
2857,26.000000
2858,-24.000000
2859,-18.000000
2860,-12.000000
2861,34.000000
2862,-12.000000
2863,42.000000
2864,-38.000000
2865,6.000000
2866,-8.000000
2867,-2.000000
2868,18.000000
2869,30.000000
2870,10.000000
2871,-2.000000
2872,-32.000000
2873,-34.000000
2874,30.000000
2875,10.000000
2876,12.000000
2877,-30.000000
2878,-6.000000
2879,-4.000000
2880,-44.000000
2881,46.000000
2882,-48.000000
2883,-12.000000
2884,38.000000
2885,-14.000000
2886,-16.000000
2887,18.000000
2888,-66.000000
2889,-12.000000
2890,4.000000
2891,-4.000000
2892,-10.000000
2893,-38.000000
2894,-62.000000
2895,-16.000000
2896,2.000000
2897,4.000000
2898,2.000000
2899,-16.000000
2900,-64.000000
2901,30.000000
2902,28.000000
2903,28.000000
2904,-4.000000
2905,-12.000000
2906,36.000000
2907,44.000000
2908,46.000000
2909,16.000000
2910,-58.000000
2911,10.000000
2912,-30.000000
2913,12.000000
2914,-8.000000
2915,-4.000000
2916,-8.000000
2917,20.000000
2918,10.000000
2919,-12.000000
2920,-4.000000
2921,10.000000
2922,28.000000
2923,-30.000000
2924,36.000000
2925,22.000000
2926,40.000000
2927,-8.000000
2928,-12.000000
2929,40.000000
2930,26.000000
2931,60.000000
2932,-8.000000
2933,4.000000
2934,6.000000
2935,-36.000000
2936,-22.000000
2937,-60.000000
2938,-4.000000
2939,0.000000
2940,0.000000
2941,-26.000000
2942,24.000000
2943,-12.000000
2944,-58.000000
2945,-12.000000
2946,20.000000
2947,14.000000
2948,-8.000000
2949,-12.000000
2950,28.000000
2951,-12.000000
2952,-8.000000
2953,-8.000000
2954,0.000000
2955,-4.000000
2956,-66.000000
2957,-24.000000
2958,-26.000000
2959,12.000000
2960,-18.000000
2961,14.000000
2962,12.000000
2963,-36.000000
2964,8.000000
2965,-14.000000
2966,62.000000
2967,-4.000000
2968,20.000000
2969,12.000000
2970,-4.000000
2971,44.000000
2972,-4.000000
2973,-32.000000
2974,-26.000000
2975,30.000000
2976,-4.000000
2977,18.000000
2978,-32.000000
2979,-22.000000
2980,-4.000000
2981,2.000000
2982,-38.000000
2983,-18.000000
2984,-4.000000
2985,0.000000
2986,4.000000
2987,-26.000000
2988,-8.000000
2989,-70.000000
2990,-2.000000
2991,50.000000
2992,-12.000000
2993,-10.000000
2994,6.000000
2995,46.000000
2996,0.000000
2997,-32.000000
2998,-18.000000
2999,6.000000
3000,14.000000
3001,-2.000000
3002,8.000000
3003,-20.000000
3004,26.000000
3005,28.000000
3006,32.000000
3007,40.000000
3008,42.000000
3009,-14.000000
3010,-14.000000
3011,4.000000
3012,-22.000000
3013,0.000000
3014,-4.000000
3015,-32.000000
3016,-26.000000
3017,30.000000
3018,-22.000000
3019,20.000000
3020,0.000000
3021,12.000000
3022,-54.000000
3023,62.000000
3024,42.000000
3025,-18.000000
3026,74.000000
3027,-40.000000
3028,-8.000000
3029,8.000000
3030,-44.000000
3031,6.000000
3032,8.000000
3033,-30.000000
3034,-56.000000
3035,-4.000000
3036,-12.000000
3037,46.000000
3038,-38.000000
3039,-22.000000
3040,2.000000
3041,-22.000000
3042,2.000000
3043,12.000000
3044,-6.000000
3045,-16.000000
3046,-34.000000
3047,0.000000
3048,42.000000
3049,-64.000000
3050,-16.000000
3051,14.000000
3052,30.000000
3053,6.000000
3054,30.000000
3055,-4.000000
3056,22.000000
3057,-4.000000
3058,-44.000000
3059,34.000000
3060,-36.000000
3061,4.000000
3062,-44.000000
3063,68.000000
3064,22.000000
3065,46.000000
3066,-24.000000
3067,-4.000000
3068,24.000000
3069,-70.000000
3070,58.000000
3071,2.000000
3072,8.000000
3073,24.000000
3074,72.000000
3075,-6.000000
3076,0.000000
3077,-44.000000
3078,24.000000
3079,-26.000000
3080,-6.000000
3081,-60.000000
3082,-26.000000
3083,-16.000000
3084,26.000000
3085,-6.000000
3086,8.000000
3087,20.000000
3088,40.000000
3089,50.000000
3090,-72.000000
3091,46.000000
3092,42.000000
3093,-18.000000
3094,6.000000
3095,34.000000
3096,28.000000
3097,16.000000
3098,-4.000000
3099,22.000000
3100,14.000000
3101,10.000000
3102,-12.000000
3103,22.000000
3104,30.000000
3105,54.000000
3106,-18.000000
3107,10.000000
3108,10.000000
3109,-22.000000
3110,24.000000
3111,0.000000
3112,26.000000
3113,0.000000
3114,-26.000000
3115,-4.000000
3116,20.000000
3117,6.000000
3118,16.000000
3119,-12.000000
3120,22.000000
3121,-40.000000
3122,14.000000
3123,48.000000
3124,18.000000
3125,-20.000000
3126,8.000000
3127,-4.000000
3128,-8.000000
3129,-36.000000
3130,14.000000
3131,14.000000
3132,76.000000
3133,20.000000
3134,-10.000000
3135,-22.000000
3136,18.000000
3137,64.000000
3138,-28.000000
3139,14.000000
3140,-12.000000
3141,-16.000000
3142,8.000000
3143,-58.000000
3144,8.000000
3145,-30.000000
3146,-26.000000
3147,-14.000000
3148,-4.000000
3149,-40.000000
3150,-20.000000
3151,-6.000000
3152,-16.000000
3153,40.000000
3154,-6.000000
3155,-44.000000
3156,30.000000
3157,-16.000000
3158,12.000000
3159,30.000000
3160,8.000000
3161,14.000000
3162,2.000000
3163,22.000000
3164,-12.000000
3165,8.000000
3166,4.000000
3167,-6.000000
3168,-54.000000
3169,-16.000000
3170,8.000000
3171,22.000000
3172,-22.000000
3173,-4.000000
3174,-6.000000
3175,-34.000000
3176,-20.000000
3177,-14.000000
3178,-12.000000
3179,-44.000000
3180,24.000000
3181,18.000000
3182,8.000000
3183,-44.000000
3184,10.000000
3185,68.000000
3186,-4.000000
3187,-16.000000
3188,-14.000000
3189,50.000000
3190,-50.000000
3191,22.000000
3192,2.000000
3193,68.000000
3194,-20.000000
3195,6.000000
3196,-58.000000
3197,-30.000000
3198,12.000000
3199,60.000000
3200,0.000000
3201,2.000000
3202,2.000000
3203,-2.000000
3204,12.000000
3205,46.000000
3206,-20.000000
3207,-4.000000
3208,-8.000000
3209,2.000000
3210,62.000000
3211,6.000000
3212,14.000000
3213,-30.000000
3214,-48.000000
3215,32.000000
3216,68.000000
3217,-14.000000
3218,44.000000
3219,38.000000
3220,-22.000000
3221,58.000000
3222,-14.000000
3223,14.000000
3224,22.000000
3225,-14.000000
3226,-14.000000
3227,-4.000000
3228,-66.000000
3229,-20.000000
3230,0.000000
3231,38.000000
3232,-28.000000
3233,-4.000000
3234,20.000000
3235,-68.000000
3236,22.000000
3237,-20.000000
3238,-24.000000
3239,-76.000000
3240,-6.000000
3241,-38.000000
3242,-14.000000
3243,0.000000
3244,8.000000
3245,40.000000
3246,38.000000
3247,6.000000
3248,34.000000
3249,94.000000
3250,24.000000
3251,34.000000
3252,-44.000000
3253,12.000000
3254,34.000000
3255,14.000000
3256,-74.000000
3257,26.000000
3258,-6.000000
3259,14.000000
3260,-76.000000
3261,-2.000000
3262,54.000000
3263,4.000000
3264,14.000000
3265,10.000000
3266,-36.000000
3267,6.000000
3268,-4.000000
3269,36.000000
3270,-30.000000
3271,32.000000
3272,6.000000
3273,58.000000
3274,-44.000000
3275,0.000000
3276,12.000000
3277,-22.000000
3278,-34.000000
3279,50.000000
3280,-24.000000
3281,48.000000
3282,-60.000000
3283,-44.000000
3284,-72.000000
3285,4.000000
3286,42.000000
3287,-2.000000
3288,-32.000000
3289,12.000000
3290,30.000000
3291,-30.000000
3292,30.000000
3293,46.000000
3294,16.000000
3295,-12.000000
3296,50.000000
3297,2.000000
3298,-26.000000
3299,-30.000000
3300,24.000000
3301,-2.000000
3302,22.000000
3303,-18.000000
3304,-8.000000
3305,-64.000000
3306,18.000000
3307,0.000000
3308,-52.000000
3309,-4.000000
3310,46.000000
3311,-36.000000
3312,-8.000000
3313,-20.000000
3314,0.000000
3315,-48.000000
3316,-50.000000
3317,0.000000
3318,14.000000
3319,-18.000000
3320,-78.000000
3321,-68.000000
3322,-20.000000
3323,-18.000000
3324,56.000000
3325,14.000000
3326,88.000000
3327,-26.000000
3328,104.000000
3329,-8.000000
3330,78.000000
3331,2.000000
3332,54.000000
3333,-4.000000
3334,74.000000
3335,-18.000000
3336,2.000000
3337,-24.000000
3338,6.000000
3339,-8.000000
3340,18.000000
3341,62.000000
3342,12.000000
3343,76.000000
3344,-26.000000
3345,-10.000000
3346,-12.000000
3347,14.000000
3348,-44.000000
3349,12.000000
3350,6.000000
3351,-44.000000
3352,28.000000
3353,-2.000000
3354,44.000000
3355,-30.000000
3356,10.000000
3357,12.000000
3358,-44.000000
3359,8.000000
3360,-6.000000
3361,-74.000000
3362,38.000000
3363,2.000000
3364,4.000000
3365,26.000000
3366,-12.000000
3367,-32.000000
3368,18.000000
3369,6.000000
3370,-4.000000
3371,-8.000000
3372,-4.000000
3373,-82.000000
3374,64.000000
3375,20.000000
3376,10.000000
3377,-6.000000
3378,4.000000
3379,14.000000
3380,-12.000000
3381,8.000000
3382,8.000000
3383,46.000000
3384,-16.000000
3385,22.000000
3386,-36.000000
3387,-30.000000
3388,-52.000000
3389,60.000000
3390,-38.000000
3391,10.000000
3392,0.000000
3393,68.000000
3394,-24.000000
3395,-4.000000
3396,-12.000000
3397,-20.000000
3398,40.000000
3399,-18.000000
3400,-4.000000
3401,-16.000000
3402,4.000000
3403,-62.000000
3404,-52.000000
3405,82.000000
3406,12.000000
3407,-50.000000
3408,60.000000
3409,-16.000000
3410,-10.000000
3411,50.000000
3412,-18.000000
3413,-2.000000
3414,68.000000
3415,0.000000
3416,-44.000000
3417,52.000000
3418,20.000000
3419,54.000000
3420,56.000000
3421,-20.000000
3422,8.000000
3423,-26.000000
3424,26.000000
3425,2.000000
3426,-12.000000
3427,14.000000
3428,-44.000000
3429,-4.000000
3430,-2.000000
3431,10.000000
3432,-18.000000
3433,-2.000000
3434,-4.000000
3435,-24.000000
3436,-16.000000
3437,0.000000
3438,-14.000000
3439,34.000000
3440,-4.000000
3441,-44.000000
3442,-14.000000
3443,-4.000000
3444,-20.000000
3445,-26.000000
3446,10.000000
3447,-14.000000
3448,-14.000000
3449,-36.000000
3450,-18.000000
3451,-44.000000
3452,-12.000000
3453,0.000000
3454,2.000000
3455,0.000000
3456,-4.000000
3457,-48.000000
3458,-16.000000
3459,-12.000000
3460,-6.000000
3461,-4.000000
3462,30.000000
3463,86.000000
3464,14.000000
3465,-12.000000
3466,-14.000000
3467,2.000000
3468,8.000000
3469,2.000000
3470,-32.000000
3471,-6.000000
3472,24.000000
3473,26.000000
3474,-12.000000
3475,-18.000000
3476,-44.000000
3477,-20.000000
3478,-68.000000
3479,0.000000
3480,-20.000000
3481,-20.000000
3482,-18.000000
3483,26.000000
3484,32.000000
3485,-28.000000
3486,10.000000
3487,2.000000
3488,-2.000000
3489,50.000000
3490,-64.000000
3491,54.000000
3492,26.000000
3493,8.000000
3494,0.000000
3495,16.000000
3496,-16.000000
3497,-26.000000
3498,-2.000000
3499,6.000000
3500,4.000000
3501,16.000000
3502,32.000000
3503,-8.000000
3504,-18.000000
3505,-36.000000
3506,16.000000
3507,14.000000
3508,-34.000000
3509,-82.000000
3510,28.000000
3511,-22.000000
3512,-12.000000
3513,28.000000
3514,40.000000
3515,12.000000
3516,10.000000
3517,60.000000
3518,-32.000000
3519,-26.000000
3520,22.000000
3521,26.000000
3522,16.000000
3523,10.000000
3524,18.000000
3525,-16.000000
3526,-32.000000
3527,-14.000000
3528,-8.000000
3529,8.000000
3530,38.000000
3531,12.000000
3532,-8.000000
3533,-8.000000
3534,-50.000000
3535,16.000000
3536,10.000000
3537,-2.000000
3538,40.000000
3539,50.000000
3540,6.000000
3541,-16.000000
3542,10.000000
3543,12.000000
3544,-6.000000
3545,-4.000000
3546,22.000000
3547,60.000000
3548,-26.000000
3549,-18.000000
3550,18.000000
3551,20.000000
3552,-16.000000
3553,8.000000
3554,26.000000
3555,-4.000000
3556,2.000000
3557,6.000000
3558,-26.000000
3559,-16.000000
3560,-8.000000
3561,-20.000000
3562,-52.000000
3563,-10.000000
3564,40.000000
3565,64.000000
3566,-12.000000
3567,14.000000
3568,-60.000000
3569,0.000000
3570,68.000000
3571,-16.000000
3572,-12.000000
3573,-42.000000
3574,-40.000000
3575,-12.000000
3576,-10.000000
3577,6.000000
3578,-8.000000
3579,58.000000
3580,54.000000
3581,16.000000
3582,10.000000
3583,-30.000000
3584,2.000000
3585,18.000000
3586,-4.000000
3587,8.000000
3588,-12.000000
3589,8.000000
3590,-38.000000
3591,-18.000000
3592,10.000000
3593,-22.000000
3594,4.000000
3595,-64.000000
3596,-20.000000
3597,38.000000
3598,0.000000
3599,-14.000000
3600,-68.000000
3601,-10.000000
3602,42.000000
3603,50.000000
3604,-22.000000
3605,-26.000000
3606,18.000000
3607,4.000000
3608,-52.000000
3609,54.000000
3610,-28.000000
3611,-60.000000
3612,-4.000000
3613,2.000000
3614,50.000000
3615,-4.000000
3616,-20.000000
3617,8.000000
3618,54.000000
3619,-36.000000
3620,44.000000
3621,8.000000
3622,2.000000
3623,-44.000000
3624,28.000000
3625,44.000000
3626,-32.000000
3627,-26.000000
3628,8.000000
3629,4.000000
3630,10.000000
3631,68.000000
3632,14.000000
3633,58.000000
3634,-22.000000
3635,-18.000000
3636,8.000000
3637,38.000000
3638,24.000000
3639,-4.000000
3640,-26.000000
3641,-6.000000
3642,-10.000000
3643,-12.000000
3644,-12.000000
3645,-16.000000
3646,54.000000
3647,-12.000000
3648,-40.000000
3649,6.000000
3650,-6.000000
3651,-10.000000
3652,-14.000000
3653,-4.000000
3654,-60.000000
3655,0.000000
3656,6.000000
3657,-14.000000
3658,6.000000
3659,50.000000
3660,-16.000000
3661,-18.000000
3662,12.000000
3663,14.000000
3664,20.000000
3665,-2.000000
3666,28.000000
3667,34.000000
3668,28.000000
3669,-38.000000
3670,34.000000
3671,0.000000
3672,50.000000
3673,10.000000
3674,-26.000000
3675,-8.000000
3676,-18.000000
3677,-20.000000
3678,14.000000
3679,2.000000
3680,6.000000
3681,-26.000000
3682,-44.000000
3683,-12.000000
3684,-16.000000
3685,-12.000000
3686,32.000000
3687,-48.000000
3688,-8.000000
3689,6.000000
3690,28.000000
3691,-30.000000
3692,6.000000
3693,28.000000
3694,22.000000
3695,28.000000
3696,30.000000
3697,16.000000
3698,-34.000000
3699,-40.000000
3700,-24.000000
3701,38.000000
3702,10.000000
3703,-20.000000
3704,-54.000000
3705,24.000000
3706,-46.000000
3707,-12.000000
3708,-16.000000
3709,18.000000
3710,14.000000
3711,-44.000000
3712,-2.000000
3713,6.000000
3714,34.000000
3715,4.000000
3716,-30.000000
3717,12.000000
3718,50.000000
3719,-22.000000
3720,44.000000
3721,-16.000000
3722,8.000000
3723,28.000000
3724,-22.000000
3725,22.000000
3726,-8.000000
3727,-76.000000
3728,-20.000000
3729,8.000000
3730,-18.000000
3731,-4.000000
3732,46.000000
3733,10.000000
3734,-34.000000
3735,6.000000
3736,-18.000000
3737,-30.000000
3738,92.000000
3739,4.000000
3740,16.000000
3741,-44.000000
3742,14.000000
3743,-8.000000
3744,2.000000
3745,12.000000
3746,24.000000
3747,6.000000
3748,-10.000000
3749,-2.000000
3750,2.000000
3751,48.000000
3752,-44.000000
3753,8.000000
3754,-24.000000
3755,-6.000000
3756,-12.000000
3757,-16.000000
3758,-16.000000
3759,-30.000000
3760,-34.000000
3761,2.000000
3762,-30.000000
3763,54.000000
3764,-4.000000
3765,-62.000000
3766,-4.000000
3767,14.000000
3768,36.000000
3769,-8.000000
3770,2.000000
3771,6.000000
3772,-22.000000
3773,58.000000
3774,32.000000
3775,-50.000000
3776,2.000000
3777,-28.000000
3778,-16.000000
3779,50.000000
3780,14.000000
3781,4.000000
3782,-64.000000
3783,-4.000000
3784,-12.000000
3785,-16.000000
3786,30.000000
3787,-4.000000
3788,-4.000000
3789,16.000000
3790,-20.000000
3791,-36.000000
3792,-8.000000
3793,-4.000000
3794,-14.000000
3795,-56.000000
3796,-14.000000
3797,-62.000000
3798,2.000000
3799,-8.000000
3800,56.000000
3801,16.000000
3802,-12.000000
3803,-22.000000
3804,-38.000000
3805,42.000000
3806,-44.000000
3807,-18.000000
3808,-40.000000
3809,8.000000
3810,0.000000
3811,40.000000
3812,-20.000000
3813,-26.000000
3814,-30.000000
3815,20.000000
3816,-34.000000
3817,10.000000
3818,10.000000
3819,54.000000
3820,-68.000000
3821,26.000000
3822,38.000000
3823,2.000000
3824,-2.000000
3825,20.000000
3826,24.000000
3827,24.000000
3828,10.000000
3829,0.000000
3830,8.000000
3831,-26.000000
3832,-16.000000
3833,-12.000000
3834,-58.000000
3835,24.000000
3836,14.000000
3837,-8.000000
3838,-4.000000
3839,40.000000
3840,-32.000000
3841,-46.000000
3842,-34.000000
3843,-62.000000
3844,-6.000000
3845,-82.000000
3846,-8.000000
3847,30.000000
3848,-30.000000
3849,60.000000
3850,24.000000
3851,-30.000000
3852,-34.000000
3853,-4.000000
3854,0.000000
3855,-24.000000
3856,-22.000000
3857,-8.000000
3858,-16.000000
3859,44.000000
3860,0.000000
3861,2.000000
3862,-14.000000
3863,42.000000
3864,-60.000000
3865,-42.000000
3866,0.000000
3867,-48.000000
3868,-16.000000
3869,68.000000
3870,-48.000000
3871,-2.000000
3872,-26.000000
3873,-34.000000
3874,-6.000000
3875,-4.000000
3876,-10.000000
3877,-16.000000
3878,12.000000
3879,10.000000
3880,-18.000000
3881,54.000000
3882,26.000000
3883,-22.000000
3884,20.000000
3885,-18.000000
3886,-30.000000
3887,12.000000
3888,-2.000000
3889,68.000000
3890,6.000000
3891,-80.000000
3892,2.000000
3893,2.000000
3894,-64.000000
3895,6.000000
3896,20.000000
3897,-44.000000
3898,-34.000000
3899,-50.000000
3900,18.000000
3901,14.000000
3902,-72.000000
3903,28.000000
3904,16.000000
3905,-54.000000
3906,22.000000
3907,-34.000000
3908,-22.000000
3909,0.000000
3910,32.000000
3911,12.000000
3912,-10.000000
3913,-22.000000
3914,16.000000
3915,-14.000000
3916,-4.000000
3917,-8.000000
3918,46.000000
3919,30.000000
3920,34.000000
3921,8.000000
3922,-12.000000
3923,-2.000000
3924,-60.000000
3925,-36.000000
3926,22.000000
3927,-36.000000
3928,-52.000000
3929,-14.000000
3930,22.000000
3931,12.000000
3932,28.000000
3933,-22.000000
3934,6.000000
3935,-30.000000
3936,2.000000
3937,-20.000000
3938,44.000000
3939,-38.000000
3940,-16.000000
3941,-30.000000
3942,60.000000
3943,44.000000
3944,2.000000
3945,-18.000000
3946,0.000000
3947,10.000000
3948,14.000000
3949,16.000000
3950,94.000000
3951,-54.000000
3952,-8.000000
3953,6.000000
3954,42.000000
3955,-16.000000
3956,-22.000000
3957,2.000000
3958,-10.000000
3959,46.000000
3960,-12.000000
3961,4.000000
3962,4.000000
3963,-20.000000
3964,2.000000
3965,54.000000
3966,-44.000000
3967,74.000000
3968,-10.000000
3969,26.000000
3970,-4.000000
3971,12.000000
3972,-18.000000
3973,-12.000000
3974,-12.000000
3975,68.000000
3976,8.000000
3977,76.000000
3978,-6.000000
3979,-14.000000
3980,46.000000
3981,2.000000
3982,-6.000000
3983,6.000000
3984,-2.000000
3985,-12.000000
3986,2.000000
3987,-4.000000
3988,-4.000000
3989,-20.000000
3990,54.000000
3991,6.000000
3992,6.000000
3993,-26.000000
3994,16.000000
3995,34.000000
3996,12.000000
3997,-6.000000
3998,0.000000
3999,-16.000000
4000,8.000000
4001,2.000000
4002,-12.000000
4003,2.000000
4004,20.000000
4005,-22.000000
4006,-18.000000
4007,0.000000
4008,-16.000000
4009,-32.000000
4010,8.000000
4011,20.000000
4012,-4.000000
4013,-12.000000
4014,-12.000000
4015,-6.000000
4016,-6.000000
4017,-4.000000
4018,8.000000
4019,4.000000
4020,30.000000
4021,8.000000
4022,-4.000000
4023,54.000000
4024,-20.000000
4025,-24.000000
4026,-38.000000
4027,-30.000000
4028,26.000000
4029,-2.000000
4030,48.000000
4031,-18.000000
4032,0.000000
4033,-6.000000
4034,-6.000000
4035,24.000000
4036,-78.000000
4037,0.000000
4038,-8.000000
4039,6.000000
4040,-4.000000
4041,-8.000000
4042,-8.000000
4043,-4.000000
4044,-16.000000
4045,-26.000000
4046,-2.000000
4047,24.000000
4048,-60.000000
4049,14.000000
4050,44.000000
4051,-32.000000
4052,-44.000000
4053,-24.000000
4054,14.000000
4055,46.000000
4056,-70.000000
4057,34.000000
4058,-2.000000
4059,-4.000000
4060,44.000000
4061,4.000000
4062,-26.000000
4063,-14.000000
4064,-12.000000
4065,8.000000
4066,-18.000000
4067,-4.000000
4068,28.000000
4069,-8.000000
4070,-28.000000
4071,24.000000
4072,-2.000000
4073,2.000000
4074,2.000000
4075,-4.000000
4076,104.000000
4077,10.000000
4078,12.000000
4079,6.000000
4080,-12.000000
4081,14.000000
4082,-38.000000
4083,28.000000
4084,26.000000
4085,-30.000000
4086,0.000000
4087,4.000000
4088,-36.000000
4089,-14.000000
4090,60.000000
4091,8.000000
4092,4.000000
4093,-6.000000
4094,0.000000
4095,-10.000000
4096,26.000000
4097,-22.000000
4098,42.000000
4099,-34.000000
4100,16.000000
4101,-64.000000
4102,18.000000
4103,38.000000
4104,24.000000
4105,38.000000
4106,-30.000000
4107,-22.000000
4108,-26.000000
4109,38.000000
4110,6.000000
4111,18.000000
4112,-48.000000
4113,12.000000
4114,4.000000
4115,10.000000
4116,-32.000000
4117,-44.000000
4118,48.000000
4119,30.000000
4120,0.000000
4121,46.000000
4122,8.000000
4123,-48.000000
4124,-8.000000
4125,28.000000
4126,10.000000
4127,16.000000
4128,14.000000
4129,40.000000
4130,-22.000000
4131,48.000000
4132,92.000000
4133,-28.000000
4134,-44.000000
4135,-12.000000
4136,20.000000
4137,-32.000000
4138,-30.000000
4139,-16.000000
4140,6.000000
4141,-34.000000
4142,-66.000000
4143,-50.000000
4144,6.000000
4145,-74.000000
4146,38.000000
4147,68.000000
4148,4.000000
4149,-8.000000
4150,34.000000
4151,-14.000000
4152,-12.000000
4153,78.000000
4154,0.000000
4155,-30.000000
4156,-18.000000
4157,-52.000000
4158,-28.000000
4159,34.000000
4160,-2.000000
4161,8.000000
4162,16.000000
4163,24.000000
4164,-24.000000
4165,-16.000000
4166,2.000000
4167,-44.000000
4168,-34.000000
4169,56.000000
4170,-26.000000
4171,96.000000
4172,-48.000000
4173,6.000000
4174,4.000000
4175,-22.000000
4176,26.000000
4177,2.000000
4178,16.000000
4179,-14.000000
4180,2.000000
4181,-34.000000
4182,-18.000000
4183,8.000000
4184,38.000000
4185,-34.000000
4186,18.000000
4187,16.000000
4188,10.000000
4189,-40.000000
4190,20.000000
4191,40.000000
4192,70.000000
4193,48.000000
4194,14.000000
4195,2.000000
4196,-22.000000
4197,-4.000000
4198,24.000000
4199,14.000000
4200,-18.000000
4201,40.000000
4202,2.000000
4203,-8.000000
4204,-8.000000
4205,-36.000000
4206,2.000000
4207,12.000000
4208,10.000000
4209,-2.000000
4210,14.000000
4211,0.000000
4212,2.000000
4213,34.000000
4214,14.000000
4215,-2.000000
4216,-12.000000
4217,32.000000
4218,30.000000
4219,-22.000000
4220,-16.000000
4221,-16.000000
4222,14.000000
4223,10.000000
4224,-8.000000
4225,-6.000000
4226,2.000000
4227,-42.000000
4228,-16.000000
4229,46.000000
4230,6.000000
4231,24.000000
4232,-10.000000
4233,38.000000
4234,-6.000000
4235,20.000000
4236,12.000000
4237,6.000000
4238,-4.000000
4239,-4.000000
4240,20.000000
4241,-62.000000
4242,8.000000
4243,50.000000
4244,-26.000000
4245,-18.000000
4246,16.000000
4247,44.000000
4248,24.000000
4249,16.000000
4250,12.000000
4251,-16.000000
4252,-40.000000
4253,-14.000000
4254,50.000000
4255,8.000000
4256,8.000000
4257,8.000000
4258,-8.000000
4259,24.000000
4260,-10.000000
4261,30.000000
4262,-20.000000
4263,6.000000
4264,8.000000
4265,-48.000000
4266,-34.000000
4267,32.000000
4268,-20.000000
4269,-38.000000
4270,0.000000
4271,20.000000
4272,14.000000
4273,-24.000000
4274,-6.000000
4275,0.000000
4276,-68.000000
4277,-78.000000
4278,-12.000000
4279,-8.000000
4280,62.000000
4281,14.000000
4282,14.000000
4283,-30.000000
4284,-26.000000
4285,-22.000000
4286,2.000000
4287,-12.000000
4288,-14.000000
4289,14.000000
4290,-4.000000
4291,20.000000
4292,-30.000000
4293,-4.000000
4294,42.000000
4295,34.000000
4296,-20.000000
4297,-44.000000
4298,62.000000
4299,-20.000000
4300,30.000000
4301,-40.000000
4302,-44.000000
4303,-4.000000
4304,6.000000
4305,22.000000
4306,-22.000000
4307,26.000000
4308,0.000000
4309,-16.000000
4310,-16.000000
4311,-12.000000
4312,30.000000
4313,-12.000000
4314,-36.000000
4315,28.000000
4316,16.000000
4317,20.000000
4318,-26.000000
4319,50.000000
4320,-28.000000
4321,-12.000000
4322,44.000000
4323,-18.000000
4324,28.000000
4325,-18.000000
4326,2.000000
4327,4.000000
4328,-36.000000
4329,-10.000000
4330,6.000000
4331,46.000000
4332,-4.000000
4333,16.000000
4334,-46.000000
4335,58.000000
4336,-8.000000
4337,-44.000000
4338,32.000000
4339,-14.000000
4340,-8.000000
4341,10.000000
4342,-36.000000
4343,-4.000000
4344,-10.000000
4345,-42.000000
4346,28.000000
4347,14.000000
4348,-2.000000
4349,-2.000000
4350,-44.000000
4351,-20.000000
4352,-4.000000
4353,-14.000000
4354,-20.000000
4355,-30.000000
4356,-4.000000
4357,8.000000
4358,2.000000
4359,-30.000000
4360,-10.000000
4361,30.000000
4362,8.000000
4363,78.000000
4364,6.000000
4365,-36.000000
4366,64.000000
4367,-20.000000
4368,-74.000000
4369,20.000000
4370,-16.000000
4371,2.000000
4372,-12.000000
4373,-16.000000
4374,-14.000000
4375,30.000000
4376,-6.000000
4377,32.000000
4378,34.000000
4379,-64.000000
4380,-14.000000
4381,-44.000000
4382,16.000000
4383,2.000000
4384,50.000000
4385,30.000000
4386,-8.000000
4387,-52.000000
4388,-40.000000
4389,-4.000000
4390,70.000000
4391,2.000000
4392,2.000000
4393,-4.000000
4394,20.000000
4395,-22.000000
4396,2.000000
4397,-20.000000
4398,-12.000000
4399,-50.000000
4400,-22.000000
4401,-20.000000
4402,0.000000
4403,24.000000
4404,-12.000000
4405,60.000000
4406,-30.000000
4407,-30.000000
4408,-30.000000
4409,-18.000000
4410,-16.000000
4411,40.000000
4412,-56.000000
4413,-66.000000
4414,2.000000
4415,28.000000
4416,28.000000
4417,12.000000
4418,26.000000
4419,50.000000
4420,38.000000
4421,-44.000000
4422,-16.000000
4423,-90.000000
4424,-70.000000
4425,10.000000
4426,-58.000000
4427,-12.000000
4428,-12.000000
4429,82.000000
4430,4.000000
4431,-22.000000
4432,-16.000000
4433,64.000000
4434,-22.000000
4435,6.000000
4436,-50.000000
4437,4.000000
4438,-44.000000
4439,-48.000000
4440,-48.000000
4441,22.000000
4442,-14.000000
4443,40.000000
4444,-48.000000
4445,26.000000
4446,0.000000
4447,-12.000000
4448,-22.000000
4449,-30.000000
4450,-34.000000
4451,-62.000000
4452,-34.000000
4453,4.000000
4454,54.000000
4455,54.000000
4456,14.000000
4457,16.000000
4458,16.000000
4459,20.000000
4460,50.000000
4461,28.000000
4462,-70.000000
4463,4.000000
4464,-20.000000
4465,24.000000
4466,-22.000000
4467,28.000000
4468,-40.000000
4469,-22.000000
4470,-2.000000
4471,24.000000
4472,-4.000000
4473,10.000000
4474,-40.000000
4475,-6.000000
4476,68.000000
4477,2.000000
4478,78.000000
4479,10.000000
4480,34.000000
4481,72.000000
4482,16.000000
4483,68.000000
4484,-28.000000
4485,60.000000
4486,-8.000000
4487,-30.000000
4488,-30.000000
4489,24.000000
4490,4.000000
4491,54.000000
4492,-2.000000
4493,-10.000000
4494,38.000000
4495,36.000000
4496,10.000000
4497,-16.000000
4498,-8.000000
4499,58.000000
4500,8.000000
4501,-8.000000
4502,30.000000
4503,-54.000000
4504,24.000000
4505,0.000000
4506,8.000000
4507,22.000000
4508,10.000000
4509,-24.000000
4510,-8.000000
4511,10.000000
4512,-8.000000
4513,38.000000
4514,30.000000
4515,50.000000
4516,-6.000000
4517,-10.000000
4518,14.000000
4519,104.000000
4520,14.000000
4521,8.000000
4522,34.000000
4523,10.000000
4524,-6.000000
4525,-18.000000
4526,-16.000000
4527,-68.000000
4528,-14.000000
4529,-52.000000
4530,-12.000000
4531,-20.000000
4532,-12.000000
4533,8.000000
4534,32.000000
4535,56.000000
4536,-18.000000
4537,-18.000000
4538,-24.000000
4539,-4.000000
4540,54.000000
4541,-10.000000
4542,-34.000000
4543,34.000000
4544,-12.000000
4545,-4.000000
4546,40.000000
4547,10.000000
4548,10.000000
4549,-16.000000
4550,0.000000
4551,-20.000000
4552,-8.000000
4553,8.000000
4554,-30.000000
4555,-4.000000
4556,22.000000
4557,72.000000
4558,50.000000
4559,-86.000000
4560,-22.000000
4561,-44.000000
4562,0.000000
4563,-4.000000
4564,-52.000000
4565,40.000000
4566,22.000000
4567,-34.000000
4568,-28.000000
4569,-12.000000
4570,24.000000
4571,0.000000
4572,-42.000000
4573,16.000000
4574,-80.000000
4575,-4.000000
4576,-28.000000
4577,-20.000000
4578,14.000000
4579,-26.000000
4580,-44.000000
4581,-12.000000
4582,-6.000000
4583,-4.000000
4584,2.000000
4585,8.000000
4586,0.000000
4587,14.000000
4588,22.000000
4589,-20.000000
4590,-18.000000
4591,-28.000000
4592,8.000000
4593,8.000000
4594,10.000000
4595,-8.000000
4596,-30.000000
4597,0.000000
4598,-72.000000
4599,-4.000000
4600,20.000000
4601,-4.000000
4602,-16.000000
4603,34.000000
4604,24.000000
4605,6.000000
4606,0.000000
4607,-12.000000
4608,6.000000
4609,8.000000
4610,-12.000000
4611,8.000000
4612,6.000000
4613,14.000000
4614,-6.000000
4615,-22.000000
4616,-4.000000
4617,22.000000
4618,54.000000
4619,46.000000
4620,-12.000000
4621,6.000000
4622,-6.000000
4623,46.000000
4624,8.000000
4625,2.000000
4626,10.000000
4627,22.000000
4628,14.000000
4629,-24.000000
4630,-16.000000
4631,-48.000000
4632,-4.000000
4633,-10.000000
4634,2.000000
4635,-12.000000
4636,-86.000000
4637,6.000000
4638,-50.000000
4639,14.000000
4640,26.000000
4641,24.000000
4642,-8.000000
4643,-18.000000
4644,8.000000
4645,8.000000
4646,-34.000000
4647,-12.000000
4648,32.000000
4649,-44.000000
4650,-74.000000
4651,-2.000000
4652,12.000000
4653,32.000000
4654,32.000000
4655,-34.000000
4656,22.000000
4657,-16.000000
4658,-30.000000
4659,-18.000000
4660,-44.000000
4661,12.000000
4662,-30.000000
4663,-30.000000
4664,34.000000
4665,-18.000000
4666,24.000000
4667,14.000000
4668,-64.000000
4669,30.000000
4670,-68.000000
4671,10.000000
4672,6.000000
4673,-58.000000
4674,-36.000000
4675,68.000000
4676,12.000000
4677,-22.000000
4678,-2.000000
4679,2.000000
4680,-4.000000
4681,26.000000
4682,-22.000000
4683,20.000000
4684,16.000000
4685,-58.000000
4686,-56.000000
4687,-8.000000
4688,18.000000
4689,24.000000
4690,-26.000000
4691,4.000000
4692,2.000000
4693,-4.000000
4694,-4.000000
4695,-4.000000
4696,-4.000000
4697,-6.000000
4698,-4.000000
4699,-4.000000
4700,-4.000000
4701,0.000000
4702,0.000000
4703,0.000000
4704,0.000000
4705,-4.000000
4706,2.000000
4707,0.000000
4708,0.000000
4709,0.000000
4710,0.000000
4711,0.000000
4712,0.000000
4713,2.000000
4714,8.000000
4715,40.000000
4716,20.000000
4717,22.000000
4718,6.000000
4719,10.000000
4720,-6.000000
4721,-8.000000
4722,-18.000000
4723,-16.000000
4724,-16.000000
4725,-22.000000
4726,-28.000000
4727,-38.000000
4728,-36.000000
4729,-44.000000
4730,-48.000000
4731,-102.000000
4732,-248.000000
4733,-250.000000
4734,-250.000000
4735,-250.000000
4736,-250.000000
4737,-250.000000
4738,-250.000000
4739,-46.000000
4740,16.000000
4741,8.000000
4742,16.000000
4743,-36.000000
4744,50.000000
4745,8.000000
4746,62.000000
4747,112.000000
4748,118.000000
4749,206.000000
4750,250.000000
4751,250.000000
4752,250.000000
4753,250.000000
4754,250.000000
4755,-22.000000
4756,-20.000000
4757,-20.000000
4758,-20.000000
4759,-20.000000
4760,-20.000000
4761,-20.000000
4762,-20.000000
4763,14.000000
4764,-22.000000
4765,26.000000
4766,12.000000
4767,16.000000
4768,-14.000000
4769,-30.000000
4770,-18.000000
4771,28.000000
4772,-4.000000
4773,36.000000
4774,36.000000
4775,-2.000000
4776,12.000000
4777,-4.000000
4778,-12.000000
4779,58.000000
4780,10.000000
4781,-20.000000
4782,-4.000000
4783,6.000000
4784,-44.000000
4785,-90.000000
4786,16.000000
4787,-6.000000
4788,-20.000000
4789,14.000000
4790,-2.000000
4791,0.000000
4792,14.000000
4793,-14.000000
4794,-78.000000
4795,-76.000000
4796,6.000000
4797,-10.000000
4798,34.000000
4799,-18.000000
4800,30.000000
4801,-24.000000
4802,-16.000000
4803,8.000000
4804,-22.000000
4805,-16.000000
4806,-56.000000
4807,-34.000000
4808,26.000000
4809,60.000000
4810,-30.000000
4811,14.000000
4812,-30.000000
4813,-2.000000
4814,-24.000000
4815,0.000000
4816,4.000000
4817,-22.000000
4818,-32.000000
4819,12.000000
4820,-22.000000
4821,16.000000
4822,-8.000000
4823,-36.000000
4824,-8.000000
4825,92.000000
4826,-64.000000
4827,14.000000
4828,18.000000
4829,2.000000
4830,2.000000
4831,-14.000000
4832,-4.000000
4833,26.000000
4834,-26.000000
4835,0.000000
4836,-6.000000
4837,28.000000
4838,-48.000000
4839,34.000000
4840,4.000000
4841,-20.000000
4842,-16.000000
4843,-4.000000
4844,-50.000000
4845,2.000000
4846,-4.000000
4847,8.000000
4848,-4.000000
4849,0.000000
4850,-8.000000
4851,-14.000000
4852,-40.000000
4853,8.000000
4854,-16.000000
4855,6.000000
4856,-32.000000
4857,-16.000000
4858,-20.000000
4859,44.000000
4860,-24.000000
4861,34.000000
4862,-14.000000
4863,8.000000
4864,4.000000
4865,-2.000000
4866,2.000000
4867,-52.000000
4868,54.000000
4869,-60.000000
4870,-6.000000
4871,-50.000000
4872,-26.000000
4873,-30.000000
4874,42.000000
4875,6.000000
4876,10.000000
4877,-12.000000
4878,2.000000
4879,20.000000
4880,-2.000000
4881,-34.000000
4882,50.000000
4883,24.000000
4884,10.000000
4885,6.000000
4886,-6.000000
4887,14.000000
4888,-8.000000
4889,-10.000000
4890,-68.000000
4891,-30.000000
4892,60.000000
4893,-2.000000
4894,28.000000
4895,-28.000000
4896,-4.000000
4897,38.000000
4898,26.000000
4899,-54.000000
4900,4.000000
4901,-4.000000
4902,32.000000
4903,-4.000000
4904,8.000000
4905,-14.000000
4906,50.000000
4907,2.000000
4908,-56.000000
4909,16.000000
4910,-4.000000
4911,0.000000
4912,2.000000
4913,0.000000
4914,-20.000000
4915,8.000000
4916,26.000000
4917,-64.000000
4918,-20.000000
4919,-34.000000
4920,-20.000000
4921,28.000000
4922,12.000000
4923,-12.000000
4924,6.000000
4925,20.000000
4926,-60.000000
4927,26.000000
4928,2.000000
4929,-20.000000
4930,-8.000000
4931,34.000000
4932,6.000000
4933,20.000000
4934,8.000000
4935,24.000000
4936,0.000000
4937,-22.000000
4938,-8.000000
4939,-48.000000
4940,-24.000000
4941,-8.000000
4942,-76.000000
4943,-8.000000
4944,-76.000000
4945,16.000000
4946,64.000000
4947,-20.000000
4948,0.000000
4949,0.000000
4950,-22.000000
4951,-18.000000
4952,4.000000
4953,-28.000000
4954,-34.000000
4955,22.000000
4956,-4.000000
4957,-4.000000
4958,-72.000000
4959,16.000000
4960,-34.000000
4961,-8.000000
4962,40.000000
4963,-2.000000
4964,12.000000
4965,-30.000000
4966,16.000000
4967,-48.000000
4968,-6.000000
4969,-20.000000
4970,30.000000
4971,58.000000
4972,12.000000
4973,-4.000000
4974,32.000000
4975,32.000000
4976,20.000000
4977,44.000000
4978,-32.000000
4979,-4.000000
4980,44.000000
4981,8.000000
4982,-8.000000
4983,58.000000
4984,-6.000000
4985,-4.000000
4986,-40.000000
4987,54.000000
4988,-22.000000
4989,32.000000
4990,-2.000000
4991,44.000000
4992,-10.000000
4993,10.000000
4994,-36.000000
4995,-4.000000
4996,72.000000
4997,4.000000
4998,2.000000
4999,-4.000000
5000,-26.000000
5001,-48.000000
5002,-6.000000
5003,0.000000
5004,0.000000
5005,8.000000
5006,-32.000000
5007,14.000000
5008,-4.000000
5009,-54.000000
5010,-2.000000
5011,-30.000000
5012,54.000000
5013,54.000000
5014,-40.000000
5015,-54.000000
5016,30.000000
5017,10.000000
5018,18.000000
5019,-30.000000
5020,-2.000000
5021,-6.000000
5022,-6.000000
5023,-24.000000
5024,26.000000
5025,-48.000000
5026,24.000000
5027,-20.000000
5028,68.000000
5029,-40.000000
5030,6.000000
5031,34.000000
5032,24.000000
5033,24.000000
5034,8.000000
5035,10.000000
5036,10.000000
5037,40.000000
5038,20.000000
5039,-2.000000
5040,0.000000
5041,14.000000
5042,6.000000
5043,22.000000
5044,-72.000000
5045,30.000000
5046,20.000000
5047,-30.000000
5048,10.000000
5049,2.000000
5050,20.000000
5051,-16.000000
5052,-26.000000
5053,0.000000
5054,-14.000000
5055,-38.000000
5056,-14.000000
5057,-16.000000
5058,-24.000000
5059,-4.000000
5060,2.000000
5061,-26.000000
5062,-82.000000
5063,-24.000000
5064,12.000000
5065,-2.000000
5066,26.000000
5067,-2.000000
5068,-6.000000
5069,0.000000
5070,-2.000000
5071,-68.000000
5072,-24.000000
5073,-22.000000
5074,40.000000
5075,-18.000000
5076,18.000000
5077,-4.000000
5078,-8.000000
5079,-32.000000
5080,2.000000
5081,50.000000
5082,24.000000
5083,-20.000000
5084,8.000000
5085,-12.000000
5086,-10.000000
5087,-8.000000
5088,36.000000
5089,18.000000
5090,-2.000000
5091,46.000000
5092,-34.000000
5093,-24.000000
5094,-60.000000
5095,-64.000000
5096,-12.000000
5097,32.000000
5098,-12.000000
5099,-12.000000
5100,-38.000000
5101,-18.000000
5102,14.000000
5103,0.000000
5104,2.000000
5105,22.000000
5106,-44.000000
5107,16.000000
5108,-4.000000
5109,-22.000000
5110,22.000000
5111,8.000000
5112,72.000000
5113,12.000000
5114,18.000000
5115,24.000000
5116,20.000000
5117,-32.000000
5118,-18.000000
5119,38.000000
5120,38.000000
5121,-8.000000
5122,54.000000
5123,14.000000
5124,20.000000
5125,18.000000
5126,10.000000
5127,54.000000
5128,-6.000000
5129,24.000000
5130,6.000000
5131,4.000000
5132,22.000000
5133,-44.000000
5134,18.000000
5135,-44.000000
5136,0.000000
5137,0.000000
5138,14.000000
5139,-4.000000
5140,44.000000
5141,4.000000
5142,-16.000000
5143,16.000000
5144,-4.000000
5145,-22.000000
5146,16.000000
5147,8.000000
5148,-4.000000
5149,48.000000
5150,32.000000
5151,58.000000
5152,14.000000
5153,-64.000000
5154,-70.000000
5155,-10.000000
5156,-4.000000
5157,-50.000000
5158,54.000000
5159,0.000000
5160,-64.000000
5161,-44.000000
5162,2.000000
5163,-82.000000
5164,-8.000000
5165,42.000000
5166,34.000000
5167,-26.000000
5168,16.000000
5169,-50.000000
5170,8.000000
5171,0.000000
5172,42.000000
5173,-34.000000
5174,50.000000
5175,-2.000000
5176,40.000000
5177,14.000000
5178,-46.000000
5179,12.000000
5180,10.000000
5181,-4.000000
5182,-2.000000
5183,30.000000
5184,-30.000000
5185,-38.000000
5186,-12.000000
5187,40.000000
5188,12.000000
5189,38.000000
5190,14.000000
5191,12.000000
5192,-24.000000
5193,-40.000000
5194,0.000000
5195,-22.000000
5196,36.000000
5197,44.000000
5198,2.000000
5199,-2.000000
5200,-4.000000
5201,10.000000
5202,-12.000000
5203,-22.000000
5204,4.000000
5205,4.000000
5206,44.000000
5207,-8.000000
5208,18.000000
5209,54.000000
5210,26.000000
5211,30.000000
5212,4.000000
5213,14.000000
5214,16.000000
5215,-8.000000
5216,0.000000
5217,-56.000000
5218,32.000000
5219,-64.000000
5220,10.000000
5221,8.000000
5222,2.000000
5223,30.000000
5224,10.000000
5225,6.000000
5226,-8.000000
5227,4.000000
5228,-10.000000
5229,14.000000
5230,60.000000
5231,6.000000
5232,54.000000
5233,26.000000
5234,-12.000000
5235,10.000000
5236,10.000000
5237,40.000000
5238,6.000000
5239,44.000000
5240,-12.000000
5241,8.000000
5242,14.000000
5243,-34.000000
5244,-6.000000
5245,-2.000000
5246,100.000000
5247,-20.000000
5248,8.000000
5249,-6.000000
5250,4.000000
5251,-30.000000
5252,10.000000
5253,2.000000
5254,4.000000
5255,32.000000
5256,12.000000
5257,-54.000000
5258,2.000000
5259,-20.000000
5260,0.000000
5261,-14.000000
5262,2.000000
5263,-60.000000
5264,-24.000000
5265,-18.000000
5266,-26.000000
5267,12.000000
5268,-14.000000
5269,-6.000000
5270,-10.000000
5271,42.000000
5272,-16.000000
5273,0.000000
5274,42.000000
5275,-22.000000
5276,40.000000
5277,12.000000
5278,-38.000000
5279,16.000000
5280,-12.000000
5281,-34.000000
5282,10.000000
5283,-2.000000
5284,10.000000
5285,-38.000000
5286,-16.000000
5287,-18.000000
5288,14.000000
5289,0.000000
5290,-20.000000
5291,-52.000000
5292,14.000000
5293,-18.000000
5294,-36.000000
5295,28.000000
5296,-2.000000
5297,24.000000
5298,76.000000
5299,-34.000000
5300,-30.000000
5301,8.000000
5302,30.000000
5303,2.000000
5304,-8.000000
5305,8.000000
5306,-12.000000
5307,-6.000000
5308,-78.000000
5309,-28.000000
5310,-34.000000
5311,6.000000
5312,-8.000000
5313,-16.000000
5314,16.000000
5315,-20.000000
5316,-16.000000
5317,-12.000000
5318,36.000000
5319,8.000000
5320,-18.000000
5321,6.000000
5322,4.000000
5323,-10.000000
5324,50.000000
5325,14.000000
5326,24.000000
5327,-78.000000
5328,30.000000
5329,14.000000
5330,-2.000000
5331,10.000000
5332,34.000000
5333,-74.000000
5334,-2.000000
5335,62.000000
5336,8.000000
5337,28.000000
5338,-10.000000
5339,26.000000
5340,0.000000
5341,-20.000000
5342,24.000000
5343,10.000000
5344,18.000000
5345,14.000000
5346,-8.000000
5347,10.000000
5348,-36.000000
5349,-30.000000
5350,-16.000000
5351,16.000000
5352,-12.000000
5353,14.000000
5354,-22.000000
5355,-22.000000
5356,10.000000
5357,-4.000000
5358,-22.000000
5359,4.000000
5360,40.000000
5361,10.000000
5362,2.000000
5363,2.000000
5364,20.000000
5365,-30.000000
5366,108.000000
5367,-44.000000
5368,18.000000
5369,12.000000
5370,22.000000
5371,-40.000000
5372,-8.000000
5373,22.000000
5374,-36.000000
5375,34.000000
5376,-8.000000
5377,-60.000000
5378,-40.000000
5379,14.000000
5380,14.000000
5381,16.000000
5382,6.000000
5383,10.000000
5384,38.000000
5385,-44.000000
5386,-20.000000
5387,78.000000
5388,-4.000000
5389,-26.000000
5390,0.000000
5391,58.000000
5392,-30.000000
5393,-14.000000
5394,54.000000
5395,8.000000
5396,4.000000
5397,-30.000000
5398,0.000000
5399,-20.000000
5400,2.000000
5401,-2.000000
5402,8.000000
5403,-26.000000
5404,-8.000000
5405,2.000000
5406,-20.000000
5407,-34.000000
5408,30.000000
5409,108.000000
5410,14.000000
5411,8.000000
5412,-26.000000
5413,-20.000000
5414,16.000000
5415,-20.000000
5416,82.000000
5417,28.000000
5418,28.000000
5419,-14.000000
5420,-26.000000
5421,-34.000000
5422,82.000000
5423,10.000000
5424,16.000000
5425,4.000000
5426,-2.000000
5427,-10.000000
5428,10.000000
5429,4.000000
5430,8.000000
5431,-14.000000
5432,-6.000000
5433,-8.000000
5434,6.000000
5435,-28.000000
5436,0.000000
5437,-4.000000
5438,-14.000000
5439,58.000000
5440,-4.000000
5441,54.000000
5442,2.000000
5443,32.000000
5444,8.000000
5445,2.000000
5446,68.000000
5447,14.000000
5448,14.000000
5449,-6.000000
5450,-2.000000
5451,14.000000
5452,44.000000
5453,-20.000000
5454,-26.000000
5455,-46.000000
5456,10.000000
5457,8.000000
5458,-12.000000
5459,24.000000
5460,6.000000
5461,-2.000000
5462,12.000000
5463,-44.000000
5464,-64.000000
5465,8.000000
5466,0.000000
5467,-30.000000
5468,14.000000
5469,-20.000000
5470,-18.000000
5471,-10.000000
5472,-4.000000
5473,-6.000000
5474,2.000000
5475,-8.000000
5476,6.000000
5477,8.000000
5478,26.000000
5479,2.000000
5480,2.000000
5481,-60.000000
5482,-14.000000
5483,-26.000000
5484,2.000000
5485,10.000000
5486,10.000000
5487,-22.000000
5488,-44.000000
5489,26.000000
5490,24.000000
5491,10.000000
5492,-30.000000
5493,-4.000000
5494,20.000000
5495,-8.000000
5496,-12.000000
5497,2.000000
5498,-2.000000
5499,-28.000000
5500,-12.000000
5501,34.000000
5502,6.000000
5503,6.000000
5504,-2.000000
5505,26.000000
5506,82.000000
5507,48.000000
5508,6.000000
5509,-30.000000
5510,8.000000
5511,26.000000
5512,8.000000
5513,16.000000
5514,2.000000
5515,86.000000
5516,8.000000
5517,-12.000000
5518,32.000000
5519,6.000000
5520,-8.000000
5521,-16.000000
5522,-16.000000
5523,-16.000000
5524,8.000000
5525,8.000000
5526,46.000000
5527,-20.000000
5528,-20.000000
5529,64.000000
5530,-44.000000
5531,8.000000
5532,-12.000000
5533,-2.000000
5534,-66.000000
5535,-14.000000
5536,-12.000000
5537,-22.000000
5538,26.000000
5539,-8.000000
5540,-30.000000
5541,22.000000
5542,20.000000
5543,-40.000000
5544,50.000000
5545,-12.000000
5546,30.000000
5547,-50.000000
5548,-18.000000
5549,-48.000000
5550,20.000000
5551,0.000000
5552,4.000000
5553,2.000000
5554,-10.000000
5555,-54.000000
5556,-14.000000
5557,-58.000000
5558,-60.000000
5559,10.000000
5560,8.000000
5561,-8.000000
5562,8.000000
5563,34.000000
5564,26.000000
5565,-56.000000
5566,16.000000
5567,-8.000000
5568,42.000000
5569,-4.000000
5570,-42.000000
5571,64.000000
5572,34.000000
5573,-4.000000
5574,20.000000
5575,12.000000
5576,8.000000
5577,14.000000
5578,8.000000
5579,10.000000
5580,86.000000
5581,-54.000000
5582,60.000000
5583,-54.000000
5584,26.000000
5585,8.000000
5586,-4.000000
5587,-6.000000
5588,-30.000000
5589,-20.000000
5590,-26.000000
5591,32.000000
5592,44.000000
5593,-2.000000
5594,-2.000000
5595,8.000000
5596,30.000000
5597,10.000000
5598,-72.000000
5599,4.000000
5600,-14.000000
5601,8.000000
5602,-16.000000
5603,6.000000
5604,-62.000000
5605,-16.000000
5606,50.000000
5607,-2.000000
5608,-2.000000
5609,-4.000000
5610,38.000000
5611,6.000000
5612,-16.000000
5613,-30.000000
5614,34.000000
5615,-4.000000
5616,8.000000
5617,-4.000000
5618,-2.000000
5619,16.000000
5620,12.000000
5621,-18.000000
5622,10.000000
5623,26.000000
5624,-30.000000
5625,8.000000
5626,-32.000000
5627,16.000000
5628,-4.000000
5629,-30.000000
5630,-4.000000
5631,-40.000000
5632,2.000000
5633,-12.000000
5634,-40.000000
5635,10.000000
5636,14.000000
5637,-44.000000
5638,6.000000
5639,28.000000
5640,-8.000000
5641,-36.000000
5642,-2.000000
5643,64.000000
5644,40.000000
5645,-28.000000
5646,42.000000
5647,28.000000
5648,-26.000000
5649,-6.000000
5650,12.000000
5651,42.000000
5652,2.000000
5653,38.000000
5654,38.000000
5655,-54.000000
5656,46.000000
5657,-18.000000
5658,-14.000000
5659,22.000000
5660,-2.000000
5661,54.000000
5662,-40.000000
5663,6.000000
5664,54.000000
5665,-46.000000
5666,46.000000
5667,-40.000000
5668,22.000000
5669,2.000000
5670,24.000000
5671,-10.000000
5672,-10.000000
5673,-36.000000
5674,-46.000000
5675,54.000000
5676,-8.000000
5677,10.000000
5678,8.000000
5679,0.000000
5680,-12.000000
5681,0.000000
5682,-24.000000
5683,-40.000000
5684,6.000000
5685,-12.000000
5686,8.000000
5687,-20.000000
5688,-62.000000
5689,8.000000
5690,-18.000000
5691,-10.000000
5692,56.000000
5693,10.000000
5694,10.000000
5695,-16.000000
5696,32.000000
5697,0.000000
5698,-20.000000
5699,-26.000000
5700,50.000000
5701,-6.000000
5702,24.000000
5703,8.000000
5704,20.000000
5705,12.000000
5706,-6.000000
5707,30.000000
5708,14.000000
5709,-20.000000
5710,-6.000000
5711,-12.000000
5712,-4.000000
5713,-6.000000
5714,54.000000
5715,0.000000
5716,30.000000
5717,-12.000000
5718,-36.000000
5719,-18.000000
5720,-54.000000
5721,-16.000000
5722,8.000000
5723,22.000000
5724,6.000000
5725,-4.000000
5726,-14.000000
5727,-14.000000
5728,-14.000000
5729,10.000000
5730,-48.000000
5731,26.000000
5732,2.000000
5733,-4.000000
5734,-18.000000
5735,-2.000000
5736,-10.000000
5737,2.000000
5738,46.000000
5739,10.000000
5740,36.000000
5741,-24.000000
5742,28.000000
5743,16.000000
5744,8.000000
5745,-20.000000
5746,-26.000000
5747,-22.000000
5748,14.000000
5749,12.000000
5750,-28.000000
5751,-44.000000
5752,-54.000000
5753,22.000000
5754,-44.000000
5755,18.000000
5756,-4.000000
5757,20.000000
5758,-24.000000
5759,22.000000
5760,4.000000
5761,16.000000
5762,20.000000
5763,-16.000000
5764,10.000000
5765,24.000000
5766,-44.000000
5767,-22.000000
5768,60.000000
5769,-68.000000
5770,-72.000000
5771,2.000000
5772,12.000000
5773,-6.000000
5774,-26.000000
5775,2.000000
5776,-90.000000
5777,8.000000
5778,-10.000000
5779,10.000000
5780,-40.000000
5781,-58.000000
5782,14.000000
5783,-18.000000
5784,-4.000000
5785,16.000000
5786,24.000000
5787,38.000000
5788,32.000000
5789,12.000000
5790,-22.000000
5791,8.000000
5792,68.000000
5793,-26.000000
5794,16.000000
5795,10.000000
5796,-60.000000
5797,34.000000
5798,40.000000
5799,8.000000
5800,-6.000000
5801,-8.000000
5802,14.000000
5803,0.000000
5804,0.000000
5805,-16.000000
5806,-20.000000
5807,50.000000
5808,-18.000000
5809,10.000000
5810,-18.000000
5811,4.000000
5812,-50.000000
5813,82.000000
5814,4.000000
5815,20.000000
5816,-16.000000
5817,-54.000000
5818,22.000000
5819,-26.000000
5820,12.000000
5821,0.000000
5822,24.000000
5823,-62.000000
5824,-14.000000
5825,-12.000000
5826,6.000000
5827,-4.000000
5828,14.000000
5829,-8.000000
5830,36.000000
5831,-4.000000
5832,26.000000
5833,-24.000000
5834,-2.000000
5835,40.000000
5836,16.000000
5837,4.000000
5838,-12.000000
5839,-2.000000
5840,26.000000
5841,-26.000000
5842,-64.000000
5843,14.000000
5844,2.000000
5845,-8.000000
5846,16.000000
5847,10.000000
5848,-40.000000
5849,2.000000
5850,58.000000
5851,26.000000
5852,-36.000000
5853,14.000000
5854,-76.000000
5855,-28.000000
5856,-16.000000
5857,46.000000
5858,-28.000000
5859,-38.000000
5860,-22.000000
5861,-12.000000
5862,62.000000
5863,2.000000
5864,-16.000000
5865,64.000000
5866,-18.000000
5867,-18.000000
5868,20.000000
5869,38.000000
5870,-48.000000
5871,46.000000
5872,-12.000000
5873,24.000000
5874,-2.000000
5875,36.000000
5876,-6.000000
5877,-12.000000
5878,12.000000
5879,16.000000
5880,-32.000000
5881,50.000000
5882,-22.000000
5883,24.000000
5884,24.000000
5885,-2.000000
5886,16.000000
5887,-4.000000
5888,8.000000
5889,2.000000
5890,2.000000
5891,14.000000
5892,54.000000
5893,2.000000
5894,-2.000000
5895,-8.000000
5896,-20.000000
5897,14.000000
5898,-30.000000
5899,-4.000000
5900,4.000000
5901,-18.000000
5902,-6.000000
5903,30.000000
5904,-30.000000
5905,14.000000
5906,-18.000000
5907,-74.000000
5908,-18.000000
5909,58.000000
5910,10.000000
5911,4.000000
5912,2.000000
5913,-18.000000
5914,-12.000000
5915,-26.000000
5916,6.000000
5917,0.000000
5918,-12.000000
5919,-18.000000
5920,0.000000
5921,12.000000
5922,6.000000
5923,10.000000
5924,14.000000
5925,24.000000
5926,0.000000
5927,24.000000
5928,-18.000000
5929,-6.000000
5930,22.000000
5931,8.000000
5932,16.000000
5933,62.000000
5934,-44.000000
5935,-76.000000
5936,6.000000
5937,86.000000
5938,-48.000000
5939,20.000000
5940,-6.000000
5941,6.000000
5942,6.000000
5943,0.000000
5944,8.000000
5945,30.000000
5946,30.000000
5947,6.000000
5948,2.000000
5949,26.000000
5950,-44.000000
5951,-30.000000
5952,0.000000
5953,-44.000000
5954,-40.000000
5955,10.000000
5956,-26.000000
5957,8.000000
5958,30.000000
5959,42.000000
5960,-4.000000
5961,-38.000000
5962,6.000000
5963,2.000000
5964,0.000000
5965,14.000000
5966,34.000000
5967,2.000000
5968,30.000000
5969,2.000000
5970,-8.000000
5971,10.000000
5972,-22.000000
5973,2.000000
5974,-4.000000
5975,14.000000
5976,46.000000
5977,2.000000
5978,-10.000000
5979,70.000000
5980,-16.000000
5981,-8.000000
5982,2.000000
5983,-10.000000
5984,10.000000
5985,-4.000000
5986,-16.000000
5987,-4.000000
5988,6.000000
5989,-22.000000
5990,0.000000
5991,0.000000
5992,-30.000000
5993,-20.000000
5994,38.000000
5995,-20.000000
5996,2.000000
5997,-16.000000
5998,0.000000
5999,34.000000
6000,26.000000
6001,14.000000
6002,10.000000
6003,20.000000
6004,22.000000
6005,-4.000000
6006,24.000000
6007,-14.000000
6008,68.000000
6009,0.000000
6010,24.000000
6011,-6.000000
6012,-34.000000
6013,0.000000
6014,78.000000
6015,0.000000
6016,30.000000
6017,-18.000000
6018,64.000000
6019,16.000000
6020,-8.000000
6021,-34.000000
6022,-14.000000
6023,30.000000
6024,8.000000
6025,40.000000
6026,20.000000
6027,-36.000000
6028,-64.000000
6029,-12.000000
6030,14.000000
6031,-30.000000
6032,-4.000000
6033,0.000000
6034,16.000000
6035,-12.000000
6036,-4.000000
6037,18.000000
6038,-2.000000
6039,-12.000000
6040,28.000000
6041,-6.000000
6042,58.000000
6043,-8.000000
6044,-12.000000
6045,-6.000000
6046,32.000000
6047,-34.000000
6048,8.000000
6049,24.000000
6050,-26.000000
6051,-60.000000
6052,-4.000000
6053,-26.000000
6054,40.000000
6055,-14.000000
6056,-12.000000
6057,-70.000000
6058,-6.000000
6059,-16.000000
6060,-18.000000
6061,14.000000
6062,20.000000
6063,-8.000000
6064,72.000000
6065,12.000000
6066,-16.000000
6067,20.000000
6068,-30.000000
6069,92.000000
6070,-8.000000
6071,-16.000000
6072,10.000000
6073,-58.000000
6074,20.000000
6075,2.000000
6076,-16.000000
6077,-12.000000
6078,-20.000000
6079,36.000000
6080,18.000000
6081,-12.000000
6082,20.000000
6083,-80.000000
6084,-26.000000
6085,-66.000000
6086,-10.000000
6087,6.000000
6088,-34.000000
6089,-14.000000
6090,62.000000
6091,16.000000
6092,-8.000000
6093,-46.000000
6094,14.000000
6095,6.000000
6096,-28.000000
6097,8.000000
6098,-6.000000
6099,46.000000
6100,0.000000
6101,-30.000000
6102,-26.000000
6103,-20.000000
6104,8.000000
6105,-4.000000
6106,0.000000
6107,8.000000
6108,-20.000000
6109,26.000000
6110,2.000000
6111,22.000000
6112,-30.000000
6113,-8.000000
6114,14.000000
6115,32.000000
6116,2.000000
6117,94.000000
6118,2.000000
6119,-36.000000
6120,0.000000
6121,64.000000
6122,-16.000000
6123,-22.000000
6124,-26.000000
6125,-44.000000
6126,68.000000
6127,8.000000
6128,-18.000000
6129,-8.000000
6130,-20.000000
6131,-6.000000
6132,-40.000000
6133,-30.000000
6134,-18.000000
6135,14.000000
6136,28.000000
6137,-14.000000
6138,-16.000000
6139,-44.000000
6140,-8.000000
6141,-20.000000
6142,36.000000
6143,50.000000
6144,-16.000000
6145,30.000000
6146,60.000000
6147,40.000000
6148,54.000000
6149,-48.000000
6150,102.000000
6151,34.000000
6152,0.000000
6153,14.000000
6154,16.000000
6155,-40.000000
6156,-26.000000
6157,2.000000
6158,0.000000
6159,-4.000000
6160,-4.000000
6161,10.000000
6162,-26.000000
6163,-30.000000
6164,34.000000
6165,46.000000
6166,-24.000000
6167,-2.000000
6168,8.000000
6169,-30.000000
6170,46.000000
6171,-24.000000
6172,40.000000
6173,16.000000
6174,54.000000
6175,-12.000000
6176,-20.000000
6177,-4.000000
6178,-14.000000
6179,-10.000000
6180,68.000000
6181,-8.000000
6182,-36.000000
6183,10.000000
6184,10.000000
6185,20.000000
6186,-12.000000
6187,-38.000000
6188,-12.000000
6189,6.000000
6190,46.000000
6191,40.000000
6192,-12.000000
6193,68.000000
6194,42.000000
6195,74.000000
6196,16.000000
6197,12.000000
6198,-54.000000
6199,26.000000
6200,38.000000
6201,56.000000
6202,54.000000
6203,-12.000000
6204,-4.000000
6205,-30.000000
6206,56.000000
6207,-12.000000
6208,68.000000
6209,-44.000000
6210,0.000000
6211,0.000000
6212,4.000000
6213,14.000000
6214,2.000000
6215,12.000000
6216,-16.000000
6217,-2.000000
6218,0.000000
6219,32.000000
6220,8.000000
6221,16.000000
6222,46.000000
6223,30.000000
6224,16.000000
6225,-64.000000
6226,-18.000000
6227,46.000000
6228,-8.000000
6229,6.000000
6230,6.000000
6231,-36.000000
6232,-64.000000
6233,-48.000000
6234,-4.000000
6235,-26.000000
6236,-18.000000
6237,14.000000
6238,54.000000
6239,-24.000000
6240,-26.000000
6241,-2.000000
6242,0.000000
6243,-56.000000
6244,4.000000
6245,-14.000000
6246,32.000000
6247,6.000000
6248,84.000000
6249,14.000000
6250,22.000000
6251,-12.000000
6252,-24.000000
6253,-10.000000
6254,-12.000000
6255,6.000000
6256,-2.000000
6257,-4.000000
6258,10.000000
6259,24.000000
6260,26.000000
6261,30.000000
6262,-36.000000
6263,-28.000000
6264,-44.000000
6265,-16.000000
6266,6.000000
6267,-2.000000
6268,6.000000
6269,8.000000
6270,-12.000000
6271,14.000000
6272,14.000000
6273,-12.000000
6274,-18.000000
6275,-2.000000
6276,-4.000000
6277,6.000000
6278,-10.000000
6279,46.000000
6280,-12.000000
6281,-44.000000
6282,-40.000000
6283,14.000000
6284,-18.000000
6285,44.000000
6286,22.000000
6287,10.000000
6288,0.000000
6289,-28.000000
6290,0.000000
6291,46.000000
6292,62.000000
6293,10.000000
6294,0.000000
6295,18.000000
6296,-20.000000
6297,-24.000000
6298,-16.000000
6299,-22.000000
6300,18.000000
6301,2.000000
6302,22.000000
6303,14.000000
6304,-38.000000
6305,44.000000
6306,6.000000
6307,-8.000000
6308,-4.000000
6309,60.000000
6310,-6.000000
6311,20.000000
6312,22.000000
6313,-60.000000
6314,6.000000
6315,-12.000000
6316,26.000000
6317,-44.000000
6318,-2.000000
6319,-12.000000
6320,2.000000
6321,-16.000000
6322,-12.000000
6323,-16.000000
6324,-38.000000
6325,14.000000
6326,-26.000000
6327,-22.000000
6328,-6.000000
6329,10.000000
6330,54.000000
6331,-48.000000
6332,-46.000000
6333,-16.000000
6334,-20.000000
6335,-12.000000
6336,46.000000
6337,-16.000000
6338,-6.000000
6339,-18.000000
6340,36.000000
6341,0.000000
6342,24.000000
6343,-66.000000
6344,-18.000000
6345,-12.000000
6346,-22.000000
6347,14.000000
6348,-32.000000
6349,24.000000
6350,-34.000000
6351,10.000000
6352,-12.000000
6353,-26.000000
6354,22.000000
6355,-8.000000
6356,-12.000000
6357,-56.000000
6358,-36.000000
6359,-8.000000
6360,-4.000000
6361,-2.000000
6362,32.000000
6363,26.000000
6364,-14.000000
6365,10.000000
6366,-30.000000
6367,-2.000000
6368,8.000000
6369,6.000000
6370,64.000000
6371,-34.000000
6372,-4.000000
6373,78.000000
6374,-44.000000
6375,-2.000000
6376,8.000000
6377,8.000000
6378,22.000000
6379,8.000000
6380,-4.000000
6381,-12.000000
6382,-4.000000
6383,6.000000
6384,-34.000000
6385,2.000000
6386,10.000000
6387,0.000000
6388,32.000000
6389,-32.000000
6390,-18.000000
6391,-16.000000
6392,-10.000000
6393,16.000000
6394,10.000000
6395,0.000000
6396,2.000000
6397,-44.000000
6398,-26.000000
6399,-58.000000
6400,-8.000000
6401,-44.000000
6402,44.000000
6403,18.000000
6404,-50.000000
6405,-14.000000
6406,-2.000000
6407,-8.000000
6408,0.000000
6409,54.000000
6410,-16.000000
6411,2.000000
6412,8.000000
6413,20.000000
6414,-2.000000
6415,46.000000
6416,2.000000
6417,-10.000000
6418,-24.000000
6419,2.000000
6420,2.000000
6421,26.000000
6422,-2.000000
6423,2.000000
6424,8.000000
6425,-12.000000
6426,-8.000000
6427,-2.000000
6428,6.000000
6429,54.000000
6430,46.000000
6431,-18.000000
6432,-50.000000
6433,-16.000000
6434,-18.000000
6435,34.000000
6436,2.000000
6437,24.000000
6438,42.000000
6439,40.000000
6440,0.000000
6441,-10.000000
6442,-12.000000
6443,-12.000000
6444,-26.000000
6445,-36.000000
6446,34.000000
6447,-34.000000
6448,0.000000
6449,14.000000
6450,16.000000
6451,-30.000000
6452,-8.000000
6453,-4.000000
6454,0.000000
6455,-8.000000
6456,30.000000
6457,50.000000
6458,42.000000
6459,0.000000
6460,-8.000000
6461,-24.000000
6462,-10.000000
6463,50.000000
6464,-22.000000
6465,4.000000
6466,-2.000000
6467,-2.000000
6468,-36.000000
6469,10.000000
6470,4.000000
6471,8.000000
6472,-12.000000
6473,2.000000
6474,-12.000000
6475,0.000000
6476,-14.000000
6477,36.000000
6478,-2.000000
6479,28.000000
6480,-2.000000
6481,-26.000000
6482,-10.000000
6483,-18.000000
6484,60.000000
6485,-22.000000
6486,-22.000000
6487,-30.000000
6488,-12.000000
6489,-4.000000
6490,30.000000
6491,-34.000000
6492,10.000000
6493,-2.000000
6494,32.000000
6495,78.000000
6496,-2.000000
6497,28.000000
6498,6.000000
6499,38.000000
6500,-4.000000
6501,22.000000
6502,22.000000
6503,60.000000
6504,-12.000000
6505,28.000000
6506,-8.000000
6507,2.000000
6508,38.000000
6509,-20.000000
6510,14.000000
6511,38.000000
6512,48.000000
6513,-8.000000
6514,34.000000
6515,12.000000
6516,12.000000
6517,50.000000
6518,30.000000
6519,2.000000
6520,14.000000
6521,-26.000000
6522,-2.000000
6523,-62.000000
6524,-30.000000
6525,-18.000000
6526,-24.000000
6527,30.000000
6528,24.000000
6529,-4.000000
6530,-4.000000
6531,-4.000000
6532,24.000000
6533,-58.000000
6534,-18.000000
6535,14.000000
6536,0.000000
6537,-16.000000
6538,-16.000000
6539,68.000000
6540,-6.000000
6541,34.000000
6542,-2.000000
6543,16.000000
6544,-48.000000
6545,-34.000000
6546,-26.000000
6547,-22.000000
6548,-8.000000
6549,16.000000
6550,-22.000000
6551,-16.000000
6552,-4.000000
6553,16.000000
6554,-44.000000
6555,12.000000
6556,-2.000000
6557,-40.000000
6558,-40.000000
6559,8.000000
6560,8.000000
6561,-30.000000
6562,36.000000
6563,-22.000000
6564,-36.000000
6565,-4.000000
6566,-68.000000
6567,-22.000000
6568,8.000000
6569,-46.000000
6570,36.000000
6571,14.000000
6572,68.000000
6573,50.000000
6574,-22.000000
6575,-48.000000
6576,-14.000000
6577,38.000000
6578,-18.000000
6579,30.000000
6580,36.000000
6581,-2.000000
6582,0.000000
6583,-40.000000
6584,54.000000
6585,14.000000
6586,30.000000
6587,12.000000
6588,30.000000
6589,-4.000000
6590,-12.000000
6591,40.000000
6592,-38.000000
6593,-18.000000
6594,2.000000
6595,-4.000000
6596,-14.000000
6597,4.000000
6598,-8.000000
6599,60.000000
6600,-32.000000
6601,8.000000
6602,2.000000
6603,-72.000000
6604,-32.000000
6605,74.000000
6606,-2.000000
6607,22.000000
6608,6.000000
6609,10.000000
6610,14.000000
6611,-8.000000
6612,18.000000
6613,8.000000
6614,48.000000
6615,70.000000
6616,8.000000
6617,22.000000
6618,-26.000000
6619,-16.000000
6620,58.000000
6621,-20.000000
6622,-8.000000
6623,38.000000
6624,58.000000
6625,-42.000000
6626,12.000000
6627,14.000000
6628,22.000000
6629,-50.000000
6630,28.000000
6631,22.000000
6632,-12.000000
6633,-2.000000
6634,-24.000000
6635,-2.000000
6636,-8.000000
6637,-6.000000
6638,-52.000000
6639,34.000000
6640,-50.000000
6641,-22.000000
6642,-12.000000
6643,26.000000
6644,34.000000
6645,-38.000000
6646,-12.000000
6647,26.000000
6648,-28.000000
6649,16.000000
6650,22.000000
6651,-20.000000
6652,22.000000
6653,10.000000
6654,8.000000
6655,20.000000
6656,34.000000
6657,-44.000000
6658,0.000000
6659,-18.000000
6660,0.000000
6661,-16.000000
6662,32.000000
6663,14.000000
6664,10.000000
6665,-4.000000
6666,42.000000
6667,-18.000000
6668,-28.000000
6669,4.000000
6670,-64.000000
6671,18.000000
6672,18.000000
6673,-22.000000
6674,-68.000000
6675,-80.000000
6676,-12.000000
6677,12.000000
6678,-2.000000
6679,50.000000
6680,-12.000000
6681,26.000000
6682,70.000000
6683,-22.000000
6684,16.000000
6685,-22.000000
6686,38.000000
6687,-18.000000
6688,-18.000000
6689,32.000000
6690,-22.000000
6691,-4.000000
6692,34.000000
6693,-30.000000
6694,14.000000
6695,-14.000000
6696,0.000000
6697,12.000000
6698,2.000000
6699,-50.000000
6700,30.000000
6701,22.000000
6702,-30.000000
6703,-20.000000
6704,-10.000000
6705,26.000000
6706,22.000000
6707,-72.000000
6708,10.000000
6709,2.000000
6710,28.000000
6711,26.000000
6712,-4.000000
6713,14.000000
6714,-32.000000
6715,-30.000000
6716,-38.000000
6717,-2.000000
6718,46.000000
6719,-24.000000
6720,-34.000000
6721,-8.000000
6722,-12.000000
6723,-38.000000
6724,54.000000
6725,4.000000
6726,46.000000
6727,2.000000
6728,-2.000000
6729,34.000000
6730,-26.000000
6731,4.000000
6732,-54.000000
6733,60.000000
6734,30.000000
6735,44.000000
6736,-12.000000
6737,-30.000000
6738,46.000000
6739,10.000000
6740,62.000000
6741,-16.000000
6742,40.000000
6743,-48.000000
6744,-24.000000
6745,70.000000
6746,2.000000
6747,10.000000
6748,8.000000
6749,16.000000
6750,-16.000000
6751,48.000000
6752,48.000000
6753,10.000000
6754,-20.000000
6755,-4.000000
6756,14.000000
6757,50.000000
6758,42.000000
6759,12.000000
6760,-44.000000
6761,12.000000
6762,28.000000
6763,-36.000000
6764,2.000000
6765,-24.000000
6766,44.000000
6767,-36.000000
6768,-12.000000
6769,38.000000
6770,-22.000000
6771,24.000000
6772,18.000000
6773,-24.000000
6774,24.000000
6775,8.000000
6776,-46.000000
6777,30.000000
6778,20.000000
6779,-14.000000
6780,-44.000000
6781,28.000000
6782,-28.000000
6783,8.000000
6784,4.000000
6785,-30.000000
6786,0.000000
6787,-32.000000
6788,4.000000
6789,-70.000000
6790,-20.000000
6791,-16.000000
6792,-14.000000
6793,-4.000000
6794,12.000000
6795,42.000000
6796,-22.000000
6797,88.000000
6798,28.000000
6799,12.000000
6800,34.000000
6801,10.000000
6802,-8.000000
6803,-18.000000
6804,-60.000000
6805,-2.000000
6806,-44.000000
6807,0.000000
6808,-6.000000
6809,-48.000000
6810,-20.000000
6811,-26.000000
6812,26.000000
6813,16.000000
6814,24.000000
6815,-14.000000
6816,-36.000000
6817,28.000000
6818,6.000000
6819,2.000000
6820,2.000000
6821,-8.000000
6822,-66.000000
6823,10.000000
6824,-36.000000
6825,-66.000000
6826,-8.000000
6827,26.000000
6828,22.000000
6829,-18.000000
6830,-62.000000
6831,26.000000
6832,-20.000000
6833,0.000000
6834,-8.000000
6835,50.000000
6836,-36.000000
6837,2.000000
6838,-16.000000
6839,-34.000000
6840,8.000000
6841,40.000000
6842,-12.000000
6843,0.000000
6844,4.000000
6845,-4.000000
6846,-44.000000
6847,-6.000000
6848,0.000000
6849,2.000000
6850,-16.000000
6851,-14.000000
6852,-30.000000
6853,8.000000
6854,-32.000000
6855,-22.000000
6856,-12.000000
6857,-4.000000
6858,26.000000
6859,-44.000000
6860,10.000000
6861,-20.000000
6862,-4.000000
6863,-48.000000
6864,40.000000
6865,-4.000000
6866,20.000000
6867,14.000000
6868,-8.000000
6869,-16.000000
6870,-16.000000
6871,12.000000
6872,-86.000000
6873,-24.000000
6874,14.000000
6875,-18.000000
6876,-16.000000
6877,34.000000
6878,-18.000000
6879,-66.000000
6880,4.000000
6881,26.000000
6882,8.000000
6883,0.000000
6884,-4.000000
6885,8.000000
6886,-2.000000
6887,-6.000000
6888,-6.000000
6889,6.000000
6890,-26.000000
6891,-20.000000
6892,12.000000
6893,-4.000000
6894,14.000000
6895,50.000000
6896,20.000000
6897,-54.000000
6898,0.000000
6899,-16.000000
6900,-34.000000
6901,2.000000
6902,-4.000000
6903,0.000000
6904,-40.000000
6905,58.000000
6906,-20.000000
6907,-54.000000
6908,-6.000000
6909,28.000000
6910,12.000000
6911,12.000000
6912,12.000000
6913,-4.000000
6914,14.000000
6915,-36.000000
6916,-26.000000
6917,-32.000000
6918,78.000000
6919,6.000000
6920,-20.000000
6921,6.000000
6922,-52.000000
6923,-8.000000
6924,-12.000000
6925,-72.000000
6926,14.000000
6927,2.000000
6928,2.000000
6929,22.000000
6930,20.000000
6931,-6.000000
6932,26.000000
6933,-12.000000
6934,30.000000
6935,-24.000000
6936,-24.000000
6937,-44.000000
6938,40.000000
6939,20.000000
6940,-54.000000
6941,32.000000
6942,-12.000000
6943,40.000000
6944,14.000000
6945,-70.000000
6946,16.000000
6947,20.000000
6948,62.000000
6949,0.000000
6950,16.000000
6951,-4.000000
6952,16.000000
6953,14.000000
6954,2.000000
6955,-26.000000
6956,-8.000000
6957,-40.000000
6958,16.000000
6959,10.000000
6960,36.000000
6961,34.000000
6962,6.000000
6963,4.000000
6964,-34.000000
6965,-4.000000
6966,-20.000000
6967,-30.000000
6968,20.000000
6969,2.000000
6970,14.000000
6971,86.000000
6972,10.000000
6973,-66.000000
6974,74.000000
6975,8.000000
6976,-14.000000
6977,34.000000
6978,-26.000000
6979,-8.000000
6980,8.000000
6981,-4.000000
6982,22.000000
6983,24.000000
6984,30.000000
6985,-24.000000
6986,-26.000000
6987,-12.000000
6988,10.000000
6989,0.000000
6990,40.000000
6991,-50.000000
6992,-8.000000
6993,-12.000000
6994,0.000000
6995,-20.000000
6996,-16.000000
6997,-18.000000
6998,46.000000
6999,-64.000000
7000,6.000000
7001,-36.000000
7002,-4.000000
7003,-18.000000
7004,-42.000000
7005,-52.000000
7006,-44.000000
7007,-40.000000
7008,10.000000
7009,-36.000000
7010,16.000000
7011,16.000000
7012,-58.000000
7013,-12.000000
7014,-12.000000
7015,-16.000000
7016,-34.000000
7017,12.000000
7018,-42.000000
7019,-4.000000
7020,26.000000
7021,-8.000000
7022,42.000000
7023,0.000000
7024,0.000000
7025,16.000000
7026,10.000000
7027,-20.000000
7028,20.000000
7029,2.000000
7030,16.000000
7031,2.000000
7032,-12.000000
7033,-90.000000
7034,8.000000
7035,12.000000
7036,-12.000000
7037,4.000000
7038,46.000000
7039,-52.000000
7040,22.000000
7041,28.000000
7042,8.000000
7043,6.000000
7044,26.000000
7045,6.000000
7046,-14.000000
7047,64.000000
7048,14.000000
7049,8.000000
7050,10.000000
7051,86.000000
7052,58.000000
7053,-18.000000
7054,0.000000
7055,8.000000
7056,6.000000
7057,2.000000
7058,-46.000000
7059,-12.000000
7060,-48.000000
7061,68.000000
7062,-2.000000
7063,-6.000000
7064,-10.000000
7065,-40.000000
7066,10.000000
7067,-4.000000
7068,-66.000000
7069,-30.000000
7070,32.000000
7071,-28.000000
7072,-12.000000
7073,-20.000000
7074,16.000000
7075,-22.000000
7076,-30.000000
7077,2.000000
7078,28.000000
7079,-14.000000
7080,-24.000000
7081,-16.000000
7082,12.000000
7083,-4.000000
7084,-20.000000
7085,20.000000
7086,16.000000
7087,14.000000
7088,-8.000000
7089,-32.000000
7090,-40.000000
7091,6.000000
7092,-34.000000
7093,-16.000000
7094,0.000000
7095,-18.000000
7096,-18.000000
7097,-56.000000
7098,-14.000000
7099,10.000000
7100,14.000000
7101,-12.000000
7102,-14.000000
7103,6.000000
7104,-40.000000
7105,74.000000
7106,-54.000000
7107,26.000000
7108,14.000000
7109,-16.000000
7110,28.000000
7111,-10.000000
7112,-18.000000
7113,-86.000000
7114,-8.000000
7115,20.000000
7116,-34.000000
7117,48.000000
7118,0.000000
7119,6.000000
7120,-24.000000
7121,16.000000
7122,-8.000000
7123,6.000000
7124,2.000000
7125,-2.000000
7126,8.000000
7127,-24.000000
7128,10.000000
7129,-16.000000
7130,10.000000
7131,8.000000
7132,32.000000
7133,-44.000000
7134,20.000000
7135,-16.000000
7136,0.000000
7137,58.000000
7138,-8.000000
7139,14.000000
7140,-46.000000
7141,10.000000
7142,20.000000
7143,18.000000
7144,10.000000
7145,12.000000
7146,20.000000
7147,14.000000
7148,0.000000
7149,-8.000000
7150,2.000000
7151,40.000000
7152,26.000000
7153,-22.000000
7154,14.000000
7155,10.000000
7156,24.000000
7157,58.000000
7158,-22.000000
7159,-8.000000
7160,-16.000000
7161,-52.000000
7162,12.000000
7163,30.000000
7164,-6.000000
7165,-12.000000
7166,-8.000000
7167,26.000000
7168,22.000000
7169,2.000000
7170,14.000000
7171,-16.000000
7172,-32.000000
7173,16.000000
7174,-18.000000
7175,68.000000
7176,22.000000
7177,-72.000000
7178,24.000000
7179,-8.000000
7180,6.000000
7181,40.000000
7182,-40.000000
7183,4.000000
7184,4.000000
7185,4.000000
7186,-20.000000
7187,-16.000000
7188,-2.000000
7189,26.000000
7190,26.000000
7191,2.000000
7192,22.000000
7193,22.000000
7194,2.000000
7195,-8.000000
7196,42.000000
7197,-4.000000
7198,-20.000000
7199,-18.000000
7200,28.000000
7201,-2.000000
7202,14.000000
7203,26.000000
7204,28.000000
7205,-2.000000
7206,8.000000
7207,22.000000
7208,50.000000
7209,2.000000
7210,-24.000000
7211,54.000000
7212,-44.000000
7213,-22.000000
7214,-28.000000
7215,-4.000000
7216,20.000000
7217,6.000000
7218,-24.000000
7219,-18.000000
7220,-34.000000
7221,-4.000000
7222,72.000000
7223,64.000000
7224,58.000000
7225,-10.000000
7226,-16.000000
7227,-40.000000
7228,10.000000
7229,24.000000
7230,-4.000000
7231,2.000000
7232,-32.000000
7233,-8.000000
7234,20.000000
7235,40.000000
7236,-10.000000
7237,34.000000
7238,-68.000000
7239,-20.000000
7240,8.000000
7241,82.000000
7242,2.000000
7243,-26.000000
7244,6.000000
7245,38.000000
7246,-28.000000
7247,-22.000000
7248,-40.000000
7249,-72.000000
7250,44.000000
7251,20.000000
7252,40.000000
7253,24.000000
7254,44.000000
7255,34.000000
7256,-28.000000
7257,-8.000000
7258,-54.000000
7259,4.000000
7260,-6.000000
7261,-6.000000
7262,86.000000
7263,-10.000000
7264,-38.000000
7265,-4.000000
7266,26.000000
7267,-18.000000
7268,-58.000000
7269,26.000000
7270,-14.000000
7271,-4.000000
7272,-4.000000
7273,-14.000000
7274,22.000000
7275,30.000000
7276,24.000000
7277,-12.000000
7278,-4.000000
7279,-8.000000
7280,46.000000
7281,88.000000
7282,38.000000
7283,-2.000000
7284,-4.000000
7285,30.000000
7286,-2.000000
7287,-4.000000
7288,-80.000000
7289,-44.000000
7290,16.000000
7291,-20.000000
7292,-30.000000
7293,-26.000000
7294,-22.000000
7295,2.000000
7296,-16.000000
7297,8.000000
7298,-6.000000
7299,-4.000000
7300,10.000000
7301,2.000000
7302,-44.000000
7303,-18.000000
7304,-4.000000
7305,-40.000000
7306,50.000000
7307,-32.000000
7308,0.000000
7309,20.000000
7310,-38.000000
7311,-32.000000
7312,-20.000000
7313,-32.000000
7314,-20.000000
7315,-12.000000
7316,8.000000
7317,14.000000
7318,-40.000000
7319,-12.000000
7320,-28.000000
7321,8.000000
7322,6.000000
7323,2.000000
7324,2.000000
7325,22.000000
7326,4.000000
7327,-20.000000
7328,-2.000000
7329,4.000000
7330,6.000000
7331,32.000000
7332,14.000000
7333,-38.000000
7334,64.000000
7335,8.000000
7336,32.000000
7337,8.000000
7338,-12.000000
7339,10.000000
7340,-46.000000
7341,-32.000000
7342,0.000000
7343,-18.000000
7344,-76.000000
7345,-12.000000
7346,28.000000
7347,14.000000
7348,-8.000000
7349,34.000000
7350,-26.000000
7351,-10.000000
7352,-10.000000
7353,36.000000
7354,22.000000
7355,0.000000
7356,78.000000
7357,18.000000
7358,-30.000000
7359,0.000000
7360,-14.000000
7361,16.000000
7362,-50.000000
7363,-20.000000
7364,-76.000000
7365,34.000000
7366,-22.000000
7367,10.000000
7368,28.000000
7369,-20.000000
7370,22.000000
7371,-16.000000
7372,-22.000000
7373,-42.000000
7374,-30.000000
7375,-22.000000
7376,-40.000000
7377,-2.000000
7378,-10.000000
7379,-16.000000
7380,30.000000
7381,24.000000
7382,42.000000
7383,-12.000000
7384,58.000000
7385,34.000000
7386,-4.000000
7387,-18.000000
7388,30.000000
7389,20.000000
7390,20.000000
7391,-28.000000
7392,20.000000
7393,74.000000
7394,-6.000000
7395,30.000000
7396,-16.000000
7397,18.000000
7398,-4.000000
7399,4.000000
7400,-28.000000
7401,32.000000
7402,56.000000
7403,-6.000000
7404,-2.000000
7405,-54.000000
7406,-6.000000
7407,12.000000
7408,10.000000
7409,32.000000
7410,-6.000000
7411,42.000000
7412,32.000000
7413,0.000000
7414,26.000000
7415,8.000000
7416,6.000000
7417,70.000000
7418,4.000000
7419,-74.000000
7420,2.000000
7421,-52.000000
7422,-14.000000
7423,0.000000
7424,18.000000
7425,-8.000000
7426,22.000000
7427,-12.000000
7428,-16.000000
7429,-30.000000
7430,24.000000
7431,-4.000000
7432,2.000000
7433,28.000000
7434,-4.000000
7435,2.000000
7436,-4.000000
7437,24.000000
7438,-24.000000
7439,2.000000
7440,-10.000000
7441,28.000000
7442,-30.000000
7443,-30.000000
7444,34.000000
7445,2.000000
7446,32.000000
7447,50.000000
7448,0.000000
7449,-52.000000
7450,-12.000000
7451,-22.000000
7452,-48.000000
7453,14.000000
7454,12.000000
7455,8.000000
7456,-6.000000
7457,-6.000000
7458,-36.000000
7459,-50.000000
7460,-38.000000
7461,32.000000
7462,-2.000000
7463,-14.000000
7464,-38.000000
7465,22.000000
7466,-24.000000
7467,46.000000
7468,-70.000000
7469,-4.000000
7470,-16.000000
7471,-14.000000
7472,32.000000
7473,-18.000000
7474,-44.000000
7475,-44.000000
7476,24.000000
7477,-12.000000
7478,6.000000
7479,-14.000000
7480,0.000000
7481,16.000000
7482,2.000000
7483,-40.000000
7484,0.000000
7485,60.000000
7486,12.000000
7487,-26.000000
7488,-28.000000
7489,0.000000
7490,10.000000
7491,-6.000000
7492,32.000000
7493,60.000000
7494,-34.000000
7495,-34.000000
7496,16.000000
7497,-4.000000
7498,14.000000
7499,4.000000
7500,-30.000000
7501,54.000000
7502,-54.000000
7503,-84.000000
7504,4.000000
7505,-12.000000
7506,26.000000
7507,16.000000
7508,14.000000
7509,-48.000000
7510,-56.000000
7511,12.000000
7512,-10.000000
7513,-6.000000
7514,-24.000000
7515,-34.000000
7516,-16.000000
7517,-30.000000
7518,-84.000000
7519,-14.000000
7520,50.000000
7521,24.000000
7522,6.000000
7523,2.000000
7524,22.000000
7525,40.000000
7526,-8.000000
7527,0.000000
7528,10.000000
7529,34.000000
7530,-12.000000
7531,-20.000000
7532,-12.000000
7533,-66.000000
7534,-8.000000
7535,-30.000000
7536,0.000000
7537,-16.000000
7538,-54.000000
7539,10.000000
7540,-2.000000
7541,10.000000
7542,20.000000
7543,16.000000
7544,-10.000000
7545,2.000000
7546,-20.000000
7547,10.000000
7548,-16.000000
7549,-16.000000
7550,24.000000
7551,-2.000000
7552,-4.000000
7553,-68.000000
7554,22.000000
7555,-18.000000
7556,-8.000000
7557,2.000000
7558,-32.000000
7559,-8.000000
7560,-20.000000
7561,-40.000000
7562,-50.000000
7563,0.000000
7564,2.000000
7565,24.000000
7566,-30.000000
7567,26.000000
7568,-12.000000
7569,2.000000
7570,-36.000000
7571,-22.000000
7572,18.000000
7573,24.000000
7574,16.000000
7575,-12.000000
7576,-4.000000
7577,8.000000
7578,-4.000000
7579,16.000000
7580,-90.000000
7581,-8.000000
7582,-40.000000
7583,32.000000
7584,20.000000
7585,-52.000000
7586,2.000000
7587,34.000000
7588,-20.000000
7589,32.000000
7590,24.000000
7591,58.000000
7592,12.000000
7593,8.000000
7594,62.000000
7595,-54.000000
7596,50.000000
7597,30.000000
7598,28.000000
7599,-4.000000
7600,32.000000
7601,0.000000
7602,-60.000000
7603,-26.000000
7604,60.000000
7605,-20.000000
7606,-2.000000
7607,20.000000
7608,40.000000
7609,14.000000
7610,-38.000000
7611,-22.000000
7612,-26.000000
7613,22.000000
7614,-26.000000
7615,-10.000000
7616,46.000000
7617,2.000000
7618,14.000000
7619,20.000000
7620,26.000000
7621,10.000000
7622,2.000000
7623,-44.000000
7624,-44.000000
7625,22.000000
7626,26.000000
7627,64.000000
7628,-4.000000
7629,2.000000
7630,2.000000
7631,50.000000
7632,-62.000000
7633,-18.000000
7634,10.000000
7635,-10.000000
7636,-20.000000
7637,32.000000
7638,-4.000000
7639,30.000000
7640,84.000000
7641,0.000000
7642,26.000000
7643,-4.000000
7644,-4.000000
7645,-54.000000
7646,8.000000
7647,-6.000000
7648,14.000000
7649,20.000000
7650,-8.000000
7651,-8.000000
7652,-30.000000
7653,-12.000000
7654,8.000000
7655,-14.000000
7656,-54.000000
7657,14.000000
7658,-8.000000
7659,12.000000
7660,-4.000000
7661,44.000000
7662,10.000000
7663,-4.000000
7664,-30.000000
7665,-30.000000
7666,-4.000000
7667,-62.000000
7668,-18.000000
7669,30.000000
7670,-6.000000
7671,-2.000000
7672,40.000000
7673,-18.000000
7674,6.000000
7675,38.000000
7676,-18.000000
7677,54.000000
7678,54.000000
7679,8.000000
7680,26.000000
7681,8.000000
7682,-18.000000
7683,2.000000
7684,-4.000000
7685,-14.000000
7686,-6.000000
7687,-10.000000
7688,-2.000000
7689,6.000000
7690,-14.000000
7691,16.000000
7692,60.000000
7693,18.000000
7694,-40.000000
7695,22.000000
7696,12.000000
7697,-68.000000
7698,30.000000
7699,28.000000
7700,-6.000000
7701,30.000000
7702,-6.000000
7703,-34.000000
7704,-4.000000
7705,-20.000000
7706,-30.000000
7707,-2.000000
7708,-28.000000
7709,38.000000
7710,34.000000
7711,8.000000
7712,8.000000
7713,46.000000
7714,34.000000
7715,16.000000
7716,-18.000000
7717,-22.000000
7718,-18.000000
7719,-18.000000
7720,-52.000000
7721,-12.000000
7722,-26.000000
7723,0.000000
7724,-26.000000
7725,2.000000
7726,54.000000
7727,2.000000
7728,-42.000000
7729,-50.000000
7730,2.000000
7731,12.000000
7732,-12.000000
7733,4.000000
7734,20.000000
7735,-36.000000
7736,8.000000
7737,-40.000000
7738,46.000000
7739,-4.000000
7740,28.000000
7741,-8.000000
7742,8.000000
7743,-52.000000
7744,44.000000
7745,8.000000
7746,-32.000000
7747,-18.000000
7748,54.000000
7749,-34.000000
7750,-12.000000
7751,-8.000000
7752,-32.000000
7753,54.000000
7754,-18.000000
7755,-72.000000
7756,-34.000000
7757,2.000000
7758,2.000000
7759,-4.000000
7760,28.000000
7761,8.000000
7762,-2.000000
7763,-50.000000
7764,-36.000000
7765,40.000000
7766,-12.000000
7767,24.000000
7768,-44.000000
7769,-22.000000
7770,46.000000
7771,10.000000
7772,10.000000
7773,-42.000000
7774,16.000000
7775,-10.000000
7776,0.000000
7777,32.000000
7778,32.000000
7779,-30.000000
7780,-52.000000
7781,20.000000
7782,22.000000
7783,-18.000000
7784,20.000000
7785,-2.000000
7786,-36.000000
7787,4.000000
7788,0.000000
7789,24.000000
7790,54.000000
7791,2.000000
7792,34.000000
7793,-18.000000
7794,-12.000000
7795,4.000000
7796,4.000000
7797,58.000000
7798,-86.000000
7799,32.000000
7800,38.000000
7801,-22.000000
7802,-38.000000
7803,20.000000
7804,74.000000
7805,14.000000
7806,0.000000
7807,14.000000
7808,-16.000000
7809,4.000000
7810,8.000000
7811,56.000000
7812,4.000000
7813,-68.000000
7814,-12.000000
7815,-62.000000
7816,24.000000
7817,-6.000000
7818,-6.000000
7819,-14.000000
7820,-12.000000
7821,-30.000000
7822,10.000000
7823,-6.000000
7824,0.000000
7825,4.000000
7826,16.000000
7827,16.000000
7828,20.000000
7829,12.000000
7830,14.000000
7831,4.000000
7832,10.000000
7833,-18.000000
7834,42.000000
7835,2.000000
7836,62.000000
7837,-34.000000
7838,-8.000000
7839,14.000000
7840,14.000000
7841,-20.000000
7842,-24.000000
7843,-22.000000
7844,6.000000
7845,14.000000
7846,34.000000
7847,-16.000000
7848,-44.000000
7849,-2.000000
7850,-32.000000
7851,-40.000000
7852,-50.000000
7853,-48.000000
7854,8.000000
7855,-8.000000
7856,8.000000
7857,46.000000
7858,-18.000000
7859,-14.000000
7860,4.000000
7861,8.000000
7862,8.000000
7863,2.000000
7864,42.000000
7865,6.000000
7866,22.000000
7867,-18.000000
7868,50.000000
7869,40.000000
7870,26.000000
7871,12.000000
7872,-50.000000
7873,-26.000000
7874,0.000000
7875,22.000000
7876,-68.000000
7877,26.000000
7878,-24.000000
7879,-62.000000
7880,32.000000
7881,24.000000
7882,0.000000
7883,6.000000
7884,-22.000000
7885,26.000000
7886,-20.000000
7887,24.000000
7888,10.000000
7889,42.000000
7890,8.000000
7891,-28.000000
7892,-20.000000
7893,6.000000
7894,2.000000
7895,-30.000000
7896,-30.000000
7897,8.000000
7898,-4.000000
7899,32.000000
7900,-40.000000
7901,60.000000
7902,38.000000
7903,-12.000000
7904,22.000000
7905,-34.000000
7906,-50.000000
7907,-26.000000
7908,-4.000000
7909,26.000000
7910,26.000000
7911,2.000000
7912,0.000000
7913,-52.000000
7914,-6.000000
7915,-30.000000
7916,2.000000
7917,-14.000000
7918,-40.000000
7919,10.000000
7920,-42.000000
7921,-6.000000
7922,8.000000
7923,-16.000000
7924,-12.000000
7925,26.000000
7926,8.000000
7927,-24.000000
7928,2.000000
7929,-22.000000
7930,8.000000
7931,34.000000
7932,-30.000000
7933,72.000000
7934,22.000000
7935,-4.000000
7936,-4.000000
7937,0.000000
7938,44.000000
7939,28.000000
7940,-22.000000
7941,26.000000
7942,28.000000
7943,-68.000000
7944,-26.000000
7945,-44.000000
7946,-22.000000
7947,74.000000
7948,6.000000
7949,16.000000
7950,-22.000000
7951,14.000000
7952,14.000000
7953,-26.000000
7954,76.000000
7955,16.000000
7956,-118.000000
7957,-44.000000
7958,-34.000000
7959,-18.000000
7960,10.000000
7961,34.000000
7962,16.000000
7963,30.000000
7964,28.000000
7965,62.000000
7966,4.000000
7967,-16.000000
7968,-62.000000
7969,-12.000000
7970,-44.000000
7971,8.000000
7972,2.000000
7973,-40.000000
7974,4.000000
7975,62.000000
7976,2.000000
7977,30.000000
7978,14.000000
7979,-4.000000
7980,-6.000000
7981,46.000000
7982,-16.000000
7983,34.000000
7984,30.000000
7985,32.000000
7986,22.000000
7987,-54.000000
7988,-104.000000
7989,10.000000
7990,-2.000000
7991,4.000000
7992,20.000000
7993,-8.000000
7994,32.000000
7995,26.000000
7996,26.000000
7997,-34.000000
7998,108.000000
7999,-4.000000
8000,-12.000000
8001,60.000000
8002,14.000000
8003,-40.000000
8004,-34.000000
8005,-20.000000
8006,-4.000000
8007,32.000000
8008,2.000000
8009,44.000000
8010,-8.000000
8011,-8.000000
8012,-4.000000
8013,-6.000000
8014,-30.000000
8015,30.000000
8016,-20.000000
8017,-2.000000
8018,-30.000000
8019,-2.000000
8020,-16.000000
8021,-4.000000
8022,-48.000000
8023,-62.000000
8024,-16.000000
8025,14.000000
8026,10.000000
8027,14.000000
8028,-16.000000
8029,16.000000
8030,-22.000000
8031,8.000000
8032,-26.000000
8033,-30.000000
8034,-8.000000
8035,64.000000
8036,6.000000
8037,-22.000000
8038,-40.000000
8039,26.000000
8040,0.000000
8041,16.000000
8042,-54.000000
8043,-56.000000
8044,-8.000000
8045,-4.000000
8046,42.000000
8047,22.000000
8048,30.000000
8049,24.000000
8050,-88.000000
8051,-34.000000
8052,-24.000000
8053,0.000000
8054,42.000000
8055,-4.000000
8056,-16.000000
8057,-36.000000
8058,18.000000
8059,44.000000
8060,-20.000000
8061,-16.000000
8062,-14.000000
8063,16.000000
8064,58.000000
8065,-4.000000
8066,-18.000000
8067,64.000000
8068,-12.000000
8069,-6.000000
8070,46.000000
8071,8.000000
8072,82.000000
8073,8.000000
8074,-14.000000
8075,-20.000000
8076,46.000000
8077,22.000000
8078,4.000000
8079,22.000000
8080,18.000000
8081,-8.000000
8082,-2.000000
8083,-2.000000
8084,-2.000000
8085,-64.000000
8086,22.000000
8087,-14.000000
8088,-16.000000
8089,-38.000000
8090,-16.000000
8091,54.000000
8092,6.000000
8093,-30.000000
8094,-4.000000
8095,-4.000000
8096,2.000000
8097,-10.000000
8098,0.000000
8099,16.000000
8100,-22.000000
8101,0.000000
8102,-2.000000
8103,0.000000
8104,24.000000
8105,-60.000000
8106,-6.000000
8107,24.000000
8108,6.000000
8109,14.000000
8110,-6.000000
8111,-44.000000
8112,10.000000
8113,-12.000000
8114,0.000000
8115,-14.000000
8116,-30.000000
8117,60.000000
8118,78.000000
8119,-2.000000
8120,-36.000000
8121,8.000000
8122,-26.000000
8123,-8.000000
8124,12.000000
8125,2.000000
8126,-26.000000
8127,-2.000000
8128,-68.000000
8129,-28.000000
8130,-30.000000
8131,46.000000
8132,30.000000
8133,32.000000
8134,-60.000000
8135,20.000000
8136,-22.000000
8137,10.000000
8138,8.000000
8139,-18.000000
8140,10.000000
8141,18.000000
8142,-48.000000
8143,-22.000000
8144,14.000000
8145,32.000000
8146,-18.000000
8147,38.000000
8148,0.000000
8149,-12.000000
8150,-16.000000
8151,74.000000
8152,8.000000
8153,-26.000000
8154,6.000000
8155,24.000000
8156,-14.000000
8157,22.000000
8158,-16.000000
8159,10.000000
8160,-20.000000
8161,22.000000
8162,22.000000
8163,20.000000
8164,-4.000000
8165,-4.000000
8166,-58.000000
8167,68.000000
8168,56.000000
8169,-80.000000
8170,2.000000
8171,28.000000
8172,10.000000
8173,2.000000
8174,-4.000000
8175,-78.000000
8176,2.000000
8177,40.000000
8178,38.000000
8179,-24.000000
8180,12.000000
8181,-12.000000
8182,-40.000000
8183,14.000000
8184,16.000000
8185,28.000000
8186,32.000000
8187,26.000000
8188,2.000000
8189,-2.000000
8190,-4.000000
8191,26.000000
8192,56.000000
8193,-40.000000
8194,34.000000
8195,-2.000000
8196,40.000000
8197,24.000000
8198,14.000000
8199,-44.000000
8200,-20.000000
8201,-8.000000
8202,-2.000000
8203,-2.000000
8204,72.000000
8205,-6.000000
8206,64.000000
8207,-32.000000
8208,-8.000000
8209,-28.000000
8210,14.000000
8211,-24.000000
8212,-34.000000
8213,-20.000000
8214,-16.000000
8215,10.000000
8216,-8.000000
8217,0.000000
8218,68.000000
8219,46.000000
8220,10.000000
8221,-20.000000
8222,-52.000000
8223,58.000000
8224,-12.000000
8225,-6.000000
8226,-18.000000
8227,0.000000
8228,-40.000000
8229,58.000000
8230,-64.000000
8231,6.000000
8232,0.000000
8233,6.000000
8234,30.000000
8235,-16.000000
8236,14.000000
8237,6.000000
8238,-76.000000
8239,0.000000
8240,16.000000
8241,-14.000000
8242,50.000000
8243,26.000000
8244,-18.000000
8245,32.000000
8246,6.000000
8247,-12.000000
8248,-8.000000
8249,26.000000
8250,-30.000000
8251,16.000000
8252,-8.000000
8253,24.000000
8254,-12.000000
8255,-62.000000
8256,-14.000000
8257,26.000000
8258,-10.000000
8259,-58.000000
8260,-4.000000
8261,58.000000
8262,-12.000000
8263,24.000000
8264,-2.000000
8265,-68.000000
8266,0.000000
8267,-64.000000
8268,4.000000
8269,-56.000000
8270,-12.000000
8271,40.000000
8272,14.000000
8273,-34.000000
8274,58.000000
8275,46.000000
8276,34.000000
8277,-38.000000
8278,-36.000000
8279,-4.000000
8280,-12.000000
8281,-4.000000
8282,14.000000
8283,14.000000
8284,0.000000
8285,-46.000000
8286,-16.000000
8287,-24.000000
8288,12.000000
8289,-22.000000
8290,-20.000000
8291,-4.000000
8292,-4.000000
8293,60.000000
8294,4.000000
8295,24.000000
8296,2.000000
8297,34.000000
8298,2.000000
8299,-14.000000
8300,-12.000000
8301,-16.000000
8302,14.000000
8303,-16.000000
8304,28.000000
8305,24.000000
8306,64.000000
8307,-18.000000
8308,-32.000000
8309,2.000000
8310,0.000000
8311,58.000000
8312,-4.000000
8313,-18.000000
8314,-18.000000
8315,4.000000
8316,-2.000000
8317,0.000000
8318,-34.000000
8319,6.000000
8320,4.000000
8321,-2.000000
8322,-66.000000
8323,-20.000000
8324,-30.000000
8325,24.000000
8326,20.000000
8327,60.000000
8328,2.000000
8329,-48.000000
8330,42.000000
8331,12.000000
8332,-4.000000
8333,22.000000
8334,-12.000000
8335,-78.000000
8336,16.000000
8337,-26.000000
8338,-36.000000
8339,-8.000000
8340,8.000000
8341,32.000000
8342,36.000000
8343,14.000000
8344,-6.000000
8345,28.000000
8346,34.000000
8347,-8.000000
8348,68.000000
8349,28.000000
8350,22.000000
8351,10.000000
8352,8.000000
8353,60.000000
8354,-16.000000
8355,2.000000
8356,-40.000000
8357,24.000000
8358,38.000000
8359,-6.000000
8360,10.000000
8361,-4.000000
8362,20.000000
8363,48.000000
8364,28.000000
8365,36.000000
8366,40.000000
8367,-16.000000
8368,72.000000
8369,16.000000
8370,14.000000
8371,0.000000
8372,2.000000
8373,-36.000000
8374,0.000000
8375,-2.000000
8376,0.000000
8377,16.000000
8378,44.000000
8379,24.000000
8380,-42.000000
8381,32.000000
8382,22.000000
8383,-36.000000
8384,68.000000
8385,-66.000000
8386,-18.000000
8387,6.000000
8388,30.000000
8389,-18.000000
8390,-14.000000
8391,-8.000000
8392,14.000000
8393,14.000000
8394,8.000000
8395,-8.000000
8396,-2.000000
8397,-8.000000
8398,22.000000
8399,-6.000000
8400,-8.000000
8401,28.000000
8402,2.000000
8403,8.000000
8404,-20.000000
8405,-18.000000
8406,-24.000000
8407,20.000000
8408,0.000000
8409,-26.000000
8410,-56.000000
8411,4.000000
8412,44.000000
8413,78.000000
8414,-12.000000
8415,6.000000
8416,6.000000
8417,-6.000000
8418,46.000000
8419,22.000000
8420,-2.000000
8421,-30.000000
8422,36.000000
8423,16.000000
8424,6.000000
8425,-48.000000
8426,12.000000
8427,-34.000000
8428,0.000000
8429,-32.000000
8430,16.000000
8431,10.000000
8432,-8.000000
8433,8.000000
8434,-26.000000
8435,-32.000000
8436,-68.000000
8437,0.000000
8438,-30.000000
8439,-16.000000
8440,14.000000
8441,-20.000000
8442,8.000000
8443,6.000000
8444,10.000000
8445,-16.000000
8446,-2.000000
8447,-74.000000
8448,-14.000000
8449,6.000000
8450,-12.000000
8451,6.000000
8452,-4.000000
8453,-22.000000
8454,-2.000000
8455,62.000000
8456,-14.000000
8457,-44.000000
8458,-16.000000
8459,-24.000000
8460,12.000000
8461,-48.000000
8462,26.000000
8463,2.000000
8464,-22.000000
8465,0.000000
8466,32.000000
8467,32.000000
8468,12.000000
8469,-12.000000
8470,-12.000000
8471,-8.000000
8472,-32.000000
8473,0.000000
8474,-20.000000
8475,10.000000
8476,-8.000000
8477,-22.000000
8478,72.000000
8479,-2.000000
8480,-82.000000
8481,12.000000
8482,-6.000000
8483,-20.000000
8484,34.000000
8485,-8.000000
8486,6.000000
8487,44.000000
8488,40.000000
8489,26.000000
8490,28.000000
8491,-4.000000
8492,-10.000000
8493,-64.000000
8494,12.000000
8495,-36.000000
8496,-4.000000
8497,-12.000000
8498,-26.000000
8499,50.000000
8500,8.000000
8501,-4.000000
8502,28.000000
8503,40.000000
8504,14.000000
8505,-34.000000
8506,24.000000
8507,-2.000000
8508,-56.000000
8509,-44.000000
8510,-2.000000
8511,54.000000
8512,8.000000
8513,20.000000
8514,38.000000
8515,-4.000000
8516,78.000000
8517,72.000000
8518,-24.000000
8519,22.000000
8520,14.000000
8521,-14.000000
8522,-6.000000
8523,10.000000
8524,30.000000
8525,-32.000000
8526,18.000000
8527,108.000000
8528,-8.000000
8529,2.000000
8530,8.000000
8531,-20.000000
8532,-6.000000
8533,-32.000000
8534,14.000000
8535,-8.000000
8536,14.000000
8537,14.000000
8538,-40.000000
8539,62.000000
8540,30.000000
8541,10.000000
8542,-26.000000
8543,-26.000000
8544,22.000000
8545,30.000000
8546,-22.000000
8547,-44.000000
8548,8.000000
8549,-12.000000
8550,26.000000
8551,4.000000
8552,2.000000
8553,0.000000
8554,-12.000000
8555,-12.000000
8556,26.000000
8557,28.000000
8558,-10.000000
8559,-32.000000
8560,22.000000
8561,16.000000
8562,22.000000
8563,10.000000
8564,-8.000000
8565,-24.000000
8566,-8.000000
8567,-36.000000
8568,24.000000
8569,-6.000000
8570,-14.000000
8571,-18.000000
8572,0.000000
8573,-4.000000
8574,0.000000
8575,-2.000000
8576,-4.000000
8577,2.000000
8578,40.000000
8579,38.000000
8580,-12.000000
8581,24.000000
8582,-2.000000
8583,0.000000
8584,10.000000
8585,-68.000000
8586,76.000000
8587,14.000000
8588,-54.000000
8589,62.000000
8590,16.000000
8591,22.000000
8592,10.000000
8593,-30.000000
8594,-12.000000
8595,4.000000
8596,32.000000
8597,16.000000
8598,2.000000
8599,-42.000000
8600,6.000000
8601,14.000000
8602,6.000000
8603,-14.000000
8604,-44.000000
8605,-12.000000
8606,-58.000000
8607,-12.000000
8608,-18.000000
8609,-2.000000
8610,30.000000
8611,50.000000
8612,14.000000
8613,-4.000000
8614,-28.000000
8615,-30.000000
8616,-36.000000
8617,18.000000
8618,-44.000000
8619,-26.000000
8620,0.000000
8621,-26.000000
8622,-8.000000
8623,-42.000000
8624,60.000000
8625,-18.000000
8626,-4.000000
8627,6.000000
8628,-16.000000
8629,-24.000000
8630,26.000000
8631,8.000000
8632,-8.000000
8633,-12.000000
8634,20.000000
8635,-26.000000
8636,-30.000000
8637,8.000000
8638,-4.000000
8639,-60.000000
8640,-12.000000
8641,-2.000000
8642,12.000000
8643,-18.000000
8644,-16.000000
8645,42.000000
8646,14.000000
8647,2.000000
8648,-4.000000
8649,-16.000000
8650,-20.000000
8651,20.000000
8652,0.000000
8653,-4.000000
8654,-44.000000
8655,-14.000000
8656,24.000000
8657,-12.000000
8658,-90.000000
8659,26.000000
8660,-4.000000
8661,10.000000
8662,10.000000
8663,-68.000000
8664,0.000000
8665,10.000000
8666,-36.000000
8667,12.000000
8668,-28.000000
8669,22.000000
8670,-18.000000
8671,18.000000
8672,-66.000000
8673,42.000000
8674,-18.000000
8675,-14.000000
8676,-12.000000
8677,-6.000000
8678,-22.000000
8679,38.000000
8680,42.000000
8681,-82.000000
8682,-42.000000
8683,-10.000000
8684,-2.000000
8685,-10.000000
8686,-8.000000
8687,-18.000000
8688,-12.000000
8689,2.000000
8690,82.000000
8691,-16.000000
8692,-52.000000
8693,30.000000
8694,-44.000000
8695,0.000000
8696,22.000000
8697,28.000000
8698,16.000000
8699,36.000000
8700,-52.000000
8701,2.000000
8702,24.000000
8703,26.000000
8704,88.000000
8705,-50.000000
8706,16.000000
8707,18.000000
8708,-30.000000
8709,-4.000000
8710,-4.000000
8711,-44.000000
8712,26.000000
8713,-16.000000
8714,32.000000
8715,74.000000
8716,2.000000
8717,-14.000000
8718,-4.000000
8719,-38.000000
8720,40.000000
8721,46.000000
8722,22.000000
8723,-30.000000
8724,60.000000
8725,-48.000000
8726,10.000000
8727,2.000000
8728,10.000000
8729,4.000000
8730,-36.000000
8731,-10.000000
8732,42.000000
8733,-14.000000
8734,32.000000
8735,-2.000000
8736,-22.000000
8737,-22.000000
8738,-44.000000
8739,-20.000000
8740,10.000000
8741,-16.000000
8742,22.000000
8743,34.000000
8744,20.000000
8745,10.000000
8746,6.000000
8747,8.000000
8748,-40.000000
8749,-2.000000
8750,8.000000
8751,-2.000000
8752,12.000000
8753,14.000000
8754,-8.000000
8755,18.000000
8756,0.000000
8757,24.000000
8758,18.000000
8759,-4.000000
8760,-12.000000
8761,10.000000
8762,16.000000
8763,14.000000
8764,16.000000
8765,6.000000
8766,58.000000
8767,-20.000000
8768,30.000000
8769,0.000000
8770,-14.000000
8771,6.000000
8772,14.000000
8773,-4.000000
8774,-96.000000
8775,64.000000
8776,-16.000000
8777,-8.000000
8778,2.000000
8779,-4.000000
8780,2.000000
8781,-22.000000
8782,-30.000000
8783,-34.000000
8784,-12.000000
8785,-12.000000
8786,-8.000000
8787,2.000000
8788,4.000000
8789,0.000000
8790,-12.000000
8791,-34.000000
8792,36.000000
8793,14.000000
8794,-26.000000
8795,26.000000
8796,52.000000
8797,-24.000000
8798,46.000000
8799,-16.000000
8800,-2.000000
8801,6.000000
8802,8.000000
8803,-26.000000
8804,22.000000
8805,22.000000
8806,-42.000000
8807,-40.000000
8808,-12.000000
8809,-14.000000
8810,2.000000
8811,-8.000000
8812,4.000000
8813,-30.000000
8814,0.000000
8815,-34.000000
8816,46.000000
8817,2.000000
8818,2.000000
8819,-6.000000
8820,32.000000
8821,8.000000
8822,-20.000000
8823,-4.000000
8824,-2.000000
8825,34.000000
8826,-28.000000
8827,-16.000000
8828,24.000000
8829,30.000000
8830,-36.000000
8831,18.000000
8832,6.000000
8833,26.000000
8834,82.000000
8835,-36.000000
8836,24.000000
8837,44.000000
8838,8.000000
8839,-56.000000
8840,14.000000
8841,54.000000
8842,-22.000000
8843,-10.000000
8844,44.000000
8845,10.000000
8846,-2.000000
8847,8.000000
8848,-34.000000
8849,54.000000
8850,-62.000000
8851,0.000000
8852,8.000000
8853,28.000000
8854,-54.000000
8855,-12.000000
8856,22.000000
8857,14.000000
8858,-10.000000
8859,10.000000
8860,40.000000
8861,-24.000000
8862,20.000000
8863,-14.000000
8864,-42.000000
8865,2.000000
8866,34.000000
8867,-20.000000
8868,-6.000000
8869,4.000000
8870,4.000000
8871,-16.000000
8872,0.000000
8873,8.000000
8874,-20.000000
8875,-16.000000
8876,12.000000
8877,68.000000
8878,-30.000000
8879,8.000000
8880,38.000000
8881,-58.000000
8882,46.000000
8883,0.000000
8884,-30.000000
8885,-20.000000
8886,-16.000000
8887,0.000000
8888,12.000000
8889,4.000000
8890,14.000000
8891,-2.000000
8892,28.000000
8893,46.000000
8894,-12.000000
8895,28.000000
8896,-12.000000
8897,-50.000000
8898,-62.000000
8899,48.000000
8900,30.000000
8901,-38.000000
8902,26.000000
8903,-12.000000
8904,-12.000000
8905,32.000000
8906,40.000000
8907,0.000000
8908,6.000000
8909,-30.000000
8910,0.000000
8911,-8.000000
8912,-16.000000
8913,40.000000
8914,-8.000000
8915,-40.000000
8916,2.000000
8917,-26.000000
8918,54.000000
8919,-44.000000
8920,50.000000
8921,26.000000
8922,-14.000000
8923,-8.000000
8924,6.000000
8925,-20.000000
8926,-32.000000
8927,16.000000
8928,8.000000
8929,10.000000
8930,-6.000000
8931,8.000000
8932,16.000000
8933,2.000000
8934,-12.000000
8935,20.000000
8936,64.000000
8937,6.000000
8938,20.000000
8939,-32.000000
8940,-4.000000
8941,-68.000000
8942,42.000000
8943,10.000000
8944,24.000000
8945,-8.000000
8946,-8.000000
8947,20.000000
8948,10.000000
8949,-36.000000
8950,-12.000000
8951,8.000000
8952,0.000000
8953,-8.000000
8954,16.000000
8955,-24.000000
8956,-10.000000
8957,-68.000000
8958,-22.000000
8959,32.000000
8960,-16.000000
8961,-30.000000
8962,-30.000000
8963,6.000000
8964,4.000000
8965,8.000000
8966,-8.000000
8967,-10.000000
8968,-28.000000
8969,64.000000
8970,8.000000
8971,10.000000
8972,-8.000000
8973,16.000000
8974,14.000000
8975,30.000000
8976,58.000000
8977,-22.000000
8978,-22.000000
8979,-20.000000
8980,-68.000000
8981,-6.000000
8982,-8.000000
8983,72.000000
8984,22.000000
8985,-32.000000
8986,-52.000000
8987,-54.000000
8988,-54.000000
8989,-12.000000
8990,-34.000000
8991,-22.000000
8992,-4.000000
8993,22.000000
8994,-2.000000
8995,-12.000000
8996,8.000000
8997,-16.000000
8998,-20.000000
8999,-30.000000
9000,8.000000
9001,-44.000000
9002,-32.000000
9003,-20.000000
9004,-24.000000
9005,4.000000
9006,78.000000
9007,-20.000000
9008,-60.000000
9009,16.000000
9010,8.000000
9011,0.000000
9012,12.000000
9013,-4.000000
9014,-68.000000
9015,28.000000
9016,24.000000
9017,2.000000
9018,0.000000
9019,-6.000000
9020,-2.000000
9021,-52.000000
9022,12.000000
9023,-16.000000
9024,-8.000000
9025,18.000000
9026,10.000000
9027,-6.000000
9028,-26.000000
9029,20.000000
9030,-4.000000
9031,24.000000
9032,-12.000000
9033,2.000000
9034,0.000000
9035,-36.000000
9036,-26.000000
9037,6.000000
9038,6.000000
9039,-24.000000
9040,-14.000000
9041,14.000000
9042,-24.000000
9043,-16.000000
9044,-10.000000
9045,6.000000
9046,-62.000000
9047,38.000000
9048,42.000000
9049,6.000000
9050,-22.000000
9051,8.000000
9052,-18.000000
9053,54.000000
9054,-16.000000
9055,58.000000
9056,14.000000
9057,22.000000
9058,60.000000
9059,8.000000
9060,-24.000000
9061,-30.000000
9062,-16.000000
9063,4.000000
9064,-4.000000
9065,-16.000000
9066,-4.000000
9067,-26.000000
9068,6.000000
9069,-54.000000
9070,20.000000
9071,-12.000000
9072,-4.000000
9073,34.000000
9074,-12.000000
9075,-2.000000
9076,14.000000
9077,0.000000
9078,30.000000
9079,12.000000
9080,-44.000000
9081,36.000000
9082,-68.000000
9083,0.000000
9084,8.000000
9085,6.000000
9086,-20.000000
9087,14.000000
9088,-30.000000
9089,2.000000
9090,-8.000000
9091,-2.000000
9092,-4.000000
9093,6.000000
9094,-14.000000
9095,-44.000000
9096,-50.000000
9097,-2.000000
9098,-54.000000
9099,-36.000000
9100,-60.000000
9101,46.000000
9102,-12.000000
9103,64.000000
9104,36.000000
9105,-6.000000
9106,-4.000000
9107,-4.000000
9108,-12.000000
9109,18.000000
9110,6.000000
9111,-4.000000
9112,-4.000000
9113,0.000000
9114,48.000000
9115,-54.000000
9116,32.000000
9117,-4.000000
9118,-6.000000
9119,30.000000
9120,24.000000
9121,30.000000
9122,-58.000000
9123,8.000000
9124,-26.000000
9125,8.000000
9126,-8.000000
9127,-8.000000
9128,-8.000000
9129,-16.000000
9130,-4.000000
9131,-16.000000
9132,-40.000000
9133,6.000000
9134,-4.000000
9135,26.000000
9136,-6.000000
9137,8.000000
9138,-60.000000
9139,-76.000000
9140,10.000000
9141,-44.000000
9142,8.000000
9143,14.000000
9144,22.000000
9145,-64.000000
9146,36.000000
9147,42.000000
9148,-16.000000
9149,-26.000000
9150,-44.000000
9151,30.000000
9152,-4.000000
9153,2.000000
9154,22.000000
9155,-6.000000
9156,10.000000
9157,-30.000000
9158,-52.000000
9159,-2.000000
9160,10.000000
9161,26.000000
9162,-30.000000
9163,14.000000
9164,8.000000
9165,-26.000000
9166,8.000000
9167,-2.000000
9168,-2.000000
9169,10.000000
9170,8.000000
9171,8.000000
9172,-16.000000
9173,-22.000000
9174,28.000000
9175,-4.000000
9176,-28.000000
9177,-46.000000
9178,6.000000
9179,2.000000
9180,-4.000000
9181,-30.000000
9182,6.000000
9183,28.000000
9184,-16.000000
9185,-4.000000
9186,14.000000
9187,4.000000
9188,-34.000000
9189,10.000000
9190,16.000000
9191,68.000000
9192,14.000000
9193,-58.000000
9194,-30.000000
9195,14.000000
9196,-4.000000
9197,-18.000000
9198,-36.000000
9199,-30.000000
9200,34.000000
9201,-26.000000
9202,-10.000000
9203,-8.000000
9204,4.000000
9205,-4.000000
9206,-22.000000
9207,-12.000000
9208,-30.000000
9209,14.000000
9210,12.000000
9211,-4.000000
9212,-16.000000
9213,-4.000000
9214,-24.000000
9215,-20.000000
9216,0.000000
9217,-8.000000
9218,84.000000
9219,14.000000
9220,-24.000000
9221,-16.000000
9222,46.000000
9223,10.000000
9224,-4.000000
9225,24.000000
9226,-26.000000
9227,38.000000
9228,-14.000000
9229,42.000000
9230,42.000000
9231,-16.000000
9232,46.000000
9233,84.000000
9234,-4.000000
9235,-6.000000
9236,-38.000000
9237,-12.000000
9238,-44.000000
9239,38.000000
9240,24.000000
9241,-12.000000
9242,-48.000000
9243,10.000000
9244,-26.000000
9245,8.000000
9246,-28.000000
9247,-12.000000
9248,-26.000000
9249,-4.000000
9250,-26.000000
9251,6.000000
9252,4.000000
9253,-12.000000
9254,2.000000
9255,-12.000000
9256,32.000000
9257,2.000000
9258,36.000000
9259,-12.000000
9260,-10.000000
9261,-16.000000
9262,12.000000
9263,50.000000
9264,24.000000
9265,94.000000
9266,30.000000
9267,32.000000
9268,14.000000
9269,72.000000
9270,-12.000000
9271,2.000000
9272,42.000000
9273,12.000000
9274,60.000000
9275,-18.000000
9276,-18.000000
9277,32.000000
9278,18.000000
9279,48.000000
9280,-16.000000
9281,-24.000000
9282,-64.000000
9283,-4.000000
9284,20.000000
9285,-68.000000
9286,20.000000
9287,26.000000
9288,60.000000
9289,-4.000000
9290,12.000000
9291,-66.000000
9292,-40.000000
9293,-30.000000
9294,-40.000000
9295,-10.000000
9296,20.000000
9297,-50.000000
9298,2.000000
9299,-4.000000
9300,46.000000
9301,10.000000
9302,16.000000
9303,-48.000000
9304,-16.000000
9305,20.000000
9306,-6.000000
9307,0.000000
9308,16.000000
9309,-60.000000
9310,46.000000
9311,-4.000000
9312,-14.000000
9313,-26.000000
9314,-46.000000
9315,-22.000000
9316,-24.000000
9317,28.000000
9318,-64.000000
9319,-12.000000
9320,-4.000000
9321,-4.000000
9322,-20.000000
9323,12.000000
9324,16.000000
9325,-16.000000
9326,-62.000000
9327,10.000000
9328,12.000000
9329,20.000000
9330,62.000000
9331,-8.000000
9332,-20.000000
9333,14.000000
9334,0.000000
9335,4.000000
9336,30.000000
9337,-4.000000
9338,-16.000000
9339,-36.000000
9340,-4.000000
9341,6.000000
9342,-12.000000
9343,10.000000
9344,-12.000000
9345,-16.000000
9346,6.000000
9347,12.000000
9348,2.000000
9349,-30.000000
9350,-20.000000
9351,22.000000
9352,54.000000
9353,14.000000
9354,-36.000000
9355,8.000000
9356,-12.000000
9357,14.000000
9358,8.000000
9359,-8.000000
9360,-18.000000
9361,-30.000000
9362,-34.000000
9363,-6.000000
9364,18.000000
9365,6.000000
9366,-2.000000
9367,34.000000
9368,-18.000000
9369,-14.000000
9370,-36.000000
9371,-12.000000
9372,-46.000000
9373,-42.000000
9374,94.000000
9375,26.000000
9376,-18.000000
9377,34.000000
9378,14.000000
9379,-48.000000
9380,-2.000000
9381,-12.000000
9382,34.000000
9383,-36.000000
9384,10.000000
9385,-4.000000
9386,-2.000000
9387,24.000000
9388,-6.000000
9389,-38.000000
9390,0.000000
9391,-4.000000
9392,2.000000
9393,-70.000000
9394,-4.000000
9395,24.000000
9396,30.000000
9397,6.000000
9398,40.000000
9399,-22.000000
9400,-22.000000
9401,-16.000000
9402,-18.000000
9403,14.000000
9404,12.000000
9405,2.000000
9406,46.000000
9407,-4.000000
9408,10.000000
9409,14.000000
9410,-22.000000
9411,44.000000
9412,54.000000
9413,-14.000000
9414,8.000000
9415,-4.000000
9416,-26.000000
9417,-24.000000
9418,-6.000000
9419,46.000000
9420,-18.000000
9421,-30.000000
9422,-38.000000
9423,-56.000000
9424,-14.000000
9425,-4.000000
9426,-32.000000
9427,46.000000
9428,-62.000000
9429,-40.000000
9430,-26.000000
9431,10.000000
9432,-8.000000
9433,4.000000
9434,-82.000000
9435,8.000000
9436,-58.000000
9437,60.000000
9438,-2.000000
9439,16.000000
9440,-52.000000
9441,40.000000
9442,54.000000
9443,-26.000000
9444,-12.000000
9445,64.000000
9446,28.000000
9447,58.000000
9448,34.000000
9449,-56.000000
9450,20.000000
9451,26.000000
9452,-14.000000
9453,30.000000
9454,50.000000
9455,0.000000
9456,14.000000
9457,32.000000
9458,-4.000000
9459,2.000000
9460,54.000000
9461,-4.000000
9462,24.000000
9463,-28.000000
9464,-4.000000
9465,-30.000000
9466,2.000000
9467,-30.000000
9468,-6.000000
9469,-16.000000
9470,32.000000
9471,24.000000
9472,24.000000
9473,-2.000000
9474,0.000000
9475,2.000000
9476,46.000000
9477,-12.000000
9478,-12.000000
9479,54.000000
9480,-8.000000
9481,-8.000000
9482,58.000000
9483,36.000000
9484,-12.000000
9485,-22.000000
9486,-58.000000
9487,10.000000
9488,10.000000
9489,6.000000
9490,-16.000000
9491,-12.000000
9492,-12.000000
9493,-22.000000
9494,-2.000000
9495,50.000000
9496,-2.000000
9497,-8.000000
9498,-18.000000
9499,-18.000000
9500,-30.000000
9501,74.000000
9502,18.000000
9503,-46.000000
9504,0.000000
9505,-8.000000
9506,22.000000
9507,26.000000
9508,-18.000000
9509,4.000000
9510,-44.000000
9511,-36.000000
9512,-12.000000
9513,-8.000000
9514,24.000000
9515,82.000000
9516,-10.000000
9517,-20.000000
9518,0.000000
9519,2.000000
9520,30.000000
9521,50.000000
9522,44.000000
9523,2.000000
9524,-44.000000
9525,28.000000
9526,26.000000
9527,26.000000
9528,22.000000
9529,26.000000
9530,-16.000000
9531,-4.000000
9532,0.000000
9533,-8.000000
9534,4.000000
9535,32.000000
9536,14.000000
9537,-14.000000
9538,14.000000
9539,36.000000
9540,26.000000
9541,16.000000
9542,58.000000
9543,-12.000000
9544,-6.000000
9545,-48.000000
9546,-30.000000
9547,14.000000
9548,30.000000
9549,40.000000
9550,12.000000
9551,26.000000
9552,-12.000000
9553,-18.000000
9554,-28.000000
9555,-34.000000
9556,-8.000000
9557,-8.000000
9558,-54.000000
9559,22.000000
9560,-16.000000
9561,-12.000000
9562,-30.000000
9563,-62.000000
9564,-16.000000
9565,14.000000
9566,-86.000000
9567,20.000000
9568,8.000000
9569,-50.000000
9570,18.000000
9571,38.000000
9572,-24.000000
9573,72.000000
9574,34.000000
9575,44.000000
9576,-70.000000
9577,-44.000000
9578,-22.000000
9579,-4.000000
9580,10.000000
9581,22.000000
9582,-4.000000
9583,-20.000000
9584,-36.000000
9585,-12.000000
9586,-26.000000
9587,-4.000000
9588,-16.000000
9589,-18.000000
9590,-38.000000
9591,18.000000
9592,2.000000
9593,50.000000
9594,16.000000
9595,-16.000000
9596,8.000000
9597,18.000000
9598,-16.000000
9599,-36.000000
9600,-30.000000
9601,16.000000
9602,14.000000
9603,-24.000000
9604,-12.000000
9605,-8.000000
9606,-38.000000
9607,-20.000000
9608,-16.000000
9609,10.000000
9610,-8.000000
9611,42.000000
9612,24.000000
9613,-6.000000
9614,-34.000000
9615,20.000000
9616,-12.000000
9617,10.000000
9618,-44.000000
9619,-8.000000
9620,-16.000000
9621,-20.000000
9622,28.000000
9623,-28.000000
9624,2.000000
9625,14.000000
9626,2.000000
9627,-4.000000
9628,14.000000
9629,22.000000
9630,-2.000000
9631,50.000000
9632,24.000000
9633,6.000000
9634,0.000000
9635,-52.000000
9636,-4.000000
9637,10.000000
9638,-56.000000
9639,14.000000
9640,-12.000000
9641,-44.000000
9642,-8.000000
9643,-26.000000
9644,-44.000000
9645,28.000000
9646,10.000000
9647,4.000000
9648,6.000000
9649,-30.000000
9650,-12.000000
9651,14.000000
9652,-34.000000
9653,-4.000000
9654,-60.000000
9655,-12.000000
9656,28.000000
9657,-12.000000
9658,-30.000000
9659,-14.000000
9660,8.000000
9661,6.000000
9662,12.000000
9663,-2.000000
9664,42.000000
9665,-46.000000
9666,10.000000
9667,-8.000000
9668,10.000000
9669,0.000000
9670,-44.000000
9671,-36.000000
9672,32.000000
9673,8.000000
9674,8.000000
9675,54.000000
9676,-6.000000
9677,2.000000
9678,-26.000000
9679,24.000000
9680,-4.000000
9681,-20.000000
9682,-26.000000
9683,4.000000
9684,8.000000
9685,-18.000000
9686,-76.000000
9687,-4.000000
9688,-4.000000
9689,-8.000000
9690,22.000000
9691,-4.000000
9692,-22.000000
9693,-24.000000
9694,-26.000000
9695,-24.000000
9696,50.000000
9697,20.000000
9698,-24.000000
9699,-8.000000
9700,18.000000
9701,4.000000
9702,-6.000000
9703,-6.000000
9704,30.000000
9705,-8.000000
9706,48.000000
9707,54.000000
9708,-54.000000
9709,-4.000000
9710,10.000000
9711,8.000000
9712,22.000000
9713,8.000000
9714,18.000000
9715,-18.000000
9716,-16.000000
9717,38.000000
9718,2.000000
9719,46.000000
9720,8.000000
9721,-12.000000
9722,0.000000
9723,-44.000000
9724,102.000000
9725,28.000000
9726,-36.000000
9727,10.000000
9728,-74.000000
9729,-38.000000
9730,20.000000
9731,2.000000
9732,2.000000
9733,-12.000000
9734,-2.000000
9735,-2.000000
9736,-18.000000
9737,-6.000000
9738,20.000000
9739,34.000000
9740,-74.000000
9741,22.000000
9742,24.000000
9743,-12.000000
9744,24.000000
9745,-4.000000
9746,-12.000000
9747,4.000000
9748,-56.000000
9749,22.000000
9750,-48.000000
9751,-50.000000
9752,-2.000000
9753,-8.000000
9754,-66.000000
9755,-2.000000
9756,14.000000
9757,0.000000
9758,-6.000000
9759,28.000000
9760,30.000000
9761,20.000000
9762,58.000000
9763,-14.000000
9764,50.000000
9765,-46.000000
9766,4.000000
9767,36.000000
9768,30.000000
9769,-24.000000
9770,-14.000000
9771,-40.000000
9772,-16.000000
9773,20.000000
9774,-74.000000
9775,24.000000
9776,8.000000
9777,-38.000000
9778,-16.000000
9779,-4.000000
9780,2.000000
9781,-64.000000
9782,28.000000
9783,-2.000000
9784,28.000000
9785,32.000000
9786,-36.000000
9787,0.000000
9788,18.000000
9789,26.000000
9790,-16.000000
9791,26.000000
9792,4.000000
9793,-8.000000
9794,-4.000000
9795,16.000000
9796,2.000000
9797,24.000000
9798,-2.000000
9799,10.000000
9800,34.000000
9801,-6.000000
9802,-44.000000
9803,76.000000
9804,64.000000
9805,14.000000
9806,12.000000
9807,10.000000
9808,-56.000000
9809,10.000000
9810,12.000000
9811,-6.000000
9812,6.000000
9813,8.000000
9814,-8.000000
9815,14.000000
9816,-12.000000
9817,0.000000
9818,-56.000000
9819,22.000000
9820,-46.000000
9821,22.000000
9822,-24.000000
9823,8.000000
9824,2.000000
9825,-20.000000
9826,12.000000
9827,28.000000
9828,8.000000
9829,26.000000
9830,-10.000000
9831,-30.000000
9832,-2.000000
9833,-22.000000
9834,-16.000000
9835,12.000000
9836,-18.000000
9837,0.000000
9838,-8.000000
9839,-22.000000
9840,2.000000
9841,-24.000000
9842,-14.000000
9843,-22.000000
9844,-4.000000
9845,12.000000
9846,-12.000000
9847,8.000000
9848,4.000000
9849,-4.000000
9850,-26.000000
9851,6.000000
9852,26.000000
9853,12.000000
9854,54.000000
9855,38.000000
9856,6.000000
9857,-30.000000
9858,0.000000
9859,0.000000
9860,-6.000000
9861,32.000000
9862,34.000000
9863,-28.000000
9864,22.000000
9865,-12.000000
9866,36.000000
9867,-54.000000
9868,20.000000
9869,-30.000000
9870,78.000000
9871,-26.000000
9872,-34.000000
9873,16.000000
9874,-32.000000
9875,-28.000000
9876,-30.000000
9877,-4.000000
9878,-6.000000
9879,16.000000
9880,24.000000
9881,-2.000000
9882,-10.000000
9883,16.000000
9884,2.000000
9885,2.000000
9886,2.000000
9887,-36.000000
9888,-18.000000
9889,-30.000000
9890,-14.000000
9891,-64.000000
9892,6.000000
9893,36.000000
9894,-26.000000
9895,10.000000
9896,0.000000
9897,-70.000000
9898,-16.000000
9899,-60.000000
9900,14.000000
9901,58.000000
9902,-12.000000
9903,-4.000000
9904,78.000000
9905,-64.000000
9906,62.000000
9907,0.000000
9908,48.000000
9909,-2.000000
9910,-2.000000
9911,-30.000000
9912,38.000000
9913,0.000000
9914,-4.000000
9915,-4.000000
9916,68.000000
9917,-16.000000
9918,6.000000
9919,-8.000000
9920,60.000000
9921,-36.000000
9922,-26.000000
9923,-94.000000
9924,34.000000
9925,-26.000000
9926,-22.000000
9927,4.000000
9928,40.000000
9929,26.000000
9930,2.000000
9931,8.000000
9932,40.000000
9933,16.000000
9934,72.000000
9935,-26.000000
9936,4.000000
9937,62.000000
9938,10.000000
9939,0.000000
9940,16.000000
9941,8.000000
9942,-36.000000
9943,-4.000000
9944,-8.000000
9945,-2.000000
9946,0.000000
9947,-16.000000
9948,-26.000000
9949,6.000000
9950,-18.000000
9951,16.000000
9952,18.000000
9953,-64.000000
9954,16.000000
9955,-50.000000
9956,-26.000000
9957,46.000000
9958,6.000000
9959,0.000000
9960,-32.000000
9961,28.000000
9962,18.000000
9963,12.000000
9964,-16.000000
9965,48.000000
9966,-48.000000
9967,2.000000
9968,18.000000
9969,-4.000000
9970,20.000000
9971,-12.000000
9972,-4.000000
9973,-16.000000
9974,-4.000000
9975,-12.000000
9976,64.000000
9977,22.000000
9978,-12.000000
9979,6.000000
9980,-54.000000
9981,-30.000000
9982,-22.000000
9983,-48.000000
9984,-16.000000
9985,2.000000
9986,54.000000
9987,-12.000000
9988,-8.000000
9989,40.000000
9990,2.000000
9991,-30.000000
9992,18.000000
9993,28.000000
9994,12.000000
9995,8.000000
9996,0.000000
9997,10.000000
9998,-8.000000
9999,-28.000000
10000,12.000000
