Channel              :,CH1
Frequency            :,  ?
Period               :,  ?
PK-PK                :,264.0mV
Probe attenuation    :,1X
Voltage per ADC value:,0.250000mV
Time interval        :,100.00000us

index,CH1_Voltage(mV)
1,0.000000
2,0.000000
3,-8.000000
4,8.000000
5,-16.000000
6,-16.000000
7,16.000000
8,0.000000
9,4.000000
10,12.000000
11,-12.000000
12,4.000000
13,-24.000000
14,16.000000
15,-36.000000
16,8.000000
17,-24.000000
18,24.000000
19,-16.000000
20,-16.000000
21,28.000000
22,-8.000000
23,12.000000
24,44.000000
25,20.000000
26,44.000000
27,8.000000
28,4.000000
29,-16.000000
30,20.000000
31,-32.000000
32,20.000000
33,-8.000000
34,-20.000000
35,-20.000000
36,-20.000000
37,-12.000000
38,-20.000000
39,12.000000
40,4.000000
41,-8.000000
42,-48.000000
43,-24.000000
44,-32.000000
45,-32.000000
46,0.000000
47,-8.000000
48,-24.000000
49,20.000000
50,-28.000000
51,-24.000000
52,0.000000
53,4.000000
54,12.000000
55,12.000000
56,8.000000
57,-12.000000
58,-32.000000
59,-12.000000
60,-8.000000
61,-40.000000
62,-28.000000
63,0.000000
64,-52.000000
65,-8.000000
66,0.000000
67,-24.000000
68,-24.000000
69,-12.000000
70,64.000000
71,56.000000
72,20.000000
73,48.000000
74,16.000000
75,72.000000
76,24.000000
77,4.000000
78,-20.000000
79,4.000000
80,-36.000000
81,16.000000
82,-20.000000
83,-12.000000
84,16.000000
85,-28.000000
86,-12.000000
87,0.000000
88,-8.000000
89,16.000000
90,8.000000
91,-20.000000
92,-20.000000
93,4.000000
94,20.000000
95,-20.000000
96,8.000000
97,-28.000000
98,-28.000000
99,20.000000
100,28.000000
101,-36.000000
102,8.000000
103,4.000000
104,52.000000
105,-24.000000
106,-32.000000
107,0.000000
108,-4.000000
109,24.000000
110,-8.000000
111,-20.000000
112,-16.000000
113,-36.000000
114,-36.000000
115,0.000000
116,-16.000000
117,-36.000000
118,0.000000
119,0.000000
120,0.000000
121,-8.000000
122,-8.000000
123,-24.000000
124,-40.000000
125,-4.000000
126,-28.000000
127,-28.000000
128,-8.000000
129,-28.000000
130,-36.000000
131,-40.000000
132,-40.000000
133,-28.000000
134,28.000000
135,28.000000
136,-32.000000
137,-16.000000
138,0.000000
139,-24.000000
140,-28.000000
141,-8.000000
142,-16.000000
143,20.000000
144,20.000000
145,-40.000000
146,40.000000
147,-8.000000
148,-20.000000
149,24.000000
150,12.000000
151,-24.000000
152,44.000000
153,8.000000
154,12.000000
155,-8.000000
156,-12.000000
157,-12.000000
158,-60.000000
159,28.000000
160,-16.000000
161,-12.000000
162,-8.000000
163,0.000000
164,32.000000
165,12.000000
166,12.000000
167,12.000000
168,-16.000000
169,12.000000
170,12.000000
171,-20.000000
172,-24.000000
173,8.000000
174,-8.000000
175,24.000000
176,-8.000000
177,24.000000
178,0.000000
179,12.000000
180,12.000000
181,-44.000000
182,16.000000
183,24.000000
184,0.000000
185,24.000000
186,0.000000
187,-40.000000
188,8.000000
189,4.000000
190,-8.000000
191,44.000000
192,-4.000000
193,76.000000
194,20.000000
195,-44.000000
196,8.000000
197,-36.000000
198,-8.000000
199,-48.000000
200,-16.000000
201,60.000000
202,-28.000000
203,-4.000000
204,28.000000
205,-8.000000
206,-8.000000
207,-32.000000
208,-48.000000
209,-40.000000
210,-28.000000
211,-8.000000
212,-40.000000
213,-32.000000
214,-48.000000
215,-20.000000
216,16.000000
217,-20.000000
218,0.000000
219,-16.000000
220,-12.000000
221,-24.000000
222,-24.000000
223,-24.000000
224,-40.000000
225,16.000000
226,16.000000
227,0.000000
228,52.000000
229,-8.000000
230,-8.000000
231,-8.000000
232,-40.000000
233,-36.000000
234,16.000000
235,0.000000
236,52.000000
237,12.000000
238,-4.000000
239,-52.000000
240,-24.000000
241,4.000000
242,8.000000
243,-8.000000
244,28.000000
245,16.000000
246,12.000000
247,-4.000000
248,0.000000
249,-8.000000
250,40.000000
251,12.000000
252,0.000000
253,-40.000000
254,36.000000
255,-64.000000
256,20.000000
257,24.000000
258,-44.000000
259,40.000000
260,4.000000
261,44.000000
262,-8.000000
263,-24.000000
264,16.000000
265,-36.000000
266,8.000000
267,12.000000
268,4.000000
269,12.000000
270,4.000000
271,0.000000
272,8.000000
273,12.000000
274,-4.000000
275,-12.000000
276,4.000000
277,-12.000000
278,12.000000
279,12.000000
280,12.000000
281,16.000000
282,56.000000
283,20.000000
284,32.000000
285,-32.000000
286,0.000000
287,12.000000
288,8.000000
289,-8.000000
290,-28.000000
291,8.000000
292,-40.000000
293,-16.000000
294,-16.000000
295,-40.000000
296,8.000000
297,12.000000
298,-20.000000
299,24.000000
300,-8.000000
301,-64.000000
302,-8.000000
303,-20.000000
304,84.000000
305,0.000000
306,-24.000000
307,-32.000000
308,-20.000000
309,-32.000000
310,-36.000000
311,-12.000000
312,-8.000000
313,4.000000
314,-32.000000
315,-44.000000
316,-8.000000
317,-8.000000
318,8.000000
319,-36.000000
320,8.000000
321,60.000000
322,28.000000
323,-28.000000
324,16.000000
325,28.000000
326,-28.000000
327,-16.000000
328,20.000000
329,-8.000000
330,16.000000
331,16.000000
332,-4.000000
333,20.000000
334,-16.000000
335,-12.000000
336,-12.000000
337,-32.000000
338,-40.000000
339,16.000000
340,-44.000000
341,0.000000
342,-4.000000
343,12.000000
344,12.000000
345,52.000000
346,-8.000000
347,56.000000
348,-20.000000
349,32.000000
350,8.000000
351,-20.000000
352,28.000000
353,16.000000
354,4.000000
355,8.000000
356,12.000000
357,16.000000
358,48.000000
359,-12.000000
360,16.000000
361,28.000000
362,28.000000
363,56.000000
364,20.000000
365,40.000000
366,8.000000
367,28.000000
368,-8.000000
369,0.000000
370,0.000000
371,32.000000
372,24.000000
373,-36.000000
374,-8.000000
375,12.000000
376,8.000000
377,0.000000
378,16.000000
379,20.000000
380,16.000000
381,32.000000
382,-28.000000
383,-4.000000
384,16.000000
385,4.000000
386,-56.000000
387,0.000000
388,-32.000000
389,-4.000000
390,-16.000000
391,28.000000
392,-20.000000
393,-20.000000
394,16.000000
395,60.000000
396,-8.000000
397,-24.000000
398,16.000000
399,-48.000000
400,-28.000000
401,-28.000000
402,-28.000000
403,-36.000000
404,-44.000000
405,8.000000
406,-8.000000
407,68.000000
408,-28.000000
409,0.000000
410,-24.000000
411,-32.000000
412,0.000000
413,-28.000000
414,8.000000
415,-28.000000
416,24.000000
417,0.000000
418,0.000000
419,0.000000
420,8.000000
421,-16.000000
422,-56.000000
423,-12.000000
424,-8.000000
425,52.000000
426,-24.000000
427,-64.000000
428,24.000000
429,0.000000
430,8.000000
431,-72.000000
432,16.000000
433,44.000000
434,16.000000
435,20.000000
436,-44.000000
437,12.000000
438,-32.000000
439,16.000000
440,16.000000
441,12.000000
442,-28.000000
443,0.000000
444,8.000000
445,44.000000
446,32.000000
447,-16.000000
448,40.000000
449,-20.000000
450,16.000000
451,-8.000000
452,32.000000
453,20.000000
454,24.000000
455,16.000000
456,0.000000
457,40.000000
458,32.000000
459,-20.000000
460,24.000000
461,-8.000000
462,-48.000000
463,-8.000000
464,-12.000000
465,16.000000
466,20.000000
467,-36.000000
468,-52.000000
469,52.000000
470,16.000000
471,12.000000
472,-12.000000
473,-16.000000
474,-24.000000
475,0.000000
476,-52.000000
477,-28.000000
478,8.000000
479,4.000000
480,0.000000
481,4.000000
482,44.000000
483,-24.000000
484,-8.000000
485,44.000000
486,16.000000
487,-16.000000
488,-16.000000
489,-24.000000
490,16.000000
491,0.000000
492,-16.000000
493,-36.000000
494,-4.000000
495,-4.000000
496,20.000000
497,44.000000
498,0.000000
499,44.000000
500,16.000000
501,-16.000000
502,-12.000000
503,-16.000000
504,-4.000000
505,-20.000000
506,-8.000000
507,-32.000000
508,-60.000000
509,-32.000000
510,4.000000
511,68.000000
512,-8.000000
513,-12.000000
514,-8.000000
515,-16.000000
516,20.000000
517,-24.000000
518,-28.000000
519,-4.000000
520,-24.000000
521,0.000000
522,20.000000
523,4.000000
524,-20.000000
525,-32.000000
526,-24.000000
527,0.000000
528,-4.000000
529,-8.000000
530,-12.000000
531,8.000000
532,-16.000000
533,32.000000
534,16.000000
535,8.000000
536,-4.000000
537,-8.000000
538,24.000000
539,24.000000
540,48.000000
541,4.000000
542,-12.000000
543,24.000000
544,24.000000
545,-8.000000
546,-12.000000
547,-8.000000
548,-28.000000
549,-60.000000
550,-16.000000
551,24.000000
552,4.000000
553,-8.000000
554,12.000000
555,24.000000
556,12.000000
557,40.000000
558,8.000000
559,28.000000
560,-8.000000
561,-8.000000
562,12.000000
563,12.000000
564,12.000000
565,16.000000
566,16.000000
567,-20.000000
568,-60.000000
569,-16.000000
570,24.000000
571,8.000000
572,16.000000
573,0.000000
574,-12.000000
575,-16.000000
576,-60.000000
577,-8.000000
578,-16.000000
579,12.000000
580,-20.000000
581,-8.000000
582,-8.000000
583,-16.000000
584,-32.000000
585,-8.000000
586,-8.000000
587,-8.000000
588,0.000000
589,-24.000000
590,-4.000000
591,-60.000000
592,-16.000000
593,-32.000000
594,44.000000
595,24.000000
596,-24.000000
597,-60.000000
598,-32.000000
599,-12.000000
600,-48.000000
601,-32.000000
602,0.000000
603,-8.000000
604,4.000000
605,-32.000000
606,-12.000000
607,0.000000
608,16.000000
609,-20.000000
610,-8.000000
611,24.000000
612,16.000000
613,-8.000000
614,-12.000000
615,-20.000000
616,52.000000
617,8.000000
618,4.000000
619,0.000000
620,0.000000
621,4.000000
622,-8.000000
623,40.000000
624,64.000000
625,-24.000000
626,16.000000
627,0.000000
628,20.000000
629,-16.000000
630,16.000000
631,-12.000000
632,24.000000
633,0.000000
634,4.000000
635,16.000000
636,12.000000
637,100.000000
638,-8.000000
639,20.000000
640,-4.000000
641,28.000000
642,24.000000
643,32.000000
644,24.000000
645,16.000000
646,12.000000
647,16.000000
648,12.000000
649,12.000000
650,24.000000
651,20.000000
652,0.000000
653,-12.000000
654,0.000000
655,-12.000000
656,0.000000
657,64.000000
658,-4.000000
659,0.000000
660,0.000000
661,-36.000000
662,-60.000000
663,-8.000000
664,-24.000000
665,-20.000000
666,-8.000000
667,44.000000
668,-20.000000
669,-16.000000
670,-8.000000
671,-52.000000
672,-20.000000
673,-48.000000
674,4.000000
675,-28.000000
676,-4.000000
677,-20.000000
678,-32.000000
679,8.000000
680,-20.000000
681,-28.000000
682,-24.000000
683,-12.000000
684,20.000000
685,-20.000000
686,-16.000000
687,44.000000
688,-16.000000
689,4.000000
690,-20.000000
691,-36.000000
692,16.000000
693,52.000000
694,-28.000000
695,28.000000
696,-44.000000
697,-24.000000
698,-28.000000
699,24.000000
700,-8.000000
701,-4.000000
702,-24.000000
703,-40.000000
704,-44.000000
705,-24.000000
706,-20.000000
707,-8.000000
708,52.000000
709,-32.000000
710,44.000000
711,-8.000000
712,-56.000000
713,8.000000
714,-24.000000
715,12.000000
716,-8.000000
717,16.000000
718,-4.000000
719,4.000000
720,-20.000000
721,-8.000000
722,0.000000
723,24.000000
724,24.000000
725,44.000000
726,-8.000000
727,0.000000
728,20.000000
729,0.000000
730,28.000000
731,32.000000
732,8.000000
733,-8.000000
734,0.000000
735,8.000000
736,8.000000
737,-8.000000
738,12.000000
739,0.000000
740,-92.000000
741,-28.000000
742,0.000000
743,20.000000
744,32.000000
745,40.000000
746,-8.000000
747,8.000000
748,-4.000000
749,32.000000
750,24.000000
751,4.000000
752,-12.000000
753,16.000000
754,8.000000
755,-8.000000
756,52.000000
757,-4.000000
758,4.000000
759,16.000000
760,-36.000000
761,-8.000000
762,12.000000
763,16.000000
764,28.000000
765,-16.000000
766,-8.000000
767,-16.000000
768,20.000000
769,0.000000
770,-8.000000
771,-8.000000
772,-8.000000
773,16.000000
774,-8.000000
775,4.000000
776,-20.000000
777,-44.000000
778,-44.000000
779,-20.000000
780,20.000000
781,0.000000
782,40.000000
783,-96.000000
784,20.000000
785,-16.000000
786,0.000000
787,-16.000000
788,4.000000
789,8.000000
790,8.000000
791,-12.000000
792,0.000000
793,4.000000
794,20.000000
795,-16.000000
796,0.000000
797,-20.000000
798,-20.000000
799,-20.000000
800,-16.000000
801,-48.000000
802,-20.000000
803,20.000000
804,4.000000
805,-12.000000
806,-8.000000
807,-4.000000
808,-4.000000
809,20.000000
810,16.000000
811,-28.000000
812,-28.000000
813,16.000000
814,20.000000
815,32.000000
816,-4.000000
817,16.000000
818,-20.000000
819,-44.000000
820,12.000000
821,12.000000
822,-32.000000
823,-20.000000
824,-24.000000
825,-12.000000
826,12.000000
827,24.000000
828,20.000000
829,32.000000
830,8.000000
831,32.000000
832,-28.000000
833,0.000000
834,28.000000
835,-8.000000
836,-8.000000
837,40.000000
838,-12.000000
839,12.000000
840,4.000000
841,-4.000000
842,24.000000
843,-24.000000
844,-4.000000
845,-20.000000
846,0.000000
847,4.000000
848,0.000000
849,28.000000
850,-12.000000
851,0.000000
852,24.000000
853,-4.000000
854,24.000000
855,-12.000000
856,12.000000
857,12.000000
858,-52.000000
859,-8.000000
860,-24.000000
861,-20.000000
862,-28.000000
863,-20.000000
864,-24.000000
865,0.000000
866,-36.000000
867,8.000000
868,12.000000
869,60.000000
870,-20.000000
871,-20.000000
872,-8.000000
873,-8.000000
874,-12.000000
875,-8.000000
876,-8.000000
877,-20.000000
878,-20.000000
879,-8.000000
880,-40.000000
881,-40.000000
882,-28.000000
883,4.000000
884,-40.000000
885,8.000000
886,-44.000000
887,-20.000000
888,-20.000000
889,0.000000
890,-20.000000
891,0.000000
892,-100.000000
893,-24.000000
894,-8.000000
895,-8.000000
896,52.000000
897,20.000000
898,-8.000000
899,36.000000
900,0.000000
901,-8.000000
902,-20.000000
903,8.000000
904,-28.000000
905,32.000000
906,16.000000
907,-8.000000
908,12.000000
909,4.000000
910,4.000000
911,0.000000
912,4.000000
913,-40.000000
914,16.000000
915,24.000000
916,16.000000
917,-8.000000
918,24.000000
919,-8.000000
920,32.000000
921,-4.000000
922,20.000000
923,-8.000000
924,24.000000
925,116.000000
926,16.000000
927,32.000000
928,16.000000
929,16.000000
930,0.000000
931,4.000000
932,-20.000000
933,-28.000000
934,0.000000
935,16.000000
936,-16.000000
937,-40.000000
938,-60.000000
939,0.000000
940,56.000000
941,-4.000000
942,-8.000000
943,-4.000000
944,24.000000
945,12.000000
946,16.000000
947,20.000000
948,-12.000000
949,-8.000000
950,-4.000000
951,52.000000
952,-20.000000
953,-8.000000
954,-8.000000
955,-32.000000
956,-8.000000
957,-12.000000
958,-16.000000
959,-32.000000
960,64.000000
961,-16.000000
962,-32.000000
963,-32.000000
964,-32.000000
965,-8.000000
966,-8.000000
967,-28.000000
968,-4.000000
969,-28.000000
970,-8.000000
971,-20.000000
972,0.000000
973,0.000000
974,28.000000
975,-24.000000
976,40.000000
977,-16.000000
978,-8.000000
979,-36.000000
980,4.000000
981,-24.000000
982,4.000000
983,-32.000000
984,-20.000000
985,8.000000
986,-32.000000
987,4.000000
988,-40.000000
989,-20.000000
990,20.000000
991,16.000000
992,44.000000
993,-16.000000
994,-16.000000
995,-8.000000
996,0.000000
997,-20.000000
998,20.000000
999,-36.000000
1000,4.000000
1001,0.000000
1002,-12.000000
1003,-8.000000
1004,8.000000
1005,8.000000
1006,16.000000
1007,24.000000
1008,28.000000
1009,-12.000000
1010,0.000000
1011,4.000000
1012,-24.000000
1013,4.000000
1014,-44.000000
1015,-44.000000
1016,-52.000000
1017,0.000000
1018,16.000000
1019,-8.000000
1020,4.000000
1021,0.000000
1022,20.000000
1023,-4.000000
1024,40.000000
1025,-28.000000
1026,40.000000
1027,12.000000
1028,16.000000
1029,-36.000000
1030,8.000000
1031,8.000000
1032,8.000000
1033,-32.000000
1034,20.000000
1035,44.000000
1036,16.000000
1037,56.000000
1038,24.000000
1039,-28.000000
1040,24.000000
1041,-16.000000
1042,16.000000
1043,-8.000000
1044,-4.000000
1045,-36.000000
1046,-36.000000
1047,0.000000
1048,-8.000000
1049,20.000000
1050,28.000000
1051,-52.000000
1052,-40.000000
1053,-28.000000
1054,-28.000000
1055,-8.000000
1056,16.000000
1057,-16.000000
1058,-20.000000
1059,-12.000000
1060,-16.000000
1061,-8.000000
1062,-28.000000
1063,-28.000000
1064,-20.000000
1065,0.000000
1066,-12.000000
1067,12.000000
1068,0.000000
1069,20.000000
1070,-48.000000
1071,-8.000000
1072,-36.000000
1073,16.000000
1074,-40.000000
1075,-8.000000
1076,-8.000000
1077,-16.000000
1078,-16.000000
1079,60.000000
1080,-8.000000
1081,20.000000
1082,4.000000
1083,12.000000
1084,12.000000
1085,-12.000000
1086,44.000000
1087,-32.000000
1088,-4.000000
1089,-16.000000
1090,-12.000000
1091,4.000000
1092,0.000000
1093,-32.000000
1094,0.000000
1095,8.000000
1096,0.000000
1097,-16.000000
1098,-12.000000
1099,-8.000000
1100,64.000000
1101,16.000000
1102,4.000000
1103,24.000000
1104,40.000000
1105,0.000000
1106,56.000000
1107,28.000000
1108,-8.000000
1109,16.000000
1110,16.000000
1111,-12.000000
1112,32.000000
1113,-12.000000
1114,8.000000
1115,-8.000000
1116,16.000000
1117,24.000000
1118,-52.000000
1119,8.000000
1120,-20.000000
1121,-48.000000
1122,-8.000000
1123,-12.000000
1124,-52.000000
1125,-24.000000
1126,-8.000000
1127,0.000000
1128,-24.000000
1129,-12.000000
1130,-16.000000
1131,-28.000000
1132,4.000000
1133,0.000000
1134,44.000000
1135,4.000000
1136,0.000000
1137,-40.000000
1138,24.000000
1139,-32.000000
1140,-32.000000
1141,8.000000
1142,12.000000
1143,-44.000000
1144,-32.000000
1145,-16.000000
1146,-20.000000
1147,0.000000
1148,8.000000
1149,-8.000000
1150,-4.000000
1151,-12.000000
1152,16.000000
1153,28.000000
1154,-36.000000
1155,12.000000
1156,-28.000000
1157,0.000000
1158,-4.000000
1159,24.000000
1160,-28.000000
1161,0.000000
1162,-32.000000
1163,-24.000000
1164,24.000000
1165,-16.000000
1166,-8.000000
1167,-12.000000
1168,-12.000000
1169,-4.000000
1170,-12.000000
1171,-84.000000
1172,-4.000000
1173,-12.000000
1174,0.000000
1175,-8.000000
1176,4.000000
1177,12.000000
1178,12.000000
1179,4.000000
1180,4.000000
1181,4.000000
1182,0.000000
1183,44.000000
1184,-20.000000
1185,28.000000
1186,28.000000
1187,8.000000
1188,8.000000
1189,8.000000
1190,0.000000
1191,32.000000
1192,48.000000
1193,8.000000
1194,8.000000
1195,4.000000
1196,4.000000
1197,-16.000000
1198,24.000000
1199,68.000000
1200,12.000000
1201,16.000000
1202,-12.000000
1203,44.000000
1204,40.000000
1205,20.000000
1206,20.000000
1207,8.000000
1208,12.000000
1209,4.000000
1210,-20.000000
1211,-12.000000
1212,0.000000
1213,4.000000
1214,12.000000
1215,8.000000
1216,-8.000000
1217,-44.000000
1218,20.000000
1219,-8.000000
1220,24.000000
1221,4.000000
1222,8.000000
1223,8.000000
1224,4.000000
1225,8.000000
1226,24.000000
1227,-8.000000
1228,8.000000
1229,68.000000
1230,28.000000
1231,12.000000
1232,-4.000000
1233,-16.000000
1234,-8.000000
1235,48.000000
1236,0.000000
1237,-32.000000
1238,20.000000
1239,-36.000000
1240,-8.000000
1241,16.000000
1242,-40.000000
1243,0.000000
1244,12.000000
1245,-20.000000
1246,-20.000000
1247,-20.000000
1248,-32.000000
1249,-24.000000
1250,12.000000
1251,0.000000
1252,-28.000000
1253,-28.000000
1254,20.000000
1255,12.000000
1256,4.000000
1257,-16.000000
1258,-24.000000
1259,-36.000000
1260,-40.000000
1261,-8.000000
1262,-20.000000
1263,-8.000000
1264,-32.000000
1265,-24.000000
1266,-8.000000
1267,0.000000
1268,-8.000000
1269,-44.000000
1270,12.000000
1271,24.000000
1272,0.000000
1273,-40.000000
1274,16.000000
1275,4.000000
1276,0.000000
1277,-8.000000
1278,44.000000
1279,-12.000000
1280,64.000000
1281,0.000000
1282,32.000000
1283,44.000000
1284,0.000000
1285,24.000000
1286,4.000000
1287,20.000000
1288,0.000000
1289,-8.000000
1290,-4.000000
1291,0.000000
1292,-20.000000
1293,-12.000000
1294,-12.000000
1295,24.000000
1296,8.000000
1297,16.000000
1298,16.000000
1299,0.000000
1300,-8.000000
1301,0.000000
1302,-4.000000
1303,44.000000
1304,20.000000
1305,-20.000000
1306,20.000000
1307,44.000000
1308,16.000000
1309,-12.000000
1310,-28.000000
1311,20.000000
1312,32.000000
1313,20.000000
1314,20.000000
1315,20.000000
1316,0.000000
1317,24.000000
1318,-52.000000
1319,-24.000000
1320,24.000000
1321,-8.000000
1322,24.000000
1323,-48.000000
1324,-24.000000
1325,0.000000
1326,-40.000000
1327,0.000000
1328,-8.000000
1329,-8.000000
1330,-12.000000
1331,-64.000000
1332,-8.000000
1333,-28.000000
1334,12.000000
1335,-20.000000
1336,-60.000000
1337,4.000000
1338,-60.000000
1339,-8.000000
1340,40.000000
1341,40.000000
1342,-12.000000
1343,-32.000000
1344,28.000000
1345,-56.000000
1346,-16.000000
1347,-20.000000
1348,-20.000000
1349,-48.000000
1350,-24.000000
1351,-32.000000
1352,-32.000000
1353,-4.000000
1354,84.000000
1355,-20.000000
1356,-16.000000
1357,-32.000000
1358,-8.000000
1359,-12.000000
1360,8.000000
1361,-24.000000
1362,-8.000000
1363,-8.000000
1364,4.000000
1365,0.000000
1366,4.000000
1367,-12.000000
1368,0.000000
1369,20.000000
1370,0.000000
1371,40.000000
1372,24.000000
1373,20.000000
1374,-52.000000
1375,24.000000
1376,68.000000
1377,8.000000
1378,0.000000
1379,16.000000
1380,16.000000
1381,16.000000
1382,-8.000000
1383,-44.000000
1384,4.000000
1385,40.000000
1386,24.000000
1387,24.000000
1388,16.000000
1389,0.000000
1390,-16.000000
1391,-12.000000
1392,20.000000
1393,4.000000
1394,-4.000000
1395,52.000000
1396,60.000000
1397,-12.000000
1398,-16.000000
1399,32.000000
1400,12.000000
1401,-4.000000
1402,-20.000000
1403,-8.000000
1404,-8.000000
1405,20.000000
1406,-12.000000
1407,-8.000000
1408,20.000000
1409,-60.000000
1410,0.000000
1411,-20.000000
1412,-20.000000
1413,-32.000000
1414,-8.000000
1415,-4.000000
1416,-8.000000
1417,0.000000
1418,52.000000
1419,24.000000
1420,-32.000000
1421,-28.000000
1422,12.000000
1423,-24.000000
1424,-8.000000
1425,-16.000000
1426,-8.000000
1427,8.000000
1428,-24.000000
1429,-20.000000
1430,4.000000
1431,-52.000000
1432,-28.000000
1433,52.000000
1434,-32.000000
1435,-20.000000
1436,28.000000
1437,-28.000000
1438,-8.000000
1439,-60.000000
1440,-28.000000
1441,12.000000
1442,-32.000000
1443,-36.000000
1444,-8.000000
1445,-36.000000
1446,64.000000
1447,-32.000000
1448,0.000000
1449,-20.000000
1450,12.000000
1451,-68.000000
1452,0.000000
1453,-40.000000
1454,-8.000000
1455,16.000000
1456,16.000000
1457,-4.000000
1458,88.000000
1459,16.000000
1460,104.000000
1461,20.000000
1462,32.000000
1463,4.000000
1464,4.000000
1465,16.000000
1466,-4.000000
1467,32.000000
1468,8.000000
1469,-8.000000
1470,-8.000000
1471,20.000000
1472,0.000000
1473,16.000000
1474,-8.000000
1475,20.000000
1476,-36.000000
1477,4.000000
1478,8.000000
1479,4.000000
1480,4.000000
1481,-4.000000
1482,16.000000
1483,20.000000
1484,-24.000000
1485,16.000000
1486,-8.000000
1487,-4.000000
1488,-24.000000
1489,4.000000
1490,-40.000000
1491,0.000000
1492,12.000000
1493,16.000000
1494,16.000000
1495,36.000000
1496,12.000000
1497,0.000000
1498,-16.000000
1499,-24.000000
1500,-8.000000
1501,0.000000
1502,0.000000
1503,-28.000000
1504,-36.000000
1505,-8.000000
1506,20.000000
1507,-8.000000
1508,-12.000000
1509,-24.000000
1510,12.000000
1511,4.000000
1512,-24.000000
1513,-8.000000
1514,-28.000000
1515,-12.000000
1516,-12.000000
1517,-32.000000
1518,0.000000
1519,0.000000
1520,-16.000000
1521,-8.000000
1522,-48.000000
1523,-28.000000
1524,-32.000000
1525,-40.000000
1526,12.000000
1527,-8.000000
1528,-32.000000
1529,0.000000
1530,-60.000000
1531,0.000000
1532,-20.000000
1533,-8.000000
1534,-8.000000
1535,-64.000000
1536,16.000000
1537,12.000000
1538,-24.000000
1539,20.000000
1540,16.000000
1541,-20.000000
1542,-8.000000
1543,-12.000000
1544,-12.000000
1545,-32.000000
1546,-28.000000
1547,8.000000
1548,-40.000000
1549,-8.000000
1550,16.000000
1551,0.000000
1552,-4.000000
1553,-8.000000
1554,-8.000000
1555,0.000000
1556,0.000000
1557,-8.000000
1558,12.000000
1559,20.000000
1560,0.000000
1561,8.000000
1562,8.000000
1563,-24.000000
1564,16.000000
1565,-8.000000
1566,-8.000000
1567,-16.000000
1568,52.000000
1569,24.000000
1570,24.000000
1571,-16.000000
1572,8.000000
1573,-8.000000
1574,12.000000
1575,32.000000
1576,-12.000000
1577,0.000000
1578,44.000000
1579,8.000000
1580,8.000000
1581,-24.000000
1582,0.000000
1583,-20.000000
1584,12.000000
1585,0.000000
1586,4.000000
1587,-12.000000
1588,-12.000000
1589,-44.000000
1590,-12.000000
1591,-20.000000
1592,-20.000000
1593,-8.000000
1594,-76.000000
1595,-28.000000
1596,0.000000
1597,20.000000
1598,16.000000
1599,0.000000
1600,-84.000000
1601,52.000000
1602,4.000000
1603,12.000000
1604,-16.000000
1605,-16.000000
1606,16.000000
1607,-8.000000
1608,-4.000000
1609,-28.000000
1610,-28.000000
1611,4.000000
1612,-12.000000
1613,-16.000000
1614,0.000000
1615,-32.000000
1616,-24.000000
1617,-40.000000
1618,24.000000
1619,-68.000000
1620,12.000000
1621,-44.000000
1622,-36.000000
1623,-8.000000
1624,-72.000000
1625,-36.000000
1626,-32.000000
1627,-44.000000
1628,-8.000000
1629,-8.000000
1630,-12.000000
1631,0.000000
1632,-24.000000
1633,-4.000000
1634,-8.000000
1635,-48.000000
1636,16.000000
1637,4.000000
1638,-16.000000
1639,-8.000000
1640,88.000000
1641,-4.000000
1642,-28.000000
1643,-20.000000
1644,-20.000000
1645,4.000000
1646,-20.000000
1647,12.000000
1648,-12.000000
1649,0.000000
1650,-20.000000
1651,-8.000000
1652,24.000000
1653,24.000000
1654,4.000000
1655,-4.000000
1656,44.000000
1657,0.000000
1658,4.000000
1659,20.000000
1660,16.000000
1661,4.000000
1662,-12.000000
1663,4.000000
1664,24.000000
1665,16.000000
1666,16.000000
1667,-12.000000
1668,16.000000
1669,0.000000
1670,-40.000000
1671,32.000000
1672,20.000000
1673,4.000000
1674,24.000000
1675,-8.000000
1676,20.000000
1677,12.000000
1678,56.000000
1679,4.000000
1680,40.000000
1681,24.000000
1682,-8.000000
1683,8.000000
1684,12.000000
1685,16.000000
1686,8.000000
1687,-20.000000
1688,-44.000000
1689,8.000000
1690,4.000000
1691,12.000000
1692,0.000000
1693,0.000000
1694,12.000000
1695,-12.000000
1696,24.000000
1697,44.000000
1698,0.000000
1699,-16.000000
1700,0.000000
1701,0.000000
1702,-12.000000
1703,-24.000000
1704,16.000000
1705,12.000000
1706,-16.000000
1707,24.000000
1708,0.000000
1709,0.000000
1710,-16.000000
1711,-20.000000
1712,0.000000
1713,-4.000000
1714,-4.000000
1715,0.000000
1716,-28.000000
1717,-36.000000
1718,-52.000000
1719,-52.000000
1720,0.000000
1721,-20.000000
1722,20.000000
1723,-32.000000
1724,24.000000
1725,-20.000000
1726,-60.000000
1727,12.000000
1728,-28.000000
1729,12.000000
1730,-20.000000
1731,12.000000
1732,28.000000
1733,-24.000000
1734,68.000000
1735,-16.000000
1736,0.000000
1737,20.000000
1738,20.000000
1739,12.000000
1740,16.000000
1741,20.000000
1742,20.000000
1743,-8.000000
1744,52.000000
1745,24.000000
1746,-44.000000
1747,20.000000
1748,20.000000
1749,4.000000
1750,-88.000000
1751,28.000000
1752,0.000000
1753,-36.000000
1754,8.000000
1755,48.000000
1756,-12.000000
1757,68.000000
1758,0.000000
1759,0.000000
1760,16.000000
1761,44.000000
1762,16.000000
1763,16.000000
1764,0.000000
1765,-20.000000
1766,12.000000
1767,40.000000
1768,0.000000
1769,16.000000
1770,12.000000
1771,40.000000
1772,-8.000000
1773,24.000000
1774,-20.000000
1775,24.000000
1776,-44.000000
1777,0.000000
1778,-8.000000
1779,0.000000
1780,12.000000
1781,0.000000
1782,-4.000000
1783,44.000000
1784,40.000000
1785,4.000000
1786,16.000000
1787,-16.000000
1788,-12.000000
1789,-8.000000
1790,0.000000
1791,-4.000000
1792,-4.000000
1793,20.000000
1794,8.000000
1795,12.000000
1796,-48.000000
1797,-40.000000
1798,-32.000000
1799,-32.000000
1800,-40.000000
1801,-4.000000
1802,-28.000000
1803,-12.000000
1804,-68.000000
1805,0.000000
1806,-52.000000
1807,-28.000000
1808,-28.000000
1809,-24.000000
1810,80.000000
1811,24.000000
1812,-8.000000
1813,-44.000000
1814,-60.000000
1815,-80.000000
1816,16.000000
1817,-20.000000
1818,-8.000000
1819,-32.000000
1820,0.000000
1821,-28.000000
1822,-36.000000
1823,-28.000000
1824,8.000000
1825,-48.000000
1826,-16.000000
1827,16.000000
1828,0.000000
1829,16.000000
1830,-96.000000
1831,-28.000000
1832,52.000000
1833,8.000000
1834,-52.000000
1835,24.000000
1836,44.000000
1837,52.000000
1838,-24.000000
1839,32.000000
1840,-36.000000
1841,-8.000000
1842,-40.000000
1843,-12.000000
1844,20.000000
1845,-44.000000
1846,8.000000
1847,-12.000000
1848,20.000000
1849,20.000000
1850,40.000000
1851,44.000000
1852,64.000000
1853,16.000000
1854,20.000000
1855,8.000000
1856,0.000000
1857,-8.000000
1858,52.000000
1859,16.000000
1860,20.000000
1861,-8.000000
1862,-16.000000
1863,36.000000
1864,24.000000
1865,-8.000000
1866,8.000000
1867,8.000000
1868,-12.000000
1869,-28.000000
1870,-4.000000
1871,-24.000000
1872,4.000000
1873,-8.000000
1874,8.000000
1875,-4.000000
1876,4.000000
1877,0.000000
1878,-4.000000
1879,28.000000
1880,-8.000000
1881,16.000000
1882,-4.000000
1883,-24.000000
1884,0.000000
1885,-8.000000
1886,-32.000000
1887,4.000000
1888,-40.000000
1889,-8.000000
1890,-8.000000
1891,16.000000
1892,52.000000
1893,-12.000000
1894,52.000000
1895,-12.000000
1896,-24.000000
1897,-12.000000
1898,-16.000000
1899,64.000000
1900,-48.000000
1901,0.000000
1902,-28.000000
1903,28.000000
1904,20.000000
1905,40.000000
1906,-8.000000
1907,-32.000000
1908,-32.000000
1909,0.000000
1910,-24.000000
1911,-60.000000
1912,-24.000000
1913,-32.000000
1914,16.000000
1915,-16.000000
1916,-12.000000
1917,-28.000000
1918,-28.000000
1919,28.000000
1920,-20.000000
1921,-96.000000
1922,16.000000
1923,24.000000
1924,-20.000000
1925,8.000000
1926,44.000000
1927,64.000000
1928,-20.000000
1929,12.000000
1930,0.000000
1931,-24.000000
1932,44.000000
1933,-8.000000
1934,20.000000
1935,44.000000
1936,-20.000000
1937,-24.000000
1938,16.000000
1939,28.000000
1940,-12.000000
1941,-8.000000
1942,36.000000
1943,-4.000000
1944,-20.000000
1945,-20.000000
1946,40.000000
1947,64.000000
1948,12.000000
1949,24.000000
1950,-36.000000
1951,0.000000
1952,0.000000
1953,44.000000
1954,-12.000000
1955,-52.000000
1956,-8.000000
1957,-72.000000
1958,20.000000
1959,-44.000000
1960,24.000000
1961,12.000000
1962,-104.000000
1963,20.000000
1964,-12.000000
1965,-8.000000
1966,8.000000
1967,-4.000000
1968,0.000000
1969,32.000000
1970,12.000000
1971,-4.000000
1972,-44.000000
1973,12.000000
1974,-12.000000
1975,24.000000
1976,-20.000000
1977,-16.000000
1978,-40.000000
1979,-24.000000
1980,-12.000000
1981,-32.000000
1982,-4.000000
1983,-28.000000
1984,-28.000000
1985,-8.000000
1986,-12.000000
1987,4.000000
1988,-24.000000
1989,0.000000
1990,-20.000000
1991,-16.000000
1992,-8.000000
1993,-20.000000
1994,-16.000000
1995,-44.000000
1996,-40.000000
1997,-12.000000
1998,12.000000
1999,-24.000000
2000,-4.000000
2001,68.000000
2002,-28.000000
2003,-4.000000
2004,-8.000000
2005,44.000000
2006,8.000000
2007,-8.000000
2008,-8.000000
2009,0.000000
2010,16.000000
2011,-28.000000
2012,-28.000000
2013,-16.000000
2014,-16.000000
2015,0.000000
2016,0.000000
2017,28.000000
2018,-20.000000
2019,-36.000000
2020,0.000000
2021,-20.000000
2022,4.000000
2023,16.000000
2024,-8.000000
2025,4.000000
2026,0.000000
2027,12.000000
2028,0.000000
2029,12.000000
2030,32.000000
2031,20.000000
2032,-12.000000
2033,-12.000000
2034,16.000000
2035,0.000000
2036,20.000000
2037,-12.000000
2038,-4.000000
2039,20.000000
2040,-28.000000
2041,-8.000000
2042,88.000000
2043,0.000000
2044,16.000000
2045,12.000000
2046,-12.000000
2047,52.000000
2048,44.000000
2049,24.000000
2050,-8.000000
2051,4.000000
2052,-36.000000
2053,20.000000
2054,-4.000000
2055,28.000000
2056,56.000000
2057,44.000000
2058,-16.000000
2059,60.000000
2060,-52.000000
2061,52.000000
2062,68.000000
2063,-52.000000
2064,0.000000
2065,-24.000000
2066,0.000000
2067,-4.000000
2068,-8.000000
2069,-20.000000
2070,12.000000
2071,-12.000000
2072,24.000000
2073,40.000000
2074,0.000000
2075,-4.000000
2076,-12.000000
2077,16.000000
2078,-20.000000
2079,-28.000000
2080,-28.000000
2081,-4.000000
2082,-36.000000
2083,-8.000000
2084,16.000000
2085,-12.000000
2086,-24.000000
2087,24.000000
2088,16.000000
2089,-8.000000
2090,52.000000
2091,-44.000000
2092,12.000000
2093,16.000000
2094,-16.000000
2095,-16.000000
2096,-12.000000
2097,4.000000
2098,-16.000000
2099,-32.000000
2100,-20.000000
2101,-16.000000
2102,-16.000000
2103,-28.000000
2104,-24.000000
2105,-8.000000
2106,-24.000000
2107,16.000000
2108,-48.000000
2109,16.000000
2110,48.000000
2111,-8.000000
2112,12.000000
2113,12.000000
2114,12.000000
2115,40.000000
2116,8.000000
2117,-44.000000
2118,4.000000
2119,-8.000000
2120,28.000000
2121,24.000000
2122,28.000000
2123,36.000000
2124,40.000000
2125,-24.000000
2126,-60.000000
2127,4.000000
2128,20.000000
2129,0.000000
2130,4.000000
2131,24.000000
2132,20.000000
2133,-12.000000
2134,-8.000000
2135,0.000000
2136,32.000000
2137,-24.000000
2138,96.000000
2139,8.000000
2140,8.000000
2141,32.000000
2142,0.000000
2143,44.000000
2144,16.000000
2145,0.000000
2146,-8.000000
2147,4.000000
2148,4.000000
2149,32.000000
2150,24.000000
2151,-20.000000
2152,-28.000000
2153,-8.000000
2154,-20.000000
2155,-8.000000
2156,88.000000
2157,-52.000000
2158,0.000000
2159,0.000000
2160,-24.000000
2161,-12.000000
2162,-16.000000
2163,-44.000000
2164,20.000000
2165,-8.000000
2166,-24.000000
2167,-24.000000
2168,28.000000
2169,-20.000000
2170,8.000000
2171,-40.000000
2172,-44.000000
2173,-28.000000
2174,-8.000000
2175,-48.000000
2176,-24.000000
2177,4.000000
2178,-32.000000
2179,-8.000000
2180,-52.000000
2181,-20.000000
2182,12.000000
2183,-8.000000
2184,-8.000000
2185,-52.000000
2186,-8.000000
2187,68.000000
2188,-40.000000
2189,-20.000000
2190,-20.000000
2191,-12.000000
2192,24.000000
2193,-16.000000
2194,16.000000
2195,28.000000
2196,0.000000
2197,-24.000000
2198,-20.000000
2199,4.000000
2200,-8.000000
2201,-8.000000
2202,-24.000000
2203,-28.000000
2204,20.000000
2205,44.000000
2206,-16.000000
2207,0.000000
2208,0.000000
2209,-8.000000
2210,48.000000
2211,40.000000
2212,20.000000
2213,8.000000
2214,-8.000000
2215,-48.000000
2216,-4.000000
2217,4.000000
2218,0.000000
2219,20.000000
2220,80.000000
2221,0.000000
2222,0.000000
2223,0.000000
2224,4.000000
2225,-12.000000
2226,52.000000
2227,8.000000
2228,0.000000
2229,0.000000
2230,8.000000
2231,-8.000000
2232,16.000000
2233,24.000000
2234,-8.000000
2235,0.000000
2236,12.000000
2237,92.000000
2238,68.000000
2239,-64.000000
2240,-36.000000
2241,-60.000000
2242,-8.000000
2243,8.000000
2244,4.000000
2245,20.000000
2246,12.000000
2247,-20.000000
2248,24.000000
2249,28.000000
2250,0.000000
2251,44.000000
2252,4.000000
2253,-16.000000
2254,-32.000000
2255,12.000000
2256,-8.000000
2257,-20.000000
2258,-12.000000
2259,8.000000
2260,16.000000
2261,-16.000000
2262,-12.000000
2263,-28.000000
2264,-12.000000
2265,12.000000
2266,8.000000
2267,-20.000000
2268,-12.000000
2269,-4.000000
2270,-8.000000
2271,-16.000000
2272,0.000000
2273,40.000000
2274,-8.000000
2275,-40.000000
2276,4.000000
2277,-4.000000
2278,44.000000
2279,-8.000000
2280,-32.000000
2281,-44.000000
2282,-32.000000
2283,-60.000000
2284,-8.000000
2285,-24.000000
2286,0.000000
2287,-32.000000
2288,-4.000000
2289,8.000000
2290,-24.000000
2291,-8.000000
2292,-8.000000
2293,-8.000000
2294,-20.000000
2295,20.000000
2296,4.000000
2297,8.000000
2298,0.000000
2299,-8.000000
2300,44.000000
2301,-40.000000
2302,-36.000000
2303,32.000000
2304,0.000000
2305,8.000000
2306,-36.000000
2307,16.000000
2308,4.000000
2309,-8.000000
2310,68.000000
2311,-72.000000
2312,32.000000
2313,24.000000
2314,-12.000000
2315,12.000000
2316,12.000000
2317,24.000000
2318,16.000000
2319,24.000000
2320,0.000000
2321,-8.000000
2322,-12.000000
2323,4.000000
2324,16.000000
2325,4.000000
2326,-8.000000
2327,-8.000000
2328,-12.000000
2329,28.000000
2330,-36.000000
2331,-52.000000
2332,28.000000
2333,36.000000
2334,-16.000000
2335,-20.000000
2336,40.000000
2337,-4.000000
2338,56.000000
2339,-8.000000
2340,16.000000
2341,-24.000000
2342,-4.000000
2343,-48.000000
2344,-8.000000
2345,-24.000000
2346,-48.000000
2347,32.000000
2348,-24.000000
2349,-32.000000
2350,-32.000000
2351,0.000000
2352,-8.000000
2353,-8.000000
2354,-16.000000
2355,20.000000
2356,52.000000
2357,-8.000000
2358,-8.000000
2359,-48.000000
2360,-12.000000
2361,-16.000000
2362,-16.000000
2363,-20.000000
2364,-44.000000
2365,-28.000000
2366,-28.000000
2367,-36.000000
2368,16.000000
2369,28.000000
2370,-16.000000
2371,-16.000000
2372,0.000000
2373,-36.000000
2374,-40.000000
2375,-44.000000
2376,0.000000
2377,-8.000000
2378,-8.000000
2379,-8.000000
2380,20.000000
2381,24.000000
2382,-8.000000
2383,-16.000000
2384,-12.000000
2385,0.000000
2386,-8.000000
2387,0.000000
2388,-32.000000
2389,-4.000000
2390,-16.000000
2391,-8.000000
2392,8.000000
2393,16.000000
2394,20.000000
2395,20.000000
2396,-32.000000
2397,24.000000
2398,-8.000000
2399,4.000000
2400,8.000000
2401,44.000000
2402,16.000000
2403,20.000000
2404,32.000000
2405,20.000000
2406,-12.000000
2407,0.000000
2408,0.000000
2409,8.000000
2410,-20.000000
2411,-16.000000
2412,0.000000
2413,8.000000
2414,-16.000000
2415,20.000000
2416,-20.000000
2417,24.000000
2418,-4.000000
2419,-12.000000
2420,-12.000000
2421,-20.000000
2422,-56.000000
2423,-4.000000
2424,-8.000000
2425,12.000000
2426,4.000000
2427,0.000000
2428,40.000000
2429,0.000000
2430,-4.000000
2431,-36.000000
2432,-20.000000
2433,-16.000000
2434,0.000000
2435,0.000000
2436,0.000000
2437,4.000000
2438,4.000000
2439,40.000000
2440,-16.000000
2441,-20.000000
2442,-32.000000
2443,12.000000
2444,44.000000
2445,-16.000000
2446,-8.000000
2447,-24.000000
2448,-20.000000
2449,16.000000
2450,-40.000000
2451,16.000000
2452,-4.000000
2453,-20.000000
2454,-4.000000
2455,24.000000
2456,-8.000000
2457,-32.000000
2458,-28.000000
2459,-20.000000
2460,-20.000000
2461,16.000000
2462,40.000000
2463,-8.000000
2464,-24.000000
2465,12.000000
2466,-8.000000
2467,-20.000000
2468,-16.000000
2469,44.000000
2470,-8.000000
2471,-24.000000
2472,12.000000
2473,12.000000
2474,-8.000000
2475,-28.000000
2476,0.000000
2477,16.000000
2478,-60.000000
2479,16.000000
2480,12.000000
2481,0.000000
2482,12.000000
2483,-12.000000
2484,52.000000
2485,-8.000000
2486,16.000000
2487,0.000000
2488,-20.000000
2489,20.000000
2490,-12.000000
2491,-24.000000
2492,-12.000000
2493,40.000000
2494,4.000000
2495,8.000000
2496,4.000000
2497,8.000000
2498,-12.000000
2499,0.000000
2500,28.000000
2501,52.000000
2502,-8.000000
2503,-8.000000
2504,-60.000000
2505,4.000000
2506,-8.000000
2507,64.000000
2508,-8.000000
2509,-16.000000
2510,-12.000000
2511,-8.000000
2512,16.000000
2513,32.000000
2514,8.000000
2515,-16.000000
2516,-8.000000
2517,-8.000000
2518,12.000000
2519,-28.000000
2520,8.000000
2521,-36.000000
2522,0.000000
2523,-44.000000
2524,-12.000000
2525,0.000000
2526,-4.000000
2527,16.000000
2528,52.000000
2529,16.000000
2530,0.000000
2531,-56.000000
2532,-12.000000
2533,-8.000000
2534,-4.000000
2535,88.000000
2536,28.000000
2537,0.000000
2538,-8.000000
2539,-36.000000
2540,16.000000
2541,-12.000000
2542,16.000000
2543,44.000000
2544,-20.000000
2545,-40.000000
2546,-92.000000
2547,-40.000000
2548,-32.000000
2549,-44.000000
2550,16.000000
2551,-24.000000
2552,-24.000000
2553,0.000000
2554,0.000000
2555,-4.000000
2556,0.000000
2557,-56.000000
2558,52.000000
2559,0.000000
2560,-28.000000
2561,20.000000
2562,-16.000000
2563,-28.000000
2564,72.000000
2565,-28.000000
2566,12.000000
2567,8.000000
2568,4.000000
2569,-16.000000
2570,64.000000
2571,0.000000
2572,0.000000
2573,8.000000
2574,-8.000000
2575,-52.000000
2576,-16.000000
2577,-40.000000
2578,-8.000000
2579,4.000000
2580,-12.000000
2581,-28.000000
2582,16.000000
2583,4.000000
2584,4.000000
2585,0.000000
2586,8.000000
2587,-28.000000
2588,-36.000000
2589,4.000000
2590,4.000000
2591,84.000000
2592,12.000000
2593,24.000000
2594,-8.000000
2595,-36.000000
2596,0.000000
2597,32.000000
2598,0.000000
2599,32.000000
2600,8.000000
2601,0.000000
2602,64.000000
2603,52.000000
2604,76.000000
2605,-12.000000
2606,8.000000
2607,-8.000000
2608,12.000000
2609,-8.000000
2610,0.000000
2611,-12.000000
2612,-12.000000
2613,-12.000000
2614,8.000000
2615,12.000000
2616,12.000000
2617,68.000000
2618,-8.000000
2619,36.000000
2620,-8.000000
2621,44.000000
2622,-4.000000
2623,-24.000000
2624,4.000000
2625,-48.000000
2626,-4.000000
2627,-20.000000
2628,0.000000
2629,24.000000
2630,-12.000000
2631,-32.000000
2632,-44.000000
2633,0.000000
2634,56.000000
2635,-40.000000
2636,-36.000000
2637,-12.000000
2638,-12.000000
2639,-16.000000
2640,-12.000000
2641,-4.000000
2642,-48.000000
2643,-8.000000
2644,-60.000000
2645,-20.000000
2646,-12.000000
2647,-8.000000
2648,-20.000000
2649,-28.000000
2650,-8.000000
2651,-24.000000
2652,-28.000000
2653,-32.000000
2654,-36.000000
2655,-20.000000
2656,0.000000
2657,-20.000000
2658,-40.000000
2659,-32.000000
2660,-28.000000
2661,-16.000000
2662,-4.000000
2663,-24.000000
2664,8.000000
2665,0.000000
2666,-24.000000
2667,52.000000
2668,-28.000000
2669,12.000000
2670,-32.000000
2671,-36.000000
2672,4.000000
2673,-48.000000
2674,-16.000000
2675,20.000000
2676,-8.000000
2677,48.000000
2678,-12.000000
2679,20.000000
2680,-16.000000
2681,0.000000
2682,32.000000
2683,-8.000000
2684,-4.000000
2685,44.000000
2686,20.000000
2687,4.000000
2688,8.000000
2689,0.000000
2690,-36.000000
2691,-40.000000
2692,-28.000000
2693,32.000000
2694,4.000000
2695,44.000000
2696,12.000000
2697,-12.000000
2698,-12.000000
2699,-4.000000
2700,-8.000000
2701,-28.000000
2702,12.000000
2703,-8.000000
2704,-4.000000
2705,0.000000
2706,-8.000000
2707,48.000000
2708,4.000000
2709,8.000000
2710,12.000000
2711,32.000000
2712,52.000000
2713,24.000000
2714,-32.000000
2715,-8.000000
2716,-8.000000
2717,-8.000000
2718,0.000000
2719,0.000000
2720,-40.000000
2721,-4.000000
2722,-8.000000
2723,-24.000000
2724,0.000000
2725,-8.000000
2726,-28.000000
2727,-12.000000
2728,-16.000000
2729,-16.000000
2730,8.000000
2731,-48.000000
2732,-32.000000
2733,-8.000000
2734,-24.000000
2735,-24.000000
2736,-24.000000
2737,84.000000
2738,-8.000000
2739,-20.000000
2740,0.000000
2741,-20.000000
2742,20.000000
2743,-28.000000
2744,-28.000000
2745,0.000000
2746,-68.000000
2747,4.000000
2748,0.000000
2749,24.000000
2750,-28.000000
2751,-48.000000
2752,-28.000000
2753,-4.000000
2754,-32.000000
2755,-16.000000
2756,-20.000000
2757,-20.000000
2758,-8.000000
2759,-8.000000
2760,0.000000
2761,0.000000
2762,-36.000000
2763,36.000000
2764,0.000000
2765,-52.000000
2766,20.000000
2767,-12.000000
2768,12.000000
2769,-8.000000
2770,-8.000000
2771,0.000000
2772,60.000000
2773,-20.000000
2774,32.000000
2775,0.000000
2776,-28.000000
2777,8.000000
2778,8.000000
2779,-72.000000
2780,32.000000
2781,44.000000
2782,44.000000
2783,20.000000
2784,-8.000000
2785,52.000000
2786,-16.000000
2787,36.000000
2788,-36.000000
2789,8.000000
2790,40.000000
2791,12.000000
2792,0.000000
2793,24.000000
2794,24.000000
2795,64.000000
2796,12.000000
2797,-4.000000
2798,16.000000
2799,4.000000
2800,4.000000
2801,0.000000
2802,16.000000
2803,12.000000
2804,0.000000
2805,-40.000000
2806,0.000000
2807,-8.000000
2808,24.000000
2809,-40.000000
2810,0.000000
2811,-12.000000
2812,-4.000000
2813,56.000000
2814,0.000000
2815,-32.000000
2816,-40.000000
2817,-16.000000
2818,-20.000000
2819,-60.000000
2820,-8.000000
2821,-12.000000
2822,-8.000000
2823,-48.000000
2824,-32.000000
2825,-32.000000
2826,0.000000
2827,-16.000000
2828,-32.000000
2829,-20.000000
2830,-4.000000
2831,44.000000
2832,-24.000000
2833,4.000000
2834,-12.000000
2835,-24.000000
2836,16.000000
2837,-24.000000
2838,36.000000
2839,-8.000000
2840,4.000000
2841,-44.000000
2842,8.000000
2843,12.000000
2844,-36.000000
2845,-8.000000
2846,4.000000
2847,72.000000
2848,-8.000000
2849,44.000000
2850,44.000000
2851,-8.000000
2852,4.000000
2853,-4.000000
2854,28.000000
2855,-12.000000
2856,-4.000000
2857,4.000000
2858,-44.000000
2859,44.000000
2860,16.000000
2861,44.000000
2862,-12.000000
2863,-4.000000
2864,-12.000000
2865,-12.000000
2866,-20.000000
2867,44.000000
2868,24.000000
2869,12.000000
2870,20.000000
2871,8.000000
2872,20.000000
2873,-4.000000
2874,20.000000
2875,-12.000000
2876,-8.000000
2877,12.000000
2878,-12.000000
2879,-52.000000
2880,-20.000000
2881,4.000000
2882,0.000000
2883,24.000000
2884,-4.000000
2885,64.000000
2886,8.000000
2887,4.000000
2888,4.000000
2889,-44.000000
2890,8.000000
2891,4.000000
2892,8.000000
2893,8.000000
2894,-12.000000
2895,32.000000
2896,28.000000
2897,12.000000
2898,8.000000
2899,12.000000
2900,-20.000000
2901,-8.000000
2902,8.000000
2903,-28.000000
2904,-4.000000
2905,-16.000000
2906,-20.000000
2907,52.000000
2908,52.000000
2909,-20.000000
2910,-16.000000
2911,-52.000000
2912,-28.000000
2913,-24.000000
2914,-28.000000
2915,-8.000000
2916,-8.000000
2917,-40.000000
2918,-36.000000
2919,-60.000000
2920,-20.000000
2921,-16.000000
2922,-24.000000
2923,-36.000000
2924,-4.000000
2925,-80.000000
2926,-28.000000
2927,0.000000
2928,20.000000
2929,20.000000
2930,8.000000
2931,-28.000000
2932,-24.000000
2933,-40.000000
2934,-28.000000
2935,0.000000
2936,12.000000
2937,-44.000000
2938,-44.000000
2939,40.000000
2940,16.000000
2941,-60.000000
2942,4.000000
2943,-20.000000
2944,-24.000000
2945,12.000000
2946,-32.000000
2947,0.000000
2948,16.000000
2949,-24.000000
2950,60.000000
2951,-24.000000
2952,16.000000
2953,0.000000
2954,-20.000000
2955,24.000000
2956,-36.000000
2957,64.000000
2958,56.000000
2959,-20.000000
2960,16.000000
2961,80.000000
2962,16.000000
2963,4.000000
2964,-32.000000
2965,-8.000000
2966,32.000000
2967,28.000000
2968,32.000000
2969,-8.000000
2970,0.000000
2971,-16.000000
2972,16.000000
2973,48.000000
2974,32.000000
2975,24.000000
2976,4.000000
2977,-16.000000
2978,32.000000
2979,4.000000
2980,0.000000
2981,8.000000
2982,8.000000
2983,52.000000
2984,8.000000
2985,-92.000000
2986,-20.000000
2987,-24.000000
2988,-20.000000
2989,4.000000
2990,4.000000
2991,-32.000000
2992,-76.000000
2993,-8.000000
2994,-4.000000
2995,-60.000000
2996,4.000000
2997,4.000000
2998,16.000000
2999,0.000000
3000,-28.000000
3001,4.000000
3002,0.000000
3003,-28.000000
3004,-28.000000
3005,0.000000
3006,-24.000000
3007,36.000000
3008,-44.000000
3009,-24.000000
3010,-60.000000
3011,-28.000000
3012,-8.000000
3013,-20.000000
3014,44.000000
3015,-32.000000
3016,-28.000000
3017,-20.000000
3018,8.000000
3019,-16.000000
3020,-16.000000
3021,64.000000
3022,-20.000000
3023,-4.000000
3024,-20.000000
3025,0.000000
3026,12.000000
3027,-32.000000
3028,-8.000000
3029,-52.000000
3030,-4.000000
3031,0.000000
3032,-32.000000
3033,-8.000000
3034,40.000000
3035,-40.000000
3036,-28.000000
3037,12.000000
3038,20.000000
3039,-8.000000
3040,-8.000000
3041,-8.000000
3042,-4.000000
3043,-20.000000
3044,-8.000000
3045,4.000000
3046,-8.000000
3047,16.000000
3048,0.000000
3049,-52.000000
3050,8.000000
3051,-8.000000
3052,12.000000
3053,0.000000
3054,8.000000
3055,24.000000
3056,12.000000
3057,40.000000
3058,24.000000
3059,20.000000
3060,-32.000000
3061,16.000000
3062,8.000000
3063,-24.000000
3064,44.000000
3065,0.000000
3066,4.000000
3067,0.000000
3068,0.000000
3069,8.000000
3070,60.000000
3071,32.000000
3072,8.000000
3073,-12.000000
3074,-8.000000
3075,0.000000
3076,20.000000
3077,-16.000000
3078,-36.000000
3079,-20.000000
3080,52.000000
3081,8.000000
3082,12.000000
3083,8.000000
3084,-36.000000
3085,-20.000000
3086,-8.000000
3087,0.000000
3088,-20.000000
3089,-24.000000
3090,-8.000000
3091,0.000000
3092,12.000000
3093,0.000000
3094,4.000000
3095,-100.000000
3096,-4.000000
3097,-24.000000
3098,12.000000
3099,52.000000
3100,52.000000
3101,-20.000000
3102,-24.000000
3103,-24.000000
3104,8.000000
3105,-8.000000
3106,20.000000
3107,0.000000
3108,-8.000000
3109,20.000000
3110,-40.000000
3111,-24.000000
3112,-16.000000
3113,-20.000000
3114,-8.000000
3115,16.000000
3116,-20.000000
3117,-8.000000
3118,-16.000000
3119,-60.000000
3120,76.000000
3121,8.000000
3122,-8.000000
3123,-16.000000
3124,-16.000000
3125,8.000000
3126,20.000000
3127,-4.000000
3128,-20.000000
3129,-24.000000
3130,-8.000000
3131,-104.000000
3132,0.000000
3133,-4.000000
3134,-32.000000
3135,28.000000
3136,-8.000000
3137,-28.000000
3138,52.000000
3139,4.000000
3140,0.000000
3141,-24.000000
3142,-8.000000
3143,20.000000
3144,12.000000
3145,-92.000000
3146,20.000000
3147,-72.000000
3148,32.000000
3149,48.000000
3150,4.000000
3151,8.000000
3152,12.000000
3153,20.000000
3154,-32.000000
3155,4.000000
3156,12.000000
3157,-36.000000
3158,4.000000
3159,12.000000
3160,32.000000
3161,-60.000000
3162,16.000000
3163,12.000000
3164,-24.000000
3165,20.000000
3166,24.000000
3167,-20.000000
3168,-24.000000
3169,-16.000000
3170,4.000000
3171,48.000000
3172,0.000000
3173,12.000000
3174,12.000000
3175,4.000000
3176,4.000000
3177,32.000000
3178,28.000000
3179,24.000000
3180,-36.000000
3181,0.000000
3182,68.000000
3183,4.000000
3184,-48.000000
3185,-52.000000
3186,4.000000
3187,52.000000
3188,20.000000
3189,-4.000000
3190,-24.000000
3191,-32.000000
3192,-16.000000
3193,0.000000
3194,16.000000
3195,0.000000
3196,12.000000
3197,-32.000000
3198,-12.000000
3199,-28.000000
3200,-40.000000
3201,28.000000
3202,16.000000
3203,-32.000000
3204,-60.000000
3205,-28.000000
3206,-28.000000
3207,-28.000000
3208,-28.000000
3209,-16.000000
3210,-20.000000
3211,-24.000000
3212,-8.000000
3213,12.000000
3214,-8.000000
3215,-52.000000
3216,-44.000000
3217,-28.000000
3218,-40.000000
3219,-12.000000
3220,4.000000
3221,-16.000000
3222,-16.000000
3223,4.000000
3224,4.000000
3225,52.000000
3226,40.000000
3227,0.000000
3228,20.000000
3229,20.000000
3230,12.000000
3231,-32.000000
3232,0.000000
3233,-4.000000
3234,-60.000000
3235,-4.000000
3236,-20.000000
3237,4.000000
3238,4.000000
3239,-20.000000
3240,12.000000
3241,-28.000000
3242,68.000000
3243,-4.000000
3244,20.000000
3245,-16.000000
3246,12.000000
3247,4.000000
3248,-60.000000
3249,-8.000000
3250,-60.000000
3251,-20.000000
3252,-12.000000
3253,0.000000
3254,8.000000
3255,0.000000
3256,-20.000000
3257,52.000000
3258,-8.000000
3259,64.000000
3260,8.000000
3261,24.000000
3262,16.000000
3263,-12.000000
3264,0.000000
3265,-36.000000
3266,-24.000000
3267,0.000000
3268,-16.000000
3269,-32.000000
3270,28.000000
3271,24.000000
3272,44.000000
3273,-32.000000
3274,-20.000000
3275,12.000000
3276,8.000000
3277,8.000000
3278,4.000000
3279,0.000000
3280,0.000000
3281,-12.000000
3282,-16.000000
3283,-24.000000
3284,-8.000000
3285,8.000000
3286,-8.000000
3287,-24.000000
3288,-20.000000
3289,-28.000000
3290,-8.000000
3291,-16.000000
3292,-20.000000
3293,16.000000
3294,24.000000
3295,-28.000000
3296,84.000000
3297,24.000000
3298,-44.000000
3299,24.000000
3300,-12.000000
3301,-48.000000
3302,-40.000000
3303,28.000000
3304,-32.000000
3305,-16.000000
3306,28.000000
3307,-8.000000
3308,-40.000000
3309,0.000000
3310,-36.000000
3311,4.000000
3312,40.000000
3313,16.000000
3314,-28.000000
3315,-32.000000
3316,-16.000000
3317,0.000000
3318,8.000000
3319,-12.000000
3320,4.000000
3321,4.000000
3322,8.000000
3323,-36.000000
3324,-20.000000
3325,-12.000000
3326,-4.000000
3327,12.000000
3328,52.000000
3329,0.000000
3330,4.000000
3331,12.000000
3332,16.000000
3333,16.000000
3334,8.000000
3335,-40.000000
3336,72.000000
3337,0.000000
3338,8.000000
3339,-24.000000
3340,0.000000
3341,-8.000000
3342,64.000000
3343,16.000000
3344,8.000000
3345,-24.000000
3346,0.000000
3347,-32.000000
3348,-44.000000
3349,-12.000000
3350,-28.000000
3351,24.000000
3352,-4.000000
3353,-52.000000
3354,-52.000000
3355,-28.000000
3356,-4.000000
3357,-24.000000
3358,40.000000
3359,16.000000
3360,12.000000
3361,24.000000
3362,20.000000
3363,12.000000
3364,40.000000
3365,-20.000000
3366,20.000000
3367,24.000000
3368,16.000000
3369,-24.000000
3370,-24.000000
3371,24.000000
3372,16.000000
3373,8.000000
3374,-8.000000
3375,4.000000
3376,-24.000000
3377,8.000000
3378,-20.000000
3379,0.000000
3380,0.000000
3381,-28.000000
3382,0.000000
3383,16.000000
3384,-64.000000
3385,-32.000000
3386,-16.000000
3387,-32.000000
3388,-36.000000
3389,-24.000000
3390,-24.000000
3391,-40.000000
3392,-32.000000
3393,44.000000
3394,-28.000000
3395,-16.000000
3396,-20.000000
3397,-32.000000
3398,84.000000
3399,0.000000
3400,-32.000000
3401,20.000000
3402,44.000000
3403,16.000000
3404,-4.000000
3405,0.000000
3406,8.000000
3407,64.000000
3408,-4.000000
3409,-8.000000
3410,-24.000000
3411,-8.000000
3412,20.000000
3413,20.000000
3414,-20.000000
3415,-20.000000
3416,28.000000
3417,-24.000000
3418,-36.000000
3419,16.000000
3420,-12.000000
3421,-12.000000
3422,-4.000000
3423,8.000000
3424,24.000000
3425,-28.000000
3426,-12.000000
3427,4.000000
3428,16.000000
3429,0.000000
3430,-28.000000
3431,20.000000
3432,-16.000000
3433,24.000000
3434,24.000000
3435,36.000000
3436,16.000000
3437,-36.000000
3438,4.000000
3439,-32.000000
3440,-20.000000
3441,4.000000
3442,4.000000
3443,24.000000
3444,44.000000
3445,-12.000000
3446,-12.000000
3447,16.000000
3448,8.000000
3449,52.000000
3450,32.000000
3451,32.000000
3452,20.000000
3453,20.000000
3454,-16.000000
3455,-8.000000
3456,-8.000000
3457,-24.000000
3458,-8.000000
3459,-8.000000
3460,-8.000000
3461,-68.000000
3462,-12.000000
3463,24.000000
3464,4.000000
3465,-40.000000
3466,-8.000000
3467,-24.000000
3468,-12.000000
3469,-40.000000
3470,-52.000000
3471,16.000000
3472,-16.000000
3473,20.000000
3474,-12.000000
3475,-12.000000
3476,0.000000
3477,-24.000000
3478,0.000000
3479,-12.000000
3480,-12.000000
3481,0.000000
3482,-8.000000
3483,-24.000000
3484,-24.000000
3485,-12.000000
3486,-8.000000
3487,4.000000
3488,-48.000000
3489,-8.000000
3490,-52.000000
3491,-12.000000
3492,-8.000000
3493,0.000000
3494,-16.000000
3495,-24.000000
3496,8.000000
3497,-32.000000
3498,44.000000
3499,-20.000000
3500,4.000000
3501,4.000000
3502,0.000000
3503,60.000000
3504,0.000000
3505,12.000000
3506,24.000000
3507,4.000000
3508,-52.000000
3509,-16.000000
3510,44.000000
3511,-20.000000
3512,0.000000
3513,-4.000000
3514,20.000000
3515,-16.000000
3516,-4.000000
3517,0.000000
3518,0.000000
3519,68.000000
3520,8.000000
3521,-12.000000
3522,-20.000000
3523,-32.000000
3524,8.000000
3525,-4.000000
3526,12.000000
3527,24.000000
3528,60.000000
3529,-52.000000
3530,32.000000
3531,44.000000
3532,-12.000000
3533,12.000000
3534,8.000000
3535,32.000000
3536,12.000000
3537,4.000000
3538,0.000000
3539,-12.000000
3540,-12.000000
3541,12.000000
3542,-28.000000
3543,12.000000
3544,-4.000000
3545,8.000000
3546,8.000000
3547,-8.000000
3548,4.000000
3549,-20.000000
3550,-12.000000
3551,-36.000000
3552,-12.000000
3553,-4.000000
3554,-60.000000
3555,-16.000000
3556,-20.000000
3557,0.000000
3558,4.000000
3559,-8.000000
3560,12.000000
3561,-12.000000
3562,-32.000000
3563,8.000000
3564,0.000000
3565,28.000000
3566,-8.000000
3567,-20.000000
3568,-8.000000
3569,-4.000000
3570,0.000000
3571,-32.000000
3572,-12.000000
3573,-32.000000
3574,4.000000
3575,-8.000000
3576,16.000000
3577,8.000000
3578,-12.000000
3579,44.000000
3580,-40.000000
3581,-32.000000
3582,52.000000
3583,20.000000
3584,-40.000000
3585,-40.000000
3586,44.000000
3587,0.000000
3588,-36.000000
3589,0.000000
3590,-56.000000
3591,-12.000000
3592,0.000000
3593,-16.000000
3594,4.000000
3595,-36.000000
3596,24.000000
3597,0.000000
3598,104.000000
3599,-44.000000
3600,12.000000
3601,-8.000000
3602,-8.000000
3603,-20.000000
3604,-24.000000
3605,12.000000
3606,56.000000
3607,-32.000000
3608,-12.000000
3609,0.000000
3610,-12.000000
3611,0.000000
3612,60.000000
3613,24.000000
3614,8.000000
3615,-12.000000
3616,20.000000
3617,12.000000
3618,60.000000
3619,4.000000
3620,4.000000
3621,20.000000
3622,-20.000000
3623,76.000000
3624,0.000000
3625,52.000000
3626,-8.000000
3627,24.000000
3628,-8.000000
3629,-12.000000
3630,32.000000
3631,16.000000
3632,40.000000
3633,16.000000
3634,-24.000000
3635,12.000000
3636,100.000000
3637,24.000000
3638,-52.000000
3639,80.000000
3640,4.000000
3641,-20.000000
3642,0.000000
3643,0.000000
3644,16.000000
3645,-8.000000
3646,12.000000
3647,-24.000000
3648,16.000000
3649,-52.000000
3650,20.000000
3651,-32.000000
3652,44.000000
3653,-28.000000
3654,-12.000000
3655,12.000000
3656,8.000000
3657,4.000000
3658,16.000000
3659,28.000000
3660,-8.000000
3661,-24.000000
3662,-20.000000
3663,0.000000
3664,-16.000000
3665,8.000000
3666,8.000000
3667,-32.000000
3668,-36.000000
3669,-4.000000
3670,4.000000
3671,0.000000
3672,0.000000
3673,-40.000000
3674,-16.000000
3675,-12.000000
3676,-40.000000
3677,-24.000000
3678,-48.000000
3679,-16.000000
3680,0.000000
3681,-44.000000
3682,-24.000000
3683,-24.000000
3684,-8.000000
3685,-36.000000
3686,-28.000000
3687,-16.000000
3688,-12.000000
3689,0.000000
3690,-20.000000
3691,-4.000000
3692,12.000000
3693,8.000000
3694,8.000000
3695,-4.000000
3696,52.000000
3697,8.000000
3698,-32.000000
3699,-8.000000
3700,-28.000000
3701,4.000000
3702,4.000000
3703,4.000000
3704,-44.000000
3705,-8.000000
3706,-24.000000
3707,-8.000000
3708,-8.000000
3709,4.000000
3710,-16.000000
3711,0.000000
3712,0.000000
3713,-12.000000
3714,-48.000000
3715,28.000000
3716,28.000000
3717,-52.000000
3718,32.000000
3719,4.000000
3720,24.000000
3721,24.000000
3722,20.000000
3723,48.000000
3724,12.000000
3725,0.000000
3726,32.000000
3727,20.000000
3728,16.000000
3729,-16.000000
3730,4.000000
3731,-8.000000
3732,0.000000
3733,44.000000
3734,-12.000000
3735,4.000000
3736,4.000000
3737,56.000000
3738,-44.000000
3739,-44.000000
3740,20.000000
3741,24.000000
3742,-4.000000
3743,-24.000000
3744,0.000000
3745,16.000000
3746,-44.000000
3747,-4.000000
3748,-40.000000
3749,12.000000
3750,-56.000000
3751,-40.000000
3752,-32.000000
3753,-16.000000
3754,-24.000000
3755,-8.000000
3756,-16.000000
3757,-52.000000
3758,-24.000000
3759,-52.000000
3760,-20.000000
3761,-8.000000
3762,-8.000000
3763,-32.000000
3764,-32.000000
3765,52.000000
3766,28.000000
3767,-4.000000
3768,-8.000000
3769,-8.000000
3770,-20.000000
3771,0.000000
3772,-52.000000
3773,-12.000000
3774,-8.000000
3775,12.000000
3776,-60.000000
3777,0.000000
3778,-24.000000
3779,-8.000000
3780,-8.000000
3781,4.000000
3782,16.000000
3783,-8.000000
3784,-16.000000
3785,8.000000
3786,12.000000
3787,0.000000
3788,68.000000
3789,-40.000000
3790,4.000000
3791,0.000000
3792,16.000000
3793,-4.000000
3794,0.000000
3795,-20.000000
3796,40.000000
3797,16.000000
3798,0.000000
3799,44.000000
3800,4.000000
3801,16.000000
3802,12.000000
3803,68.000000
3804,12.000000
3805,32.000000
3806,-28.000000
3807,0.000000
3808,44.000000
3809,16.000000
3810,52.000000
3811,52.000000
3812,-12.000000
3813,-8.000000
3814,-4.000000
3815,-4.000000
3816,-32.000000
3817,0.000000
3818,0.000000
3819,68.000000
3820,-16.000000
3821,32.000000
3822,32.000000
3823,-8.000000
3824,24.000000
3825,24.000000
3826,-56.000000
3827,-12.000000
3828,8.000000
3829,-8.000000
3830,-4.000000
3831,-4.000000
3832,4.000000
3833,12.000000
3834,0.000000
3835,-52.000000
3836,-12.000000
3837,-8.000000
3838,4.000000
3839,8.000000
3840,-40.000000
3841,-20.000000
3842,-20.000000
3843,-16.000000
3844,16.000000
3845,-4.000000
3846,-16.000000
3847,-8.000000
3848,-8.000000
3849,-60.000000
3850,0.000000
3851,-16.000000
3852,12.000000
3853,-48.000000
3854,-32.000000
3855,-36.000000
3856,-32.000000
3857,-24.000000
3858,-76.000000
3859,-28.000000
3860,16.000000
3861,-36.000000
3862,-32.000000
3863,-24.000000
3864,-32.000000
3865,-32.000000
3866,-36.000000
3867,16.000000
3868,-24.000000
3869,-24.000000
3870,-24.000000
3871,-60.000000
3872,-24.000000
3873,-28.000000
3874,-32.000000
3875,20.000000
3876,-44.000000
3877,-8.000000
3878,-12.000000
3879,8.000000
3880,8.000000
3881,-8.000000
3882,-12.000000
3883,-8.000000
3884,0.000000
3885,0.000000
3886,8.000000
3887,28.000000
3888,16.000000
3889,-28.000000
3890,28.000000
3891,-12.000000
3892,-12.000000
3893,-8.000000
3894,36.000000
3895,20.000000
3896,-4.000000
3897,8.000000
3898,-12.000000
3899,4.000000
3900,20.000000
3901,-52.000000
3902,-32.000000
3903,4.000000
3904,-32.000000
3905,-28.000000
3906,4.000000
3907,-44.000000
3908,-8.000000
3909,16.000000
3910,20.000000
3911,4.000000
3912,0.000000
3913,4.000000
3914,8.000000
3915,24.000000
3916,-36.000000
3917,64.000000
3918,116.000000
3919,0.000000
3920,-8.000000
3921,-264.000000
3922,24.000000
3923,88.000000
3924,272.000000
3925,-132.000000
3926,92.000000
3927,-28.000000
3928,264.000000
3929,-264.000000
3930,116.000000
3931,-20.000000
3932,-236.000000
3933,224.000000
3934,-48.000000
3935,52.000000
3936,-36.000000
3937,56.000000
3938,-88.000000
3939,-60.000000
3940,-320.000000
3941,-212.000000
3942,20.000000
3943,248.000000
3944,-60.000000
3945,-228.000000
3946,-228.000000
3947,16.000000
3948,124.000000
3949,-28.000000
3950,16.000000
3951,-8.000000
3952,16.000000
3953,-24.000000
3954,-8.000000
3955,-20.000000
3956,-8.000000
3957,-12.000000
3958,0.000000
3959,20.000000
3960,84.000000
3961,8.000000
3962,44.000000
3963,-44.000000
3964,8.000000
3965,-28.000000
3966,44.000000
3967,8.000000
3968,-16.000000
3969,4.000000
3970,-32.000000
3971,24.000000
3972,-68.000000
3973,16.000000
3974,-20.000000
3975,-40.000000
3976,-48.000000
3977,40.000000
3978,12.000000
3979,-24.000000
3980,12.000000
3981,24.000000
3982,32.000000
3983,16.000000
3984,56.000000
3985,12.000000
3986,8.000000
3987,12.000000
3988,52.000000
3989,-44.000000
3990,-28.000000
3991,-32.000000
3992,40.000000
3993,16.000000
3994,16.000000
3995,-24.000000
3996,24.000000
3997,0.000000
3998,-4.000000
3999,32.000000
4000,12.000000
4001,16.000000
4002,4.000000
4003,-8.000000
4004,-16.000000
4005,-16.000000
4006,-32.000000
4007,-28.000000
4008,-32.000000
4009,-8.000000
4010,-60.000000
4011,-24.000000
4012,-12.000000
4013,-52.000000
4014,-12.000000
4015,4.000000
4016,-28.000000
4017,-24.000000
4018,-28.000000
4019,28.000000
4020,12.000000
4021,-20.000000
4022,-16.000000
4023,12.000000
4024,12.000000
4025,-16.000000
4026,-28.000000
4027,-4.000000
4028,0.000000
4029,-32.000000
4030,68.000000
4031,-24.000000
4032,-8.000000
4033,-60.000000
4034,-52.000000
4035,-8.000000
4036,-8.000000
4037,-32.000000
4038,12.000000
4039,-40.000000
4040,-8.000000
4041,0.000000
4042,-12.000000
4043,-16.000000
4044,-20.000000
4045,-32.000000
4046,4.000000
4047,-4.000000
4048,12.000000
4049,-12.000000
4050,-8.000000
4051,-60.000000
4052,16.000000
4053,-20.000000
4054,4.000000
4055,-16.000000
4056,-16.000000
4057,32.000000
4058,108.000000
4059,16.000000
4060,16.000000
4061,20.000000
4062,12.000000
4063,12.000000
4064,-40.000000
4065,8.000000
4066,-16.000000
4067,4.000000
4068,4.000000
4069,0.000000
4070,-28.000000
4071,8.000000
4072,0.000000
4073,56.000000
4074,0.000000
4075,0.000000
4076,-4.000000
4077,4.000000
4078,-28.000000
4079,-20.000000
4080,-8.000000
4081,20.000000
4082,24.000000
4083,24.000000
4084,28.000000
4085,12.000000
4086,52.000000
4087,0.000000
4088,4.000000
4089,4.000000
4090,4.000000
4091,16.000000
4092,0.000000
4093,-64.000000
4094,4.000000
4095,8.000000
4096,8.000000
4097,16.000000
4098,32.000000
4099,8.000000
4100,-84.000000
4101,-44.000000
4102,8.000000
4103,0.000000
4104,-28.000000
4105,68.000000
4106,-16.000000
4107,0.000000
4108,0.000000
4109,-8.000000
4110,-20.000000
4111,4.000000
4112,4.000000
4113,-24.000000
4114,-4.000000
4115,-44.000000
4116,0.000000
4117,0.000000
4118,-32.000000
4119,-8.000000
4120,0.000000
4121,4.000000
4122,-32.000000
4123,-28.000000
4124,4.000000
4125,28.000000
4126,-8.000000
4127,-32.000000
4128,-32.000000
4129,16.000000
4130,-28.000000
4131,16.000000
4132,-8.000000
4133,-32.000000
4134,-28.000000
4135,0.000000
4136,0.000000
4137,-44.000000
4138,-12.000000
4139,-52.000000
4140,-12.000000
4141,-24.000000
4142,-4.000000
4143,-12.000000
4144,-4.000000
4145,-8.000000
4146,-8.000000
4147,20.000000
4148,-32.000000
4149,-36.000000
4150,0.000000
4151,-12.000000
4152,4.000000
4153,-24.000000
4154,12.000000
4155,-28.000000
4156,-44.000000
4157,-32.000000
4158,64.000000
4159,-24.000000
4160,-8.000000
4161,4.000000
4162,8.000000
4163,-8.000000
4164,20.000000
4165,16.000000
4166,-16.000000
4167,16.000000
4168,16.000000
4169,12.000000
4170,-20.000000
4171,0.000000
4172,20.000000
4173,-8.000000
4174,4.000000
4175,0.000000
4176,8.000000
4177,-24.000000
4178,64.000000
4179,24.000000
4180,24.000000
4181,-12.000000
4182,-8.000000
4183,-32.000000
4184,-4.000000
4185,16.000000
4186,16.000000
4187,28.000000
4188,-24.000000
4189,0.000000
4190,-20.000000
4191,0.000000
4192,-8.000000
4193,12.000000
4194,-12.000000
4195,4.000000
4196,-16.000000
4197,16.000000
4198,0.000000
4199,-8.000000
4200,-20.000000
4201,-44.000000
4202,-36.000000
4203,4.000000
4204,-28.000000
4205,-24.000000
4206,20.000000
4207,-40.000000
4208,-28.000000
4209,-8.000000
4210,-8.000000
4211,20.000000
4212,-16.000000
4213,24.000000
4214,-16.000000
4215,4.000000
4216,0.000000
4217,-4.000000
4218,-32.000000
4219,24.000000
4220,-8.000000
4221,-8.000000
4222,8.000000
4223,16.000000
4224,20.000000
4225,0.000000
4226,-8.000000
4227,-4.000000
4228,-8.000000
4229,-4.000000
4230,-20.000000
4231,-8.000000
4232,44.000000
4233,-48.000000
4234,-12.000000
4235,-16.000000
4236,-48.000000
4237,12.000000
4238,-16.000000
4239,28.000000
4240,-8.000000
4241,-16.000000
4242,24.000000
4243,-28.000000
4244,8.000000
4245,-12.000000
4246,-4.000000
4247,16.000000
4248,-8.000000
4249,-16.000000
4250,-16.000000
4251,-8.000000
4252,-32.000000
4253,-32.000000
4254,48.000000
4255,4.000000
4256,16.000000
4257,8.000000
4258,-60.000000
4259,-8.000000
4260,-108.000000
4261,0.000000
4262,0.000000
4263,-4.000000
4264,4.000000
4265,12.000000
4266,4.000000
4267,36.000000
4268,-8.000000
4269,-56.000000
4270,-64.000000
4271,0.000000
4272,-24.000000
4273,-4.000000
4274,-8.000000
4275,16.000000
4276,16.000000
4277,4.000000
4278,0.000000
4279,-20.000000
4280,-8.000000
4281,28.000000
4282,20.000000
4283,20.000000
4284,-32.000000
4285,44.000000
4286,0.000000
4287,12.000000
4288,-28.000000
4289,4.000000
4290,-36.000000
4291,-32.000000
4292,0.000000
4293,-28.000000
4294,0.000000
4295,-64.000000
4296,-20.000000
4297,-28.000000
4298,-8.000000
4299,-4.000000
4300,-8.000000
4301,-8.000000
4302,44.000000
4303,-16.000000
4304,-4.000000
4305,-36.000000
4306,4.000000
4307,-8.000000
4308,-8.000000
4309,-28.000000
4310,-36.000000
4311,4.000000
4312,-16.000000
4313,-8.000000
4314,-8.000000
4315,-24.000000
4316,-40.000000
4317,-24.000000
4318,-8.000000
4319,4.000000
4320,4.000000
4321,-8.000000
4322,-24.000000
4323,-8.000000
4324,0.000000
4325,4.000000
4326,-20.000000
4327,-60.000000
4328,-4.000000
4329,-24.000000
4330,8.000000
4331,-16.000000
4332,-20.000000
4333,44.000000
4334,16.000000
4335,24.000000
4336,-32.000000
4337,0.000000
4338,0.000000
4339,12.000000
4340,-4.000000
4341,8.000000
4342,12.000000
4343,4.000000
4344,-16.000000
4345,0.000000
4346,12.000000
4347,-8.000000
4348,12.000000
4349,-40.000000
4350,-36.000000
4351,-52.000000
4352,16.000000
4353,-8.000000
4354,-8.000000
4355,44.000000
4356,-36.000000
4357,0.000000
4358,40.000000
4359,0.000000
4360,-8.000000
4361,12.000000
4362,16.000000
4363,20.000000
4364,0.000000
4365,-116.000000
4366,4.000000
4367,8.000000
4368,0.000000
4369,-8.000000
4370,-8.000000
4371,8.000000
4372,0.000000
4373,-12.000000
4374,-8.000000
4375,-4.000000
4376,0.000000
4377,0.000000
4378,12.000000
4379,-12.000000
4380,28.000000
4381,12.000000
4382,-12.000000
4383,60.000000
4384,4.000000
4385,-28.000000
4386,-40.000000
4387,-56.000000
4388,8.000000
4389,12.000000
4390,0.000000
4391,16.000000
4392,-20.000000
4393,-12.000000
4394,-12.000000
4395,-16.000000
4396,84.000000
4397,-28.000000
4398,0.000000
4399,8.000000
4400,0.000000
4401,-4.000000
4402,-32.000000
4403,16.000000
4404,-8.000000
4405,-92.000000
4406,-8.000000
4407,-24.000000
4408,-48.000000
4409,-16.000000
4410,-24.000000
4411,-8.000000
4412,-24.000000
4413,24.000000
4414,0.000000
4415,-8.000000
4416,-32.000000
4417,-8.000000
4418,24.000000
4419,-20.000000
4420,8.000000
4421,32.000000
4422,8.000000
4423,-20.000000
4424,8.000000
4425,24.000000
4426,-8.000000
4427,0.000000
4428,12.000000
4429,8.000000
4430,8.000000
4431,8.000000
4432,-12.000000
4433,-16.000000
4434,52.000000
4435,16.000000
4436,0.000000
4437,8.000000
4438,8.000000
4439,-12.000000
4440,4.000000
4441,4.000000
4442,52.000000
4443,-16.000000
4444,0.000000
4445,44.000000
4446,12.000000
4447,0.000000
4448,0.000000
4449,12.000000
4450,16.000000
4451,24.000000
4452,-28.000000
4453,16.000000
4454,8.000000
4455,-4.000000
4456,-12.000000
4457,4.000000
4458,-4.000000
4459,-8.000000
4460,0.000000
4461,4.000000
4462,12.000000
4463,-24.000000
4464,4.000000
4465,-20.000000
4466,-24.000000
4467,0.000000
4468,-12.000000
4469,56.000000
4470,-12.000000
4471,8.000000
4472,-52.000000
4473,-36.000000
4474,12.000000
4475,-8.000000
4476,-32.000000
4477,-28.000000
4478,-32.000000
4479,-8.000000
4480,-8.000000
4481,0.000000
4482,-48.000000
4483,4.000000
4484,-20.000000
4485,-16.000000
4486,-20.000000
4487,4.000000
4488,28.000000
4489,-16.000000
4490,-8.000000
4491,-44.000000
4492,-24.000000
4493,0.000000
4494,80.000000
4495,-24.000000
4496,-4.000000
4497,-60.000000
4498,8.000000
4499,-40.000000
4500,-40.000000
4501,4.000000
4502,8.000000
4503,-12.000000
4504,12.000000
4505,-32.000000
4506,-32.000000
4507,24.000000
4508,-12.000000
4509,20.000000
4510,-20.000000
4511,20.000000
4512,-8.000000
4513,-28.000000
4514,-20.000000
4515,8.000000
4516,-52.000000
4517,-12.000000
4518,28.000000
4519,-48.000000
4520,-8.000000
4521,8.000000
4522,-44.000000
4523,0.000000
4524,-4.000000
4525,28.000000
4526,-96.000000
4527,44.000000
4528,4.000000
4529,-16.000000
4530,-4.000000
4531,12.000000
4532,44.000000
4533,12.000000
4534,-24.000000
4535,4.000000
4536,4.000000
4537,16.000000
4538,-44.000000
4539,-36.000000
4540,4.000000
4541,16.000000
4542,-12.000000
4543,-52.000000
4544,12.000000
4545,-48.000000
4546,-44.000000
4547,-24.000000
4548,-12.000000
4549,4.000000
4550,-40.000000
4551,8.000000
4552,8.000000
4553,12.000000
4554,-56.000000
4555,-20.000000
4556,44.000000
4557,-12.000000
4558,4.000000
4559,0.000000
4560,16.000000
4561,8.000000
4562,0.000000
4563,0.000000
4564,0.000000
4565,-8.000000
4566,24.000000
4567,-20.000000
4568,0.000000
4569,4.000000
4570,72.000000
4571,12.000000
4572,8.000000
4573,4.000000
4574,-24.000000
4575,-28.000000
4576,-8.000000
4577,-12.000000
4578,-8.000000
4579,-4.000000
4580,16.000000
4581,-28.000000
4582,-28.000000
4583,12.000000
4584,-8.000000
4585,-8.000000
4586,-28.000000
4587,-48.000000
4588,16.000000
4589,-28.000000
4590,-32.000000
4591,44.000000
4592,-16.000000
4593,-28.000000
4594,-28.000000
4595,-4.000000
4596,-8.000000
4597,-20.000000
4598,-16.000000
4599,-8.000000
4600,-24.000000
4601,52.000000
4602,-12.000000
4603,0.000000
4604,56.000000
4605,0.000000
4606,8.000000
4607,-12.000000
4608,0.000000
4609,-4.000000
4610,-28.000000
4611,-24.000000
4612,-32.000000
4613,12.000000
4614,-4.000000
4615,8.000000
4616,-8.000000
4617,32.000000
4618,-16.000000
4619,16.000000
4620,-60.000000
4621,4.000000
4622,20.000000
4623,-8.000000
4624,12.000000
4625,-16.000000
4626,4.000000
4627,12.000000
4628,20.000000
4629,-8.000000
4630,4.000000
4631,32.000000
4632,32.000000
4633,64.000000
4634,12.000000
4635,0.000000
4636,12.000000
4637,8.000000
4638,12.000000
4639,12.000000
4640,-12.000000
4641,-20.000000
4642,52.000000
4643,-4.000000
4644,52.000000
4645,-8.000000
4646,8.000000
4647,-36.000000
4648,40.000000
4649,4.000000
4650,56.000000
4651,-8.000000
4652,44.000000
4653,8.000000
4654,-8.000000
4655,0.000000
4656,-4.000000
4657,52.000000
4658,32.000000
4659,-44.000000
4660,4.000000
4661,24.000000
4662,-4.000000
4663,-44.000000
4664,-8.000000
4665,0.000000
4666,-8.000000
4667,20.000000
4668,-36.000000
4669,-36.000000
4670,-40.000000
4671,-32.000000
4672,-32.000000
4673,0.000000
4674,-4.000000
4675,-24.000000
4676,-28.000000
4677,0.000000
4678,-8.000000
4679,-12.000000
4680,-28.000000
4681,-40.000000
4682,-40.000000
4683,24.000000
4684,12.000000
4685,-20.000000
4686,-48.000000
4687,-8.000000
4688,-28.000000
4689,-24.000000
4690,-12.000000
4691,-16.000000
4692,-16.000000
4693,-16.000000
4694,-32.000000
4695,-32.000000
4696,40.000000
4697,-40.000000
4698,-44.000000
4699,-24.000000
4700,0.000000
4701,52.000000
4702,-16.000000
4703,-16.000000
4704,8.000000
4705,-8.000000
4706,-40.000000
4707,72.000000
4708,20.000000
4709,-12.000000
4710,-52.000000
4711,0.000000
4712,100.000000
4713,-20.000000
4714,4.000000
4715,20.000000
4716,-32.000000
4717,-72.000000
4718,16.000000
4719,0.000000
4720,-56.000000
4721,-28.000000
4722,-40.000000
4723,0.000000
4724,-8.000000
4725,0.000000
4726,-8.000000
4727,-16.000000
4728,-4.000000
4729,-4.000000
4730,52.000000
4731,16.000000
4732,-28.000000
4733,-40.000000
4734,0.000000
4735,-4.000000
4736,20.000000
4737,-24.000000
4738,-60.000000
4739,-24.000000
4740,8.000000
4741,0.000000
4742,0.000000
4743,-8.000000
4744,-24.000000
4745,12.000000
4746,8.000000
4747,-16.000000
4748,8.000000
4749,-12.000000
4750,-20.000000
4751,12.000000
4752,-60.000000
4753,8.000000
4754,-44.000000
4755,-4.000000
4756,44.000000
4757,4.000000
4758,-12.000000
4759,-8.000000
4760,-20.000000
4761,-8.000000
4762,20.000000
4763,40.000000
4764,68.000000
4765,0.000000
4766,-8.000000
4767,-24.000000
4768,-24.000000
4769,-24.000000
4770,4.000000
4771,24.000000
4772,-40.000000
4773,-8.000000
4774,-24.000000
4775,-4.000000
4776,20.000000
4777,-4.000000
4778,0.000000
4779,-16.000000
4780,-16.000000
4781,-28.000000
4782,-32.000000
4783,112.000000
4784,-28.000000
4785,0.000000
4786,-16.000000
4787,12.000000
4788,52.000000
4789,-12.000000
4790,16.000000
4791,12.000000
4792,-40.000000
4793,-8.000000
4794,24.000000
4795,56.000000
4796,-4.000000
4797,-8.000000
4798,8.000000
4799,-32.000000
4800,20.000000
4801,0.000000
4802,8.000000
4803,16.000000
4804,16.000000
4805,-24.000000
4806,12.000000
4807,-28.000000
4808,24.000000
4809,-32.000000
4810,4.000000
4811,-28.000000
4812,8.000000
4813,-12.000000
4814,4.000000
4815,16.000000
4816,24.000000
4817,32.000000
4818,-8.000000
4819,12.000000
4820,-8.000000
4821,4.000000
4822,-12.000000
4823,16.000000
4824,52.000000
4825,-16.000000
4826,0.000000
4827,32.000000
4828,-4.000000
4829,20.000000
4830,20.000000
4831,20.000000
4832,-12.000000
4833,44.000000
4834,-12.000000
4835,-44.000000
4836,12.000000
4837,24.000000
4838,0.000000
4839,72.000000
4840,-24.000000
4841,0.000000
4842,-8.000000
4843,-16.000000
4844,4.000000
4845,16.000000
4846,-4.000000
4847,-4.000000
4848,0.000000
4849,-48.000000
4850,-20.000000
4851,-12.000000
4852,-8.000000
4853,-20.000000
4854,76.000000
4855,-28.000000
4856,-28.000000
4857,-8.000000
4858,-28.000000
4859,8.000000
4860,28.000000
4861,-16.000000
4862,-20.000000
4863,-44.000000
4864,4.000000
4865,-48.000000
4866,-52.000000
4867,-32.000000
4868,-32.000000
4869,-28.000000
4870,-28.000000
4871,0.000000
4872,-16.000000
4873,-56.000000
4874,-16.000000
4875,28.000000
4876,-32.000000
4877,-12.000000
4878,64.000000
4879,-8.000000
4880,-52.000000
4881,8.000000
4882,4.000000
4883,12.000000
4884,8.000000
4885,0.000000
4886,0.000000
4887,-8.000000
4888,16.000000
4889,8.000000
4890,16.000000
4891,-20.000000
4892,-20.000000
4893,8.000000
4894,12.000000
4895,52.000000
4896,-8.000000
4897,16.000000
4898,-12.000000
4899,0.000000
4900,44.000000
4901,-12.000000
4902,0.000000
4903,-20.000000
4904,20.000000
4905,-20.000000
4906,16.000000
4907,32.000000
4908,-20.000000
4909,36.000000
4910,0.000000
4911,52.000000
4912,-16.000000
4913,20.000000
4914,56.000000
4915,16.000000
4916,12.000000
4917,-24.000000
4918,16.000000
4919,8.000000
4920,8.000000
4921,16.000000
4922,0.000000
4923,16.000000
4924,0.000000
4925,44.000000
4926,-16.000000
4927,-20.000000
4928,24.000000
4929,8.000000
4930,4.000000
4931,52.000000
4932,-24.000000
4933,28.000000
4934,8.000000
4935,-24.000000
4936,0.000000
4937,-20.000000
4938,-44.000000
4939,-8.000000
4940,0.000000
4941,4.000000
4942,-8.000000
4943,16.000000
4944,-48.000000
4945,-24.000000
4946,-32.000000
4947,-24.000000
4948,0.000000
4949,-24.000000
4950,44.000000
4951,-28.000000
4952,-8.000000
4953,4.000000
4954,4.000000
4955,-28.000000
4956,52.000000
4957,16.000000
4958,-28.000000
4959,0.000000
4960,-16.000000
4961,-24.000000
4962,-28.000000
4963,-24.000000
4964,8.000000
4965,-24.000000
4966,-16.000000
4967,-4.000000
4968,-24.000000
4969,-28.000000
4970,-20.000000
4971,20.000000
4972,-40.000000
4973,0.000000
4974,36.000000
4975,16.000000
4976,-28.000000
4977,20.000000
4978,44.000000
4979,-32.000000
4980,-36.000000
4981,8.000000
4982,8.000000
4983,-8.000000
4984,16.000000
4985,0.000000
4986,12.000000
4987,16.000000
4988,4.000000
4989,-8.000000
4990,-8.000000
4991,28.000000
4992,-8.000000
4993,12.000000
4994,12.000000
4995,40.000000
4996,60.000000
4997,24.000000
4998,-28.000000
4999,24.000000
5000,32.000000
5001,-28.000000
5002,24.000000
5003,20.000000
5004,-52.000000
5005,8.000000
5006,0.000000
5007,12.000000
5008,24.000000
5009,-16.000000
5010,-8.000000
5011,32.000000
5012,40.000000
5013,32.000000
5014,-36.000000
5015,0.000000
5016,-20.000000
5017,8.000000
5018,-8.000000
5019,-20.000000
5020,-12.000000
5021,24.000000
5022,12.000000
5023,0.000000
5024,28.000000
5025,-4.000000
5026,-8.000000
5027,0.000000
5028,-8.000000
5029,28.000000
5030,4.000000
5031,-12.000000
5032,-20.000000
5033,-12.000000
5034,-12.000000
5035,-24.000000
5036,52.000000
5037,0.000000
5038,-56.000000
5039,-12.000000
5040,24.000000
5041,44.000000
5042,-40.000000
5043,12.000000
5044,-20.000000
5045,-8.000000
5046,-36.000000
5047,-32.000000
5048,-16.000000
5049,-8.000000
5050,-16.000000
5051,-16.000000
5052,-16.000000
5053,-20.000000
5054,-24.000000
5055,-12.000000
5056,-24.000000
5057,28.000000
5058,-36.000000
5059,-4.000000
5060,8.000000
5061,-4.000000
5062,-44.000000
5063,20.000000
5064,-36.000000
5065,-24.000000
5066,-20.000000
5067,-8.000000
5068,-36.000000
5069,-16.000000
5070,16.000000
5071,0.000000
5072,24.000000
5073,-44.000000
5074,12.000000
5075,8.000000
5076,44.000000
5077,68.000000
5078,8.000000
5079,-32.000000
5080,-20.000000
5081,-12.000000
5082,0.000000
5083,4.000000
5084,0.000000
5085,0.000000
5086,12.000000
5087,40.000000
5088,0.000000
5089,8.000000
5090,-12.000000
5091,8.000000
5092,8.000000
5093,56.000000
5094,-8.000000
5095,0.000000
5096,-28.000000
5097,12.000000
5098,-28.000000
5099,-8.000000
5100,-12.000000
5101,8.000000
5102,-8.000000
5103,20.000000
5104,-4.000000
5105,-16.000000
5106,4.000000
5107,8.000000
5108,32.000000
5109,4.000000
5110,32.000000
5111,32.000000
5112,20.000000
5113,-4.000000
5114,4.000000
5115,16.000000
5116,-8.000000
5117,-36.000000
5118,24.000000
5119,24.000000
5120,-28.000000
5121,-20.000000
5122,-64.000000
5123,-40.000000
5124,-60.000000
5125,12.000000
5126,16.000000
5127,-4.000000
5128,-44.000000
5129,-4.000000
5130,0.000000
5131,-16.000000
5132,-8.000000
5133,-16.000000
5134,0.000000
5135,0.000000
5136,-28.000000
5137,0.000000
5138,24.000000
5139,-8.000000
5140,-16.000000
5141,12.000000
5142,-32.000000
5143,12.000000
5144,-8.000000
5145,-8.000000
5146,0.000000
5147,-8.000000
5148,-16.000000
5149,-28.000000
5150,8.000000
5151,-8.000000
5152,52.000000
5153,-4.000000
5154,-24.000000
5155,0.000000
5156,-40.000000
5157,-16.000000
5158,-20.000000
5159,-12.000000
5160,-24.000000
5161,-28.000000
5162,-28.000000
5163,16.000000
5164,72.000000
5165,4.000000
5166,0.000000
5167,-8.000000
5168,12.000000
5169,12.000000
5170,0.000000
5171,4.000000
5172,-60.000000
5173,0.000000
5174,-28.000000
5175,32.000000
5176,24.000000
5177,-24.000000
5178,44.000000
5179,44.000000
5180,-4.000000
5181,-4.000000
5182,-28.000000
5183,-8.000000
5184,-12.000000
5185,-60.000000
5186,64.000000
5187,-28.000000
5188,-24.000000
5189,24.000000
5190,52.000000
5191,-32.000000
5192,0.000000
5193,28.000000
5194,52.000000
5195,12.000000
5196,20.000000
5197,8.000000
5198,-24.000000
5199,0.000000
5200,4.000000
5201,16.000000
5202,-32.000000
5203,24.000000
5204,-16.000000
5205,52.000000
5206,-12.000000
5207,20.000000
5208,-8.000000
5209,-12.000000
5210,16.000000
5211,-20.000000
5212,32.000000
5213,-12.000000
5214,8.000000
5215,-8.000000
5216,-60.000000
5217,16.000000
5218,-32.000000
5219,-4.000000
5220,0.000000
5221,-12.000000
5222,-8.000000
5223,-24.000000
5224,-24.000000
5225,8.000000
5226,-4.000000
5227,0.000000
5228,-28.000000
5229,-28.000000
5230,-28.000000
5231,0.000000
5232,-20.000000
5233,-32.000000
5234,-32.000000
5235,8.000000
5236,-36.000000
5237,-32.000000
5238,-40.000000
5239,-16.000000
5240,-40.000000
5241,-24.000000
5242,20.000000
5243,-24.000000
5244,-24.000000
5245,-8.000000
5246,-24.000000
5247,-28.000000
5248,12.000000
5249,12.000000
5250,-44.000000
5251,-8.000000
5252,16.000000
5253,16.000000
5254,20.000000
5255,-28.000000
5256,4.000000
5257,-16.000000
5258,0.000000
5259,0.000000
5260,-16.000000
5261,16.000000
5262,-32.000000
5263,12.000000
5264,-16.000000
5265,0.000000
5266,-16.000000
5267,-8.000000
5268,4.000000
5269,8.000000
5270,32.000000
5271,0.000000
5272,-8.000000
5273,4.000000
5274,0.000000
5275,16.000000
5276,16.000000
5277,64.000000
5278,-28.000000
5279,12.000000
5280,12.000000
5281,-8.000000
5282,4.000000
5283,12.000000
5284,0.000000
5285,0.000000
5286,0.000000
5287,0.000000
5288,4.000000
5289,-36.000000
5290,4.000000
5291,-48.000000
5292,-8.000000
5293,16.000000
5294,8.000000
5295,4.000000
5296,4.000000
5297,-12.000000
5298,20.000000
5299,24.000000
5300,-8.000000
5301,44.000000
5302,-16.000000
5303,-4.000000
5304,-4.000000
5305,20.000000
5306,20.000000
5307,-72.000000
5308,-28.000000
5309,-20.000000
5310,-48.000000
5311,-4.000000
5312,-32.000000
5313,12.000000
5314,16.000000
5315,-8.000000
5316,12.000000
5317,-12.000000
5318,-8.000000
5319,-12.000000
5320,44.000000
5321,12.000000
5322,-32.000000
5323,-56.000000
5324,-12.000000
5325,0.000000
5326,-12.000000
5327,28.000000
5328,-16.000000
5329,-8.000000
5330,-16.000000
5331,24.000000
5332,0.000000
5333,0.000000
5334,-8.000000
5335,0.000000
5336,-8.000000
5337,20.000000
5338,-24.000000
5339,24.000000
5340,8.000000
5341,-40.000000
5342,-4.000000
5343,-8.000000
5344,-8.000000
5345,-36.000000
5346,44.000000
5347,16.000000
5348,-4.000000
5349,-8.000000
5350,116.000000
5351,52.000000
5352,20.000000
5353,-8.000000
5354,4.000000
5355,-8.000000
5356,4.000000
5357,0.000000
5358,-4.000000
5359,-28.000000
5360,40.000000
5361,-16.000000
5362,84.000000
5363,24.000000
5364,-16.000000
5365,0.000000
5366,32.000000
5367,12.000000
5368,20.000000
5369,8.000000
5370,64.000000
5371,0.000000
5372,-20.000000
5373,20.000000
5374,-24.000000
5375,20.000000
5376,52.000000
5377,0.000000
5378,12.000000
5379,-4.000000
5380,8.000000
5381,-4.000000
5382,-36.000000
5383,24.000000
5384,-8.000000
5385,-8.000000
5386,16.000000
5387,12.000000
5388,-20.000000
5389,-36.000000
5390,20.000000
5391,4.000000
5392,-8.000000
5393,-12.000000
5394,-24.000000
5395,0.000000
5396,44.000000
5397,0.000000
5398,-12.000000
5399,52.000000
5400,-12.000000
5401,-32.000000
5402,-4.000000
5403,28.000000
5404,-16.000000
5405,-20.000000
5406,-36.000000
5407,-8.000000
5408,-12.000000
5409,-12.000000
5410,12.000000
5411,-40.000000
5412,-24.000000
5413,0.000000
5414,-4.000000
5415,0.000000
5416,-8.000000
5417,-4.000000
5418,-52.000000
5419,-8.000000
5420,12.000000
5421,-8.000000
5422,4.000000
5423,-4.000000
5424,-8.000000
5425,-12.000000
5426,-24.000000
5427,-32.000000
5428,-28.000000
5429,-32.000000
5430,-28.000000
5431,-32.000000
5432,-40.000000
5433,28.000000
5434,-60.000000
5435,16.000000
5436,20.000000
5437,-28.000000
5438,-28.000000
5439,68.000000
5440,0.000000
5441,28.000000
5442,-24.000000
5443,0.000000
5444,0.000000
5445,0.000000
5446,-44.000000
5447,0.000000
5448,-16.000000
5449,16.000000
5450,8.000000
5451,-4.000000
5452,28.000000
5453,12.000000
5454,12.000000
5455,44.000000
5456,52.000000
5457,24.000000
5458,-12.000000
5459,16.000000
5460,-8.000000
5461,52.000000
5462,-8.000000
5463,48.000000
5464,64.000000
5465,-12.000000
5466,16.000000
5467,8.000000
5468,8.000000
5469,0.000000
5470,4.000000
5471,36.000000
5472,24.000000
5473,12.000000
5474,0.000000
5475,-28.000000
5476,16.000000
5477,40.000000
5478,44.000000
5479,-48.000000
5480,0.000000
5481,0.000000
5482,12.000000
5483,52.000000
5484,44.000000
5485,68.000000
5486,-4.000000
5487,-36.000000
5488,-20.000000
5489,32.000000
5490,0.000000
5491,28.000000
5492,4.000000
5493,-4.000000
5494,-48.000000
5495,52.000000
5496,12.000000
5497,-8.000000
5498,0.000000
5499,8.000000
5500,-32.000000
5501,44.000000
5502,56.000000
5503,-4.000000
5504,-64.000000
5505,-4.000000
5506,-24.000000
5507,-60.000000
5508,0.000000
5509,20.000000
5510,0.000000
5511,20.000000
5512,-8.000000
5513,-16.000000
5514,-32.000000
5515,-16.000000
5516,-16.000000
5517,-28.000000
5518,24.000000
5519,-8.000000
5520,-8.000000
5521,-16.000000
5522,-12.000000
5523,12.000000
5524,-4.000000
5525,-20.000000
5526,-12.000000
5527,-8.000000
5528,-8.000000
5529,16.000000
5530,-12.000000
5531,-16.000000
5532,-8.000000
5533,-32.000000
5534,-28.000000
5535,-20.000000
5536,60.000000
5537,-32.000000
5538,16.000000
5539,-8.000000
5540,-8.000000
5541,-12.000000
5542,0.000000
5543,-16.000000
5544,-28.000000
5545,-24.000000
5546,56.000000
5547,12.000000
5548,-24.000000
5549,32.000000
5550,32.000000
5551,-12.000000
5552,44.000000
5553,40.000000
5554,-4.000000
5555,20.000000
5556,-12.000000
5557,-8.000000
5558,-4.000000
5559,-8.000000
5560,56.000000
5561,40.000000
5562,16.000000
5563,-44.000000
5564,16.000000
5565,24.000000
5566,8.000000
5567,32.000000
5568,-40.000000
5569,28.000000
5570,28.000000
5571,36.000000
5572,-32.000000
5573,0.000000
5574,32.000000
5575,8.000000
5576,40.000000
5577,4.000000
5578,-68.000000
5579,52.000000
5580,24.000000
5581,-24.000000
5582,16.000000
5583,4.000000
5584,32.000000
5585,16.000000
5586,-36.000000
5587,4.000000
5588,0.000000
5589,12.000000
5590,-8.000000
5591,-4.000000
5592,-4.000000
5593,-8.000000
5594,-16.000000
5595,-16.000000
5596,16.000000
5597,24.000000
5598,-20.000000
5599,-4.000000
5600,16.000000
5601,-8.000000
5602,0.000000
5603,44.000000
5604,16.000000
5605,-24.000000
5606,-48.000000
5607,-60.000000
5608,-16.000000
5609,24.000000
5610,-20.000000
5611,-60.000000
5612,-28.000000
5613,-48.000000
5614,-40.000000
5615,24.000000
5616,-8.000000
5617,28.000000
5618,28.000000
5619,20.000000
5620,-8.000000
5621,-8.000000
5622,20.000000
5623,-28.000000
5624,-44.000000
5625,-20.000000
5626,-16.000000
5627,-4.000000
5628,-32.000000
5629,-32.000000
5630,-8.000000
5631,-12.000000
5632,-8.000000
5633,44.000000
5634,28.000000
5635,20.000000
5636,-8.000000
5637,-4.000000
5638,-4.000000
5639,-16.000000
5640,-16.000000
5641,0.000000
5642,-8.000000
5643,-8.000000
5644,-32.000000
5645,24.000000
5646,24.000000
5647,16.000000
5648,16.000000
5649,16.000000
5650,16.000000
5651,12.000000
5652,-8.000000
5653,56.000000
5654,56.000000
5655,4.000000
5656,-16.000000
5657,8.000000
5658,24.000000
5659,16.000000
5660,16.000000
5661,16.000000
5662,-64.000000
5663,0.000000
5664,40.000000
5665,32.000000
5666,24.000000
5667,48.000000
5668,-24.000000
5669,-24.000000
5670,-12.000000
5671,12.000000
5672,56.000000
5673,-24.000000
5674,8.000000
5675,0.000000
5676,48.000000
5677,-4.000000
5678,0.000000
5679,52.000000
5680,-12.000000
5681,0.000000
5682,-32.000000
5683,-36.000000
5684,12.000000
5685,0.000000
5686,-56.000000
5687,-24.000000
5688,8.000000
5689,-8.000000
5690,-8.000000
5691,0.000000
5692,24.000000
5693,-36.000000
5694,-28.000000
5695,8.000000
5696,8.000000
5697,-8.000000
5698,-12.000000
5699,-36.000000
5700,0.000000
5701,44.000000
5702,-24.000000
5703,-16.000000
5704,-12.000000
5705,-4.000000
5706,-24.000000
5707,8.000000
5708,20.000000
5709,-12.000000
5710,-8.000000
5711,-32.000000
5712,-68.000000
5713,-16.000000
5714,-40.000000
5715,-24.000000
5716,-8.000000
5717,24.000000
5718,-4.000000
5719,-28.000000
5720,88.000000
5721,-8.000000
5722,-8.000000
5723,-12.000000
5724,-8.000000
5725,-12.000000
5726,-16.000000
5727,-20.000000
5728,52.000000
5729,-8.000000
5730,-8.000000
5731,0.000000
5732,-4.000000
5733,-8.000000
5734,-20.000000
5735,-4.000000
5736,-4.000000
5737,0.000000
5738,0.000000
5739,20.000000
5740,-32.000000
5741,40.000000
5742,0.000000
5743,8.000000
5744,20.000000
5745,-28.000000
5746,20.000000
5747,32.000000
5748,24.000000
5749,-4.000000
5750,-8.000000
5751,0.000000
5752,-44.000000
5753,12.000000
5754,12.000000
5755,8.000000
5756,4.000000
5757,-8.000000
5758,20.000000
5759,44.000000
5760,12.000000
5761,12.000000
5762,8.000000
5763,16.000000
5764,12.000000
5765,4.000000
5766,0.000000
5767,-24.000000
5768,68.000000
5769,4.000000
5770,0.000000
5771,32.000000
5772,0.000000
5773,28.000000
5774,16.000000
5775,-12.000000
5776,-12.000000
5777,-64.000000
5778,-4.000000
5779,-16.000000
5780,-40.000000
5781,-36.000000
5782,12.000000
5783,4.000000
5784,-60.000000
5785,-56.000000
5786,-4.000000
5787,0.000000
5788,-8.000000
5789,-48.000000
5790,-28.000000
5791,24.000000
5792,-32.000000
5793,-28.000000
5794,-24.000000
5795,-8.000000
5796,-16.000000
5797,-20.000000
5798,0.000000
5799,-28.000000
5800,-28.000000
5801,-44.000000
5802,-32.000000
5803,12.000000
5804,-36.000000
5805,-36.000000
5806,-8.000000
5807,-40.000000
5808,-32.000000
5809,4.000000
5810,-20.000000
5811,-60.000000
5812,-32.000000
5813,-32.000000
5814,-36.000000
5815,4.000000
5816,-20.000000
5817,-8.000000
5818,52.000000
5819,-8.000000
5820,-12.000000
5821,-68.000000
5822,8.000000
5823,32.000000
5824,44.000000
5825,-16.000000
5826,4.000000
5827,0.000000
5828,32.000000
5829,8.000000
5830,12.000000
5831,20.000000
5832,0.000000
5833,24.000000
5834,20.000000
5835,12.000000
5836,-24.000000
5837,-8.000000
5838,-44.000000
5839,16.000000
5840,20.000000
5841,4.000000
5842,16.000000
5843,-12.000000
5844,-8.000000
5845,12.000000
5846,-12.000000
5847,24.000000
5848,-32.000000
5849,-12.000000
5850,8.000000
5851,-8.000000
5852,68.000000
5853,-52.000000
5854,8.000000
5855,-52.000000
5856,8.000000
5857,44.000000
5858,4.000000
5859,12.000000
5860,8.000000
5861,-8.000000
5862,4.000000
5863,-16.000000
5864,84.000000
5865,20.000000
5866,-8.000000
5867,0.000000
5868,32.000000
5869,-44.000000
5870,-44.000000
5871,-4.000000
5872,-16.000000
5873,0.000000
5874,28.000000
5875,12.000000
5876,-12.000000
5877,24.000000
5878,-36.000000
5879,-16.000000
5880,-8.000000
5881,-4.000000
5882,16.000000
5883,-28.000000
5884,16.000000
5885,12.000000
5886,-64.000000
5887,-24.000000
5888,-20.000000
5889,0.000000
5890,-48.000000
5891,-32.000000
5892,-120.000000
5893,64.000000
5894,-28.000000
5895,-24.000000
5896,-24.000000
5897,24.000000
5898,-20.000000
5899,16.000000
5900,8.000000
5901,-28.000000
5902,0.000000
5903,20.000000
5904,16.000000
5905,-16.000000
5906,12.000000
5907,-4.000000
5908,0.000000
5909,64.000000
5910,-4.000000
5911,8.000000
5912,8.000000
5913,-20.000000
5914,16.000000
5915,-28.000000
5916,-8.000000
5917,24.000000
5918,16.000000
5919,0.000000
5920,44.000000
5921,24.000000
5922,-64.000000
5923,0.000000
5924,48.000000
5925,0.000000
5926,4.000000
5927,32.000000
5928,4.000000
5929,16.000000
5930,24.000000
5931,24.000000
5932,8.000000
5933,-16.000000
5934,12.000000
5935,0.000000
5936,-8.000000
5937,20.000000
5938,32.000000
5939,0.000000
5940,12.000000
5941,-28.000000
5942,28.000000
5943,24.000000
5944,-20.000000
5945,0.000000
5946,-4.000000
5947,4.000000
5948,24.000000
5949,24.000000
5950,24.000000
5951,12.000000
5952,-28.000000
5953,0.000000
5954,60.000000
5955,0.000000
5956,24.000000
5957,8.000000
5958,-20.000000
5959,-12.000000
5960,-16.000000
5961,-4.000000
5962,0.000000
5963,24.000000
5964,-4.000000
5965,24.000000
5966,-12.000000
5967,12.000000
5968,-8.000000
5969,-32.000000
5970,-40.000000
5971,-20.000000
5972,4.000000
5973,-24.000000
5974,8.000000
5975,-52.000000
5976,8.000000
5977,-60.000000
5978,-20.000000
5979,-32.000000
5980,-4.000000
5981,-4.000000
5982,-12.000000
5983,16.000000
5984,-24.000000
5985,28.000000
5986,-20.000000
5987,0.000000
5988,-12.000000
5989,-8.000000
5990,-28.000000
5991,-8.000000
5992,-28.000000
5993,8.000000
5994,-36.000000
5995,24.000000
5996,-16.000000
5997,-16.000000
5998,-20.000000
5999,-24.000000
6000,-24.000000
6001,-24.000000
6002,8.000000
6003,12.000000
6004,-8.000000
6005,-20.000000
6006,-32.000000
6007,12.000000
6008,-8.000000
6009,44.000000
6010,-12.000000
6011,8.000000
6012,8.000000
6013,12.000000
6014,28.000000
6015,0.000000
6016,24.000000
6017,44.000000
6018,-16.000000
6019,0.000000
6020,-4.000000
6021,24.000000
6022,4.000000
6023,-60.000000
6024,8.000000
6025,8.000000
6026,-36.000000
6027,20.000000
6028,28.000000
6029,28.000000
6030,0.000000
6031,36.000000
6032,32.000000
6033,-16.000000
6034,4.000000
6035,8.000000
6036,12.000000
6037,24.000000
6038,-12.000000
6039,12.000000
6040,-16.000000
6041,-8.000000
6042,0.000000
6043,-4.000000
6044,-8.000000
6045,4.000000
6046,44.000000
6047,4.000000
6048,4.000000
6049,-8.000000
6050,12.000000
6051,-20.000000
6052,0.000000
6053,8.000000
6054,0.000000
6055,-4.000000
6056,-16.000000
6057,76.000000
6058,24.000000
6059,-8.000000
6060,-24.000000
6061,24.000000
6062,0.000000
6063,0.000000
6064,0.000000
6065,40.000000
6066,-24.000000
6067,-32.000000
6068,-32.000000
6069,-16.000000
6070,-20.000000
6071,-12.000000
6072,52.000000
6073,-28.000000
6074,20.000000
6075,28.000000
6076,24.000000
6077,0.000000
6078,-28.000000
6079,-20.000000
6080,-16.000000
6081,-48.000000
6082,12.000000
6083,-20.000000
6084,44.000000
6085,-16.000000
6086,-16.000000
6087,-24.000000
6088,-24.000000
6089,-32.000000
6090,-36.000000
6091,-28.000000
6092,-28.000000
6093,44.000000
6094,-12.000000
6095,-20.000000
6096,0.000000
6097,0.000000
6098,40.000000
6099,-24.000000
6100,12.000000
6101,0.000000
6102,0.000000
6103,12.000000
6104,24.000000
6105,0.000000
6106,24.000000
6107,4.000000
6108,0.000000
6109,28.000000
6110,-8.000000
6111,-20.000000
6112,-12.000000
6113,-16.000000
6114,12.000000
6115,0.000000
6116,4.000000
6117,16.000000
6118,28.000000
6119,16.000000
6120,-16.000000
6121,-12.000000
6122,8.000000
6123,16.000000
6124,-12.000000
6125,8.000000
6126,32.000000
6127,0.000000
6128,8.000000
6129,20.000000
6130,20.000000
6131,-44.000000
6132,8.000000
6133,16.000000
6134,16.000000
6135,44.000000
6136,12.000000
6137,24.000000
6138,52.000000
6139,4.000000
6140,16.000000
6141,12.000000
6142,-24.000000
6143,-4.000000
6144,44.000000
6145,24.000000
6146,0.000000
6147,-20.000000
6148,-16.000000
6149,-20.000000
6150,0.000000
6151,-8.000000
6152,-28.000000
6153,8.000000
6154,-28.000000
6155,12.000000
6156,-16.000000
6157,52.000000
6158,-40.000000
6159,0.000000
6160,-28.000000
6161,44.000000
6162,-8.000000
6163,28.000000
6164,52.000000
6165,8.000000
6166,0.000000
6167,-8.000000
6168,40.000000
6169,0.000000
6170,-20.000000
6171,-24.000000
6172,-24.000000
6173,-4.000000
6174,-28.000000
6175,-32.000000
6176,-32.000000
6177,-20.000000
6178,-32.000000
6179,-8.000000
6180,44.000000
6181,-44.000000
6182,-28.000000
6183,-36.000000
6184,-36.000000
6185,-28.000000
6186,40.000000
6187,68.000000
6188,-12.000000
6189,-24.000000
6190,40.000000
6191,-12.000000
6192,0.000000
6193,-4.000000
6194,-8.000000
6195,12.000000
6196,-44.000000
6197,0.000000
6198,4.000000
6199,-4.000000
6200,8.000000
6201,0.000000
6202,-12.000000
6203,-8.000000
6204,-20.000000
6205,-8.000000
6206,24.000000
6207,-32.000000
6208,28.000000
6209,-16.000000
6210,16.000000
6211,0.000000
6212,20.000000
6213,12.000000
6214,-20.000000
6215,32.000000
6216,0.000000
6217,12.000000
6218,-8.000000
6219,20.000000
6220,16.000000
6221,20.000000
6222,28.000000
6223,92.000000
6224,68.000000
6225,20.000000
6226,-12.000000
6227,-20.000000
6228,28.000000
6229,0.000000
6230,0.000000
6231,24.000000
6232,-56.000000
6233,-8.000000
6234,20.000000
6235,16.000000
6236,-56.000000
6237,-44.000000
6238,-20.000000
6239,16.000000
6240,-36.000000
6241,0.000000
6242,24.000000
6243,-16.000000
6244,0.000000
6245,-28.000000
6246,52.000000
6247,-16.000000
6248,-16.000000
6249,-44.000000
6250,-60.000000
6251,-32.000000
6252,-32.000000
6253,-32.000000
6254,0.000000
6255,-12.000000
6256,-12.000000
6257,-12.000000
6258,-32.000000
6259,-32.000000
6260,16.000000
6261,4.000000
6262,12.000000
6263,-28.000000
6264,-32.000000
6265,12.000000
6266,-20.000000
6267,-16.000000
6268,-8.000000
6269,-12.000000
6270,24.000000
6271,0.000000
6272,44.000000
6273,24.000000
6274,-32.000000
6275,-24.000000
6276,24.000000
6277,8.000000
6278,16.000000
6279,-24.000000
6280,28.000000
6281,8.000000
6282,-20.000000
6283,20.000000
6284,-16.000000
6285,0.000000
6286,-32.000000
6287,-8.000000
6288,40.000000
6289,52.000000
6290,20.000000
6291,20.000000
6292,20.000000
6293,8.000000
6294,-12.000000
6295,-4.000000
6296,16.000000
6297,12.000000
6298,-8.000000
6299,-12.000000
6300,16.000000
6301,12.000000
6302,0.000000
6303,-4.000000
6304,-8.000000
6305,-16.000000
6306,-8.000000
6307,16.000000
6308,8.000000
6309,0.000000
6310,0.000000
6311,-8.000000
6312,-16.000000
6313,32.000000
6314,12.000000
6315,-8.000000
6316,24.000000
6317,16.000000
6318,-28.000000
6319,-8.000000
6320,-12.000000
6321,-8.000000
6322,-8.000000
6323,0.000000
6324,8.000000
6325,32.000000
6326,8.000000
6327,16.000000
6328,-8.000000
6329,20.000000
6330,4.000000
6331,20.000000
6332,24.000000
6333,0.000000
6334,-8.000000
6335,-8.000000
6336,12.000000
6337,16.000000
6338,-40.000000
6339,-8.000000
6340,-12.000000
6341,-24.000000
6342,-12.000000
6343,-32.000000
6344,-32.000000
6345,-8.000000
6346,-24.000000
6347,-8.000000
6348,-48.000000
6349,-8.000000
6350,-16.000000
6351,-28.000000
6352,-4.000000
6353,-16.000000
6354,-40.000000
6355,-20.000000
6356,-24.000000
6357,-64.000000
6358,28.000000
6359,0.000000
6360,-44.000000
6361,-24.000000
6362,-40.000000
6363,8.000000
6364,24.000000
6365,-48.000000
6366,-24.000000
6367,-16.000000
6368,-8.000000
6369,8.000000
6370,-36.000000
6371,-8.000000
6372,16.000000
6373,-24.000000
6374,-24.000000
6375,-36.000000
6376,-28.000000
6377,60.000000
6378,-16.000000
6379,76.000000
6380,0.000000
6381,52.000000
6382,-8.000000
6383,-44.000000
6384,16.000000
6385,-68.000000
6386,-4.000000
6387,-24.000000
6388,24.000000
6389,0.000000
6390,52.000000
6391,20.000000
6392,68.000000
6393,20.000000
6394,12.000000
6395,8.000000
6396,-52.000000
6397,-4.000000
6398,8.000000
6399,64.000000
6400,-4.000000
6401,12.000000
6402,20.000000
6403,16.000000
6404,-36.000000
6405,20.000000
6406,56.000000
6407,20.000000
6408,16.000000
6409,-36.000000
6410,24.000000
6411,24.000000
6412,36.000000
6413,-4.000000
6414,0.000000
6415,-8.000000
6416,32.000000
6417,12.000000
6418,12.000000
6419,0.000000
6420,24.000000
6421,0.000000
6422,24.000000
6423,-8.000000
6424,-8.000000
6425,-28.000000
6426,32.000000
6427,0.000000
6428,0.000000
6429,20.000000
6430,-36.000000
6431,40.000000
6432,8.000000
6433,-12.000000
6434,8.000000
6435,-12.000000
6436,-8.000000
6437,-12.000000
6438,24.000000
6439,-24.000000
6440,-20.000000
6441,44.000000
6442,-20.000000
6443,-48.000000
6444,-28.000000
6445,-48.000000
6446,12.000000
6447,-16.000000
6448,20.000000
6449,-32.000000
6450,-32.000000
6451,-20.000000
6452,-24.000000
6453,-24.000000
6454,-20.000000
6455,-20.000000
6456,-24.000000
6457,12.000000
6458,44.000000
6459,-20.000000
6460,-48.000000
6461,-8.000000
6462,-24.000000
6463,-20.000000
6464,-28.000000
6465,0.000000
6466,0.000000
6467,-8.000000
6468,-20.000000
6469,-24.000000
6470,52.000000
6471,0.000000
6472,-20.000000
6473,-8.000000
6474,28.000000
6475,20.000000
6476,-32.000000
6477,52.000000
6478,24.000000
6479,-12.000000
6480,-4.000000
6481,68.000000
6482,12.000000
6483,8.000000
6484,12.000000
6485,-44.000000
6486,24.000000
6487,4.000000
6488,-24.000000
6489,40.000000
6490,32.000000
6491,4.000000
6492,8.000000
6493,-12.000000
6494,20.000000
6495,4.000000
6496,-32.000000
6497,-12.000000
6498,16.000000
6499,-16.000000
6500,4.000000
6501,16.000000
6502,-28.000000
6503,4.000000
6504,4.000000
6505,0.000000
6506,12.000000
6507,-44.000000
6508,20.000000
6509,52.000000
6510,-8.000000
6511,0.000000
6512,12.000000
6513,8.000000
6514,8.000000
6515,32.000000
6516,20.000000
6517,44.000000
6518,-12.000000
6519,8.000000
6520,12.000000
6521,-20.000000
6522,4.000000
6523,-4.000000
6524,12.000000
6525,4.000000
6526,16.000000
6527,-16.000000
6528,-24.000000
6529,44.000000
6530,16.000000
6531,-8.000000
6532,-8.000000
6533,20.000000
6534,-8.000000
6535,8.000000
6536,16.000000
6537,-24.000000
6538,-28.000000
6539,16.000000
6540,-20.000000
6541,-28.000000
6542,-32.000000
6543,-16.000000
6544,-16.000000
6545,-24.000000
6546,-24.000000
6547,68.000000
6548,-28.000000
6549,-56.000000
6550,-12.000000
6551,0.000000
6552,-8.000000
6553,-28.000000
6554,8.000000
6555,4.000000
6556,-8.000000
6557,-48.000000
6558,-28.000000
6559,-8.000000
6560,-40.000000
6561,-28.000000
6562,0.000000
6563,-16.000000
6564,16.000000
6565,-20.000000
6566,-20.000000
6567,-24.000000
6568,-28.000000
6569,8.000000
6570,-64.000000
6571,-4.000000
6572,16.000000
6573,-4.000000
6574,-4.000000
6575,-24.000000
6576,-16.000000
6577,84.000000
6578,12.000000
6579,-40.000000
6580,12.000000
6581,4.000000
6582,4.000000
6583,64.000000
6584,24.000000
6585,8.000000
6586,-20.000000
6587,32.000000
6588,32.000000
6589,-20.000000
6590,28.000000
6591,-4.000000
6592,-20.000000
6593,0.000000
6594,52.000000
6595,-20.000000
6596,44.000000
6597,20.000000
6598,56.000000
6599,16.000000
6600,0.000000
6601,20.000000
6602,-44.000000
6603,0.000000
6604,16.000000
6605,0.000000
6606,16.000000
6607,-56.000000
6608,-8.000000
6609,4.000000
6610,32.000000
6611,-4.000000
6612,4.000000
6613,-24.000000
6614,-8.000000
6615,-12.000000
6616,16.000000
6617,8.000000
6618,-24.000000
6619,-8.000000
6620,-8.000000
6621,-32.000000
6622,-4.000000
6623,-40.000000
6624,-40.000000
6625,-28.000000
6626,0.000000
6627,-8.000000
6628,0.000000
6629,-12.000000
6630,-12.000000
6631,0.000000
6632,-24.000000
6633,-48.000000
6634,-4.000000
6635,-20.000000
6636,8.000000
6637,-84.000000
6638,-32.000000
6639,-52.000000
6640,-24.000000
6641,-44.000000
6642,28.000000
6643,8.000000
6644,24.000000
6645,8.000000
6646,-32.000000
6647,-24.000000
6648,-28.000000
6649,-48.000000
6650,-32.000000
6651,4.000000
6652,-4.000000
6653,-16.000000
6654,-20.000000
6655,-8.000000
6656,-16.000000
6657,-24.000000
6658,24.000000
6659,-56.000000
6660,-32.000000
6661,12.000000
6662,60.000000
6663,-8.000000
6664,20.000000
6665,0.000000
6666,-44.000000
6667,0.000000
6668,8.000000
6669,24.000000
6670,16.000000
6671,0.000000
6672,4.000000
6673,80.000000
6674,52.000000
6675,-28.000000
6676,16.000000
6677,12.000000
6678,12.000000
6679,-8.000000
6680,0.000000
6681,-28.000000
6682,4.000000
6683,-20.000000
6684,-24.000000
6685,4.000000
6686,-68.000000
6687,-8.000000
6688,16.000000
6689,8.000000
6690,4.000000
6691,-16.000000
6692,16.000000
6693,16.000000
6694,12.000000
6695,20.000000
6696,0.000000
6697,20.000000
6698,-36.000000
6699,20.000000
6700,24.000000
6701,16.000000
6702,-8.000000
6703,52.000000
6704,8.000000
6705,-12.000000
6706,-12.000000
6707,0.000000
6708,-36.000000
6709,0.000000
6710,-20.000000
6711,24.000000
6712,-20.000000
6713,-44.000000
6714,4.000000
6715,28.000000
6716,-20.000000
6717,-4.000000
6718,16.000000
6719,-24.000000
6720,-8.000000
6721,-8.000000
6722,-56.000000
6723,-4.000000
6724,-32.000000
6725,-12.000000
6726,24.000000
6727,-52.000000
6728,-32.000000
6729,16.000000
6730,0.000000
6731,-20.000000
6732,0.000000
6733,-60.000000
6734,-48.000000
6735,40.000000
6736,20.000000
6737,12.000000
6738,-28.000000
6739,-72.000000
6740,12.000000
6741,-16.000000
6742,-24.000000
6743,-64.000000
6744,-8.000000
6745,-28.000000
6746,44.000000
6747,4.000000
6748,-12.000000
6749,-16.000000
6750,20.000000
6751,24.000000
6752,40.000000
6753,20.000000
6754,-20.000000
6755,16.000000
6756,-8.000000
6757,24.000000
6758,24.000000
6759,24.000000
6760,0.000000
6761,-8.000000
6762,100.000000
6763,0.000000
6764,20.000000
6765,8.000000
6766,8.000000
6767,-4.000000
6768,24.000000
6769,-36.000000
6770,4.000000
6771,32.000000
6772,12.000000
6773,-28.000000
6774,-8.000000
6775,20.000000
6776,24.000000
6777,0.000000
6778,-8.000000
6779,-8.000000
6780,-12.000000
6781,0.000000
6782,-56.000000
6783,-20.000000
6784,32.000000
6785,4.000000
6786,-8.000000
6787,20.000000
6788,-12.000000
6789,0.000000
6790,-16.000000
6791,-16.000000
6792,-8.000000
6793,8.000000
6794,32.000000
6795,0.000000
6796,0.000000
6797,-12.000000
6798,0.000000
6799,4.000000
6800,-24.000000
6801,16.000000
6802,0.000000
6803,60.000000
6804,-16.000000
6805,0.000000
6806,12.000000
6807,28.000000
6808,-48.000000
6809,-8.000000
6810,20.000000
6811,-8.000000
6812,-8.000000
6813,-12.000000
6814,-12.000000
6815,-12.000000
6816,-12.000000
6817,-8.000000
6818,-8.000000
6819,-8.000000
6820,-24.000000
6821,-8.000000
6822,-20.000000
6823,-12.000000
6824,-4.000000
6825,0.000000
6826,-8.000000
6827,-16.000000
6828,28.000000
6829,-12.000000
6830,0.000000
6831,-32.000000
6832,-36.000000
6833,-12.000000
6834,12.000000
6835,-16.000000
6836,-8.000000
6837,-20.000000
6838,20.000000
6839,4.000000
6840,-32.000000
6841,4.000000
6842,0.000000
6843,-28.000000
6844,-8.000000
6845,-20.000000
6846,-8.000000
6847,-8.000000
6848,-32.000000
6849,-8.000000
6850,0.000000
6851,16.000000
6852,-8.000000
6853,20.000000
6854,-8.000000
6855,32.000000
6856,24.000000
6857,0.000000
6858,-8.000000
6859,104.000000
6860,4.000000
6861,20.000000
6862,16.000000
6863,-8.000000
6864,-32.000000
6865,20.000000
6866,36.000000
6867,24.000000
6868,0.000000
6869,12.000000
6870,16.000000
6871,-16.000000
6872,8.000000
6873,-8.000000
6874,-8.000000
6875,36.000000
6876,32.000000
6877,0.000000
6878,32.000000
6879,8.000000
6880,4.000000
6881,-12.000000
6882,-12.000000
6883,24.000000
6884,-40.000000
6885,32.000000
6886,-44.000000
6887,48.000000
6888,20.000000
6889,-8.000000
6890,16.000000
6891,12.000000
6892,8.000000
6893,24.000000
6894,52.000000
6895,0.000000
6896,-4.000000
6897,-24.000000
6898,8.000000
6899,-16.000000
6900,24.000000
6901,24.000000
6902,-12.000000
6903,0.000000
6904,-20.000000
6905,-16.000000
6906,-20.000000
6907,-20.000000
6908,-40.000000
6909,-36.000000
6910,-28.000000
6911,0.000000
6912,-4.000000
6913,-24.000000
6914,-8.000000
6915,0.000000
6916,-60.000000
6917,-32.000000
6918,-28.000000
6919,-24.000000
6920,-20.000000
6921,-12.000000
6922,-40.000000
6923,-12.000000
6924,-12.000000
6925,-16.000000
6926,0.000000
6927,0.000000
6928,-24.000000
6929,16.000000
6930,0.000000
6931,-8.000000
6932,-32.000000
6933,-20.000000
6934,-16.000000
6935,24.000000
6936,-8.000000
6937,-24.000000
6938,0.000000
6939,-8.000000
6940,-32.000000
6941,-28.000000
6942,56.000000
6943,8.000000
6944,4.000000
6945,-44.000000
6946,-8.000000
6947,12.000000
6948,8.000000
6949,-12.000000
6950,12.000000
6951,0.000000
6952,16.000000
6953,0.000000
6954,0.000000
6955,4.000000
6956,-52.000000
6957,0.000000
6958,-12.000000
6959,4.000000
6960,8.000000
6961,4.000000
6962,24.000000
6963,8.000000
6964,4.000000
6965,12.000000
6966,44.000000
6967,8.000000
6968,4.000000
6969,0.000000
6970,-4.000000
6971,-36.000000
6972,-24.000000
6973,-16.000000
6974,-12.000000
6975,4.000000
6976,16.000000
6977,4.000000
6978,0.000000
6979,12.000000
6980,16.000000
6981,4.000000
6982,4.000000
6983,0.000000
6984,8.000000
6985,52.000000
6986,-24.000000
6987,12.000000
6988,16.000000
6989,-8.000000
6990,52.000000
6991,0.000000
6992,-32.000000
6993,28.000000
6994,-8.000000
6995,-8.000000
6996,-16.000000
6997,-32.000000
6998,-8.000000
6999,-28.000000
7000,40.000000
7001,-36.000000
7002,0.000000
7003,12.000000
7004,-28.000000
7005,-8.000000
7006,-8.000000
7007,-28.000000
7008,-24.000000
7009,-44.000000
7010,0.000000
7011,4.000000
7012,-20.000000
7013,-36.000000
7014,56.000000
7015,64.000000
7016,44.000000
7017,-72.000000
7018,-12.000000
7019,-56.000000
7020,-8.000000
7021,-8.000000
7022,8.000000
7023,68.000000
7024,4.000000
7025,20.000000
7026,16.000000
7027,12.000000
7028,-12.000000
7029,-20.000000
7030,8.000000
7031,0.000000
7032,0.000000
7033,-8.000000
7034,4.000000
7035,-8.000000
7036,-24.000000
7037,8.000000
7038,-32.000000
7039,-4.000000
7040,-48.000000
7041,-4.000000
7042,0.000000
7043,-16.000000
7044,-24.000000
7045,44.000000
7046,0.000000
7047,-12.000000
7048,0.000000
7049,-8.000000
7050,-20.000000
7051,40.000000
7052,-8.000000
7053,16.000000
7054,16.000000
7055,-8.000000
7056,20.000000
7057,-12.000000
7058,4.000000
7059,0.000000
7060,-12.000000
7061,-36.000000
7062,8.000000
7063,0.000000
7064,4.000000
7065,12.000000
7066,12.000000
7067,16.000000
7068,-4.000000
7069,20.000000
7070,8.000000
7071,8.000000
7072,8.000000
7073,16.000000
7074,20.000000
7075,0.000000
7076,8.000000
7077,8.000000
7078,-4.000000
7079,4.000000
7080,-8.000000
7081,-8.000000
7082,-4.000000
7083,-12.000000
7084,-8.000000
7085,28.000000
7086,24.000000
7087,0.000000
7088,-4.000000
7089,-60.000000
7090,-28.000000
7091,-16.000000
7092,4.000000
7093,-8.000000
7094,44.000000
7095,-60.000000
7096,-36.000000
7097,0.000000
7098,-8.000000
7099,4.000000
7100,-20.000000
7101,-16.000000
7102,16.000000
7103,-12.000000
7104,-8.000000
7105,8.000000
7106,-8.000000
7107,-32.000000
7108,-24.000000
7109,-16.000000
7110,0.000000
7111,-8.000000
7112,-16.000000
7113,-16.000000
7114,-28.000000
7115,-24.000000
7116,-20.000000
7117,84.000000
7118,16.000000
7119,-72.000000
7120,16.000000
7121,52.000000
7122,-20.000000
7123,-24.000000
7124,44.000000
7125,44.000000
7126,0.000000
7127,20.000000
7128,4.000000
7129,8.000000
7130,28.000000
7131,-4.000000
7132,-16.000000
7133,-24.000000
7134,8.000000
7135,16.000000
7136,-52.000000
7137,4.000000
7138,0.000000
7139,24.000000
7140,-20.000000
7141,8.000000
7142,0.000000
7143,12.000000
7144,4.000000
7145,4.000000
7146,0.000000
7147,0.000000
7148,24.000000
7149,16.000000
7150,0.000000
7151,32.000000
7152,12.000000
7153,12.000000
7154,-4.000000
7155,-12.000000
7156,52.000000
7157,-16.000000
7158,44.000000
7159,-20.000000
7160,-8.000000
7161,-4.000000
7162,4.000000
7163,4.000000
7164,44.000000
7165,0.000000
7166,20.000000
7167,8.000000
7168,4.000000
7169,32.000000
7170,0.000000
7171,60.000000
7172,12.000000
7173,-8.000000
7174,16.000000
7175,12.000000
7176,-28.000000
7177,-16.000000
7178,-16.000000
7179,-8.000000
7180,-60.000000
7181,40.000000
7182,-4.000000
7183,-20.000000
7184,16.000000
7185,0.000000
7186,0.000000
7187,-36.000000
7188,24.000000
7189,-28.000000
7190,-4.000000
7191,20.000000
7192,-24.000000
7193,-24.000000
7194,8.000000
7195,-24.000000
7196,-8.000000
7197,-24.000000
7198,-4.000000
7199,-40.000000
7200,0.000000
7201,8.000000
7202,-28.000000
7203,-16.000000
7204,4.000000
7205,-28.000000
7206,-32.000000
7207,-8.000000
7208,-32.000000
7209,-20.000000
7210,-8.000000
7211,12.000000
7212,-8.000000
7213,-8.000000
7214,-8.000000
7215,0.000000
7216,-8.000000
7217,8.000000
7218,4.000000
7219,-8.000000
7220,-8.000000
7221,-36.000000
7222,-12.000000
7223,12.000000
7224,8.000000
7225,8.000000
7226,4.000000
7227,-8.000000
7228,-20.000000
7229,-16.000000
7230,20.000000
7231,16.000000
7232,20.000000
7233,-12.000000
7234,12.000000
7235,-8.000000
7236,16.000000
7237,4.000000
7238,4.000000
7239,24.000000
7240,8.000000
7241,16.000000
7242,0.000000
7243,0.000000
7244,8.000000
7245,0.000000
7246,-4.000000
7247,-20.000000
7248,0.000000
7249,4.000000
7250,4.000000
7251,0.000000
7252,56.000000
7253,4.000000
7254,-64.000000
7255,8.000000
7256,8.000000
7257,32.000000
7258,12.000000
7259,-8.000000
7260,0.000000
7261,44.000000
7262,20.000000
7263,-4.000000
7264,-8.000000
7265,-24.000000
7266,44.000000
7267,-12.000000
7268,20.000000
7269,0.000000
7270,0.000000
7271,-60.000000
7272,-76.000000
7273,4.000000
7274,-12.000000
7275,-36.000000
7276,0.000000
7277,0.000000
7278,0.000000
7279,0.000000
7280,-28.000000
7281,-24.000000
7282,-4.000000
7283,-40.000000
7284,76.000000
7285,-12.000000
7286,4.000000
7287,-8.000000
7288,-16.000000
7289,4.000000
7290,-8.000000
7291,-24.000000
7292,-8.000000
7293,-16.000000
7294,-8.000000
7295,4.000000
7296,-12.000000
7297,-16.000000
7298,8.000000
7299,44.000000
7300,4.000000
7301,-12.000000
7302,-4.000000
7303,-12.000000
7304,-12.000000
7305,-32.000000
7306,8.000000
7307,12.000000
7308,0.000000
7309,4.000000
7310,0.000000
7311,-32.000000
7312,-4.000000
7313,-12.000000
7314,4.000000
7315,12.000000
7316,16.000000
7317,-16.000000
7318,120.000000
7319,48.000000
7320,24.000000
7321,-20.000000
7322,-44.000000
7323,0.000000
7324,8.000000
7325,4.000000
7326,4.000000
7327,8.000000
7328,12.000000
7329,8.000000
7330,8.000000
7331,12.000000
7332,8.000000
7333,0.000000
7334,8.000000
7335,20.000000
7336,-68.000000
7337,20.000000
7338,32.000000
7339,-4.000000
7340,20.000000
7341,-20.000000
7342,40.000000
7343,24.000000
7344,-8.000000
7345,8.000000
7346,-16.000000
7347,-24.000000
7348,-4.000000
7349,8.000000
7350,32.000000
7351,-4.000000
7352,4.000000
7353,4.000000
7354,-16.000000
7355,4.000000
7356,8.000000
7357,-8.000000
7358,-12.000000
7359,-44.000000
7360,24.000000
7361,4.000000
7362,-52.000000
7363,8.000000
7364,28.000000
7365,44.000000
7366,-8.000000
7367,-12.000000
7368,12.000000
7369,24.000000
7370,20.000000
7371,-24.000000
7372,8.000000
7373,4.000000
7374,-8.000000
7375,-24.000000
7376,28.000000
7377,0.000000
7378,28.000000
7379,-12.000000
7380,-60.000000
7381,-8.000000
7382,-8.000000
7383,-8.000000
7384,0.000000
7385,0.000000
7386,-24.000000
7387,4.000000
7388,-32.000000
7389,-28.000000
7390,40.000000
7391,-108.000000
7392,-12.000000
7393,0.000000
7394,-16.000000
7395,-32.000000
7396,-12.000000
7397,-16.000000
7398,-16.000000
7399,-16.000000
7400,-4.000000
7401,-16.000000
7402,28.000000
7403,-16.000000
7404,-12.000000
7405,-8.000000
7406,60.000000
7407,8.000000
7408,24.000000
7409,40.000000
7410,-28.000000
7411,-4.000000
7412,-32.000000
7413,4.000000
7414,0.000000
7415,24.000000
7416,32.000000
7417,-24.000000
7418,24.000000
7419,40.000000
7420,-40.000000
7421,16.000000
7422,-28.000000
7423,12.000000
7424,32.000000
7425,-36.000000
7426,0.000000
7427,-8.000000
7428,-8.000000
7429,-32.000000
7430,0.000000
7431,4.000000
7432,8.000000
7433,0.000000
7434,28.000000
7435,-16.000000
7436,-16.000000
7437,4.000000
7438,12.000000
7439,-8.000000
7440,-8.000000
7441,12.000000
7442,4.000000
7443,32.000000
7444,16.000000
7445,16.000000
7446,24.000000
7447,0.000000
7448,16.000000
7449,8.000000
7450,16.000000
7451,16.000000
7452,8.000000
7453,-16.000000
7454,4.000000
7455,4.000000
7456,-28.000000
7457,-8.000000
7458,20.000000
7459,-24.000000
7460,40.000000
7461,0.000000
7462,-4.000000
7463,16.000000
7464,0.000000
7465,-4.000000
7466,-20.000000
7467,-28.000000
7468,-56.000000
7469,-8.000000
7470,60.000000
7471,-28.000000
7472,-64.000000
7473,-84.000000
7474,-56.000000
7475,-32.000000
7476,-4.000000
7477,20.000000
7478,-24.000000
7479,-44.000000
7480,-48.000000
7481,12.000000
7482,-32.000000
7483,-8.000000
7484,-28.000000
7485,8.000000
7486,-36.000000
7487,-16.000000
7488,-52.000000
7489,-60.000000
7490,-32.000000
7491,-8.000000
7492,-4.000000
7493,-28.000000
7494,20.000000
7495,0.000000
7496,0.000000
7497,-12.000000
7498,-8.000000
7499,0.000000
7500,-24.000000
7501,-4.000000
7502,-40.000000
7503,8.000000
7504,-16.000000
7505,88.000000
7506,-28.000000
7507,-52.000000
7508,36.000000
7509,12.000000
7510,-36.000000
7511,40.000000
7512,44.000000
7513,24.000000
7514,16.000000
7515,16.000000
7516,8.000000
7517,84.000000
7518,-8.000000
7519,-8.000000
7520,0.000000
7521,8.000000
7522,32.000000
7523,52.000000
7524,-60.000000
7525,-12.000000
7526,68.000000
7527,-12.000000
7528,-8.000000
7529,0.000000
7530,-12.000000
7531,16.000000
7532,16.000000
7533,0.000000
7534,0.000000
7535,16.000000
7536,-20.000000
7537,28.000000
7538,-4.000000
7539,16.000000
7540,16.000000
7541,-20.000000
7542,0.000000
7543,-8.000000
7544,0.000000
7545,4.000000
7546,12.000000
7547,-12.000000
7548,20.000000
7549,-16.000000
7550,-24.000000
7551,0.000000
7552,0.000000
7553,-32.000000
7554,0.000000
7555,-4.000000
7556,-8.000000
7557,-8.000000
7558,-12.000000
7559,-20.000000
7560,16.000000
7561,24.000000
7562,-4.000000
7563,-12.000000
7564,-32.000000
7565,-24.000000
7566,44.000000
7567,60.000000
7568,8.000000
7569,-28.000000
7570,-12.000000
7571,-32.000000
7572,0.000000
7573,-20.000000
7574,8.000000
7575,-12.000000
7576,-56.000000
7577,-48.000000
7578,-44.000000
7579,-12.000000
7580,4.000000
7581,-20.000000
7582,-16.000000
7583,12.000000
7584,-52.000000
7585,-28.000000
7586,-28.000000
7587,64.000000
7588,-8.000000
7589,-8.000000
7590,-12.000000
7591,68.000000
7592,-40.000000
7593,-8.000000
7594,16.000000
7595,32.000000
7596,4.000000
7597,0.000000
7598,0.000000
7599,0.000000
7600,20.000000
7601,24.000000
7602,-24.000000
7603,20.000000
7604,0.000000
7605,20.000000
7606,0.000000
7607,8.000000
7608,12.000000
7609,-8.000000
7610,-4.000000
7611,-8.000000
7612,20.000000
7613,-8.000000
7614,-16.000000
7615,0.000000
7616,4.000000
7617,8.000000
7618,8.000000
7619,-24.000000
7620,20.000000
7621,-8.000000
7622,16.000000
7623,56.000000
7624,32.000000
7625,16.000000
7626,-52.000000
7627,0.000000
7628,8.000000
7629,44.000000
7630,8.000000
7631,-8.000000
7632,52.000000
7633,44.000000
7634,-24.000000
7635,24.000000
7636,-4.000000
7637,24.000000
7638,-32.000000
7639,-4.000000
7640,16.000000
7641,28.000000
7642,-8.000000
7643,0.000000
7644,52.000000
7645,-24.000000
7646,-28.000000
7647,-36.000000
7648,-28.000000
7649,4.000000
7650,-24.000000
7651,-8.000000
7652,-16.000000
7653,16.000000
7654,-24.000000
7655,-32.000000
7656,16.000000
7657,-52.000000
7658,-40.000000
7659,-24.000000
7660,52.000000
7661,-32.000000
7662,44.000000
7663,0.000000
7664,-8.000000
7665,-8.000000
7666,-40.000000
7667,-12.000000
7668,4.000000
7669,-32.000000
7670,0.000000
7671,8.000000
7672,4.000000
7673,-32.000000
7674,-32.000000
7675,-48.000000
7676,-8.000000
7677,-20.000000
7678,-32.000000
7679,-52.000000
7680,16.000000
7681,-8.000000
7682,-8.000000
7683,-24.000000
7684,-24.000000
7685,-8.000000
7686,16.000000
7687,20.000000
7688,16.000000
7689,-44.000000
7690,-28.000000
7691,-12.000000
7692,44.000000
7693,20.000000
7694,0.000000
7695,20.000000
7696,0.000000
7697,12.000000
7698,-8.000000
7699,60.000000
7700,8.000000
7701,0.000000
7702,-4.000000
7703,52.000000
7704,24.000000
7705,28.000000
7706,-8.000000
7707,-12.000000
7708,20.000000
7709,8.000000
7710,24.000000
7711,8.000000
7712,24.000000
7713,-8.000000
7714,-16.000000
7715,24.000000
7716,-28.000000
7717,20.000000
7718,0.000000
7719,-8.000000
7720,8.000000
7721,20.000000
7722,-8.000000
7723,24.000000
7724,-24.000000
7725,-64.000000
7726,20.000000
7727,12.000000
7728,-8.000000
7729,-8.000000
7730,-12.000000
7731,-4.000000
7732,-24.000000
7733,-8.000000
7734,-20.000000
7735,-12.000000
7736,4.000000
7737,-8.000000
7738,-24.000000
7739,-8.000000
7740,-12.000000
7741,-24.000000
7742,-20.000000
7743,-4.000000
7744,52.000000
7745,4.000000
7746,-16.000000
7747,28.000000
7748,-32.000000
7749,-24.000000
7750,0.000000
7751,-20.000000
7752,-44.000000
7753,52.000000
7754,-8.000000
7755,-32.000000
7756,0.000000
7757,4.000000
7758,16.000000
7759,-36.000000
7760,-8.000000
7761,-44.000000
7762,76.000000
7763,24.000000
7764,-16.000000
7765,60.000000
7766,-32.000000
7767,-24.000000
7768,-20.000000
7769,12.000000
7770,36.000000
7771,-8.000000
7772,-16.000000
7773,16.000000
7774,-8.000000
7775,16.000000
7776,44.000000
7777,0.000000
7778,0.000000
7779,12.000000
7780,-32.000000
7781,4.000000
7782,0.000000
7783,16.000000
7784,16.000000
7785,-8.000000
7786,-4.000000
7787,12.000000
7788,20.000000
7789,24.000000
7790,0.000000
7791,16.000000
7792,-56.000000
7793,36.000000
7794,-80.000000
7795,16.000000
7796,24.000000
7797,-8.000000
7798,52.000000
7799,36.000000
7800,-12.000000
7801,20.000000
7802,32.000000
7803,68.000000
7804,24.000000
7805,16.000000
7806,-4.000000
7807,24.000000
7808,-4.000000
7809,-12.000000
7810,0.000000
7811,24.000000
7812,20.000000
7813,0.000000
7814,-44.000000
7815,-28.000000
7816,-8.000000
7817,4.000000
7818,4.000000
7819,8.000000
7820,-8.000000
7821,-8.000000
7822,20.000000
7823,-8.000000
7824,-36.000000
7825,-16.000000
7826,-16.000000
7827,-24.000000
7828,12.000000
7829,-24.000000
7830,-8.000000
7831,8.000000
7832,-52.000000
7833,-16.000000
7834,0.000000
7835,8.000000
7836,-16.000000
7837,-32.000000
7838,-8.000000
7839,-16.000000
7840,-32.000000
7841,-24.000000
7842,-32.000000
7843,-24.000000
7844,-40.000000
7845,4.000000
7846,4.000000
7847,-8.000000
7848,-36.000000
7849,-8.000000
7850,-36.000000
7851,-8.000000
7852,52.000000
7853,8.000000
7854,-28.000000
7855,-28.000000
7856,0.000000
7857,4.000000
7858,-8.000000
7859,-24.000000
7860,-40.000000
7861,4.000000
7862,-32.000000
7863,-48.000000
7864,-32.000000
7865,-20.000000
7866,12.000000
7867,-12.000000
7868,-20.000000
7869,16.000000
7870,-12.000000
7871,20.000000
7872,28.000000
7873,8.000000
7874,-28.000000
7875,-12.000000
7876,-8.000000
7877,-16.000000
7878,-8.000000
7879,-8.000000
7880,-52.000000
7881,28.000000
7882,-32.000000
7883,56.000000
7884,0.000000
7885,44.000000
7886,12.000000
7887,16.000000
7888,8.000000
7889,12.000000
7890,8.000000
7891,8.000000
7892,8.000000
7893,44.000000
7894,0.000000
7895,32.000000
7896,16.000000
7897,12.000000
7898,-12.000000
7899,-52.000000
7900,16.000000
7901,24.000000
7902,12.000000
7903,12.000000
7904,-12.000000
7905,8.000000
7906,0.000000
7907,40.000000
7908,-24.000000
7909,0.000000
7910,20.000000
7911,-16.000000
7912,4.000000
7913,-12.000000
7914,-28.000000
7915,4.000000
7916,44.000000
7917,4.000000
7918,-8.000000
7919,16.000000
7920,20.000000
7921,-28.000000
7922,-8.000000
7923,44.000000
7924,-8.000000
7925,-32.000000
7926,32.000000
7927,-32.000000
7928,-8.000000
7929,0.000000
7930,0.000000
7931,48.000000
7932,0.000000
7933,0.000000
7934,28.000000
7935,-8.000000
7936,-8.000000
7937,-40.000000
7938,-24.000000
7939,-56.000000
7940,-24.000000
7941,-28.000000
7942,-24.000000
7943,-8.000000
7944,20.000000
7945,-32.000000
7946,-8.000000
7947,-8.000000
7948,-20.000000
7949,-24.000000
7950,4.000000
7951,-4.000000
7952,-20.000000
7953,-24.000000
7954,-16.000000
7955,24.000000
7956,20.000000
7957,-4.000000
7958,4.000000
7959,4.000000
7960,-44.000000
7961,4.000000
7962,-8.000000
7963,8.000000
7964,-28.000000
7965,-4.000000
7966,16.000000
7967,0.000000
7968,-16.000000
7969,-20.000000
7970,4.000000
7971,24.000000
7972,0.000000
7973,4.000000
7974,20.000000
7975,16.000000
7976,8.000000
7977,32.000000
7978,32.000000
7979,-16.000000
7980,20.000000
7981,-36.000000
7982,0.000000
7983,-8.000000
7984,-24.000000
7985,-40.000000
7986,64.000000
7987,-4.000000
7988,0.000000
7989,-24.000000
7990,96.000000
7991,8.000000
7992,8.000000
7993,16.000000
7994,20.000000
7995,4.000000
7996,32.000000
7997,-8.000000
7998,20.000000
7999,-12.000000
8000,16.000000
8001,-20.000000
8002,4.000000
8003,-24.000000
8004,28.000000
8005,32.000000
8006,12.000000
8007,-12.000000
8008,-12.000000
8009,-12.000000
8010,4.000000
8011,8.000000
8012,0.000000
8013,12.000000
8014,-28.000000
8015,52.000000
8016,0.000000
8017,16.000000
8018,0.000000
8019,-8.000000
8020,-4.000000
8021,12.000000
8022,-28.000000
8023,-12.000000
8024,24.000000
8025,20.000000
8026,-32.000000
8027,-16.000000
8028,-20.000000
8029,-20.000000
8030,-32.000000
8031,-8.000000
8032,-20.000000
8033,-52.000000
8034,-16.000000
8035,-40.000000
8036,-20.000000
8037,-24.000000
8038,-24.000000
8039,-20.000000
8040,4.000000
8041,-16.000000
8042,-28.000000
8043,-24.000000
8044,-28.000000
8045,-4.000000
8046,-48.000000
8047,0.000000
8048,44.000000
8049,-20.000000
8050,44.000000
8051,0.000000
8052,-4.000000
8053,-32.000000
8054,-4.000000
8055,-8.000000
8056,-16.000000
8057,-8.000000
8058,-20.000000
8059,40.000000
8060,84.000000
8061,12.000000
8062,24.000000
8063,28.000000
8064,28.000000
8065,16.000000
8066,-28.000000
8067,-4.000000
8068,-28.000000
8069,-12.000000
8070,4.000000
8071,4.000000
8072,-8.000000
8073,24.000000
8074,-12.000000
8075,0.000000
8076,16.000000
8077,-20.000000
8078,0.000000
8079,-36.000000
8080,4.000000
8081,12.000000
8082,20.000000
8083,8.000000
8084,4.000000
8085,4.000000
8086,-40.000000
8087,4.000000
8088,-8.000000
8089,8.000000
8090,16.000000
8091,32.000000
8092,32.000000
8093,20.000000
8094,40.000000
8095,8.000000
8096,32.000000
8097,-32.000000
8098,24.000000
8099,12.000000
8100,0.000000
8101,4.000000
8102,4.000000
8103,52.000000
8104,-16.000000
8105,-20.000000
8106,20.000000
8107,-8.000000
8108,-8.000000
8109,24.000000
8110,-36.000000
8111,8.000000
8112,44.000000
8113,-20.000000
8114,-20.000000
8115,-12.000000
8116,-12.000000
8117,4.000000
8118,-40.000000
8119,-8.000000
8120,-8.000000
8121,-12.000000
8122,-8.000000
8123,-20.000000
8124,-40.000000
8125,12.000000
8126,-8.000000
8127,-8.000000
8128,-24.000000
8129,12.000000
8130,-32.000000
8131,-20.000000
8132,-60.000000
8133,12.000000
8134,-24.000000
8135,0.000000
8136,0.000000
8137,-8.000000
8138,-24.000000
8139,0.000000
8140,-4.000000
8141,-8.000000
8142,4.000000
8143,-16.000000
8144,-8.000000
8145,12.000000
8146,-40.000000
8147,-16.000000
8148,-32.000000
8149,16.000000
8150,0.000000
8151,-12.000000
8152,16.000000
8153,32.000000
8154,0.000000
8155,16.000000
8156,-8.000000
8157,20.000000
8158,-8.000000
8159,8.000000
8160,12.000000
8161,24.000000
8162,12.000000
8163,12.000000
8164,-20.000000
8165,-8.000000
8166,-8.000000
8167,-4.000000
8168,8.000000
8169,48.000000
8170,8.000000
8171,0.000000
8172,4.000000
8173,-12.000000
8174,-8.000000
8175,44.000000
8176,0.000000
8177,12.000000
8178,8.000000
8179,20.000000
8180,-24.000000
8181,12.000000
8182,-12.000000
8183,0.000000
8184,-8.000000
8185,8.000000
8186,8.000000
8187,-4.000000
8188,0.000000
8189,0.000000
8190,-8.000000
8191,-36.000000
8192,16.000000
8193,20.000000
8194,-24.000000
8195,52.000000
8196,-20.000000
8197,-24.000000
8198,12.000000
8199,-20.000000
8200,-8.000000
8201,24.000000
8202,8.000000
8203,-20.000000
8204,4.000000
8205,8.000000
8206,-4.000000
8207,8.000000
8208,-12.000000
8209,-8.000000
8210,-4.000000
8211,-16.000000
8212,-12.000000
8213,-20.000000
8214,-12.000000
8215,-12.000000
8216,-24.000000
8217,-20.000000
8218,-16.000000
8219,24.000000
8220,-8.000000
8221,-28.000000
8222,-32.000000
8223,20.000000
8224,-40.000000
8225,-24.000000
8226,-28.000000
8227,-16.000000
8228,20.000000
8229,-12.000000
8230,16.000000
8231,-8.000000
8232,12.000000
8233,-40.000000
8234,-8.000000
8235,-8.000000
8236,-12.000000
8237,4.000000
8238,0.000000
8239,0.000000
8240,-20.000000
8241,-8.000000
8242,4.000000
8243,-8.000000
8244,44.000000
8245,8.000000
8246,-28.000000
8247,-4.000000
8248,0.000000
8249,-28.000000
8250,-8.000000
8251,24.000000
8252,8.000000
8253,-8.000000
8254,-44.000000
8255,-20.000000
8256,4.000000
8257,12.000000
8258,-8.000000
8259,-16.000000
8260,8.000000
8261,-44.000000
8262,32.000000
8263,-8.000000
8264,16.000000
8265,8.000000
8266,8.000000
8267,-20.000000
8268,24.000000
8269,8.000000
8270,16.000000
8271,28.000000
8272,28.000000
8273,64.000000
8274,52.000000
8275,52.000000
8276,52.000000
8277,20.000000
8278,16.000000
8279,-20.000000
8280,-20.000000
8281,20.000000
8282,44.000000
8283,32.000000
8284,16.000000
8285,0.000000
8286,0.000000
8287,-8.000000
8288,24.000000
8289,24.000000
8290,-32.000000
8291,12.000000
8292,24.000000
8293,-40.000000
8294,0.000000
8295,-16.000000
8296,-32.000000
8297,-16.000000
8298,16.000000
8299,-28.000000
8300,-8.000000
8301,-8.000000
8302,0.000000
8303,-20.000000
8304,-4.000000
8305,-32.000000
8306,8.000000
8307,-8.000000
8308,-32.000000
8309,-20.000000
8310,-20.000000
8311,28.000000
8312,-24.000000
8313,-32.000000
8314,-20.000000
8315,-28.000000
8316,-24.000000
8317,-8.000000
8318,0.000000
8319,52.000000
8320,-16.000000
8321,0.000000
8322,28.000000
8323,20.000000
8324,-32.000000
8325,-20.000000
8326,-20.000000
8327,-24.000000
8328,-24.000000
8329,-12.000000
8330,-12.000000
8331,-40.000000
8332,-40.000000
8333,-32.000000
8334,-24.000000
8335,-16.000000
8336,-16.000000
8337,4.000000
8338,0.000000
8339,-28.000000
8340,4.000000
8341,52.000000
8342,0.000000
8343,16.000000
8344,8.000000
8345,8.000000
8346,0.000000
8347,24.000000
8348,-12.000000
8349,24.000000
8350,-52.000000
8351,28.000000
8352,28.000000
8353,-12.000000
8354,0.000000
8355,24.000000
8356,36.000000
8357,32.000000
8358,8.000000
8359,0.000000
8360,-8.000000
8361,-20.000000
8362,20.000000
8363,12.000000
8364,0.000000
8365,-16.000000
8366,-24.000000
8367,8.000000
8368,32.000000
8369,0.000000
8370,16.000000
8371,16.000000
8372,16.000000
8373,-8.000000
8374,16.000000
8375,36.000000
8376,44.000000
8377,8.000000
8378,0.000000
8379,28.000000
8380,4.000000
8381,-92.000000
8382,32.000000
8383,32.000000
8384,8.000000
8385,0.000000
8386,20.000000
8387,8.000000
8388,4.000000
8389,12.000000
8390,-8.000000
8391,12.000000
8392,32.000000
8393,20.000000
8394,-32.000000
8395,-36.000000
8396,-8.000000
8397,-20.000000
8398,8.000000
8399,-12.000000
8400,24.000000
8401,-12.000000
8402,-8.000000
8403,-20.000000
8404,-20.000000
8405,-32.000000
8406,-48.000000
8407,0.000000
8408,20.000000
8409,-24.000000
8410,-20.000000
8411,-24.000000
8412,8.000000
8413,-12.000000
8414,24.000000
8415,24.000000
8416,24.000000
8417,-4.000000
8418,-56.000000
8419,-16.000000
8420,-8.000000
8421,0.000000
8422,-40.000000
8423,20.000000
8424,-40.000000
8425,-24.000000
8426,-12.000000
8427,0.000000
8428,-12.000000
8429,-52.000000
8430,-4.000000
8431,-8.000000
8432,-4.000000
8433,0.000000
8434,-8.000000
8435,-24.000000
8436,16.000000
8437,4.000000
8438,40.000000
8439,24.000000
8440,12.000000
8441,-8.000000
8442,16.000000
8443,16.000000
8444,12.000000
8445,16.000000
8446,-40.000000
8447,24.000000
8448,32.000000
8449,28.000000
8450,-8.000000
8451,-8.000000
8452,60.000000
8453,0.000000
8454,-16.000000
8455,8.000000
8456,8.000000
8457,-12.000000
8458,-4.000000
8459,0.000000
8460,-52.000000
8461,12.000000
8462,4.000000
8463,-8.000000
8464,-20.000000
8465,-28.000000
8466,8.000000
8467,8.000000
8468,0.000000
8469,8.000000
8470,8.000000
8471,32.000000
8472,-28.000000
8473,4.000000
8474,-24.000000
8475,8.000000
8476,4.000000
8477,28.000000
8478,52.000000
8479,28.000000
8480,12.000000
8481,-4.000000
8482,0.000000
8483,-24.000000
8484,-12.000000
8485,-20.000000
8486,-60.000000
8487,-8.000000
8488,-20.000000
8489,-16.000000
8490,-24.000000
8491,-16.000000
8492,-8.000000
8493,44.000000
8494,-8.000000
8495,-12.000000
8496,-12.000000
8497,68.000000
8498,-32.000000
8499,-56.000000
8500,16.000000
8501,-16.000000
8502,-20.000000
8503,-28.000000
8504,-8.000000
8505,-40.000000
8506,-8.000000
8507,-20.000000
8508,-24.000000
8509,-28.000000
8510,20.000000
8511,-16.000000
8512,-8.000000
8513,-28.000000
8514,-36.000000
8515,8.000000
8516,68.000000
8517,-24.000000
8518,-8.000000
8519,-16.000000
8520,-16.000000
8521,-20.000000
8522,-16.000000
8523,-12.000000
8524,4.000000
8525,-8.000000
8526,-8.000000
8527,-32.000000
8528,8.000000
8529,8.000000
8530,20.000000
8531,24.000000
8532,-12.000000
8533,8.000000
8534,16.000000
8535,-24.000000
8536,-24.000000
8537,16.000000
8538,8.000000
8539,56.000000
8540,0.000000
8541,28.000000
8542,-8.000000
8543,16.000000
8544,-20.000000
8545,-12.000000
8546,4.000000
8547,-32.000000
8548,16.000000
8549,-72.000000
8550,48.000000
8551,-20.000000
8552,-8.000000
8553,28.000000
8554,52.000000
8555,8.000000
8556,12.000000
8557,20.000000
8558,20.000000
8559,36.000000
8560,20.000000
8561,20.000000
8562,4.000000
8563,-20.000000
8564,28.000000
8565,0.000000
8566,0.000000
8567,-8.000000
8568,-12.000000
8569,-16.000000
8570,-16.000000
8571,0.000000
8572,-68.000000
8573,-4.000000
8574,-20.000000
8575,-60.000000
8576,-32.000000
8577,32.000000
8578,8.000000
8579,-20.000000
8580,-12.000000
8581,-8.000000
8582,12.000000
8583,-24.000000
8584,-20.000000
8585,-24.000000
8586,-32.000000
8587,-40.000000
8588,-40.000000
8589,-36.000000
8590,-40.000000
8591,-48.000000
8592,-48.000000
8593,4.000000
8594,44.000000
8595,-40.000000
8596,20.000000
8597,-28.000000
8598,-28.000000
8599,-28.000000
8600,-40.000000
8601,-8.000000
8602,-4.000000
8603,-32.000000
8604,-60.000000
8605,-32.000000
8606,-24.000000
8607,-20.000000
8608,12.000000
8609,-8.000000
8610,-8.000000
8611,20.000000
8612,52.000000
8613,-4.000000
8614,-16.000000
8615,0.000000
8616,0.000000
8617,-4.000000
8618,-8.000000
8619,-44.000000
8620,52.000000
8621,4.000000
8622,24.000000
8623,-8.000000
8624,-8.000000
8625,-24.000000
8626,32.000000
8627,0.000000
8628,-16.000000
8629,44.000000
8630,16.000000
8631,0.000000
8632,-36.000000
8633,-12.000000
8634,-12.000000
8635,16.000000
8636,-8.000000
8637,-16.000000
8638,8.000000
8639,-20.000000
8640,20.000000
8641,20.000000
8642,0.000000
8643,12.000000
8644,16.000000
8645,-4.000000
8646,-24.000000
8647,20.000000
8648,-20.000000
8649,44.000000
8650,8.000000
8651,-32.000000
8652,0.000000
8653,-8.000000
8654,24.000000
8655,-12.000000
8656,52.000000
8657,-8.000000
8658,0.000000
8659,-16.000000
8660,-16.000000
8661,20.000000
8662,60.000000
8663,24.000000
8664,8.000000
8665,-28.000000
8666,-40.000000
8667,8.000000
8668,-40.000000
8669,-8.000000
8670,-24.000000
8671,-8.000000
8672,-32.000000
8673,-16.000000
8674,0.000000
8675,-24.000000
8676,-24.000000
8677,-16.000000
8678,-16.000000
8679,-24.000000
8680,-8.000000
8681,-40.000000
8682,20.000000
8683,0.000000
8684,-20.000000
8685,-76.000000
8686,-28.000000
8687,-32.000000
8688,-36.000000
8689,52.000000
8690,-8.000000
8691,-8.000000
8692,-16.000000
8693,-24.000000
8694,40.000000
8695,-40.000000
8696,-72.000000
8697,-8.000000
8698,-12.000000
8699,-12.000000
8700,16.000000
8701,-12.000000
8702,-12.000000
8703,72.000000
8704,0.000000
8705,-16.000000
8706,-8.000000
8707,-4.000000
8708,-24.000000
8709,-20.000000
8710,-16.000000
8711,-36.000000
8712,16.000000
8713,12.000000
8714,-44.000000
8715,16.000000
8716,12.000000
8717,-8.000000
8718,0.000000
8719,8.000000
8720,4.000000
8721,44.000000
8722,8.000000
8723,48.000000
8724,20.000000
8725,44.000000
8726,-52.000000
8727,8.000000
8728,8.000000
8729,-40.000000
8730,12.000000
8731,-20.000000
8732,8.000000
8733,-100.000000
8734,4.000000
8735,16.000000
8736,24.000000
8737,12.000000
8738,-8.000000
8739,-12.000000
8740,0.000000
8741,16.000000
8742,64.000000
8743,-12.000000
8744,12.000000
8745,32.000000
8746,36.000000
8747,4.000000
8748,84.000000
8749,4.000000
8750,0.000000
8751,-8.000000
8752,0.000000
8753,8.000000
8754,-8.000000
8755,24.000000
8756,24.000000
8757,-8.000000
8758,0.000000
8759,-4.000000
8760,0.000000
8761,-12.000000
8762,-20.000000
8763,16.000000
8764,12.000000
8765,0.000000
8766,0.000000
8767,-8.000000
8768,-8.000000
8769,-28.000000
8770,-32.000000
8771,-64.000000
8772,-20.000000
8773,-40.000000
8774,-8.000000
8775,-36.000000
8776,-40.000000
8777,-40.000000
8778,52.000000
8779,52.000000
8780,-32.000000
8781,-16.000000
8782,-8.000000
8783,-32.000000
8784,-4.000000
8785,-24.000000
8786,0.000000
8787,-32.000000
8788,24.000000
8789,-24.000000
8790,-20.000000
8791,-28.000000
8792,52.000000
8793,-48.000000
8794,-12.000000
8795,0.000000
8796,0.000000
8797,-88.000000
8798,-16.000000
8799,-16.000000
8800,-20.000000
8801,44.000000
8802,0.000000
8803,-60.000000
8804,-20.000000
8805,-8.000000
8806,-8.000000
8807,52.000000
8808,4.000000
8809,16.000000
8810,24.000000
8811,-8.000000
8812,0.000000
8813,0.000000
8814,0.000000
8815,-8.000000
8816,-8.000000
8817,-8.000000
8818,20.000000
8819,4.000000
8820,4.000000
8821,8.000000
8822,-8.000000
8823,8.000000
8824,8.000000
8825,-16.000000
8826,-8.000000
8827,-24.000000
8828,-28.000000
8829,0.000000
8830,8.000000
8831,24.000000
8832,4.000000
8833,-44.000000
8834,4.000000
8835,12.000000
8836,12.000000
8837,4.000000
8838,0.000000
8839,20.000000
8840,-44.000000
8841,8.000000
8842,8.000000
8843,-8.000000
8844,44.000000
8845,-60.000000
8846,12.000000
8847,-4.000000
8848,28.000000
8849,0.000000
8850,8.000000
8851,0.000000
8852,28.000000
8853,4.000000
8854,-24.000000
8855,-8.000000
8856,16.000000
8857,-12.000000
8858,-12.000000
8859,-12.000000
8860,-16.000000
8861,-4.000000
8862,-4.000000
8863,-28.000000
8864,24.000000
8865,-24.000000
8866,-28.000000
8867,16.000000
8868,16.000000
8869,-48.000000
8870,-8.000000
8871,-20.000000
8872,-4.000000
8873,-48.000000
8874,20.000000
8875,-24.000000
8876,-8.000000
8877,0.000000
8878,-8.000000
8879,0.000000
8880,8.000000
8881,24.000000
8882,-4.000000
8883,4.000000
8884,12.000000
8885,12.000000
8886,8.000000
8887,-8.000000
8888,16.000000
8889,-24.000000
8890,-32.000000
8891,-24.000000
8892,-12.000000
8893,28.000000
8894,28.000000
8895,28.000000
8896,0.000000
8897,-12.000000
8898,0.000000
8899,28.000000
8900,0.000000
8901,8.000000
8902,8.000000
8903,40.000000
8904,12.000000
8905,-20.000000
8906,-12.000000
8907,32.000000
8908,12.000000
8909,8.000000
8910,12.000000
8911,52.000000
8912,-20.000000
8913,52.000000
8914,-4.000000
8915,0.000000
8916,0.000000
8917,16.000000
8918,32.000000
8919,0.000000
8920,16.000000
8921,60.000000
8922,-4.000000
8923,-8.000000
8924,56.000000
8925,8.000000
8926,60.000000
8927,20.000000
8928,16.000000
8929,-12.000000
8930,32.000000
8931,48.000000
8932,-20.000000
8933,0.000000
8934,12.000000
8935,52.000000
8936,16.000000
8937,8.000000
8938,44.000000
8939,4.000000
8940,0.000000
8941,24.000000
8942,-4.000000
8943,-8.000000
8944,-40.000000
8945,64.000000
8946,-28.000000
8947,0.000000
8948,0.000000
8949,-28.000000
8950,-20.000000
8951,-16.000000
8952,-8.000000
8953,-24.000000
8954,8.000000
8955,-44.000000
8956,20.000000
8957,-40.000000
8958,-24.000000
8959,-4.000000
8960,-20.000000
8961,-40.000000
8962,28.000000
8963,64.000000
8964,-8.000000
8965,-4.000000
8966,-4.000000
8967,40.000000
8968,8.000000
8969,-32.000000
8970,-32.000000
8971,-28.000000
8972,-28.000000
8973,-24.000000
8974,-4.000000
8975,16.000000
8976,-24.000000
8977,0.000000
8978,-48.000000
8979,-44.000000
8980,40.000000
8981,-32.000000
8982,-32.000000
8983,-28.000000
8984,28.000000
8985,-16.000000
8986,0.000000
8987,-8.000000
8988,-8.000000
8989,-8.000000
8990,-12.000000
8991,-44.000000
8992,32.000000
8993,0.000000
8994,12.000000
8995,0.000000
8996,-8.000000
8997,16.000000
8998,-12.000000
8999,8.000000
9000,0.000000
9001,-12.000000
9002,16.000000
9003,-64.000000
9004,24.000000
9005,0.000000
9006,-20.000000
9007,4.000000
9008,0.000000
9009,4.000000
9010,-8.000000
9011,16.000000
9012,20.000000
9013,8.000000
9014,8.000000
9015,0.000000
9016,24.000000
9017,44.000000
9018,-28.000000
9019,4.000000
9020,-8.000000
9021,-44.000000
9022,24.000000
9023,20.000000
9024,0.000000
9025,-40.000000
9026,-24.000000
9027,16.000000
9028,16.000000
9029,-8.000000
9030,60.000000
9031,-44.000000
9032,8.000000
9033,24.000000
9034,-20.000000
9035,12.000000
9036,12.000000
9037,0.000000
9038,-12.000000
9039,-8.000000
9040,0.000000
9041,-32.000000
9042,-28.000000
9043,8.000000
9044,-28.000000
9045,20.000000
9046,16.000000
9047,-20.000000
9048,-28.000000
9049,-8.000000
9050,-28.000000
9051,40.000000
9052,-24.000000
9053,24.000000
9054,-20.000000
9055,20.000000
9056,20.000000
9057,-36.000000
9058,-24.000000
9059,-16.000000
9060,-40.000000
9061,-44.000000
9062,-52.000000
9063,-16.000000
9064,-16.000000
9065,-16.000000
9066,-16.000000
9067,0.000000
9068,0.000000
9069,16.000000
9070,52.000000
9071,-20.000000
9072,-60.000000
9073,24.000000
9074,-28.000000
9075,24.000000
9076,8.000000
9077,44.000000
9078,20.000000
9079,68.000000
9080,-8.000000
9081,-28.000000
9082,8.000000
9083,-12.000000
9084,-32.000000
9085,-20.000000
9086,-16.000000
9087,-48.000000
9088,24.000000
9089,-12.000000
9090,24.000000
9091,12.000000
9092,92.000000
9093,20.000000
9094,-12.000000
9095,-8.000000
9096,44.000000
9097,0.000000
9098,-12.000000
9099,32.000000
9100,-28.000000
9101,44.000000
9102,-40.000000
9103,16.000000
9104,16.000000
9105,16.000000
9106,16.000000
9107,40.000000
9108,0.000000
9109,28.000000
9110,-20.000000
9111,-40.000000
9112,24.000000
9113,12.000000
9114,-40.000000
9115,-12.000000
9116,-20.000000
9117,16.000000
9118,8.000000
9119,4.000000
9120,-36.000000
9121,-20.000000
9122,0.000000
9123,24.000000
9124,-8.000000
9125,4.000000
9126,16.000000
9127,16.000000
9128,-24.000000
9129,0.000000
9130,12.000000
9131,44.000000
9132,-8.000000
9133,-24.000000
9134,-20.000000
9135,-8.000000
9136,40.000000
9137,-28.000000
9138,-40.000000
9139,20.000000
9140,8.000000
9141,-8.000000
9142,-16.000000
9143,4.000000
9144,44.000000
9145,-8.000000
9146,12.000000
9147,-40.000000
9148,8.000000
9149,-28.000000
9150,-24.000000
9151,-28.000000
9152,-8.000000
9153,-24.000000
9154,-28.000000
9155,-8.000000
9156,0.000000
9157,-12.000000
9158,-12.000000
9159,-32.000000
9160,-8.000000
9161,-28.000000
9162,-40.000000
9163,-8.000000
9164,12.000000
9165,-40.000000
9166,8.000000
9167,-40.000000
9168,-16.000000
9169,12.000000
9170,-8.000000
9171,-28.000000
9172,-56.000000
9173,-4.000000
9174,-4.000000
9175,12.000000
9176,28.000000
9177,0.000000
9178,20.000000
9179,4.000000
9180,-8.000000
9181,52.000000
9182,-8.000000
9183,-12.000000
9184,12.000000
9185,-12.000000
9186,88.000000
9187,8.000000
9188,0.000000
9189,4.000000
9190,16.000000
9191,-20.000000
9192,0.000000
9193,8.000000
9194,16.000000
9195,16.000000
9196,48.000000
9197,12.000000
9198,28.000000
9199,-8.000000
9200,28.000000
9201,-4.000000
9202,36.000000
9203,-8.000000
9204,0.000000
9205,-36.000000
9206,12.000000
9207,40.000000
9208,8.000000
9209,8.000000
9210,8.000000
9211,16.000000
9212,-8.000000
9213,16.000000
9214,16.000000
9215,24.000000
9216,-20.000000
9217,4.000000
9218,4.000000
9219,20.000000
9220,8.000000
9221,-8.000000
9222,16.000000
9223,4.000000
9224,8.000000
9225,-24.000000
9226,-32.000000
9227,-20.000000
9228,-4.000000
9229,-4.000000
9230,0.000000
9231,-8.000000
9232,40.000000
9233,-48.000000
9234,-8.000000
9235,-24.000000
9236,0.000000
9237,-16.000000
9238,16.000000
9239,16.000000
9240,4.000000
9241,-4.000000
9242,-8.000000
9243,52.000000
9244,-20.000000
9245,-8.000000
9246,-16.000000
9247,8.000000
9248,-4.000000
9249,-36.000000
9250,8.000000
9251,-36.000000
9252,-36.000000
9253,-12.000000
9254,-20.000000
9255,0.000000
9256,-12.000000
9257,-28.000000
9258,16.000000
9259,-28.000000
9260,-8.000000
9261,-8.000000
9262,-16.000000
9263,-28.000000
9264,-16.000000
9265,0.000000
9266,52.000000
9267,-16.000000
9268,-24.000000
9269,4.000000
9270,-24.000000
9271,-8.000000
9272,-8.000000
9273,0.000000
9274,-4.000000
9275,24.000000
9276,24.000000
9277,-8.000000
9278,4.000000
9279,52.000000
9280,-4.000000
9281,-44.000000
9282,12.000000
9283,48.000000
9284,0.000000
9285,4.000000
9286,0.000000
9287,8.000000
9288,8.000000
9289,12.000000
9290,0.000000
9291,16.000000
9292,24.000000
9293,-8.000000
9294,72.000000
9295,28.000000
9296,-4.000000
9297,12.000000
9298,32.000000
9299,-68.000000
9300,-12.000000
9301,0.000000
9302,4.000000
9303,48.000000
9304,16.000000
9305,20.000000
9306,-8.000000
9307,36.000000
9308,-28.000000
9309,0.000000
9310,8.000000
9311,16.000000
9312,16.000000
9313,-32.000000
9314,32.000000
9315,4.000000
9316,4.000000
9317,24.000000
9318,-16.000000
9319,8.000000
9320,-16.000000
9321,8.000000
9322,16.000000
9323,24.000000
9324,-36.000000
9325,-8.000000
9326,0.000000
9327,-4.000000
9328,-8.000000
9329,-8.000000
9330,12.000000
9331,-8.000000
9332,-32.000000
9333,-16.000000
9334,52.000000
9335,-40.000000
9336,-4.000000
9337,-20.000000
9338,16.000000
9339,-28.000000
9340,-28.000000
9341,-28.000000
9342,-36.000000
9343,-8.000000
9344,-52.000000
9345,-48.000000
9346,-4.000000
9347,-20.000000
9348,-12.000000
9349,-28.000000
9350,-24.000000
9351,-104.000000
9352,-28.000000
9353,-8.000000
9354,-52.000000
9355,-40.000000
9356,-36.000000
9357,24.000000
9358,-16.000000
9359,44.000000
9360,44.000000
9361,4.000000
9362,-28.000000
9363,-72.000000
9364,-44.000000
9365,12.000000
9366,-16.000000
9367,-20.000000
9368,-44.000000
9369,-40.000000
9370,24.000000
9371,16.000000
9372,12.000000
9373,52.000000
9374,-24.000000
9375,-12.000000
9376,16.000000
9377,60.000000
9378,-16.000000
9379,52.000000
9380,92.000000
9381,28.000000
9382,-12.000000
9383,-24.000000
9384,-20.000000
9385,8.000000
9386,16.000000
9387,32.000000
9388,-36.000000
9389,44.000000
9390,-4.000000
9391,4.000000
9392,-44.000000
9393,-12.000000
9394,28.000000
9395,28.000000
9396,28.000000
9397,44.000000
9398,8.000000
9399,-20.000000
9400,8.000000
9401,-12.000000
9402,4.000000
9403,12.000000
9404,8.000000
9405,-24.000000
9406,-8.000000
9407,16.000000
9408,12.000000
9409,-32.000000
9410,-12.000000
9411,0.000000
9412,16.000000
9413,64.000000
9414,16.000000
9415,12.000000
9416,-8.000000
9417,76.000000
9418,12.000000
9419,-8.000000
9420,20.000000
9421,0.000000
9422,-8.000000
9423,-4.000000
9424,-16.000000
9425,16.000000
9426,-60.000000
9427,0.000000
9428,16.000000
9429,-16.000000
9430,-8.000000
9431,-32.000000
9432,-32.000000
9433,0.000000
9434,-4.000000
9435,-40.000000
9436,-12.000000
9437,4.000000
9438,24.000000
9439,24.000000
9440,-32.000000
9441,-40.000000
9442,-60.000000
9443,-48.000000
9444,28.000000
9445,-20.000000
9446,-8.000000
9447,-8.000000
9448,44.000000
9449,-16.000000
9450,-8.000000
9451,-20.000000
9452,-40.000000
9453,44.000000
9454,-20.000000
9455,-8.000000
9456,4.000000
9457,16.000000
9458,8.000000
9459,-8.000000
9460,4.000000
9461,44.000000
9462,12.000000
9463,-8.000000
9464,16.000000
9465,-16.000000
9466,28.000000
9467,0.000000
9468,-16.000000
9469,-20.000000
9470,-8.000000
9471,-12.000000
9472,0.000000
9473,24.000000
9474,20.000000
9475,16.000000
9476,0.000000
9477,16.000000
9478,16.000000
9479,28.000000
9480,-8.000000
9481,44.000000
9482,36.000000
9483,0.000000
9484,4.000000
9485,48.000000
9486,16.000000
9487,56.000000
9488,4.000000
9489,-20.000000
9490,12.000000
9491,16.000000
9492,20.000000
9493,-36.000000
9494,0.000000
9495,0.000000
9496,-8.000000
9497,4.000000
9498,-36.000000
9499,-16.000000
9500,-16.000000
9501,20.000000
9502,-8.000000
9503,-8.000000
9504,16.000000
9505,-4.000000
9506,0.000000
9507,-88.000000
9508,44.000000
9509,-8.000000
9510,-32.000000
9511,-60.000000
9512,-12.000000
9513,-8.000000
9514,-60.000000
9515,-8.000000
9516,-32.000000
9517,-16.000000
9518,-16.000000
9519,12.000000
9520,-32.000000
9521,-36.000000
9522,-36.000000
9523,-8.000000
9524,20.000000
9525,-48.000000
9526,-40.000000
9527,-16.000000
9528,-24.000000
9529,44.000000
9530,-20.000000
9531,-4.000000
9532,4.000000
9533,-44.000000
9534,-24.000000
9535,12.000000
9536,-8.000000
9537,-16.000000
9538,0.000000
9539,4.000000
9540,-44.000000
9541,24.000000
9542,-24.000000
9543,-24.000000
9544,-20.000000
9545,12.000000
9546,-24.000000
9547,20.000000
9548,-36.000000
9549,-12.000000
9550,64.000000
9551,-12.000000
9552,16.000000
9553,8.000000
9554,-20.000000
9555,32.000000
9556,4.000000
9557,-24.000000
9558,16.000000
9559,4.000000
9560,0.000000
9561,16.000000
9562,0.000000
9563,-8.000000
9564,16.000000
9565,28.000000
9566,44.000000
9567,-12.000000
9568,8.000000
9569,12.000000
9570,-8.000000
9571,16.000000
9572,8.000000
9573,32.000000
9574,112.000000
9575,-44.000000
9576,16.000000
9577,0.000000
9578,0.000000
9579,32.000000
9580,24.000000
9581,12.000000
9582,-12.000000
9583,16.000000
9584,-32.000000
9585,16.000000
9586,20.000000
9587,24.000000
9588,16.000000
9589,-4.000000
9590,-12.000000
9591,0.000000
9592,-16.000000
9593,-16.000000
9594,8.000000
9595,-12.000000
9596,-12.000000
9597,16.000000
9598,-16.000000
9599,12.000000
9600,0.000000
9601,-8.000000
9602,-20.000000
9603,24.000000
9604,-24.000000
9605,-56.000000
9606,-36.000000
9607,-24.000000
9608,12.000000
9609,-12.000000
9610,4.000000
9611,-44.000000
9612,-4.000000
9613,0.000000
9614,0.000000
9615,-60.000000
9616,28.000000
9617,-32.000000
9618,-24.000000
9619,-40.000000
9620,-28.000000
9621,52.000000
9622,0.000000
9623,-8.000000
9624,20.000000
9625,0.000000
9626,0.000000
9627,16.000000
9628,-44.000000
9629,-32.000000
9630,56.000000
9631,16.000000
9632,-16.000000
9633,20.000000
9634,-8.000000
9635,-8.000000
9636,-20.000000
9637,64.000000
9638,-8.000000
9639,52.000000
9640,24.000000
9641,40.000000
9642,52.000000
9643,0.000000
9644,-8.000000
9645,0.000000
9646,48.000000
9647,64.000000
9648,16.000000
9649,24.000000
9650,28.000000
9651,-8.000000
9652,20.000000
9653,4.000000
9654,24.000000
9655,32.000000
9656,28.000000
9657,0.000000
9658,-4.000000
9659,68.000000
9660,8.000000
9661,32.000000
9662,24.000000
9663,48.000000
9664,0.000000
9665,-16.000000
9666,-24.000000
9667,8.000000
9668,-20.000000
9669,32.000000
9670,-92.000000
9671,20.000000
9672,64.000000
9673,64.000000
9674,-12.000000
9675,8.000000
9676,8.000000
9677,-36.000000
9678,4.000000
9679,4.000000
9680,4.000000
9681,0.000000
9682,12.000000
9683,12.000000
9684,52.000000
9685,64.000000
9686,-8.000000
9687,4.000000
9688,-12.000000
9689,24.000000
9690,-28.000000
9691,-32.000000
9692,-28.000000
9693,16.000000
9694,-4.000000
9695,8.000000
9696,-72.000000
9697,16.000000
9698,-8.000000
9699,-28.000000
9700,-28.000000
9701,-32.000000
9702,-12.000000
9703,0.000000
9704,16.000000
9705,-16.000000
9706,-24.000000
9707,44.000000
9708,-44.000000
9709,-8.000000
9710,8.000000
9711,4.000000
9712,20.000000
9713,-20.000000
9714,0.000000
9715,-8.000000
9716,0.000000
9717,20.000000
9718,-24.000000
9719,28.000000
9720,-12.000000
9721,-64.000000
9722,16.000000
9723,-40.000000
9724,-8.000000
9725,12.000000
9726,-8.000000
9727,-16.000000
9728,-24.000000
9729,28.000000
9730,-16.000000
9731,-8.000000
9732,-12.000000
9733,-8.000000
9734,-8.000000
9735,-32.000000
9736,4.000000
9737,12.000000
9738,16.000000
9739,0.000000
9740,-16.000000
9741,0.000000
9742,-28.000000
9743,-40.000000
9744,52.000000
9745,28.000000
9746,4.000000
9747,16.000000
9748,-4.000000
9749,0.000000
9750,8.000000
9751,28.000000
9752,28.000000
9753,-16.000000
9754,52.000000
9755,64.000000
9756,-8.000000
9757,-20.000000
9758,32.000000
9759,8.000000
9760,-8.000000
9761,20.000000
9762,-4.000000
9763,0.000000
9764,20.000000
9765,24.000000
9766,-12.000000
9767,-8.000000
9768,52.000000
9769,-12.000000
9770,-12.000000
9771,16.000000
9772,112.000000
9773,-8.000000
9774,-48.000000
9775,-16.000000
9776,16.000000
9777,24.000000
9778,44.000000
9779,16.000000
9780,0.000000
9781,-4.000000
9782,20.000000
9783,-20.000000
9784,12.000000
9785,8.000000
9786,32.000000
9787,8.000000
9788,24.000000
9789,4.000000
9790,24.000000
9791,-16.000000
9792,-20.000000
9793,0.000000
9794,4.000000
9795,8.000000
9796,-20.000000
9797,-56.000000
9798,-4.000000
9799,20.000000
9800,-8.000000
9801,-12.000000
9802,16.000000
9803,-12.000000
9804,-36.000000
9805,-8.000000
9806,-40.000000
9807,-8.000000
9808,-8.000000
9809,-4.000000
9810,-8.000000
9811,-44.000000
9812,16.000000
9813,-24.000000
9814,-48.000000
9815,-12.000000
9816,-12.000000
9817,4.000000
9818,-16.000000
9819,28.000000
9820,28.000000
9821,-16.000000
9822,-8.000000
9823,-24.000000
9824,-40.000000
9825,0.000000
9826,-12.000000
9827,24.000000
9828,-8.000000
9829,20.000000
9830,-8.000000
9831,8.000000
9832,16.000000
9833,-12.000000
9834,0.000000
9835,-4.000000
9836,36.000000
9837,0.000000
9838,-12.000000
9839,0.000000
9840,-12.000000
9841,60.000000
9842,-12.000000
9843,20.000000
9844,-16.000000
9845,16.000000
9846,-12.000000
9847,-28.000000
9848,8.000000
9849,52.000000
9850,-8.000000
9851,-24.000000
9852,-12.000000
9853,-36.000000
9854,0.000000
9855,4.000000
9856,4.000000
9857,16.000000
9858,-28.000000
9859,12.000000
9860,16.000000
9861,24.000000
9862,24.000000
9863,24.000000
9864,32.000000
9865,-12.000000
9866,12.000000
9867,-24.000000
9868,-8.000000
9869,-4.000000
9870,-4.000000
9871,8.000000
9872,36.000000
9873,16.000000
9874,4.000000
9875,0.000000
9876,-32.000000
9877,-16.000000
9878,-52.000000
9879,0.000000
9880,-8.000000
9881,20.000000
9882,-48.000000
9883,-8.000000
9884,52.000000
9885,0.000000
9886,-8.000000
9887,0.000000
9888,64.000000
9889,4.000000
9890,-44.000000
9891,28.000000
9892,28.000000
9893,-16.000000
9894,-16.000000
9895,0.000000
9896,-92.000000
9897,-4.000000
9898,-52.000000
9899,-28.000000
9900,-20.000000
9901,-16.000000
9902,-32.000000
9903,-8.000000
9904,-28.000000
9905,-40.000000
9906,44.000000
9907,-20.000000
9908,0.000000
9909,-4.000000
9910,-8.000000
9911,-20.000000
9912,28.000000
9913,-60.000000
9914,-8.000000
9915,-8.000000
9916,-28.000000
9917,-40.000000
9918,20.000000
9919,-8.000000
9920,-8.000000
9921,0.000000
9922,0.000000
9923,-56.000000
9924,-8.000000
9925,0.000000
9926,-4.000000
9927,-40.000000
9928,-8.000000
9929,20.000000
9930,-8.000000
9931,4.000000
9932,-12.000000
9933,48.000000
9934,4.000000
9935,-24.000000
9936,-20.000000
9937,-12.000000
9938,12.000000
9939,28.000000
9940,-8.000000
9941,-24.000000
9942,0.000000
9943,8.000000
9944,0.000000
9945,48.000000
9946,-20.000000
9947,100.000000
9948,0.000000
9949,8.000000
9950,-28.000000
9951,12.000000
9952,0.000000
9953,16.000000
9954,24.000000
9955,-76.000000
9956,4.000000
9957,-8.000000
9958,4.000000
9959,32.000000
9960,52.000000
9961,8.000000
9962,16.000000
9963,28.000000
9964,-4.000000
9965,8.000000
9966,-44.000000
9967,0.000000
9968,-116.000000
9969,-4.000000
9970,64.000000
9971,-32.000000
9972,-20.000000
9973,-8.000000
9974,-56.000000
9975,-4.000000
9976,8.000000
9977,56.000000
9978,-28.000000
9979,-8.000000
9980,-12.000000
9981,104.000000
9982,-28.000000
9983,20.000000
9984,-16.000000
9985,-20.000000
9986,-16.000000
9987,-108.000000
9988,-8.000000
9989,-12.000000
9990,-8.000000
9991,0.000000
9992,0.000000
9993,0.000000
9994,-36.000000
9995,0.000000
9996,-8.000000
9997,-8.000000
9998,16.000000
9999,56.000000
10000,16.000000
