Channel              :,CH1
Frequency            :,49.38Hz
Period               :,20.25ms
PK-PK                :,300.0mV
Probe attenuation    :,1X
Voltage per ADC value:,0.250000mV
Time interval        :,100.00000us

index,CH1_Voltage(mV)
1,-36.000000
2,-36.000000
3,-16.000000
4,8.000000
5,-40.000000
6,-24.000000
7,44.000000
8,0.000000
9,-36.000000
10,-40.000000
11,-68.000000
12,4.000000
13,24.000000
14,-60.000000
15,-20.000000
16,-28.000000
17,4.000000
18,-24.000000
19,16.000000
20,-32.000000
21,28.000000
22,-32.000000
23,-48.000000
24,20.000000
25,4.000000
26,-40.000000
27,-28.000000
28,-36.000000
29,24.000000
30,-12.000000
31,4.000000
32,4.000000
33,16.000000
34,12.000000
35,20.000000
36,-8.000000
37,-8.000000
38,4.000000
39,28.000000
40,0.000000
41,8.000000
42,-12.000000
43,-4.000000
44,44.000000
45,52.000000
46,-4.000000
47,24.000000
48,8.000000
49,-20.000000
50,4.000000
51,24.000000
52,4.000000
53,-12.000000
54,-12.000000
55,12.000000
56,40.000000
57,32.000000
58,16.000000
59,16.000000
60,20.000000
61,4.000000
62,0.000000
63,0.000000
64,32.000000
65,-8.000000
66,12.000000
67,12.000000
68,12.000000
69,20.000000
70,20.000000
71,24.000000
72,-8.000000
73,8.000000
74,4.000000
75,-8.000000
76,28.000000
77,-12.000000
78,16.000000
79,-12.000000
80,0.000000
81,20.000000
82,0.000000
83,0.000000
84,-8.000000
85,0.000000
86,4.000000
87,4.000000
88,-24.000000
89,-8.000000
90,40.000000
91,36.000000
92,0.000000
93,16.000000
94,16.000000
95,12.000000
96,-8.000000
97,12.000000
98,64.000000
99,0.000000
100,-4.000000
101,52.000000
102,-20.000000
103,52.000000
104,8.000000
105,-32.000000
106,-4.000000
107,12.000000
108,44.000000
109,-4.000000
110,-8.000000
111,12.000000
112,-4.000000
113,-8.000000
114,-8.000000
115,24.000000
116,-4.000000
117,0.000000
118,4.000000
119,-24.000000
120,52.000000
121,16.000000
122,-36.000000
123,44.000000
124,28.000000
125,-8.000000
126,4.000000
127,64.000000
128,-40.000000
129,-8.000000
130,-20.000000
131,-4.000000
132,16.000000
133,56.000000
134,-24.000000
135,-4.000000
136,-60.000000
137,24.000000
138,28.000000
139,-28.000000
140,16.000000
141,-20.000000
142,12.000000
143,-4.000000
144,0.000000
145,-8.000000
146,0.000000
147,-44.000000
148,20.000000
149,-12.000000
150,52.000000
151,60.000000
152,-28.000000
153,-4.000000
154,8.000000
155,-8.000000
156,24.000000
157,-40.000000
158,-20.000000
159,-44.000000
160,-36.000000
161,0.000000
162,0.000000
163,-36.000000
164,-8.000000
165,-24.000000
166,56.000000
167,8.000000
168,-20.000000
169,20.000000
170,-8.000000
171,-24.000000
172,-20.000000
173,4.000000
174,-8.000000
175,8.000000
176,-4.000000
177,-12.000000
178,-24.000000
179,-8.000000
180,-28.000000
181,-8.000000
182,-20.000000
183,52.000000
184,-20.000000
185,-48.000000
186,-8.000000
187,-20.000000
188,64.000000
189,24.000000
190,24.000000
191,-4.000000
192,24.000000
193,8.000000
194,8.000000
195,-8.000000
196,-24.000000
197,-28.000000
198,16.000000
199,4.000000
200,-32.000000
201,-20.000000
202,4.000000
203,-4.000000
204,-12.000000
205,16.000000
206,-8.000000
207,-32.000000
208,0.000000
209,-64.000000
210,52.000000
211,32.000000
212,40.000000
213,-28.000000
214,-40.000000
215,60.000000
216,8.000000
217,-104.000000
218,-8.000000
219,-28.000000
220,52.000000
221,-24.000000
222,-20.000000
223,-16.000000
224,-16.000000
225,-60.000000
226,-8.000000
227,52.000000
228,16.000000
229,-68.000000
230,-16.000000
231,-24.000000
232,-8.000000
233,-8.000000
234,-8.000000
235,-20.000000
236,-16.000000
237,-12.000000
238,-12.000000
239,24.000000
240,-32.000000
241,-16.000000
242,-68.000000
243,0.000000
244,-28.000000
245,-52.000000
246,-8.000000
247,-24.000000
248,-16.000000
249,12.000000
250,-8.000000
251,-8.000000
252,16.000000
253,-8.000000
254,-28.000000
255,0.000000
256,-16.000000
257,-8.000000
258,-12.000000
259,-8.000000
260,-20.000000
261,-8.000000
262,-24.000000
263,-12.000000
264,-8.000000
265,-16.000000
266,12.000000
267,-12.000000
268,24.000000
269,-16.000000
270,8.000000
271,-8.000000
272,24.000000
273,52.000000
274,8.000000
275,20.000000
276,16.000000
277,-16.000000
278,-4.000000
279,-16.000000
280,-8.000000
281,12.000000
282,16.000000
283,-12.000000
284,4.000000
285,8.000000
286,24.000000
287,8.000000
288,32.000000
289,24.000000
290,8.000000
291,-8.000000
292,-8.000000
293,-52.000000
294,12.000000
295,-32.000000
296,44.000000
297,-12.000000
298,12.000000
299,-76.000000
300,0.000000
301,64.000000
302,-8.000000
303,12.000000
304,12.000000
305,-8.000000
306,-8.000000
307,-52.000000
308,20.000000
309,4.000000
310,4.000000
311,-12.000000
312,-20.000000
313,12.000000
314,12.000000
315,-16.000000
316,92.000000
317,0.000000
318,12.000000
319,40.000000
320,12.000000
321,-28.000000
322,-8.000000
323,36.000000
324,0.000000
325,-8.000000
326,52.000000
327,-16.000000
328,-12.000000
329,24.000000
330,-20.000000
331,0.000000
332,0.000000
333,24.000000
334,-8.000000
335,-20.000000
336,-64.000000
337,-52.000000
338,-24.000000
339,-24.000000
340,-4.000000
341,-24.000000
342,12.000000
343,-24.000000
344,8.000000
345,8.000000
346,8.000000
347,4.000000
348,-52.000000
349,12.000000
350,16.000000
351,0.000000
352,16.000000
353,20.000000
354,12.000000
355,8.000000
356,0.000000
357,-56.000000
358,-32.000000
359,-4.000000
360,-20.000000
361,-64.000000
362,4.000000
363,44.000000
364,-24.000000
365,-32.000000
366,0.000000
367,-8.000000
368,-44.000000
369,-4.000000
370,16.000000
371,-8.000000
372,0.000000
373,16.000000
374,12.000000
375,-24.000000
376,-8.000000
377,44.000000
378,0.000000
379,-48.000000
380,-20.000000
381,-24.000000
382,-24.000000
383,8.000000
384,36.000000
385,-28.000000
386,0.000000
387,-8.000000
388,12.000000
389,20.000000
390,-16.000000
391,-20.000000
392,-8.000000
393,-8.000000
394,-40.000000
395,0.000000
396,0.000000
397,0.000000
398,28.000000
399,8.000000
400,-36.000000
401,12.000000
402,-60.000000
403,20.000000
404,-8.000000
405,-60.000000
406,32.000000
407,16.000000
408,-8.000000
409,32.000000
410,8.000000
411,60.000000
412,-8.000000
413,-12.000000
414,0.000000
415,8.000000
416,12.000000
417,-4.000000
418,0.000000
419,4.000000
420,-44.000000
421,-8.000000
422,44.000000
423,28.000000
424,44.000000
425,20.000000
426,-20.000000
427,-8.000000
428,-40.000000
429,-12.000000
430,4.000000
431,-8.000000
432,-8.000000
433,8.000000
434,0.000000
435,16.000000
436,-4.000000
437,-8.000000
438,0.000000
439,20.000000
440,24.000000
441,-12.000000
442,16.000000
443,-8.000000
444,8.000000
445,12.000000
446,16.000000
447,-12.000000
448,16.000000
449,28.000000
450,-8.000000
451,16.000000
452,0.000000
453,16.000000
454,-4.000000
455,8.000000
456,-8.000000
457,16.000000
458,32.000000
459,-8.000000
460,32.000000
461,32.000000
462,0.000000
463,40.000000
464,24.000000
465,8.000000
466,0.000000
467,-8.000000
468,0.000000
469,-4.000000
470,0.000000
471,44.000000
472,-28.000000
473,-24.000000
474,56.000000
475,-32.000000
476,8.000000
477,-8.000000
478,-8.000000
479,-28.000000
480,20.000000
481,32.000000
482,12.000000
483,0.000000
484,16.000000
485,-32.000000
486,-28.000000
487,-16.000000
488,-8.000000
489,-32.000000
490,-32.000000
491,-28.000000
492,12.000000
493,-8.000000
494,12.000000
495,-24.000000
496,0.000000
497,12.000000
498,-20.000000
499,-4.000000
500,-52.000000
501,-8.000000
502,12.000000
503,-8.000000
504,-40.000000
505,16.000000
506,-8.000000
507,16.000000
508,28.000000
509,28.000000
510,-40.000000
511,24.000000
512,-20.000000
513,-28.000000
514,-28.000000
515,8.000000
516,-60.000000
517,-16.000000
518,12.000000
519,-32.000000
520,0.000000
521,56.000000
522,4.000000
523,80.000000
524,-8.000000
525,52.000000
526,56.000000
527,-16.000000
528,44.000000
529,8.000000
530,0.000000
531,68.000000
532,68.000000
533,-32.000000
534,0.000000
535,12.000000
536,0.000000
537,-8.000000
538,0.000000
539,8.000000
540,-20.000000
541,0.000000
542,-12.000000
543,44.000000
544,4.000000
545,12.000000
546,12.000000
547,4.000000
548,4.000000
549,12.000000
550,12.000000
551,-40.000000
552,0.000000
553,-8.000000
554,-8.000000
555,4.000000
556,4.000000
557,28.000000
558,44.000000
559,8.000000
560,-12.000000
561,44.000000
562,-12.000000
563,4.000000
564,16.000000
565,16.000000
566,-12.000000
567,-8.000000
568,-4.000000
569,4.000000
570,-8.000000
571,12.000000
572,-32.000000
573,4.000000
574,4.000000
575,-28.000000
576,-20.000000
577,-8.000000
578,24.000000
579,0.000000
580,12.000000
581,4.000000
582,0.000000
583,0.000000
584,44.000000
585,-8.000000
586,-32.000000
587,-20.000000
588,-48.000000
589,-28.000000
590,28.000000
591,-8.000000
592,24.000000
593,-8.000000
594,-8.000000
595,8.000000
596,-4.000000
597,-8.000000
598,-28.000000
599,0.000000
600,-12.000000
601,0.000000
602,-24.000000
603,12.000000
604,-12.000000
605,-24.000000
606,44.000000
607,0.000000
608,-8.000000
609,-20.000000
610,4.000000
611,-12.000000
612,20.000000
613,52.000000
614,-8.000000
615,0.000000
616,-8.000000
617,-4.000000
618,24.000000
619,-28.000000
620,8.000000
621,-36.000000
622,-44.000000
623,8.000000
624,16.000000
625,28.000000
626,-12.000000
627,-8.000000
628,-32.000000
629,4.000000
630,-8.000000
631,-44.000000
632,0.000000
633,24.000000
634,-32.000000
635,-24.000000
636,-24.000000
637,52.000000
638,-8.000000
639,-36.000000
640,-36.000000
641,-8.000000
642,-32.000000
643,-16.000000
644,4.000000
645,56.000000
646,16.000000
647,-8.000000
648,20.000000
649,-12.000000
650,24.000000
651,16.000000
652,12.000000
653,24.000000
654,8.000000
655,24.000000
656,12.000000
657,0.000000
658,32.000000
659,-8.000000
660,-4.000000
661,-4.000000
662,32.000000
663,-32.000000
664,0.000000
665,-36.000000
666,4.000000
667,4.000000
668,4.000000
669,32.000000
670,0.000000
671,-32.000000
672,4.000000
673,-8.000000
674,-36.000000
675,-8.000000
676,16.000000
677,8.000000
678,32.000000
679,-44.000000
680,-12.000000
681,-40.000000
682,28.000000
683,60.000000
684,-8.000000
685,20.000000
686,52.000000
687,0.000000
688,0.000000
689,4.000000
690,28.000000
691,-8.000000
692,12.000000
693,-8.000000
694,-4.000000
695,-8.000000
696,24.000000
697,4.000000
698,-36.000000
699,52.000000
700,-8.000000
701,24.000000
702,-8.000000
703,4.000000
704,-20.000000
705,-20.000000
706,0.000000
707,28.000000
708,-20.000000
709,-8.000000
710,-8.000000
711,-40.000000
712,-4.000000
713,-28.000000
714,-28.000000
715,-32.000000
716,0.000000
717,0.000000
718,-40.000000
719,-4.000000
720,-8.000000
721,-36.000000
722,-32.000000
723,-68.000000
724,-56.000000
725,20.000000
726,-32.000000
727,-32.000000
728,-36.000000
729,-36.000000
730,20.000000
731,12.000000
732,-48.000000
733,4.000000
734,-20.000000
735,-20.000000
736,20.000000
737,-24.000000
738,-32.000000
739,-20.000000
740,20.000000
741,-40.000000
742,-124.000000
743,-8.000000
744,-4.000000
745,4.000000
746,-64.000000
747,-28.000000
748,-20.000000
749,-12.000000
750,-12.000000
751,-48.000000
752,-20.000000
753,12.000000
754,56.000000
755,20.000000
756,76.000000
757,40.000000
758,8.000000
759,-8.000000
760,56.000000
761,-12.000000
762,24.000000
763,-60.000000
764,36.000000
765,-60.000000
766,-8.000000
767,20.000000
768,-8.000000
769,-12.000000
770,-28.000000
771,0.000000
772,-16.000000
773,-16.000000
774,-4.000000
775,0.000000
776,-4.000000
777,-4.000000
778,-24.000000
779,16.000000
780,-8.000000
781,108.000000
782,-12.000000
783,-28.000000
784,-4.000000
785,12.000000
786,-24.000000
787,-16.000000
788,0.000000
789,-8.000000
790,88.000000
791,-12.000000
792,28.000000
793,24.000000
794,-24.000000
795,20.000000
796,-20.000000
797,4.000000
798,4.000000
799,44.000000
800,-8.000000
801,44.000000
802,-8.000000
803,0.000000
804,-8.000000
805,-28.000000
806,40.000000
807,-40.000000
808,56.000000
809,16.000000
810,-16.000000
811,-28.000000
812,20.000000
813,16.000000
814,-8.000000
815,-8.000000
816,-16.000000
817,-20.000000
818,-20.000000
819,0.000000
820,-28.000000
821,-8.000000
822,-12.000000
823,0.000000
824,24.000000
825,0.000000
826,-24.000000
827,-28.000000
828,-48.000000
829,-48.000000
830,-48.000000
831,-20.000000
832,-20.000000
833,-16.000000
834,8.000000
835,-40.000000
836,4.000000
837,-40.000000
838,-40.000000
839,-16.000000
840,-16.000000
841,-8.000000
842,-12.000000
843,-40.000000
844,-32.000000
845,12.000000
846,-56.000000
847,-20.000000
848,-24.000000
849,4.000000
850,-72.000000
851,-20.000000
852,12.000000
853,-40.000000
854,24.000000
855,-16.000000
856,-24.000000
857,20.000000
858,-8.000000
859,-8.000000
860,-8.000000
861,-8.000000
862,-32.000000
863,-16.000000
864,-12.000000
865,-24.000000
866,-8.000000
867,12.000000
868,-8.000000
869,-36.000000
870,0.000000
871,16.000000
872,0.000000
873,-20.000000
874,0.000000
875,64.000000
876,-4.000000
877,0.000000
878,0.000000
879,-12.000000
880,20.000000
881,0.000000
882,-8.000000
883,-8.000000
884,28.000000
885,-24.000000
886,-28.000000
887,0.000000
888,52.000000
889,0.000000
890,0.000000
891,52.000000
892,-8.000000
893,24.000000
894,32.000000
895,-36.000000
896,24.000000
897,-20.000000
898,20.000000
899,76.000000
900,20.000000
901,-4.000000
902,0.000000
903,8.000000
904,-12.000000
905,0.000000
906,12.000000
907,8.000000
908,16.000000
909,16.000000
910,-12.000000
911,-8.000000
912,-12.000000
913,-8.000000
914,8.000000
915,0.000000
916,24.000000
917,64.000000
918,84.000000
919,20.000000
920,-8.000000
921,-80.000000
922,56.000000
923,144.000000
924,0.000000
925,8.000000
926,-16.000000
927,-36.000000
928,-72.000000
929,-72.000000
930,-44.000000
931,20.000000
932,68.000000
933,-12.000000
934,-40.000000
935,-24.000000
936,-4.000000
937,8.000000
938,16.000000
939,16.000000
940,12.000000
941,-152.000000
942,-152.000000
943,-152.000000
944,-152.000000
945,-152.000000
946,-152.000000
947,-148.000000
948,-148.000000
949,-144.000000
950,-144.000000
951,-144.000000
952,-140.000000
953,-136.000000
954,-136.000000
955,-136.000000
956,-136.000000
957,-140.000000
958,-140.000000
959,-140.000000
960,-140.000000
961,-136.000000
962,-140.000000
963,-128.000000
964,-128.000000
965,-132.000000
966,-120.000000
967,-112.000000
968,-104.000000
969,-92.000000
970,-80.000000
971,-68.000000
972,-60.000000
973,-48.000000
974,-44.000000
975,-28.000000
976,-8.000000
977,0.000000
978,8.000000
979,12.000000
980,4.000000
981,36.000000
982,36.000000
983,32.000000
984,40.000000
985,48.000000
986,48.000000
987,68.000000
988,64.000000
989,-4.000000
990,52.000000
991,20.000000
992,60.000000
993,-16.000000
994,-16.000000
995,-8.000000
996,60.000000
997,8.000000
998,-24.000000
999,24.000000
1000,12.000000
1001,0.000000
1002,-4.000000
1003,-8.000000
1004,-16.000000
1005,-20.000000
1006,16.000000
1007,-12.000000
1008,16.000000
1009,28.000000
1010,-32.000000
1011,16.000000
1012,-20.000000
1013,20.000000
1014,0.000000
1015,-8.000000
1016,-16.000000
1017,4.000000
1018,20.000000
1019,4.000000
1020,-16.000000
1021,-56.000000
1022,4.000000
1023,-24.000000
1024,-28.000000
1025,-40.000000
1026,-12.000000
1027,-24.000000
1028,20.000000
1029,-8.000000
1030,-8.000000
1031,-20.000000
1032,-60.000000
1033,-4.000000
1034,-32.000000
1035,24.000000
1036,12.000000
1037,-28.000000
1038,20.000000
1039,-20.000000
1040,-48.000000
1041,-44.000000
1042,-36.000000
1043,8.000000
1044,8.000000
1045,8.000000
1046,-24.000000
1047,4.000000
1048,-16.000000
1049,-12.000000
1050,20.000000
1051,-12.000000
1052,-24.000000
1053,-8.000000
1054,-8.000000
1055,44.000000
1056,-24.000000
1057,32.000000
1058,8.000000
1059,-44.000000
1060,80.000000
1061,16.000000
1062,-8.000000
1063,0.000000
1064,-4.000000
1065,-48.000000
1066,-12.000000
1067,-4.000000
1068,44.000000
1069,8.000000
1070,4.000000
1071,-20.000000
1072,-8.000000
1073,-32.000000
1074,-8.000000
1075,44.000000
1076,-8.000000
1077,-48.000000
1078,12.000000
1079,56.000000
1080,72.000000
1081,4.000000
1082,-8.000000
1083,-8.000000
1084,8.000000
1085,24.000000
1086,52.000000
1087,-8.000000
1088,8.000000
1089,56.000000
1090,16.000000
1091,40.000000
1092,-8.000000
1093,4.000000
1094,20.000000
1095,0.000000
1096,8.000000
1097,12.000000
1098,-12.000000
1099,16.000000
1100,16.000000
1101,-8.000000
1102,-4.000000
1103,-8.000000
1104,-8.000000
1105,0.000000
1106,-44.000000
1107,52.000000
1108,-16.000000
1109,64.000000
1110,44.000000
1111,0.000000
1112,12.000000
1113,20.000000
1114,-4.000000
1115,12.000000
1116,-20.000000
1117,44.000000
1118,-32.000000
1119,20.000000
1120,-8.000000
1121,16.000000
1122,12.000000
1123,-8.000000
1124,-12.000000
1125,12.000000
1126,12.000000
1127,-24.000000
1128,-4.000000
1129,12.000000
1130,-40.000000
1131,-12.000000
1132,-12.000000
1133,16.000000
1134,-16.000000
1135,24.000000
1136,-8.000000
1137,-16.000000
1138,-20.000000
1139,56.000000
1140,-20.000000
1141,-20.000000
1142,16.000000
1143,0.000000
1144,-16.000000
1145,-52.000000
1146,44.000000
1147,-32.000000
1148,0.000000
1149,-12.000000
1150,0.000000
1151,-8.000000
1152,-8.000000
1153,16.000000
1154,-12.000000
1155,-4.000000
1156,-56.000000
1157,12.000000
1158,-24.000000
1159,-20.000000
1160,-8.000000
1161,-28.000000
1162,-20.000000
1163,-40.000000
1164,0.000000
1165,0.000000
1166,-72.000000
1167,-44.000000
1168,-44.000000
1169,-8.000000
1170,-8.000000
1171,-16.000000
1172,-16.000000
1173,-24.000000
1174,-48.000000
1175,44.000000
1176,-40.000000
1177,-8.000000
1178,-8.000000
1179,-20.000000
1180,16.000000
1181,-24.000000
1182,52.000000
1183,-16.000000
1184,-12.000000
1185,0.000000
1186,-8.000000
1187,-8.000000
1188,-12.000000
1189,88.000000
1190,4.000000
1191,-16.000000
1192,12.000000
1193,12.000000
1194,28.000000
1195,16.000000
1196,-32.000000
1197,-16.000000
1198,44.000000
1199,-8.000000
1200,-24.000000
1201,24.000000
1202,8.000000
1203,84.000000
1204,-12.000000
1205,0.000000
1206,-24.000000
1207,36.000000
1208,8.000000
1209,-8.000000
1210,20.000000
1211,-4.000000
1212,-44.000000
1213,8.000000
1214,-20.000000
1215,36.000000
1216,-52.000000
1217,24.000000
1218,16.000000
1219,0.000000
1220,0.000000
1221,64.000000
1222,16.000000
1223,0.000000
1224,-16.000000
1225,0.000000
1226,20.000000
1227,-8.000000
1228,-20.000000
1229,-16.000000
1230,52.000000
1231,-16.000000
1232,-24.000000
1233,4.000000
1234,-24.000000
1235,4.000000
1236,4.000000
1237,16.000000
1238,40.000000
1239,28.000000
1240,28.000000
1241,12.000000
1242,16.000000
1243,-4.000000
1244,4.000000
1245,-16.000000
1246,64.000000
1247,12.000000
1248,-12.000000
1249,0.000000
1250,4.000000
1251,-8.000000
1252,-20.000000
1253,-16.000000
1254,8.000000
1255,8.000000
1256,0.000000
1257,-8.000000
1258,28.000000
1259,16.000000
1260,16.000000
1261,20.000000
1262,-24.000000
1263,-8.000000
1264,16.000000
1265,-8.000000
1266,-12.000000
1267,24.000000
1268,4.000000
1269,-8.000000
1270,28.000000
1271,0.000000
1272,16.000000
1273,-44.000000
1274,4.000000
1275,-28.000000
1276,-32.000000
1277,-20.000000
1278,0.000000
1279,-32.000000
1280,-32.000000
1281,0.000000
1282,-8.000000
1283,4.000000
1284,-8.000000
1285,4.000000
1286,-12.000000
1287,-12.000000
1288,-60.000000
1289,-16.000000
1290,-16.000000
1291,24.000000
1292,0.000000
1293,-24.000000
1294,-20.000000
1295,-16.000000
1296,-12.000000
1297,-16.000000
1298,-16.000000
1299,-52.000000
1300,-8.000000
1301,-48.000000
1302,-32.000000
1303,-8.000000
1304,-28.000000
1305,-44.000000
1306,-60.000000
1307,-24.000000
1308,0.000000
1309,0.000000
1310,-4.000000
1311,-16.000000
1312,0.000000
1313,-8.000000
1314,8.000000
1315,-12.000000
1316,0.000000
1317,8.000000
1318,4.000000
1319,40.000000
1320,4.000000
1321,4.000000
1322,8.000000
1323,4.000000
1324,12.000000
1325,0.000000
1326,0.000000
1327,8.000000
1328,16.000000
1329,24.000000
1330,52.000000
1331,24.000000
1332,-60.000000
1333,8.000000
1334,12.000000
1335,0.000000
1336,0.000000
1337,12.000000
1338,0.000000
1339,0.000000
1340,24.000000
1341,16.000000
1342,0.000000
1343,44.000000
1344,80.000000
1345,28.000000
1346,32.000000
1347,8.000000
1348,0.000000
1349,16.000000
1350,20.000000
1351,32.000000
1352,8.000000
1353,12.000000
1354,48.000000
1355,-4.000000
1356,-28.000000
1357,-20.000000
1358,4.000000
1359,68.000000
1360,0.000000
1361,0.000000
1362,40.000000
1363,-72.000000
1364,-12.000000
1365,20.000000
1366,24.000000
1367,16.000000
1368,16.000000
1369,0.000000
1370,24.000000
1371,4.000000
1372,-72.000000
1373,-8.000000
1374,52.000000
1375,40.000000
1376,-24.000000
1377,16.000000
1378,-32.000000
1379,-20.000000
1380,24.000000
1381,-36.000000
1382,-32.000000
1383,8.000000
1384,-28.000000
1385,-28.000000
1386,-8.000000
1387,-8.000000
1388,56.000000
1389,-32.000000
1390,-8.000000
1391,20.000000
1392,-24.000000
1393,8.000000
1394,-20.000000
1395,-40.000000
1396,-8.000000
1397,-52.000000
1398,-48.000000
1399,44.000000
1400,4.000000
1401,-4.000000
1402,-24.000000
1403,-20.000000
1404,-20.000000
1405,-28.000000
1406,24.000000
1407,-24.000000
1408,-28.000000
1409,-36.000000
1410,-44.000000
1411,8.000000
1412,4.000000
1413,-28.000000
1414,-4.000000
1415,-8.000000
1416,-32.000000
1417,-48.000000
1418,-16.000000
1419,4.000000
1420,-16.000000
1421,-4.000000
1422,-4.000000
1423,-12.000000
1424,8.000000
1425,-16.000000
1426,-20.000000
1427,56.000000
1428,52.000000
1429,12.000000
1430,-12.000000
1431,-12.000000
1432,12.000000
1433,0.000000
1434,-44.000000
1435,8.000000
1436,4.000000
1437,0.000000
1438,44.000000
1439,8.000000
1440,8.000000
1441,-8.000000
1442,24.000000
1443,12.000000
1444,0.000000
1445,8.000000
1446,24.000000
1447,4.000000
1448,4.000000
1449,-28.000000
1450,20.000000
1451,8.000000
1452,12.000000
1453,-28.000000
1454,16.000000
1455,-12.000000
1456,4.000000
1457,0.000000
1458,84.000000
1459,16.000000
1460,16.000000
1461,0.000000
1462,8.000000
1463,4.000000
1464,-12.000000
1465,12.000000
1466,-24.000000
1467,0.000000
1468,44.000000
1469,-8.000000
1470,12.000000
1471,12.000000
1472,8.000000
1473,-32.000000
1474,-12.000000
1475,-20.000000
1476,-20.000000
1477,24.000000
1478,-8.000000
1479,4.000000
1480,16.000000
1481,4.000000
1482,16.000000
1483,24.000000
1484,16.000000
1485,4.000000
1486,-8.000000
1487,-24.000000
1488,16.000000
1489,-64.000000
1490,0.000000
1491,0.000000
1492,4.000000
1493,12.000000
1494,-52.000000
1495,-40.000000
1496,-32.000000
1497,-8.000000
1498,-12.000000
1499,28.000000
1500,-8.000000
1501,12.000000
1502,-16.000000
1503,44.000000
1504,-24.000000
1505,60.000000
1506,4.000000
1507,-8.000000
1508,4.000000
1509,-32.000000
1510,0.000000
1511,0.000000
1512,-40.000000
1513,8.000000
1514,-20.000000
1515,-24.000000
1516,-40.000000
1517,-8.000000
1518,24.000000
1519,0.000000
1520,0.000000
1521,-32.000000
1522,0.000000
1523,-8.000000
1524,-4.000000
1525,0.000000
1526,-24.000000
1527,-28.000000
1528,0.000000
1529,4.000000
1530,-36.000000
1531,-16.000000
1532,-16.000000
1533,-20.000000
1534,-8.000000
1535,-60.000000
1536,-16.000000
1537,-32.000000
1538,12.000000
1539,16.000000
1540,-8.000000
1541,-8.000000
1542,-8.000000
1543,32.000000
1544,8.000000
1545,8.000000
1546,16.000000
1547,0.000000
1548,-20.000000
1549,4.000000
1550,0.000000
1551,-8.000000
1552,-8.000000
1553,-16.000000
1554,20.000000
1555,-4.000000
1556,-16.000000
1557,-4.000000
1558,-4.000000
1559,8.000000
1560,-12.000000
1561,16.000000
1562,20.000000
1563,-20.000000
1564,12.000000
1565,0.000000
1566,12.000000
1567,32.000000
1568,-24.000000
1569,44.000000
1570,-12.000000
1571,24.000000
1572,-4.000000
1573,-28.000000
1574,-12.000000
1575,8.000000
1576,8.000000
1577,44.000000
1578,-32.000000
1579,-32.000000
1580,32.000000
1581,-8.000000
1582,-32.000000
1583,-24.000000
1584,-4.000000
1585,-4.000000
1586,0.000000
1587,0.000000
1588,8.000000
1589,52.000000
1590,12.000000
1591,0.000000
1592,-8.000000
1593,-4.000000
1594,-8.000000
1595,-60.000000
1596,-28.000000
1597,64.000000
1598,24.000000
1599,64.000000
1600,44.000000
1601,84.000000
1602,0.000000
1603,0.000000
1604,8.000000
1605,4.000000
1606,-20.000000
1607,-8.000000
1608,12.000000
1609,8.000000
1610,16.000000
1611,8.000000
1612,-8.000000
1613,-12.000000
1614,4.000000
1615,4.000000
1616,-8.000000
1617,-4.000000
1618,-8.000000
1619,-20.000000
1620,-12.000000
1621,-8.000000
1622,-16.000000
1623,-24.000000
1624,-16.000000
1625,-28.000000
1626,-8.000000
1627,-32.000000
1628,-60.000000
1629,-8.000000
1630,-28.000000
1631,-20.000000
1632,-32.000000
1633,12.000000
1634,64.000000
1635,24.000000
1636,-40.000000
1637,-8.000000
1638,16.000000
1639,-12.000000
1640,-32.000000
1641,-52.000000
1642,-36.000000
1643,-20.000000
1644,44.000000
1645,-24.000000
1646,-56.000000
1647,28.000000
1648,12.000000
1649,-4.000000
1650,24.000000
1651,-28.000000
1652,8.000000
1653,-28.000000
1654,-28.000000
1655,-44.000000
1656,-32.000000
1657,-8.000000
1658,-24.000000
1659,-8.000000
1660,-8.000000
1661,-8.000000
1662,-20.000000
1663,-24.000000
1664,4.000000
1665,-4.000000
1666,-24.000000
1667,44.000000
1668,-8.000000
1669,-36.000000
1670,4.000000
1671,-24.000000
1672,-24.000000
1673,-20.000000
1674,-16.000000
1675,0.000000
1676,0.000000
1677,16.000000
1678,28.000000
1679,12.000000
1680,32.000000
1681,0.000000
1682,-12.000000
1683,8.000000
1684,-36.000000
1685,36.000000
1686,32.000000
1687,-16.000000
1688,0.000000
1689,-32.000000
1690,52.000000
1691,8.000000
1692,-8.000000
1693,-28.000000
1694,-20.000000
1695,-48.000000
1696,4.000000
1697,8.000000
1698,-12.000000
1699,8.000000
1700,-20.000000
1701,0.000000
1702,28.000000
1703,24.000000
1704,28.000000
1705,12.000000
1706,4.000000
1707,-4.000000
1708,44.000000
1709,0.000000
1710,-8.000000
1711,0.000000
1712,0.000000
1713,44.000000
1714,-40.000000
1715,68.000000
1716,16.000000
1717,0.000000
1718,4.000000
1719,12.000000
1720,12.000000
1721,4.000000
1722,-8.000000
1723,-36.000000
1724,24.000000
1725,40.000000
1726,4.000000
1727,24.000000
1728,12.000000
1729,-40.000000
1730,16.000000
1731,-12.000000
1732,16.000000
1733,-24.000000
1734,-12.000000
1735,28.000000
1736,-8.000000
1737,0.000000
1738,-72.000000
1739,-20.000000
1740,-24.000000
1741,-8.000000
1742,4.000000
1743,-8.000000
1744,8.000000
1745,28.000000
1746,16.000000
1747,0.000000
1748,-28.000000
1749,8.000000
1750,-20.000000
1751,0.000000
1752,8.000000
1753,-16.000000
1754,-16.000000
1755,-8.000000
1756,52.000000
1757,8.000000
1758,-4.000000
1759,-8.000000
1760,4.000000
1761,12.000000
1762,-24.000000
1763,-32.000000
1764,-64.000000
1765,-8.000000
1766,-4.000000
1767,-8.000000
1768,-8.000000
1769,4.000000
1770,32.000000
1771,20.000000
1772,20.000000
1773,-12.000000
1774,-8.000000
1775,-8.000000
1776,44.000000
1777,24.000000
1778,-12.000000
1779,-20.000000
1780,-24.000000
1781,-36.000000
1782,-32.000000
1783,-28.000000
1784,-20.000000
1785,-20.000000
1786,24.000000
1787,-12.000000
1788,0.000000
1789,-8.000000
1790,-20.000000
1791,-8.000000
1792,40.000000
1793,12.000000
1794,4.000000
1795,-52.000000
1796,28.000000
1797,-8.000000
1798,-8.000000
1799,8.000000
1800,8.000000
1801,-24.000000
1802,28.000000
1803,-8.000000
1804,40.000000
1805,-8.000000
1806,4.000000
1807,-44.000000
1808,4.000000
1809,-32.000000
1810,-36.000000
1811,-20.000000
1812,24.000000
1813,0.000000
1814,0.000000
1815,20.000000
1816,-8.000000
1817,0.000000
1818,8.000000
1819,24.000000
1820,-4.000000
1821,16.000000
1822,20.000000
1823,24.000000
1824,4.000000
1825,16.000000
1826,16.000000
1827,4.000000
1828,4.000000
1829,28.000000
1830,48.000000
1831,-4.000000
1832,20.000000
1833,-52.000000
1834,-28.000000
1835,32.000000
1836,44.000000
1837,-28.000000
1838,32.000000
1839,-8.000000
1840,-16.000000
1841,8.000000
1842,8.000000
1843,-12.000000
1844,28.000000
1845,8.000000
1846,0.000000
1847,0.000000
1848,-8.000000
1849,20.000000
1850,-32.000000
1851,-36.000000
1852,4.000000
1853,-12.000000
1854,24.000000
1855,24.000000
1856,-12.000000
1857,60.000000
1858,-32.000000
1859,44.000000
1860,56.000000
1861,12.000000
1862,8.000000
1863,0.000000
1864,24.000000
1865,-12.000000
1866,-8.000000
1867,-16.000000
1868,-16.000000
1869,0.000000
1870,28.000000
1871,16.000000
1872,-20.000000
1873,-8.000000
1874,4.000000
1875,8.000000
1876,-8.000000
1877,-28.000000
1878,-36.000000
1879,-16.000000
1880,-16.000000
1881,-28.000000
1882,-32.000000
1883,-36.000000
1884,-40.000000
1885,-12.000000
1886,0.000000
1887,-44.000000
1888,-36.000000
1889,-32.000000
1890,16.000000
1891,-8.000000
1892,-8.000000
1893,-12.000000
1894,28.000000
1895,-32.000000
1896,-8.000000
1897,-36.000000
1898,24.000000
1899,-40.000000
1900,-40.000000
1901,-12.000000
1902,-32.000000
1903,-8.000000
1904,-44.000000
1905,-24.000000
1906,28.000000
1907,-20.000000
1908,-8.000000
1909,-44.000000
1910,-8.000000
1911,8.000000
1912,4.000000
1913,-12.000000
1914,4.000000
1915,0.000000
1916,-40.000000
1917,-36.000000
1918,-64.000000
1919,12.000000
1920,0.000000
1921,0.000000
1922,8.000000
1923,12.000000
1924,20.000000
1925,-8.000000
1926,16.000000
1927,0.000000
1928,0.000000
1929,-32.000000
1930,-16.000000
1931,4.000000
1932,-4.000000
1933,-24.000000
1934,20.000000
1935,-60.000000
1936,-12.000000
1937,-8.000000
1938,0.000000
1939,20.000000
1940,40.000000
1941,0.000000
1942,0.000000
1943,8.000000
1944,44.000000
1945,-16.000000
1946,-32.000000
1947,44.000000
1948,20.000000
1949,0.000000
1950,12.000000
1951,12.000000
1952,52.000000
1953,64.000000
1954,24.000000
1955,-8.000000
1956,12.000000
1957,8.000000
1958,8.000000
1959,12.000000
1960,4.000000
1961,8.000000
1962,8.000000
1963,-72.000000
1964,4.000000
1965,-8.000000
1966,28.000000
1967,-20.000000
1968,4.000000
1969,8.000000
1970,44.000000
1971,20.000000
1972,20.000000
1973,-12.000000
1974,0.000000
1975,0.000000
1976,-28.000000
1977,8.000000
1978,8.000000
1979,0.000000
1980,0.000000
1981,24.000000
1982,12.000000
1983,-16.000000
1984,4.000000
1985,64.000000
1986,-60.000000
1987,-4.000000
1988,-4.000000
1989,24.000000
1990,4.000000
1991,0.000000
1992,-24.000000
1993,-24.000000
1994,-24.000000
1995,-24.000000
1996,-60.000000
1997,-60.000000
1998,-20.000000
1999,40.000000
2000,0.000000
2001,-4.000000
2002,-32.000000
2003,-16.000000
2004,28.000000
2005,-24.000000
2006,80.000000
2007,44.000000
2008,16.000000
2009,24.000000
2010,0.000000
2011,4.000000
2012,-24.000000
2013,-48.000000
2014,12.000000
2015,-20.000000
2016,-20.000000
2017,0.000000
2018,8.000000
2019,-12.000000
2020,-4.000000
2021,-68.000000
2022,-20.000000
2023,0.000000
2024,56.000000
2025,-12.000000
2026,20.000000
2027,-20.000000
2028,-28.000000
2029,4.000000
2030,-16.000000
2031,-8.000000
2032,-8.000000
2033,-28.000000
2034,-8.000000
2035,-12.000000
2036,0.000000
2037,36.000000
2038,20.000000
2039,20.000000
2040,20.000000
2041,44.000000
2042,52.000000
2043,-12.000000
2044,-24.000000
2045,16.000000
2046,-4.000000
2047,-12.000000
2048,20.000000
2049,16.000000
2050,16.000000
2051,-8.000000
2052,-40.000000
2053,32.000000
2054,20.000000
2055,24.000000
2056,-8.000000
2057,36.000000
2058,16.000000
2059,44.000000
2060,-60.000000
2061,0.000000
2062,20.000000
2063,-36.000000
2064,0.000000
2065,-52.000000
2066,4.000000
2067,16.000000
2068,52.000000
2069,52.000000
2070,0.000000
2071,-12.000000
2072,24.000000
2073,-24.000000
2074,-12.000000
2075,4.000000
2076,4.000000
2077,-12.000000
2078,-12.000000
2079,16.000000
2080,4.000000
2081,64.000000
2082,-12.000000
2083,-20.000000
2084,56.000000
2085,20.000000
2086,-20.000000
2087,4.000000
2088,16.000000
2089,0.000000
2090,-40.000000
2091,-20.000000
2092,-52.000000
2093,28.000000
2094,-4.000000
2095,28.000000
2096,16.000000
2097,-52.000000
2098,20.000000
2099,-20.000000
2100,-52.000000
2101,-20.000000
2102,-24.000000
2103,12.000000
2104,-8.000000
2105,-4.000000
2106,52.000000
2107,-48.000000
2108,-12.000000
2109,-16.000000
2110,-16.000000
2111,-8.000000
2112,-8.000000
2113,-16.000000
2114,-20.000000
2115,-8.000000
2116,-16.000000
2117,-20.000000
2118,-16.000000
2119,-16.000000
2120,-20.000000
2121,-16.000000
2122,-16.000000
2123,-8.000000
2124,-8.000000
2125,-40.000000
2126,-20.000000
2127,60.000000
2128,-28.000000
2129,68.000000
2130,-36.000000
2131,-4.000000
2132,-16.000000
2133,-20.000000
2134,-32.000000
2135,16.000000
2136,-20.000000
2137,-28.000000
2138,-8.000000
2139,-16.000000
2140,-16.000000
2141,0.000000
2142,20.000000
2143,-12.000000
2144,-40.000000
2145,-28.000000
2146,-36.000000
2147,16.000000
2148,-20.000000
2149,-32.000000
2150,52.000000
2151,-8.000000
2152,-8.000000
2153,28.000000
2154,52.000000
2155,0.000000
2156,-44.000000
2157,-4.000000
2158,20.000000
2159,12.000000
2160,0.000000
2161,16.000000
2162,8.000000
2163,-20.000000
2164,-16.000000
2165,-12.000000
2166,-44.000000
2167,12.000000
2168,-12.000000
2169,0.000000
2170,0.000000
2171,-16.000000
2172,16.000000
2173,-8.000000
2174,-20.000000
2175,16.000000
2176,20.000000
2177,24.000000
2178,0.000000
2179,8.000000
2180,16.000000
2181,72.000000
2182,0.000000
2183,0.000000
2184,-32.000000
2185,-8.000000
2186,52.000000
2187,16.000000
2188,16.000000
2189,28.000000
2190,28.000000
2191,-40.000000
2192,16.000000
2193,-8.000000
2194,-4.000000
2195,4.000000
2196,-16.000000
2197,-8.000000
2198,-8.000000
2199,12.000000
2200,8.000000
2201,-12.000000
2202,-8.000000
2203,-16.000000
2204,-24.000000
2205,24.000000
2206,28.000000
2207,-12.000000
2208,-8.000000
2209,0.000000
2210,16.000000
2211,-24.000000
2212,-24.000000
2213,60.000000
2214,-24.000000
2215,-8.000000
2216,-16.000000
2217,16.000000
2218,-24.000000
2219,-20.000000
2220,-12.000000
2221,-24.000000
2222,0.000000
2223,16.000000
2224,-28.000000
2225,28.000000
2226,-8.000000
2227,-12.000000
2228,-40.000000
2229,-4.000000
2230,-60.000000
2231,-32.000000
2232,-32.000000
2233,44.000000
2234,-8.000000
2235,-64.000000
2236,12.000000
2237,-12.000000
2238,-8.000000
2239,20.000000
2240,-32.000000
2241,16.000000
2242,-20.000000
2243,-20.000000
2244,-20.000000
2245,-8.000000
2246,-16.000000
2247,-44.000000
2248,8.000000
2249,-32.000000
2250,-8.000000
2251,0.000000
2252,-40.000000
2253,-36.000000
2254,-48.000000
2255,-28.000000
2256,24.000000
2257,-28.000000
2258,-32.000000
2259,52.000000
2260,-8.000000
2261,-16.000000
2262,28.000000
2263,28.000000
2264,-36.000000
2265,-20.000000
2266,-16.000000
2267,28.000000
2268,0.000000
2269,0.000000
2270,8.000000
2271,40.000000
2272,-24.000000
2273,4.000000
2274,0.000000
2275,-16.000000
2276,52.000000
2277,-8.000000
2278,24.000000
2279,-8.000000
2280,-24.000000
2281,52.000000
2282,24.000000
2283,-8.000000
2284,44.000000
2285,4.000000
2286,12.000000
2287,-8.000000
2288,8.000000
2289,16.000000
2290,0.000000
2291,0.000000
2292,0.000000
2293,-60.000000
2294,4.000000
2295,-28.000000
2296,8.000000
2297,-52.000000
2298,-20.000000
2299,52.000000
2300,-36.000000
2301,-4.000000
2302,24.000000
2303,36.000000
2304,28.000000
2305,0.000000
2306,16.000000
2307,-8.000000
2308,12.000000
2309,16.000000
2310,12.000000
2311,-4.000000
2312,52.000000
2313,44.000000
2314,-8.000000
2315,-20.000000
2316,16.000000
2317,-8.000000
2318,4.000000
2319,12.000000
2320,16.000000
2321,8.000000
2322,0.000000
2323,24.000000
2324,16.000000
2325,-20.000000
2326,-12.000000
2327,4.000000
2328,0.000000
2329,-4.000000
2330,-4.000000
2331,44.000000
2332,8.000000
2333,24.000000
2334,24.000000
2335,0.000000
2336,12.000000
2337,44.000000
2338,0.000000
2339,12.000000
2340,-8.000000
2341,-8.000000
2342,20.000000
2343,-12.000000
2344,12.000000
2345,60.000000
2346,-20.000000
2347,0.000000
2348,-32.000000
2349,-8.000000
2350,44.000000
2351,-16.000000
2352,40.000000
2353,-32.000000
2354,8.000000
2355,0.000000
2356,-16.000000
2357,-24.000000
2358,-76.000000
2359,-32.000000
2360,44.000000
2361,20.000000
2362,0.000000
2363,-32.000000
2364,-28.000000
2365,-32.000000
2366,44.000000
2367,-8.000000
2368,-24.000000
2369,8.000000
2370,-28.000000
2371,-32.000000
2372,0.000000
2373,56.000000
2374,0.000000
2375,-32.000000
2376,0.000000
2377,-32.000000
2378,-28.000000
2379,-20.000000
2380,-48.000000
2381,-8.000000
2382,-12.000000
2383,0.000000
2384,-44.000000
2385,-28.000000
2386,12.000000
2387,-8.000000
2388,-40.000000
2389,32.000000
2390,24.000000
2391,-16.000000
2392,24.000000
2393,-48.000000
2394,-20.000000
2395,-32.000000
2396,-24.000000
2397,-48.000000
2398,72.000000
2399,-8.000000
2400,-4.000000
2401,36.000000
2402,-32.000000
2403,24.000000
2404,0.000000
2405,-44.000000
2406,16.000000
2407,-28.000000
2408,28.000000
2409,-20.000000
2410,8.000000
2411,-8.000000
2412,12.000000
2413,-16.000000
2414,4.000000
2415,0.000000
2416,-52.000000
2417,-8.000000
2418,20.000000
2419,-12.000000
2420,-8.000000
2421,-8.000000
2422,12.000000
2423,24.000000
2424,0.000000
2425,20.000000
2426,12.000000
2427,-8.000000
2428,-4.000000
2429,-4.000000
2430,20.000000
2431,-4.000000
2432,0.000000
2433,4.000000
2434,-24.000000
2435,0.000000
2436,16.000000
2437,-24.000000
2438,-12.000000
2439,-12.000000
2440,0.000000
2441,32.000000
2442,8.000000
2443,-44.000000
2444,0.000000
2445,0.000000
2446,24.000000
2447,-12.000000
2448,24.000000
2449,-12.000000
2450,0.000000
2451,-16.000000
2452,16.000000
2453,12.000000
2454,16.000000
2455,24.000000
2456,-12.000000
2457,-8.000000
2458,4.000000
2459,0.000000
2460,-4.000000
2461,40.000000
2462,4.000000
2463,60.000000
2464,28.000000
2465,12.000000
2466,16.000000
2467,-8.000000
2468,-4.000000
2469,-12.000000
2470,64.000000
2471,-20.000000
2472,12.000000
2473,0.000000
2474,16.000000
2475,-16.000000
2476,44.000000
2477,0.000000
2478,16.000000
2479,12.000000
2480,8.000000
2481,-24.000000
2482,-24.000000
2483,-8.000000
2484,-40.000000
2485,52.000000
2486,20.000000
2487,-4.000000
2488,16.000000
2489,16.000000
2490,-20.000000
2491,-28.000000
2492,-32.000000
2493,-8.000000
2494,-28.000000
2495,-4.000000
2496,-8.000000
2497,-8.000000
2498,-20.000000
2499,12.000000
2500,40.000000
2501,-32.000000
2502,-48.000000
2503,-36.000000
2504,-8.000000
2505,4.000000
2506,32.000000
2507,16.000000
2508,-36.000000
2509,-20.000000
2510,-8.000000
2511,52.000000
2512,-20.000000
2513,8.000000
2514,0.000000
2515,16.000000
2516,16.000000
2517,-16.000000
2518,16.000000
2519,-56.000000
2520,0.000000
2521,-4.000000
2522,-32.000000
2523,-8.000000
2524,0.000000
2525,-16.000000
2526,68.000000
2527,8.000000
2528,0.000000
2529,32.000000
2530,20.000000
2531,0.000000
2532,4.000000
2533,-8.000000
2534,0.000000
2535,4.000000
2536,-20.000000
2537,-4.000000
2538,8.000000
2539,20.000000
2540,-32.000000
2541,12.000000
2542,32.000000
2543,8.000000
2544,32.000000
2545,24.000000
2546,-20.000000
2547,4.000000
2548,0.000000
2549,8.000000
2550,44.000000
2551,0.000000
2552,-88.000000
2553,-16.000000
2554,60.000000
2555,44.000000
2556,-8.000000
2557,-8.000000
2558,0.000000
2559,32.000000
2560,48.000000
2561,12.000000
2562,24.000000
2563,-8.000000
2564,28.000000
2565,20.000000
2566,-8.000000
2567,-40.000000
2568,60.000000
2569,-12.000000
2570,-8.000000
2571,12.000000
2572,-24.000000
2573,-8.000000
2574,-12.000000
2575,12.000000
2576,0.000000
2577,-8.000000
2578,-8.000000
2579,-28.000000
2580,0.000000
2581,0.000000
2582,-8.000000
2583,0.000000
2584,-40.000000
2585,-4.000000
2586,-40.000000
2587,28.000000
2588,-16.000000
2589,-12.000000
2590,24.000000
2591,-8.000000
2592,-40.000000
2593,-8.000000
2594,-32.000000
2595,-24.000000
2596,-12.000000
2597,-8.000000
2598,-20.000000
2599,0.000000
2600,0.000000
2601,-36.000000
2602,-64.000000
2603,-4.000000
2604,-8.000000
2605,-36.000000
2606,-40.000000
2607,-28.000000
2608,-48.000000
2609,-24.000000
2610,-28.000000
2611,-24.000000
2612,-20.000000
2613,-8.000000
2614,0.000000
2615,16.000000
2616,-20.000000
2617,4.000000
2618,-24.000000
2619,-16.000000
2620,-12.000000
2621,-20.000000
2622,-8.000000
2623,-8.000000
2624,-8.000000
2625,20.000000
2626,-16.000000
2627,-44.000000
2628,-60.000000
2629,0.000000
2630,-16.000000
2631,-8.000000
2632,44.000000
2633,-4.000000
2634,-104.000000
2635,-8.000000
2636,-8.000000
2637,12.000000
2638,-40.000000
2639,0.000000
2640,-4.000000
2641,64.000000
2642,-20.000000
2643,16.000000
2644,16.000000
2645,16.000000
2646,8.000000
2647,-8.000000
2648,-28.000000
2649,72.000000
2650,-4.000000
2651,8.000000
2652,-12.000000
2653,-32.000000
2654,8.000000
2655,28.000000
2656,52.000000
2657,-16.000000
2658,-16.000000
2659,0.000000
2660,-4.000000
2661,0.000000
2662,16.000000
2663,0.000000
2664,8.000000
2665,-8.000000
2666,0.000000
2667,-20.000000
2668,-4.000000
2669,-20.000000
2670,24.000000
2671,8.000000
2672,8.000000
2673,-20.000000
2674,-32.000000
2675,0.000000
2676,-20.000000
2677,-16.000000
2678,12.000000
2679,0.000000
2680,4.000000
2681,-4.000000
2682,40.000000
2683,32.000000
2684,4.000000
2685,0.000000
2686,20.000000
2687,24.000000
2688,0.000000
2689,-4.000000
2690,12.000000
2691,-16.000000
2692,24.000000
2693,-20.000000
2694,36.000000
2695,-12.000000
2696,60.000000
2697,20.000000
2698,-8.000000
2699,0.000000
2700,24.000000
2701,0.000000
2702,-8.000000
2703,-28.000000
2704,-12.000000
2705,52.000000
2706,-44.000000
2707,20.000000
2708,4.000000
2709,-44.000000
2710,-12.000000
2711,-20.000000
2712,-20.000000
2713,16.000000
2714,-24.000000
2715,-16.000000
2716,-16.000000
2717,-32.000000
2718,-40.000000
2719,-12.000000
2720,-8.000000
2721,24.000000
2722,-16.000000
2723,-8.000000
2724,20.000000
2725,-12.000000
2726,-8.000000
2727,0.000000
2728,8.000000
2729,-4.000000
2730,104.000000
2731,-88.000000
2732,-24.000000
2733,24.000000
2734,-32.000000
2735,-28.000000
2736,-40.000000
2737,-20.000000
2738,-20.000000
2739,-32.000000
2740,-48.000000
2741,-4.000000
2742,-24.000000
2743,0.000000
2744,-40.000000
2745,0.000000
2746,-16.000000
2747,0.000000
2748,44.000000
2749,-32.000000
2750,12.000000
2751,-24.000000
2752,44.000000
2753,-12.000000
2754,-8.000000
2755,-8.000000
2756,-8.000000
2757,12.000000
2758,-8.000000
2759,16.000000
2760,20.000000
2761,68.000000
2762,-24.000000
2763,52.000000
2764,-8.000000
2765,-16.000000
2766,16.000000
2767,8.000000
2768,-28.000000
2769,4.000000
2770,12.000000
2771,20.000000
2772,12.000000
2773,-16.000000
2774,-4.000000
2775,16.000000
2776,-12.000000
2777,-4.000000
2778,-4.000000
2779,0.000000
2780,40.000000
2781,24.000000
2782,20.000000
2783,44.000000
2784,0.000000
2785,4.000000
2786,8.000000
2787,0.000000
2788,0.000000
2789,20.000000
2790,20.000000
2791,-32.000000
2792,-8.000000
2793,-12.000000
2794,-12.000000
2795,4.000000
2796,-8.000000
2797,8.000000
2798,52.000000
2799,28.000000
2800,0.000000
2801,-40.000000
2802,-28.000000
2803,-12.000000
2804,16.000000
2805,0.000000
2806,20.000000
2807,4.000000
2808,4.000000
2809,-8.000000
2810,0.000000
2811,-8.000000
2812,24.000000
2813,-24.000000
2814,0.000000
2815,-28.000000
2816,-8.000000
2817,4.000000
2818,-60.000000
2819,-20.000000
2820,-16.000000
2821,0.000000
2822,-32.000000
2823,20.000000
2824,-32.000000
2825,-16.000000
2826,44.000000
2827,56.000000
2828,-8.000000
2829,-40.000000
2830,32.000000
2831,12.000000
2832,-24.000000
2833,16.000000
2834,-8.000000
2835,-20.000000
2836,-4.000000
2837,-8.000000
2838,0.000000
2839,12.000000
2840,-44.000000
2841,4.000000
2842,-60.000000
2843,-16.000000
2844,12.000000
2845,-24.000000
2846,16.000000
2847,28.000000
2848,-52.000000
2849,-28.000000
2850,68.000000
2851,-52.000000
2852,-32.000000
2853,20.000000
2854,8.000000
2855,-68.000000
2856,-28.000000
2857,-36.000000
2858,-32.000000
2859,-32.000000
2860,-16.000000
2861,-40.000000
2862,4.000000
2863,-20.000000
2864,28.000000
2865,-36.000000
2866,-40.000000
2867,-8.000000
2868,40.000000
2869,16.000000
2870,24.000000
2871,-16.000000
2872,-16.000000
2873,-4.000000
2874,-8.000000
2875,-20.000000
2876,-20.000000
2877,-56.000000
2878,-20.000000
2879,12.000000
2880,0.000000
2881,-36.000000
2882,20.000000
2883,0.000000
2884,0.000000
2885,0.000000
2886,8.000000
2887,8.000000
2888,-56.000000
2889,-32.000000
2890,24.000000
2891,-20.000000
2892,20.000000
2893,-8.000000
2894,0.000000
2895,4.000000
2896,0.000000
2897,4.000000
2898,12.000000
2899,12.000000
2900,32.000000
2901,20.000000
2902,12.000000
2903,-16.000000
2904,-16.000000
2905,24.000000
2906,-12.000000
2907,20.000000
2908,20.000000
2909,48.000000
2910,16.000000
2911,0.000000
2912,-44.000000
2913,44.000000
2914,0.000000
2915,12.000000
2916,-44.000000
2917,-28.000000
2918,-8.000000
2919,8.000000
2920,36.000000
2921,32.000000
2922,-36.000000
2923,52.000000
2924,8.000000
2925,-16.000000
2926,36.000000
2927,-44.000000
2928,12.000000
2929,24.000000
2930,-8.000000
2931,-20.000000
2932,-4.000000
2933,8.000000
2934,-12.000000
2935,-12.000000
2936,-8.000000
2937,-4.000000
2938,20.000000
2939,40.000000
2940,28.000000
2941,44.000000
2942,-52.000000
2943,-36.000000
2944,-12.000000
2945,-20.000000
2946,-8.000000
2947,44.000000
2948,-8.000000
2949,0.000000
2950,-16.000000
2951,-8.000000
2952,-4.000000
2953,0.000000
2954,-16.000000
2955,16.000000
2956,0.000000
2957,-20.000000
2958,88.000000
2959,72.000000
2960,-24.000000
2961,12.000000
2962,-32.000000
2963,0.000000
2964,0.000000
2965,-8.000000
2966,-116.000000
2967,68.000000
2968,-32.000000
2969,-24.000000
2970,-24.000000
2971,-12.000000
2972,0.000000
2973,0.000000
2974,0.000000
2975,-12.000000
2976,0.000000
2977,0.000000
2978,0.000000
2979,12.000000
2980,-16.000000
2981,44.000000
2982,-32.000000
2983,-8.000000
2984,-4.000000
2985,20.000000
2986,24.000000
2987,0.000000
2988,-28.000000
2989,-8.000000
2990,16.000000
2991,16.000000
2992,0.000000
2993,24.000000
2994,12.000000
2995,-8.000000
2996,-24.000000
2997,-48.000000
2998,12.000000
2999,-12.000000
3000,-72.000000
3001,4.000000
3002,8.000000
3003,24.000000
3004,4.000000
3005,16.000000
3006,24.000000
3007,-16.000000
3008,44.000000
3009,-64.000000
3010,-12.000000
3011,52.000000
3012,-8.000000
3013,24.000000
3014,-16.000000
3015,0.000000
3016,16.000000
3017,4.000000
3018,72.000000
3019,-20.000000
3020,8.000000
3021,0.000000
3022,8.000000
3023,12.000000
3024,-52.000000
3025,16.000000
3026,20.000000
3027,8.000000
3028,-8.000000
3029,4.000000
3030,4.000000
3031,48.000000
3032,-8.000000
3033,-12.000000
3034,16.000000
3035,-32.000000
3036,-4.000000
3037,-32.000000
3038,52.000000
3039,16.000000
3040,8.000000
3041,84.000000
3042,4.000000
3043,20.000000
3044,16.000000
3045,-8.000000
3046,12.000000
3047,-8.000000
3048,-4.000000
3049,0.000000
3050,-20.000000
3051,24.000000
3052,16.000000
3053,8.000000
3054,-16.000000
3055,0.000000
3056,12.000000
3057,4.000000
3058,4.000000
3059,-12.000000
3060,4.000000
3061,-4.000000
3062,52.000000
3063,-32.000000
3064,20.000000
3065,-8.000000
3066,-68.000000
3067,0.000000
3068,12.000000
3069,-28.000000
3070,4.000000
3071,16.000000
3072,56.000000
3073,24.000000
3074,20.000000
3075,76.000000
3076,0.000000
3077,-8.000000
3078,-12.000000
3079,0.000000
3080,0.000000
3081,-4.000000
3082,-44.000000
3083,0.000000
3084,-28.000000
3085,-12.000000
3086,0.000000
3087,-8.000000
3088,-24.000000
3089,0.000000
3090,-12.000000
3091,-40.000000
3092,-8.000000
3093,-16.000000
3094,-32.000000
3095,-28.000000
3096,-20.000000
3097,-24.000000
3098,-4.000000
3099,-16.000000
3100,-8.000000
3101,-32.000000
3102,-4.000000
3103,-20.000000
3104,-24.000000
3105,4.000000
3106,-44.000000
3107,-20.000000
3108,64.000000
3109,-32.000000
3110,-24.000000
3111,24.000000
3112,-16.000000
3113,-32.000000
3114,-20.000000
3115,-24.000000
3116,8.000000
3117,-32.000000
3118,-32.000000
3119,-24.000000
3120,-8.000000
3121,-12.000000
3122,-12.000000
3123,8.000000
3124,-8.000000
3125,24.000000
3126,-8.000000
3127,12.000000
3128,8.000000
3129,-4.000000
3130,16.000000
3131,-24.000000
3132,-8.000000
3133,-44.000000
3134,4.000000
3135,20.000000
3136,16.000000
3137,28.000000
3138,-8.000000
3139,24.000000
3140,-24.000000
3141,-24.000000
3142,64.000000
3143,-16.000000
3144,0.000000
3145,8.000000
3146,8.000000
3147,-16.000000
3148,-16.000000
3149,28.000000
3150,28.000000
3151,-28.000000
3152,12.000000
3153,52.000000
3154,24.000000
3155,-20.000000
3156,20.000000
3157,20.000000
3158,16.000000
3159,24.000000
3160,-16.000000
3161,48.000000
3162,-12.000000
3163,28.000000
3164,-4.000000
3165,12.000000
3166,-28.000000
3167,40.000000
3168,36.000000
3169,32.000000
3170,24.000000
3171,-8.000000
3172,32.000000
3173,0.000000
3174,-8.000000
3175,16.000000
3176,100.000000
3177,16.000000
3178,-8.000000
3179,52.000000
3180,-24.000000
3181,0.000000
3182,32.000000
3183,-16.000000
3184,44.000000
3185,16.000000
3186,-16.000000
3187,0.000000
3188,-8.000000
3189,-8.000000
3190,-12.000000
3191,-24.000000
3192,-32.000000
3193,-20.000000
3194,20.000000
3195,28.000000
3196,20.000000
3197,-8.000000
3198,-16.000000
3199,4.000000
3200,4.000000
3201,-8.000000
3202,28.000000
3203,16.000000
3204,-40.000000
3205,-32.000000
3206,8.000000
3207,8.000000
3208,-12.000000
3209,0.000000
3210,-20.000000
3211,-20.000000
3212,28.000000
3213,-16.000000
3214,-16.000000
3215,-32.000000
3216,20.000000
3217,12.000000
3218,0.000000
3219,-20.000000
3220,-48.000000
3221,-16.000000
3222,-16.000000
3223,-24.000000
3224,-20.000000
3225,-20.000000
3226,-12.000000
3227,-20.000000
3228,-32.000000
3229,-12.000000
3230,4.000000
3231,-32.000000
3232,-8.000000
3233,-16.000000
3234,-28.000000
3235,16.000000
3236,28.000000
3237,-20.000000
3238,12.000000
3239,-24.000000
3240,-8.000000
3241,-24.000000
3242,-8.000000
3243,-12.000000
3244,-8.000000
3245,24.000000
3246,-32.000000
3247,20.000000
3248,44.000000
3249,8.000000
3250,-52.000000
3251,4.000000
3252,0.000000
3253,-8.000000
3254,-12.000000
3255,0.000000
3256,4.000000
3257,-8.000000
3258,-12.000000
3259,36.000000
3260,12.000000
3261,-16.000000
3262,16.000000
3263,-8.000000
3264,60.000000
3265,16.000000
3266,32.000000
3267,0.000000
3268,8.000000
3269,8.000000
3270,12.000000
3271,24.000000
3272,0.000000
3273,-24.000000
3274,-44.000000
3275,16.000000
3276,-24.000000
3277,-8.000000
3278,-16.000000
3279,-4.000000
3280,-28.000000
3281,-20.000000
3282,24.000000
3283,8.000000
3284,40.000000
3285,16.000000
3286,-56.000000
3287,0.000000
3288,-36.000000
3289,0.000000
3290,-8.000000
3291,0.000000
3292,-12.000000
3293,-24.000000
3294,60.000000
3295,20.000000
3296,32.000000
3297,8.000000
3298,-28.000000
3299,12.000000
3300,-4.000000
3301,4.000000
3302,0.000000
3303,-24.000000
3304,-32.000000
3305,-32.000000
3306,-24.000000
3307,-24.000000
3308,-36.000000
3309,16.000000
3310,-44.000000
3311,24.000000
3312,-32.000000
3313,-8.000000
3314,-4.000000
3315,44.000000
3316,8.000000
3317,16.000000
3318,-16.000000
3319,4.000000
3320,-16.000000
3321,56.000000
3322,-24.000000
3323,-24.000000
3324,0.000000
3325,-44.000000
3326,-16.000000
3327,-44.000000
3328,-8.000000
3329,-4.000000
3330,-8.000000
3331,-8.000000
3332,52.000000
3333,76.000000
3334,-12.000000
3335,-12.000000
3336,-32.000000
3337,-12.000000
3338,24.000000
3339,-28.000000
3340,28.000000
3341,-16.000000
3342,-40.000000
3343,-32.000000
3344,-8.000000
3345,0.000000
3346,-8.000000
3347,44.000000
3348,-8.000000
3349,12.000000
3350,-8.000000
3351,-8.000000
3352,-24.000000
3353,-20.000000
3354,4.000000
3355,-36.000000
3356,-36.000000
3357,-8.000000
3358,-24.000000
3359,-32.000000
3360,24.000000
3361,-16.000000
3362,-12.000000
3363,-16.000000
3364,-8.000000
3365,-16.000000
3366,-8.000000
3367,0.000000
3368,16.000000
3369,0.000000
3370,-20.000000
3371,-8.000000
3372,4.000000
3373,16.000000
3374,-20.000000
3375,20.000000
3376,68.000000
3377,-8.000000
3378,20.000000
3379,0.000000
3380,0.000000
3381,28.000000
3382,0.000000
3383,-8.000000
3384,12.000000
3385,-8.000000
3386,0.000000
3387,24.000000
3388,12.000000
3389,20.000000
3390,0.000000
3391,-12.000000
3392,32.000000
3393,-12.000000
3394,-20.000000
3395,-8.000000
3396,12.000000
3397,-20.000000
3398,-28.000000
3399,12.000000
3400,-48.000000
3401,44.000000
3402,-8.000000
3403,-8.000000
3404,-12.000000
3405,4.000000
3406,0.000000
3407,20.000000
3408,4.000000
3409,-8.000000
3410,24.000000
3411,0.000000
3412,-12.000000
3413,4.000000
3414,0.000000
3415,28.000000
3416,-24.000000
3417,4.000000
3418,64.000000
3419,-48.000000
3420,-4.000000
3421,-20.000000
3422,28.000000
3423,12.000000
3424,-8.000000
3425,20.000000
3426,32.000000
3427,-20.000000
3428,-40.000000
3429,-12.000000
3430,-32.000000
3431,-8.000000
3432,-36.000000
3433,-48.000000
3434,0.000000
3435,-8.000000
3436,-24.000000
3437,-92.000000
3438,-12.000000
3439,-32.000000
3440,-32.000000
3441,0.000000
3442,24.000000
3443,0.000000
3444,-8.000000
3445,48.000000
3446,4.000000
3447,-20.000000
3448,8.000000
3449,-60.000000
3450,-40.000000
3451,-8.000000
3452,-24.000000
3453,-16.000000
3454,-8.000000
3455,0.000000
3456,44.000000
3457,-32.000000
3458,-20.000000
3459,-28.000000
3460,16.000000
3461,-4.000000
3462,-20.000000
3463,-48.000000
3464,-8.000000
3465,0.000000
3466,-24.000000
3467,-8.000000
3468,-52.000000
3469,12.000000
3470,-32.000000
3471,-8.000000
3472,-8.000000
3473,-16.000000
3474,-16.000000
3475,-12.000000
3476,-8.000000
3477,-36.000000
3478,-48.000000
3479,40.000000
3480,-20.000000
3481,0.000000
3482,-36.000000
3483,-12.000000
3484,12.000000
3485,-8.000000
3486,12.000000
3487,4.000000
3488,-36.000000
3489,-12.000000
3490,32.000000
3491,-20.000000
3492,16.000000
3493,0.000000
3494,4.000000
3495,20.000000
3496,-4.000000
3497,-36.000000
3498,12.000000
3499,52.000000
3500,0.000000
3501,-8.000000
3502,-32.000000
3503,4.000000
3504,4.000000
3505,0.000000
3506,-4.000000
3507,-8.000000
3508,-4.000000
3509,0.000000
3510,-20.000000
3511,16.000000
3512,-44.000000
3513,-8.000000
3514,44.000000
3515,-8.000000
3516,56.000000
3517,20.000000
3518,16.000000
3519,32.000000
3520,24.000000
3521,-24.000000
3522,-8.000000
3523,4.000000
3524,0.000000
3525,0.000000
3526,52.000000
3527,8.000000
3528,4.000000
3529,-12.000000
3530,4.000000
3531,0.000000
3532,-44.000000
3533,8.000000
3534,-20.000000
3535,16.000000
3536,0.000000
3537,-8.000000
3538,16.000000
3539,-36.000000
3540,16.000000
3541,28.000000
3542,44.000000
3543,28.000000
3544,-28.000000
3545,16.000000
3546,0.000000
3547,60.000000
3548,0.000000
3549,-4.000000
3550,-8.000000
3551,12.000000
3552,-24.000000
3553,0.000000
3554,4.000000
3555,24.000000
3556,20.000000
3557,-8.000000
3558,-8.000000
3559,44.000000
3560,-8.000000
3561,-8.000000
3562,76.000000
3563,-12.000000
3564,-8.000000
3565,-12.000000
3566,52.000000
3567,12.000000
3568,-28.000000
3569,-8.000000
3570,-8.000000
3571,52.000000
3572,-32.000000
3573,-28.000000
3574,12.000000
3575,0.000000
3576,-4.000000
3577,-16.000000
3578,-8.000000
3579,52.000000
3580,-16.000000
3581,-12.000000
3582,-8.000000
3583,-28.000000
3584,-32.000000
3585,12.000000
3586,0.000000
3587,-20.000000
3588,24.000000
3589,-12.000000
3590,-24.000000
3591,4.000000
3592,-8.000000
3593,-20.000000
3594,16.000000
3595,4.000000
3596,-32.000000
3597,-24.000000
3598,-24.000000
3599,-36.000000
3600,-40.000000
3601,-8.000000
3602,-12.000000
3603,0.000000
3604,-36.000000
3605,12.000000
3606,-4.000000
3607,-16.000000
3608,44.000000
3609,-8.000000
3610,-24.000000
3611,-32.000000
3612,-20.000000
3613,24.000000
3614,-4.000000
3615,4.000000
3616,-4.000000
3617,4.000000
3618,-8.000000
3619,-60.000000
3620,24.000000
3621,-8.000000
3622,-8.000000
3623,32.000000
3624,-28.000000
3625,-4.000000
3626,4.000000
3627,16.000000
3628,20.000000
3629,4.000000
3630,-12.000000
3631,8.000000
3632,4.000000
3633,44.000000
3634,-24.000000
3635,8.000000
3636,8.000000
3637,-4.000000
3638,0.000000
3639,12.000000
3640,-16.000000
3641,8.000000
3642,-20.000000
3643,68.000000
3644,-8.000000
3645,-20.000000
3646,60.000000
3647,-8.000000
3648,-24.000000
3649,0.000000
3650,52.000000
3651,32.000000
3652,-4.000000
3653,8.000000
3654,16.000000
3655,32.000000
3656,8.000000
3657,4.000000
3658,-8.000000
3659,-8.000000
3660,48.000000
3661,0.000000
3662,56.000000
3663,52.000000
3664,-60.000000
3665,12.000000
3666,24.000000
3667,0.000000
3668,-4.000000
3669,32.000000
3670,4.000000
3671,-44.000000
3672,16.000000
3673,-56.000000
3674,4.000000
3675,20.000000
3676,-16.000000
3677,-32.000000
3678,-8.000000
3679,28.000000
3680,-32.000000
3681,8.000000
3682,8.000000
3683,-4.000000
3684,-16.000000
3685,-28.000000
3686,0.000000
3687,52.000000
3688,-16.000000
3689,-20.000000
3690,24.000000
3691,16.000000
3692,-12.000000
3693,-20.000000
3694,0.000000
3695,-8.000000
3696,-80.000000
3697,-32.000000
3698,-32.000000
3699,28.000000
3700,28.000000
3701,0.000000
3702,-12.000000
3703,-8.000000
3704,-4.000000
3705,0.000000
3706,8.000000
3707,64.000000
3708,64.000000
3709,-56.000000
3710,16.000000
3711,-40.000000
3712,0.000000
3713,0.000000
3714,-16.000000
3715,-16.000000
3716,-16.000000
3717,-56.000000
3718,-16.000000
3719,-24.000000
3720,28.000000
3721,-16.000000
3722,-40.000000
3723,-52.000000
3724,52.000000
3725,88.000000
3726,-12.000000
3727,12.000000
3728,16.000000
3729,0.000000
3730,-20.000000
3731,-24.000000
3732,24.000000
3733,44.000000
3734,0.000000
3735,0.000000
3736,4.000000
3737,56.000000
3738,-12.000000
3739,24.000000
3740,-32.000000
3741,16.000000
3742,4.000000
3743,8.000000
3744,-36.000000
3745,20.000000
3746,20.000000
3747,0.000000
3748,0.000000
3749,-28.000000
3750,16.000000
3751,-4.000000
3752,20.000000
3753,44.000000
3754,0.000000
3755,12.000000
3756,0.000000
3757,-8.000000
3758,-20.000000
3759,12.000000
3760,12.000000
3761,-8.000000
3762,4.000000
3763,8.000000
3764,-8.000000
3765,-8.000000
3766,-16.000000
3767,-32.000000
3768,-28.000000
3769,16.000000
3770,-4.000000
3771,8.000000
3772,44.000000
3773,4.000000
3774,-60.000000
3775,-8.000000
3776,84.000000
3777,-28.000000
3778,32.000000
3779,56.000000
3780,16.000000
3781,12.000000
3782,36.000000
3783,-12.000000
3784,-4.000000
3785,0.000000
3786,-8.000000
3787,16.000000
3788,4.000000
3789,4.000000
3790,4.000000
3791,-28.000000
3792,24.000000
3793,44.000000
3794,-4.000000
3795,60.000000
3796,-16.000000
3797,-28.000000
3798,4.000000
3799,28.000000
3800,-32.000000
3801,-8.000000
3802,0.000000
3803,-20.000000
3804,-32.000000
3805,0.000000
3806,-16.000000
3807,-20.000000
3808,4.000000
3809,-32.000000
3810,12.000000
3811,-32.000000
3812,12.000000
3813,0.000000
3814,16.000000
3815,-16.000000
3816,-16.000000
3817,-20.000000
3818,-20.000000
3819,-20.000000
3820,-44.000000
3821,-8.000000
3822,-16.000000
3823,-8.000000
3824,-8.000000
3825,-28.000000
3826,0.000000
3827,-28.000000
3828,-28.000000
3829,-60.000000
3830,-60.000000
3831,-60.000000
3832,-60.000000
3833,4.000000
3834,4.000000
3835,-4.000000
3836,-8.000000
3837,-36.000000
3838,-8.000000
3839,-16.000000
3840,-28.000000
3841,-40.000000
3842,-4.000000
3843,20.000000
3844,-4.000000
3845,8.000000
3846,-4.000000
3847,24.000000
3848,0.000000
3849,-8.000000
3850,-8.000000
3851,-8.000000
3852,8.000000
3853,28.000000
3854,52.000000
3855,0.000000
3856,-8.000000
3857,-4.000000
3858,0.000000
3859,0.000000
3860,-28.000000
3861,-16.000000
3862,-16.000000
3863,-28.000000
3864,-20.000000
3865,52.000000
3866,-16.000000
3867,16.000000
3868,-28.000000
3869,0.000000
3870,52.000000
3871,8.000000
3872,-20.000000
3873,-44.000000
3874,16.000000
3875,-72.000000
3876,24.000000
3877,60.000000
3878,-24.000000
3879,-20.000000
3880,20.000000
3881,-28.000000
3882,4.000000
3883,-20.000000
3884,-12.000000
3885,-28.000000
3886,4.000000
3887,-8.000000
3888,-8.000000
3889,40.000000
3890,-8.000000
3891,0.000000
3892,-16.000000
3893,4.000000
3894,-24.000000
3895,-8.000000
3896,-44.000000
3897,24.000000
3898,44.000000
3899,32.000000
3900,4.000000
3901,-8.000000
3902,60.000000
3903,-16.000000
3904,-4.000000
3905,12.000000
3906,-36.000000
3907,-8.000000
3908,0.000000
3909,-16.000000
3910,-32.000000
3911,-28.000000
3912,-48.000000
3913,-60.000000
3914,-12.000000
3915,-8.000000
3916,-40.000000
3917,-28.000000
3918,4.000000
3919,16.000000
3920,-36.000000
3921,-8.000000
3922,4.000000
3923,-8.000000
3924,-32.000000
3925,0.000000
3926,4.000000
3927,-16.000000
3928,-16.000000
3929,12.000000
3930,-32.000000
3931,24.000000
3932,8.000000
3933,-56.000000
3934,0.000000
3935,0.000000
3936,-32.000000
3937,-20.000000
3938,0.000000
3939,-28.000000
3940,-32.000000
3941,-12.000000
3942,-8.000000
3943,-8.000000
3944,16.000000
3945,0.000000
3946,-20.000000
3947,-92.000000
3948,-8.000000
3949,16.000000
3950,-16.000000
3951,-8.000000
3952,-16.000000
3953,-16.000000
3954,8.000000
3955,-28.000000
3956,0.000000
3957,-8.000000
3958,-24.000000
3959,-28.000000
3960,12.000000
3961,-36.000000
3962,-40.000000
3963,-32.000000
3964,-32.000000
3965,-28.000000
3966,-28.000000
3967,-8.000000
3968,0.000000
3969,44.000000
3970,4.000000
3971,-8.000000
3972,-8.000000
3973,8.000000
3974,8.000000
3975,-28.000000
3976,8.000000
3977,64.000000
3978,-8.000000
3979,0.000000
3980,-8.000000
3981,0.000000
3982,-8.000000
3983,-8.000000
3984,0.000000
3985,24.000000
3986,32.000000
3987,-4.000000
3988,44.000000
3989,32.000000
3990,-20.000000
3991,-4.000000
3992,-16.000000
3993,-12.000000
3994,-48.000000
3995,-8.000000
3996,4.000000
3997,4.000000
3998,4.000000
3999,8.000000
4000,4.000000
4001,4.000000
4002,0.000000
4003,-12.000000
4004,24.000000
4005,-32.000000
4006,52.000000
4007,-32.000000
4008,-24.000000
4009,-12.000000
4010,64.000000
4011,104.000000
4012,-32.000000
4013,44.000000
4014,28.000000
4015,-8.000000
4016,-8.000000
4017,60.000000
4018,24.000000
4019,0.000000
4020,64.000000
4021,-8.000000
4022,-40.000000
4023,4.000000
4024,-32.000000
4025,0.000000
4026,-4.000000
4027,72.000000
4028,16.000000
4029,40.000000
4030,-8.000000
4031,0.000000
4032,-52.000000
4033,-4.000000
4034,0.000000
4035,-8.000000
4036,-24.000000
4037,-8.000000
4038,-24.000000
4039,0.000000
4040,76.000000
4041,12.000000
4042,-56.000000
4043,-64.000000
4044,-40.000000
4045,4.000000
4046,-52.000000
4047,-16.000000
4048,12.000000
4049,-16.000000
4050,-44.000000
4051,-20.000000
4052,8.000000
4053,-4.000000
4054,-24.000000
4055,-16.000000
4056,-16.000000
4057,-8.000000
4058,-24.000000
4059,-4.000000
4060,20.000000
4061,0.000000
4062,-44.000000
4063,-8.000000
4064,-16.000000
4065,-24.000000
4066,-24.000000
4067,12.000000
4068,-8.000000
4069,-8.000000
4070,-12.000000
4071,12.000000
4072,-32.000000
4073,-16.000000
4074,64.000000
4075,12.000000
4076,-32.000000
4077,-20.000000
4078,-20.000000
4079,-44.000000
4080,-20.000000
4081,16.000000
4082,8.000000
4083,-16.000000
4084,-24.000000
4085,28.000000
4086,24.000000
4087,12.000000
4088,0.000000
4089,-8.000000
4090,44.000000
4091,-44.000000
4092,4.000000
4093,24.000000
4094,-48.000000
4095,-12.000000
4096,16.000000
4097,-12.000000
4098,44.000000
4099,4.000000
4100,20.000000
4101,-40.000000
4102,4.000000
4103,4.000000
4104,4.000000
4105,-24.000000
4106,12.000000
4107,8.000000
4108,-108.000000
4109,-20.000000
4110,12.000000
4111,0.000000
4112,-8.000000
4113,20.000000
4114,-4.000000
4115,-32.000000
4116,-8.000000
4117,16.000000
4118,16.000000
4119,-8.000000
4120,44.000000
4121,-24.000000
4122,-20.000000
4123,28.000000
4124,0.000000
4125,-40.000000
4126,16.000000
4127,24.000000
4128,16.000000
4129,4.000000
4130,4.000000
4131,-24.000000
4132,-24.000000
4133,-52.000000
4134,20.000000
4135,-32.000000
4136,12.000000
4137,8.000000
4138,8.000000
4139,0.000000
4140,0.000000
4141,20.000000
4142,48.000000
4143,-8.000000
4144,0.000000
4145,0.000000
4146,-12.000000
4147,-16.000000
4148,-36.000000
4149,-20.000000
4150,-12.000000
4151,8.000000
4152,8.000000
4153,12.000000
4154,48.000000
4155,-20.000000
4156,-8.000000
4157,0.000000
4158,0.000000
4159,-12.000000
4160,8.000000
4161,20.000000
4162,-4.000000
4163,-28.000000
4164,4.000000
4165,16.000000
4166,16.000000
4167,-8.000000
4168,-24.000000
4169,-8.000000
4170,-12.000000
4171,-8.000000
4172,12.000000
4173,28.000000
4174,-8.000000
4175,0.000000
4176,-28.000000
4177,4.000000
4178,4.000000
4179,-4.000000
4180,0.000000
4181,-28.000000
4182,-8.000000
4183,-8.000000
4184,-8.000000
4185,8.000000
4186,-8.000000
4187,4.000000
4188,-4.000000
4189,-16.000000
4190,-16.000000
4191,-4.000000
4192,24.000000
4193,-8.000000
4194,-8.000000
4195,4.000000
4196,44.000000
4197,4.000000
4198,-48.000000
4199,-28.000000
4200,-44.000000
4201,-16.000000
4202,-40.000000
4203,0.000000
4204,-4.000000
4205,-24.000000
4206,-20.000000
4207,-8.000000
4208,-8.000000
4209,16.000000
4210,20.000000
4211,-4.000000
4212,96.000000
4213,-24.000000
4214,-8.000000
4215,20.000000
4216,-24.000000
4217,-60.000000
4218,-20.000000
4219,32.000000
4220,4.000000
4221,12.000000
4222,-12.000000
4223,24.000000
4224,-32.000000
4225,-8.000000
4226,-44.000000
4227,8.000000
4228,-16.000000
4229,28.000000
4230,32.000000
4231,-52.000000
4232,0.000000
4233,-4.000000
4234,-8.000000
4235,-16.000000
4236,4.000000
4237,-8.000000
4238,0.000000
4239,-4.000000
4240,0.000000
4241,16.000000
4242,-20.000000
4243,52.000000
4244,-4.000000
4245,24.000000
4246,-8.000000
4247,12.000000
4248,8.000000
4249,-4.000000
4250,0.000000
4251,0.000000
4252,16.000000
4253,20.000000
4254,-12.000000
4255,8.000000
4256,12.000000
4257,40.000000
4258,-12.000000
4259,84.000000
4260,-16.000000
4261,-12.000000
4262,32.000000
4263,-12.000000
4264,24.000000
4265,32.000000
4266,24.000000
4267,-92.000000
4268,8.000000
4269,28.000000
4270,44.000000
4271,12.000000
4272,-8.000000
4273,-20.000000
4274,-28.000000
4275,-8.000000
4276,-44.000000
4277,44.000000
4278,0.000000
4279,16.000000
4280,4.000000
4281,-20.000000
4282,-28.000000
4283,0.000000
4284,8.000000
4285,24.000000
4286,0.000000
4287,12.000000
4288,-4.000000
4289,0.000000
4290,0.000000
4291,-24.000000
4292,20.000000
4293,-8.000000
4294,0.000000
4295,-12.000000
4296,-12.000000
4297,12.000000
4298,-28.000000
4299,-16.000000
4300,-20.000000
4301,-24.000000
4302,-8.000000
4303,16.000000
4304,40.000000
4305,4.000000
4306,-20.000000
4307,-24.000000
4308,-8.000000
4309,-24.000000
4310,4.000000
4311,8.000000
4312,-8.000000
4313,-56.000000
4314,-40.000000
4315,0.000000
4316,-36.000000
4317,-48.000000
4318,-24.000000
4319,-40.000000
4320,-8.000000
4321,44.000000
4322,-16.000000
4323,-8.000000
4324,-8.000000
4325,-20.000000
4326,0.000000
4327,4.000000
4328,-24.000000
4329,44.000000
4330,0.000000
4331,52.000000
4332,-20.000000
4333,-60.000000
4334,16.000000
4335,28.000000
4336,-12.000000
4337,-12.000000
4338,12.000000
4339,12.000000
4340,-20.000000
4341,12.000000
4342,-44.000000
4343,20.000000
4344,20.000000
4345,8.000000
4346,-16.000000
4347,-12.000000
4348,64.000000
4349,-8.000000
4350,0.000000
4351,-12.000000
4352,20.000000
4353,28.000000
4354,-44.000000
4355,72.000000
4356,0.000000
4357,-44.000000
4358,40.000000
4359,8.000000
4360,24.000000
4361,-12.000000
4362,52.000000
4363,24.000000
4364,-8.000000
4365,-4.000000
4366,28.000000
4367,-8.000000
4368,-24.000000
4369,-12.000000
4370,12.000000
4371,-20.000000
4372,20.000000
4373,-44.000000
4374,8.000000
4375,-24.000000
4376,4.000000
4377,-8.000000
4378,-48.000000
4379,4.000000
4380,24.000000
4381,0.000000
4382,0.000000
4383,0.000000
4384,-4.000000
4385,-16.000000
4386,4.000000
4387,-52.000000
4388,12.000000
4389,4.000000
4390,44.000000
4391,4.000000
4392,-12.000000
4393,-16.000000
4394,8.000000
4395,12.000000
4396,-16.000000
4397,-40.000000
4398,-8.000000
4399,-8.000000
4400,-8.000000
4401,-20.000000
4402,-16.000000
4403,24.000000
4404,-12.000000
4405,48.000000
4406,4.000000
4407,4.000000
4408,0.000000
4409,20.000000
4410,28.000000
4411,-24.000000
4412,-16.000000
4413,-36.000000
4414,52.000000
4415,24.000000
4416,-20.000000
4417,-12.000000
4418,-32.000000
4419,0.000000
4420,-36.000000
4421,-16.000000
4422,-16.000000
4423,-12.000000
4424,0.000000
4425,12.000000
4426,-8.000000
4427,-8.000000
4428,0.000000
4429,-16.000000
4430,-20.000000
4431,28.000000
4432,0.000000
4433,-12.000000
4434,24.000000
4435,-16.000000
4436,-8.000000
4437,24.000000
4438,-12.000000
4439,-12.000000
4440,-12.000000
4441,-20.000000
4442,24.000000
4443,-8.000000
4444,-16.000000
4445,-20.000000
4446,-32.000000
4447,24.000000
4448,-8.000000
4449,-12.000000
4450,-56.000000
4451,-28.000000
4452,-8.000000
4453,-20.000000
4454,-24.000000
4455,-8.000000
4456,28.000000
4457,-4.000000
4458,0.000000
4459,0.000000
4460,-8.000000
4461,44.000000
4462,-8.000000
4463,-12.000000
4464,-12.000000
4465,4.000000
4466,-8.000000
4467,4.000000
4468,-16.000000
4469,76.000000
4470,-8.000000
4471,4.000000
4472,0.000000
4473,8.000000
4474,4.000000
4475,16.000000
4476,12.000000
4477,40.000000
4478,-12.000000
4479,-28.000000
4480,-4.000000
4481,-32.000000
4482,16.000000
4483,20.000000
4484,-8.000000
4485,-8.000000
4486,4.000000
4487,-12.000000
4488,-52.000000
4489,8.000000
4490,0.000000
4491,4.000000
4492,-24.000000
4493,-20.000000
4494,20.000000
4495,-32.000000
4496,4.000000
4497,28.000000
4498,16.000000
4499,-12.000000
4500,16.000000
4501,0.000000
4502,24.000000
4503,-8.000000
4504,-8.000000
4505,4.000000
4506,8.000000
4507,52.000000
4508,24.000000
4509,0.000000
4510,24.000000
4511,-32.000000
4512,-8.000000
4513,36.000000
4514,4.000000
4515,-24.000000
4516,44.000000
4517,0.000000
4518,4.000000
4519,-8.000000
4520,-8.000000
4521,8.000000
4522,0.000000
4523,-36.000000
4524,-40.000000
4525,-16.000000
4526,-8.000000
4527,-32.000000
4528,-20.000000
4529,-12.000000
4530,-8.000000
4531,-12.000000
4532,-40.000000
4533,-4.000000
4534,-24.000000
4535,-8.000000
4536,-20.000000
4537,0.000000
4538,-32.000000
4539,12.000000
4540,-24.000000
4541,-12.000000
4542,-40.000000
4543,-8.000000
4544,-8.000000
4545,-16.000000
4546,-8.000000
4547,-40.000000
4548,-16.000000
4549,-28.000000
4550,-28.000000
4551,0.000000
4552,8.000000
4553,-40.000000
4554,-44.000000
4555,-20.000000
4556,-16.000000
4557,-8.000000
4558,-28.000000
4559,0.000000
4560,64.000000
4561,-32.000000
4562,-36.000000
4563,-24.000000
4564,-24.000000
4565,-40.000000
4566,0.000000
4567,0.000000
4568,-28.000000
4569,-24.000000
4570,12.000000
4571,-56.000000
4572,28.000000
4573,4.000000
4574,-16.000000
4575,-24.000000
4576,-8.000000
4577,4.000000
4578,16.000000
4579,12.000000
4580,0.000000
4581,44.000000
4582,0.000000
4583,52.000000
4584,-12.000000
4585,-20.000000
4586,-28.000000
4587,-48.000000
4588,12.000000
4589,20.000000
4590,92.000000
4591,20.000000
4592,24.000000
4593,4.000000
4594,20.000000
4595,20.000000
4596,-8.000000
4597,4.000000
4598,-24.000000
4599,-8.000000
4600,28.000000
4601,8.000000
4602,28.000000
4603,-16.000000
4604,-16.000000
4605,-12.000000
4606,-12.000000
4607,-8.000000
4608,-4.000000
4609,-20.000000
4610,20.000000
4611,-4.000000
4612,-4.000000
4613,8.000000
4614,-16.000000
4615,-8.000000
4616,-20.000000
4617,4.000000
4618,12.000000
4619,-28.000000
4620,-4.000000
4621,16.000000
4622,8.000000
4623,-28.000000
4624,4.000000
4625,-16.000000
4626,4.000000
4627,0.000000
4628,-8.000000
4629,0.000000
4630,-8.000000
4631,-8.000000
4632,-16.000000
4633,-16.000000
4634,-4.000000
4635,-44.000000
4636,4.000000
4637,20.000000
4638,-24.000000
4639,4.000000
4640,4.000000
4641,-20.000000
4642,-32.000000
4643,-8.000000
4644,-56.000000
4645,-20.000000
4646,-32.000000
4647,-8.000000
4648,8.000000
4649,-32.000000
4650,-60.000000
4651,-8.000000
4652,-32.000000
4653,-12.000000
4654,16.000000
4655,-12.000000
4656,-8.000000
4657,-48.000000
4658,16.000000
4659,-20.000000
4660,52.000000
4661,-24.000000
4662,-24.000000
4663,44.000000
4664,8.000000
4665,-24.000000
4666,12.000000
4667,-32.000000
4668,-28.000000
4669,20.000000
4670,16.000000
4671,-4.000000
4672,0.000000
4673,24.000000
4674,24.000000
4675,-12.000000
4676,-32.000000
4677,-24.000000
4678,0.000000
4679,-8.000000
4680,-8.000000
4681,-36.000000
4682,60.000000
4683,-40.000000
4684,56.000000
4685,-20.000000
4686,-16.000000
4687,68.000000
4688,60.000000
4689,16.000000
4690,-20.000000
4691,0.000000
4692,-24.000000
4693,-24.000000
4694,-8.000000
4695,-8.000000
4696,0.000000
4697,24.000000
4698,-12.000000
4699,-24.000000
4700,32.000000
4701,52.000000
4702,-8.000000
4703,-8.000000
4704,4.000000
4705,48.000000
4706,44.000000
4707,12.000000
4708,4.000000
4709,-8.000000
4710,-8.000000
4711,20.000000
4712,84.000000
4713,0.000000
4714,-32.000000
4715,0.000000
4716,0.000000
4717,20.000000
4718,24.000000
4719,12.000000
4720,-8.000000
4721,4.000000
4722,-8.000000
4723,-4.000000
4724,-24.000000
4725,16.000000
4726,8.000000
4727,-4.000000
4728,-8.000000
4729,-12.000000
4730,-4.000000
4731,28.000000
4732,20.000000
4733,20.000000
4734,-4.000000
4735,-24.000000
4736,8.000000
4737,0.000000
4738,24.000000
4739,-20.000000
4740,16.000000
4741,8.000000
4742,8.000000
4743,-8.000000
4744,8.000000
4745,8.000000
4746,8.000000
4747,-4.000000
4748,0.000000
4749,-20.000000
4750,-12.000000
4751,16.000000
4752,52.000000
4753,40.000000
4754,8.000000
4755,-12.000000
4756,-12.000000
4757,40.000000
4758,12.000000
4759,12.000000
4760,16.000000
4761,0.000000
4762,0.000000
4763,-48.000000
4764,-20.000000
4765,16.000000
4766,-16.000000
4767,20.000000
4768,0.000000
4769,-20.000000
4770,-8.000000
4771,-28.000000
4772,16.000000
4773,-20.000000
4774,52.000000
4775,-60.000000
4776,-16.000000
4777,-8.000000
4778,-8.000000
4779,28.000000
4780,-16.000000
4781,-8.000000
4782,-28.000000
4783,-8.000000
4784,-8.000000
4785,-20.000000
4786,20.000000
4787,-20.000000
4788,-4.000000
4789,-28.000000
4790,-56.000000
4791,-24.000000
4792,24.000000
4793,-8.000000
4794,-28.000000
4795,-24.000000
4796,40.000000
4797,-32.000000
4798,20.000000
4799,0.000000
4800,-60.000000
4801,-52.000000
4802,-28.000000
4803,-4.000000
4804,12.000000
4805,16.000000
4806,-20.000000
4807,20.000000
4808,16.000000
4809,-24.000000
4810,-8.000000
4811,24.000000
4812,-16.000000
4813,-20.000000
4814,12.000000
4815,24.000000
4816,-28.000000
4817,0.000000
4818,-20.000000
4819,-16.000000
4820,-12.000000
4821,8.000000
4822,8.000000
4823,0.000000
4824,12.000000
4825,-32.000000
4826,-44.000000
4827,-8.000000
4828,-8.000000
4829,0.000000
4830,-12.000000
4831,0.000000
4832,-12.000000
4833,44.000000
4834,-4.000000
4835,12.000000
4836,8.000000
4837,8.000000
4838,8.000000
4839,-28.000000
4840,4.000000
4841,12.000000
4842,12.000000
4843,48.000000
4844,0.000000
4845,-8.000000
4846,0.000000
4847,-8.000000
4848,8.000000
4849,8.000000
4850,48.000000
4851,32.000000
4852,32.000000
4853,-12.000000
4854,8.000000
4855,-4.000000
4856,8.000000
4857,12.000000
4858,40.000000
4859,-4.000000
4860,40.000000
4861,0.000000
4862,0.000000
4863,16.000000
4864,-8.000000
4865,-4.000000
4866,24.000000
4867,-24.000000
4868,-8.000000
4869,24.000000
4870,-36.000000
4871,-16.000000
4872,44.000000
4873,24.000000
4874,-4.000000
4875,32.000000
4876,0.000000
4877,0.000000
4878,-24.000000
4879,-16.000000
4880,-4.000000
4881,0.000000
4882,0.000000
4883,-8.000000
4884,40.000000
4885,16.000000
4886,-20.000000
4887,0.000000
4888,-4.000000
4889,-8.000000
4890,52.000000
4891,-8.000000
4892,8.000000
4893,52.000000
4894,-8.000000
4895,0.000000
4896,8.000000
4897,-24.000000
4898,-24.000000
4899,24.000000
4900,28.000000
4901,4.000000
4902,-32.000000
4903,-28.000000
4904,-28.000000
4905,-8.000000
4906,64.000000
4907,0.000000
4908,0.000000
4909,-12.000000
4910,-8.000000
4911,52.000000
4912,-24.000000
4913,-12.000000
4914,-8.000000
4915,-28.000000
4916,-28.000000
4917,-32.000000
4918,-36.000000
4919,-28.000000
4920,-28.000000
4921,-32.000000
4922,-24.000000
4923,-32.000000
4924,0.000000
4925,-24.000000
4926,-24.000000
4927,-8.000000
4928,-20.000000
4929,44.000000
4930,-24.000000
4931,-8.000000
4932,4.000000
4933,44.000000
4934,0.000000
4935,56.000000
4936,-12.000000
4937,0.000000
4938,-4.000000
4939,8.000000
4940,4.000000
4941,-8.000000
4942,-8.000000
4943,4.000000
4944,4.000000
4945,24.000000
4946,-20.000000
4947,-60.000000
4948,-36.000000
4949,-44.000000
4950,4.000000
4951,20.000000
4952,20.000000
4953,24.000000
4954,-24.000000
4955,-8.000000
4956,0.000000
4957,8.000000
4958,52.000000
4959,44.000000
4960,20.000000
4961,-8.000000
4962,-12.000000
4963,-8.000000
4964,-28.000000
4965,28.000000
4966,0.000000
4967,-44.000000
4968,4.000000
4969,20.000000
4970,4.000000
4971,12.000000
4972,12.000000
4973,12.000000
4974,24.000000
4975,-12.000000
4976,8.000000
4977,44.000000
4978,-12.000000
4979,0.000000
4980,-12.000000
4981,-56.000000
4982,0.000000
4983,0.000000
4984,4.000000
4985,0.000000
4986,4.000000
4987,20.000000
4988,20.000000
4989,-8.000000
4990,-8.000000
4991,4.000000
4992,-28.000000
4993,0.000000
4994,8.000000
4995,-8.000000
4996,24.000000
4997,12.000000
4998,8.000000
4999,-52.000000
5000,12.000000
5001,28.000000
5002,-28.000000
5003,-16.000000
5004,16.000000
5005,104.000000
5006,4.000000
5007,-12.000000
5008,-32.000000
5009,0.000000
5010,-8.000000
5011,-36.000000
5012,-24.000000
5013,-8.000000
5014,-44.000000
5015,-40.000000
5016,-24.000000
5017,-20.000000
5018,-44.000000
5019,16.000000
5020,-36.000000
5021,0.000000
5022,60.000000
5023,-24.000000
5024,-12.000000
5025,52.000000
5026,-8.000000
5027,-8.000000
5028,52.000000
5029,0.000000
5030,-8.000000
5031,0.000000
5032,-12.000000
5033,-4.000000
5034,-40.000000
5035,-36.000000
5036,-36.000000
5037,0.000000
5038,-8.000000
5039,-4.000000
5040,4.000000
5041,-28.000000
5042,-48.000000
5043,-8.000000
5044,24.000000
5045,0.000000
5046,-24.000000
5047,-16.000000
5048,-24.000000
5049,-28.000000
5050,4.000000
5051,-12.000000
5052,-24.000000
5053,4.000000
5054,8.000000
5055,-24.000000
5056,92.000000
5057,24.000000
5058,-28.000000
5059,-32.000000
5060,-8.000000
5061,-32.000000
5062,-32.000000
5063,4.000000
5064,12.000000
5065,24.000000
5066,-8.000000
5067,-12.000000
5068,-12.000000
5069,-8.000000
5070,-16.000000
5071,-44.000000
5072,0.000000
5073,-40.000000
5074,-4.000000
5075,-16.000000
5076,-16.000000
5077,16.000000
5078,16.000000
5079,-64.000000
5080,68.000000
5081,0.000000
5082,12.000000
5083,4.000000
5084,16.000000
5085,-8.000000
5086,12.000000
5087,0.000000
5088,-12.000000
5089,0.000000
5090,20.000000
5091,20.000000
5092,-8.000000
5093,28.000000
5094,-12.000000
5095,-24.000000
5096,48.000000
5097,20.000000
5098,-4.000000
5099,16.000000
5100,16.000000
5101,12.000000
5102,-52.000000
5103,-8.000000
5104,40.000000
5105,0.000000
5106,24.000000
5107,0.000000
5108,-4.000000
5109,-24.000000
5110,12.000000
5111,0.000000
5112,-8.000000
5113,20.000000
5114,-24.000000
5115,12.000000
5116,-12.000000
5117,-12.000000
5118,56.000000
5119,12.000000
5120,-8.000000
5121,8.000000
5122,32.000000
5123,-28.000000
5124,-4.000000
5125,-36.000000
5126,-4.000000
5127,12.000000
5128,16.000000
5129,-16.000000
5130,-16.000000
5131,24.000000
5132,20.000000
5133,0.000000
5134,4.000000
5135,-8.000000
5136,4.000000
5137,-28.000000
5138,-24.000000
5139,-40.000000
5140,-28.000000
5141,-28.000000
5142,-32.000000
5143,-64.000000
5144,4.000000
5145,-20.000000
5146,0.000000
5147,-36.000000
5148,-8.000000
5149,-20.000000
5150,-20.000000
5151,-16.000000
5152,-8.000000
5153,-8.000000
5154,28.000000
5155,-32.000000
5156,-8.000000
5157,-32.000000
5158,12.000000
5159,-40.000000
5160,-8.000000
5161,-24.000000
5162,-8.000000
5163,-40.000000
5164,-24.000000
5165,-48.000000
5166,-36.000000
5167,0.000000
5168,-20.000000
5169,-8.000000
5170,72.000000
5171,24.000000
5172,24.000000
5173,20.000000
5174,28.000000
5175,-12.000000
5176,-44.000000
5177,-36.000000
5178,-108.000000
5179,24.000000
5180,-8.000000
5181,-12.000000
5182,-12.000000
5183,-8.000000
5184,28.000000
5185,4.000000
5186,-44.000000
5187,8.000000
5188,12.000000
5189,4.000000
5190,4.000000
5191,40.000000
5192,-20.000000
5193,-36.000000
5194,12.000000
5195,-36.000000
5196,0.000000
5197,76.000000
5198,20.000000
5199,44.000000
5200,-8.000000
5201,52.000000
5202,-8.000000
5203,4.000000
5204,-16.000000
5205,-4.000000
5206,-4.000000
5207,-40.000000
5208,-28.000000
5209,8.000000
5210,24.000000
5211,16.000000
5212,-8.000000
5213,-20.000000
5214,0.000000
5215,16.000000
5216,52.000000
5217,-12.000000
5218,4.000000
5219,0.000000
5220,-24.000000
5221,28.000000
5222,36.000000
5223,-8.000000
5224,4.000000
5225,20.000000
5226,-12.000000
5227,16.000000
5228,0.000000
5229,12.000000
5230,20.000000
5231,-56.000000
5232,4.000000
5233,4.000000
5234,4.000000
5235,0.000000
5236,-16.000000
5237,-32.000000
5238,4.000000
5239,24.000000
5240,-16.000000
5241,56.000000
5242,-4.000000
5243,-12.000000
5244,-12.000000
5245,0.000000
5246,-44.000000
5247,-4.000000
5248,-60.000000
5249,32.000000
5250,0.000000
5251,-4.000000
5252,-12.000000
5253,-28.000000
5254,-4.000000
5255,24.000000
5256,-8.000000
5257,-60.000000
5258,-32.000000
5259,-28.000000
5260,-40.000000
5261,12.000000
5262,-32.000000
5263,-8.000000
5264,0.000000
5265,4.000000
5266,0.000000
5267,-16.000000
5268,-28.000000
5269,20.000000
5270,-52.000000
5271,12.000000
5272,-20.000000
5273,-52.000000
5274,-24.000000
5275,-24.000000
5276,-72.000000
5277,-12.000000
5278,-48.000000
5279,-32.000000
5280,-4.000000
5281,-16.000000
5282,4.000000
5283,-44.000000
5284,-8.000000
5285,-8.000000
5286,-20.000000
5287,-32.000000
5288,24.000000
5289,-48.000000
5290,-28.000000
5291,-24.000000
5292,-32.000000
5293,-44.000000
5294,16.000000
5295,-32.000000
5296,-40.000000
5297,-12.000000
5298,24.000000
5299,-16.000000
5300,-32.000000
5301,-28.000000
5302,-24.000000
5303,-32.000000
5304,-12.000000
5305,-28.000000
5306,-4.000000
5307,36.000000
5308,20.000000
5309,-16.000000
5310,-4.000000
5311,-12.000000
5312,8.000000
5313,68.000000
5314,-4.000000
5315,44.000000
5316,-20.000000
5317,16.000000
5318,16.000000
5319,4.000000
5320,-24.000000
5321,36.000000
5322,12.000000
5323,24.000000
5324,20.000000
5325,52.000000
5326,-20.000000
5327,-4.000000
5328,-20.000000
5329,16.000000
5330,0.000000
5331,28.000000
5332,44.000000
5333,16.000000
5334,20.000000
5335,12.000000
5336,16.000000
5337,40.000000
5338,52.000000
5339,20.000000
5340,-8.000000
5341,-8.000000
5342,24.000000
5343,20.000000
5344,28.000000
5345,-8.000000
5346,16.000000
5347,4.000000
5348,-8.000000
5349,4.000000
5350,32.000000
5351,44.000000
5352,-16.000000
5353,-20.000000
5354,-36.000000
5355,-8.000000
5356,-28.000000
5357,-8.000000
5358,-4.000000
5359,-16.000000
5360,-32.000000
5361,-52.000000
5362,60.000000
5363,32.000000
5364,4.000000
5365,0.000000
5366,-24.000000
5367,-32.000000
5368,0.000000
5369,-8.000000
5370,-8.000000
5371,28.000000
5372,4.000000
5373,-16.000000
5374,16.000000
5375,-28.000000
5376,-4.000000
5377,-8.000000
5378,-8.000000
5379,-8.000000
5380,-16.000000
5381,-8.000000
5382,20.000000
5383,-8.000000
5384,-20.000000
5385,0.000000
5386,-8.000000
5387,12.000000
5388,0.000000
5389,-12.000000
5390,24.000000
5391,52.000000
5392,-4.000000
5393,12.000000
5394,4.000000
5395,-24.000000
5396,-48.000000
5397,-20.000000
5398,16.000000
5399,-24.000000
5400,28.000000
5401,-28.000000
5402,20.000000
5403,-16.000000
5404,52.000000
5405,8.000000
5406,28.000000
5407,-4.000000
5408,-8.000000
5409,4.000000
5410,-32.000000
5411,-28.000000
5412,16.000000
5413,-28.000000
5414,-28.000000
5415,4.000000
5416,-100.000000
5417,-28.000000
5418,44.000000
5419,44.000000
5420,-8.000000
5421,28.000000
5422,0.000000
5423,16.000000
5424,-8.000000
5425,-20.000000
5426,0.000000
5427,-20.000000
5428,-8.000000
5429,-24.000000
5430,16.000000
5431,4.000000
5432,8.000000
5433,-4.000000
5434,12.000000
5435,0.000000
5436,4.000000
5437,40.000000
5438,-24.000000
5439,-20.000000
5440,-12.000000
5441,20.000000
5442,0.000000
5443,0.000000
5444,16.000000
5445,24.000000
5446,36.000000
5447,12.000000
5448,4.000000
5449,-20.000000
5450,16.000000
5451,-16.000000
5452,44.000000
5453,8.000000
5454,32.000000
5455,12.000000
5456,12.000000
5457,44.000000
5458,-24.000000
5459,8.000000
5460,-8.000000
5461,-16.000000
5462,12.000000
5463,0.000000
5464,-12.000000
5465,-8.000000
5466,52.000000
5467,20.000000
5468,20.000000
5469,-44.000000
5470,12.000000
5471,24.000000
5472,24.000000
5473,24.000000
5474,16.000000
5475,32.000000
5476,0.000000
5477,-8.000000
5478,8.000000
5479,16.000000
5480,-24.000000
5481,40.000000
5482,-20.000000
5483,-52.000000
5484,52.000000
5485,-8.000000
5486,-12.000000
5487,24.000000
5488,8.000000
5489,68.000000
5490,28.000000
5491,-36.000000
5492,0.000000
5493,4.000000
5494,4.000000
5495,28.000000
5496,-28.000000
5497,-8.000000
5498,28.000000
5499,-28.000000
5500,-32.000000
5501,-44.000000
5502,-12.000000
5503,-56.000000
5504,-36.000000
5505,-8.000000
5506,28.000000
5507,-16.000000
5508,-20.000000
5509,-12.000000
5510,-40.000000
5511,-48.000000
5512,-28.000000
5513,-104.000000
5514,4.000000
5515,-28.000000
5516,-28.000000
5517,28.000000
5518,-36.000000
5519,-20.000000
5520,12.000000
5521,-20.000000
5522,0.000000
5523,-20.000000
5524,-20.000000
5525,-32.000000
5526,24.000000
5527,0.000000
5528,-28.000000
5529,-28.000000
5530,0.000000
5531,68.000000
5532,-28.000000
5533,-28.000000
5534,-8.000000
5535,4.000000
5536,0.000000
5537,-8.000000
5538,-32.000000
5539,8.000000
5540,0.000000
5541,-24.000000
5542,24.000000
5543,28.000000
5544,-16.000000
5545,-52.000000
5546,0.000000
5547,0.000000
5548,-32.000000
5549,0.000000
5550,4.000000
5551,-12.000000
5552,-8.000000
5553,-12.000000
5554,-8.000000
5555,20.000000
5556,28.000000
5557,-48.000000
5558,-8.000000
5559,4.000000
5560,-8.000000
5561,-8.000000
5562,-24.000000
5563,76.000000
5564,-16.000000
5565,4.000000
5566,32.000000
5567,-12.000000
5568,4.000000
5569,-12.000000
5570,-8.000000
5571,-4.000000
5572,-4.000000
5573,8.000000
5574,8.000000
5575,-8.000000
5576,0.000000
5577,-8.000000
5578,-8.000000
5579,8.000000
5580,0.000000
5581,52.000000
5582,20.000000
5583,-28.000000
5584,0.000000
5585,12.000000
5586,24.000000
5587,32.000000
5588,-8.000000
5589,32.000000
5590,0.000000
5591,0.000000
5592,12.000000
5593,0.000000
5594,12.000000
5595,-8.000000
5596,8.000000
5597,0.000000
5598,0.000000
5599,-40.000000
5600,-24.000000
5601,48.000000
5602,-52.000000
5603,12.000000
5604,-44.000000
5605,52.000000
5606,-8.000000
5607,0.000000
5608,4.000000
5609,-8.000000
5610,12.000000
5611,-12.000000
5612,-16.000000
5613,24.000000
5614,8.000000
5615,-28.000000
5616,-16.000000
5617,20.000000
5618,20.000000
5619,-8.000000
5620,-44.000000
5621,8.000000
5622,-12.000000
5623,-32.000000
5624,20.000000
5625,-12.000000
5626,-12.000000
5627,-12.000000
5628,12.000000
5629,0.000000
5630,-8.000000
5631,-32.000000
5632,-20.000000
5633,0.000000
5634,-8.000000
5635,24.000000
5636,0.000000
5637,-16.000000
5638,0.000000
5639,28.000000
5640,-60.000000
5641,20.000000
5642,-4.000000
5643,8.000000
5644,-48.000000
5645,-32.000000
5646,8.000000
5647,-28.000000
5648,0.000000
5649,-28.000000
5650,-8.000000
5651,12.000000
5652,-12.000000
5653,0.000000
5654,-56.000000
5655,4.000000
5656,-60.000000
5657,-24.000000
5658,-52.000000
5659,-20.000000
5660,-16.000000
5661,72.000000
5662,-28.000000
5663,-28.000000
5664,-4.000000
5665,-12.000000
5666,-40.000000
5667,-8.000000
5668,-8.000000
5669,-4.000000
5670,0.000000
5671,44.000000
5672,-44.000000
5673,-24.000000
5674,-8.000000
5675,16.000000
5676,-4.000000
5677,-60.000000
5678,52.000000
5679,-32.000000
5680,0.000000
5681,0.000000
5682,0.000000
5683,-8.000000
5684,60.000000
5685,-4.000000
5686,-24.000000
5687,32.000000
5688,-12.000000
5689,-60.000000
5690,16.000000
5691,20.000000
5692,28.000000
5693,-56.000000
5694,4.000000
5695,4.000000
5696,4.000000
5697,0.000000
5698,-8.000000
5699,52.000000
5700,-20.000000
5701,-32.000000
5702,4.000000
5703,-28.000000
5704,-52.000000
5705,-4.000000
5706,-8.000000
5707,-8.000000
5708,-8.000000
5709,-36.000000
5710,12.000000
5711,8.000000
5712,4.000000
5713,-60.000000
5714,4.000000
5715,-8.000000
5716,-16.000000
5717,8.000000
5718,8.000000
5719,-24.000000
5720,-12.000000
5721,-12.000000
5722,4.000000
5723,64.000000
5724,-40.000000
5725,20.000000
5726,-4.000000
5727,24.000000
5728,-72.000000
5729,-28.000000
5730,-12.000000
5731,8.000000
5732,-24.000000
5733,12.000000
5734,24.000000
5735,-20.000000
5736,16.000000
5737,-12.000000
5738,32.000000
5739,24.000000
5740,-4.000000
5741,24.000000
5742,-20.000000
5743,-12.000000
5744,-12.000000
5745,-8.000000
5746,-4.000000
5747,-16.000000
5748,12.000000
5749,-16.000000
5750,-12.000000
5751,-24.000000
5752,-4.000000
5753,-8.000000
5754,-8.000000
5755,-16.000000
5756,-20.000000
5757,-8.000000
5758,-24.000000
5759,-40.000000
5760,-40.000000
5761,-28.000000
5762,-24.000000
5763,0.000000
5764,-48.000000
5765,-24.000000
5766,-16.000000
5767,-60.000000
5768,-32.000000
5769,0.000000
5770,-108.000000
5771,-28.000000
5772,-24.000000
5773,4.000000
5774,-20.000000
5775,-8.000000
5776,-12.000000
5777,0.000000
5778,-20.000000
5779,-32.000000
5780,12.000000
5781,-32.000000
5782,0.000000
5783,-36.000000
5784,16.000000
5785,-12.000000
5786,0.000000
5787,0.000000
5788,20.000000
5789,-4.000000
5790,-20.000000
5791,-24.000000
5792,-12.000000
5793,-28.000000
5794,40.000000
5795,-8.000000
5796,-8.000000
5797,-8.000000
5798,-8.000000
5799,16.000000
5800,-44.000000
5801,0.000000
5802,0.000000
5803,24.000000
5804,24.000000
5805,-8.000000
5806,-68.000000
5807,-16.000000
5808,12.000000
5809,-24.000000
5810,-12.000000
5811,-8.000000
5812,0.000000
5813,-12.000000
5814,-8.000000
5815,36.000000
5816,28.000000
5817,36.000000
5818,44.000000
5819,12.000000
5820,12.000000
5821,-12.000000
5822,16.000000
5823,20.000000
5824,20.000000
5825,24.000000
5826,100.000000
5827,-20.000000
5828,16.000000
5829,0.000000
5830,-16.000000
5831,-20.000000
5832,20.000000
5833,24.000000
5834,-28.000000
5835,8.000000
5836,-20.000000
5837,-8.000000
5838,52.000000
5839,24.000000
5840,0.000000
5841,-32.000000
5842,0.000000
5843,-28.000000
5844,-52.000000
5845,-4.000000
5846,-8.000000
5847,-4.000000
5848,4.000000
5849,-36.000000
5850,-28.000000
5851,-8.000000
5852,-24.000000
5853,-4.000000
5854,-8.000000
5855,-24.000000
5856,-4.000000
5857,28.000000
5858,-32.000000
5859,4.000000
5860,0.000000
5861,20.000000
5862,-40.000000
5863,-20.000000
5864,-24.000000
5865,0.000000
5866,-16.000000
5867,-8.000000
5868,-8.000000
5869,-12.000000
5870,-40.000000
5871,-28.000000
5872,-8.000000
5873,0.000000
5874,-52.000000
5875,-8.000000
5876,28.000000
5877,0.000000
5878,12.000000
5879,-8.000000
5880,28.000000
5881,-8.000000
5882,-28.000000
5883,20.000000
5884,-16.000000
5885,-16.000000
5886,-32.000000
5887,-32.000000
5888,-8.000000
5889,44.000000
5890,0.000000
5891,-40.000000
5892,-24.000000
5893,52.000000
5894,-32.000000
5895,-12.000000
5896,-12.000000
5897,16.000000
5898,-48.000000
5899,0.000000
5900,16.000000
5901,4.000000
5902,60.000000
5903,-24.000000
5904,-4.000000
5905,24.000000
5906,8.000000
5907,-8.000000
5908,40.000000
5909,-20.000000
5910,24.000000
5911,-32.000000
5912,32.000000
5913,8.000000
5914,8.000000
5915,64.000000
5916,-12.000000
5917,44.000000
5918,4.000000
5919,-8.000000
5920,8.000000
5921,12.000000
5922,-20.000000
5923,8.000000
5924,12.000000
5925,-8.000000
5926,12.000000
5927,28.000000
5928,24.000000
5929,-8.000000
5930,28.000000
5931,-44.000000
5932,20.000000
5933,-8.000000
5934,24.000000
5935,8.000000
5936,12.000000
5937,40.000000
5938,4.000000
5939,16.000000
5940,20.000000
5941,-12.000000
5942,-16.000000
5943,-72.000000
5944,44.000000
5945,12.000000
5946,12.000000
5947,32.000000
5948,8.000000
5949,-8.000000
5950,16.000000
5951,4.000000
5952,16.000000
5953,28.000000
5954,-4.000000
5955,-12.000000
5956,-8.000000
5957,0.000000
5958,-52.000000
5959,16.000000
5960,24.000000
5961,-12.000000
5962,24.000000
5963,4.000000
5964,4.000000
5965,0.000000
5966,4.000000
5967,-48.000000
5968,-12.000000
5969,-12.000000
5970,-16.000000
5971,0.000000
5972,4.000000
5973,4.000000
5974,-12.000000
5975,-24.000000
5976,-28.000000
5977,-20.000000
5978,0.000000
5979,-16.000000
5980,-20.000000
5981,32.000000
5982,0.000000
5983,-16.000000
5984,-44.000000
5985,-12.000000
5986,-24.000000
5987,-8.000000
5988,-28.000000
5989,-8.000000
5990,-12.000000
5991,24.000000
5992,-4.000000
5993,-32.000000
5994,-24.000000
5995,8.000000
5996,88.000000
5997,-8.000000
5998,20.000000
5999,-20.000000
6000,16.000000
6001,-40.000000
6002,-32.000000
6003,-4.000000
6004,-28.000000
6005,-12.000000
6006,-8.000000
6007,-8.000000
6008,-8.000000
6009,12.000000
6010,-4.000000
6011,4.000000
6012,-44.000000
6013,-60.000000
6014,-20.000000
6015,12.000000
6016,0.000000
6017,24.000000
6018,-4.000000
6019,16.000000
6020,-44.000000
6021,-8.000000
6022,-8.000000
6023,16.000000
6024,20.000000
6025,-24.000000
6026,4.000000
6027,-16.000000
6028,-56.000000
6029,-4.000000
6030,-8.000000
6031,12.000000
6032,4.000000
6033,-28.000000
6034,-16.000000
6035,0.000000
6036,-20.000000
6037,0.000000
6038,-16.000000
6039,-12.000000
6040,-16.000000
6041,4.000000
6042,4.000000
6043,-8.000000
6044,-20.000000
6045,16.000000
6046,-4.000000
6047,-20.000000
6048,-20.000000
6049,-8.000000
6050,8.000000
6051,24.000000
6052,-8.000000
6053,4.000000
6054,40.000000
6055,12.000000
6056,20.000000
6057,16.000000
6058,16.000000
6059,-8.000000
6060,60.000000
6061,-4.000000
6062,0.000000
6063,8.000000
6064,-52.000000
6065,-16.000000
6066,24.000000
6067,28.000000
6068,44.000000
6069,40.000000
6070,-4.000000
6071,4.000000
6072,32.000000
6073,-16.000000
6074,0.000000
6075,16.000000
6076,-8.000000
6077,-8.000000
6078,-12.000000
6079,-40.000000
6080,-8.000000
6081,0.000000
6082,0.000000
6083,8.000000
6084,16.000000
6085,8.000000
6086,12.000000
6087,24.000000
6088,0.000000
6089,24.000000
6090,0.000000
6091,40.000000
6092,16.000000
6093,8.000000
6094,24.000000
6095,-8.000000
6096,-12.000000
6097,44.000000
6098,-8.000000
6099,12.000000
6100,24.000000
6101,-60.000000
6102,-24.000000
6103,12.000000
6104,-8.000000
6105,-40.000000
6106,-44.000000
6107,-12.000000
6108,20.000000
6109,0.000000
6110,-24.000000
6111,-20.000000
6112,44.000000
6113,-16.000000
6114,-24.000000
6115,20.000000
6116,8.000000
6117,28.000000
6118,-16.000000
6119,0.000000
6120,-20.000000
6121,0.000000
6122,-16.000000
6123,0.000000
6124,8.000000
6125,52.000000
6126,76.000000
6127,-44.000000
6128,16.000000
6129,-8.000000
6130,-12.000000
6131,80.000000
6132,-16.000000
6133,8.000000
6134,0.000000
6135,-8.000000
6136,-12.000000
6137,4.000000
6138,4.000000
6139,-20.000000
6140,-16.000000
6141,16.000000
6142,-8.000000
6143,-8.000000
6144,-4.000000
6145,0.000000
6146,52.000000
6147,-4.000000
6148,0.000000
6149,52.000000
6150,-24.000000
6151,-8.000000
6152,0.000000
6153,12.000000
6154,32.000000
6155,-16.000000
6156,-16.000000
6157,-20.000000
6158,64.000000
6159,12.000000
6160,-4.000000
6161,44.000000
6162,-16.000000
6163,-44.000000
6164,4.000000
6165,4.000000
6166,4.000000
6167,8.000000
6168,-44.000000
6169,24.000000
6170,24.000000
6171,-28.000000
6172,-12.000000
6173,44.000000
6174,12.000000
6175,24.000000
6176,-28.000000
6177,0.000000
6178,8.000000
6179,-8.000000
6180,0.000000
6181,76.000000
6182,40.000000
6183,16.000000
6184,-8.000000
6185,28.000000
6186,0.000000
6187,8.000000
6188,20.000000
6189,16.000000
6190,-8.000000
6191,-8.000000
6192,-28.000000
6193,60.000000
6194,24.000000
6195,-40.000000
6196,12.000000
6197,-8.000000
6198,-8.000000
6199,20.000000
6200,0.000000
6201,20.000000
6202,48.000000
6203,-8.000000
6204,16.000000
6205,-32.000000
6206,0.000000
6207,-8.000000
6208,-8.000000
6209,28.000000
6210,-8.000000
6211,-16.000000
6212,-16.000000
6213,60.000000
6214,-16.000000
6215,-20.000000
6216,28.000000
6217,-12.000000
6218,-12.000000
6219,12.000000
6220,-68.000000
6221,4.000000
6222,-8.000000
6223,16.000000
6224,-36.000000
6225,0.000000
6226,0.000000
6227,-28.000000
6228,-4.000000
6229,-56.000000
6230,4.000000
6231,-4.000000
6232,-12.000000
6233,-12.000000
6234,-12.000000
6235,-20.000000
6236,-40.000000
6237,-16.000000
6238,-16.000000
6239,20.000000
6240,16.000000
6241,8.000000
6242,28.000000
6243,-52.000000
6244,-20.000000
6245,-48.000000
6246,-8.000000
6247,-48.000000
6248,-32.000000
6249,-8.000000
6250,-8.000000
6251,0.000000
6252,-28.000000
6253,-32.000000
6254,8.000000
6255,4.000000
6256,-28.000000
6257,0.000000
6258,-16.000000
6259,0.000000
6260,-20.000000
6261,16.000000
6262,4.000000
6263,72.000000
6264,4.000000
6265,-16.000000
6266,4.000000
6267,-16.000000
6268,0.000000
6269,4.000000
6270,0.000000
6271,-32.000000
6272,-8.000000
6273,-8.000000
6274,8.000000
6275,64.000000
6276,16.000000
6277,-12.000000
6278,0.000000
6279,12.000000
6280,-8.000000
6281,-32.000000
6282,4.000000
6283,-64.000000
6284,0.000000
6285,52.000000
6286,-28.000000
6287,8.000000
6288,-36.000000
6289,-24.000000
6290,72.000000
6291,8.000000
6292,12.000000
6293,-12.000000
6294,76.000000
6295,16.000000
6296,12.000000
6297,16.000000
6298,0.000000
6299,-4.000000
6300,28.000000
6301,32.000000
6302,-12.000000
6303,32.000000
6304,-8.000000
6305,4.000000
6306,0.000000
6307,0.000000
6308,-44.000000
6309,-32.000000
6310,-4.000000
6311,-12.000000
6312,12.000000
6313,8.000000
6314,32.000000
6315,20.000000
6316,0.000000
6317,-20.000000
6318,-28.000000
6319,20.000000
6320,20.000000
6321,28.000000
6322,24.000000
6323,-16.000000
6324,20.000000
6325,0.000000
6326,-20.000000
6327,8.000000
6328,4.000000
6329,20.000000
6330,24.000000
6331,-24.000000
6332,-12.000000
6333,0.000000
6334,-32.000000
6335,-20.000000
6336,-8.000000
6337,0.000000
6338,-28.000000
6339,0.000000
6340,-12.000000
6341,44.000000
6342,28.000000
6343,4.000000
6344,-40.000000
6345,-20.000000
6346,24.000000
6347,-60.000000
6348,-4.000000
6349,4.000000
6350,8.000000
6351,-52.000000
6352,24.000000
6353,0.000000
6354,-8.000000
6355,-52.000000
6356,-36.000000
6357,20.000000
6358,8.000000
6359,-4.000000
6360,-12.000000
6361,4.000000
6362,-36.000000
6363,-24.000000
6364,-4.000000
6365,-16.000000
6366,-16.000000
6367,44.000000
6368,44.000000
6369,-48.000000
6370,12.000000
6371,-40.000000
6372,-36.000000
6373,-24.000000
6374,0.000000
6375,-40.000000
6376,-12.000000
6377,-8.000000
6378,44.000000
6379,-32.000000
6380,12.000000
6381,0.000000
6382,-8.000000
6383,0.000000
6384,16.000000
6385,-12.000000
6386,16.000000
6387,0.000000
6388,-24.000000
6389,24.000000
6390,0.000000
6391,-32.000000
6392,0.000000
6393,4.000000
6394,-4.000000
6395,-12.000000
6396,84.000000
6397,16.000000
6398,16.000000
6399,20.000000
6400,-8.000000
6401,24.000000
6402,0.000000
6403,-36.000000
6404,-12.000000
6405,-40.000000
6406,20.000000
6407,-44.000000
6408,-8.000000
6409,-4.000000
6410,4.000000
6411,-32.000000
6412,8.000000
6413,-20.000000
6414,-8.000000
6415,-56.000000
6416,16.000000
6417,56.000000
6418,-8.000000
6419,20.000000
6420,-16.000000
6421,-20.000000
6422,40.000000
6423,8.000000
6424,8.000000
6425,-16.000000
6426,0.000000
6427,-12.000000
6428,4.000000
6429,12.000000
6430,12.000000
6431,-12.000000
6432,-20.000000
6433,-16.000000
6434,-16.000000
6435,-40.000000
6436,76.000000
6437,28.000000
6438,40.000000
6439,16.000000
6440,48.000000
6441,24.000000
6442,40.000000
6443,0.000000
6444,-44.000000
6445,24.000000
6446,-8.000000
6447,-72.000000
6448,-20.000000
6449,-28.000000
6450,-20.000000
6451,-12.000000
6452,0.000000
6453,-8.000000
6454,-28.000000
6455,0.000000
6456,0.000000
6457,16.000000
6458,-8.000000
6459,-72.000000
6460,-12.000000
6461,64.000000
6462,-20.000000
6463,12.000000
6464,52.000000
6465,20.000000
6466,-8.000000
6467,20.000000
6468,-28.000000
6469,20.000000
6470,-24.000000
6471,-16.000000
6472,-24.000000
6473,52.000000
6474,-8.000000
6475,-48.000000
6476,-28.000000
6477,-16.000000
6478,-16.000000
6479,12.000000
6480,0.000000
6481,28.000000
6482,-28.000000
6483,-8.000000
6484,-8.000000
6485,28.000000
6486,-28.000000
6487,4.000000
6488,-8.000000
6489,-40.000000
6490,-40.000000
6491,-8.000000
6492,-28.000000
6493,-12.000000
6494,-12.000000
6495,-32.000000
6496,16.000000
6497,-28.000000
6498,-24.000000
6499,-28.000000
6500,-24.000000
6501,8.000000
6502,-44.000000
6503,0.000000
6504,-16.000000
6505,-20.000000
6506,16.000000
6507,44.000000
6508,-32.000000
6509,24.000000
6510,-44.000000
6511,0.000000
6512,-8.000000
6513,-8.000000
6514,4.000000
6515,44.000000
6516,28.000000
6517,-8.000000
6518,44.000000
6519,-44.000000
6520,16.000000
6521,44.000000
6522,-8.000000
6523,0.000000
6524,-12.000000
6525,-8.000000
6526,8.000000
6527,0.000000
6528,0.000000
6529,28.000000
6530,-8.000000
6531,4.000000
6532,0.000000
6533,12.000000
6534,-28.000000
6535,-4.000000
6536,-12.000000
6537,20.000000
6538,28.000000
6539,-20.000000
6540,-12.000000
6541,16.000000
6542,20.000000
6543,-8.000000
6544,52.000000
6545,24.000000
6546,0.000000
6547,28.000000
6548,32.000000
6549,12.000000
6550,0.000000
6551,24.000000
6552,20.000000
6553,-36.000000
6554,20.000000
6555,12.000000
6556,24.000000
6557,8.000000
6558,36.000000
6559,16.000000
6560,-8.000000
6561,4.000000
6562,-12.000000
6563,20.000000
6564,-8.000000
6565,16.000000
6566,12.000000
6567,32.000000
6568,8.000000
6569,-8.000000
6570,-24.000000
6571,16.000000
6572,12.000000
6573,4.000000
6574,-12.000000
6575,-28.000000
6576,20.000000
6577,-8.000000
6578,20.000000
6579,28.000000
6580,-4.000000
6581,-16.000000
6582,-12.000000
6583,8.000000
6584,8.000000
6585,16.000000
6586,-8.000000
6587,-8.000000
6588,8.000000
6589,40.000000
6590,16.000000
6591,-32.000000
6592,28.000000
6593,12.000000
6594,-8.000000
6595,-24.000000
6596,-4.000000
6597,12.000000
6598,-40.000000
6599,16.000000
6600,-8.000000
6601,-16.000000
6602,-12.000000
6603,-8.000000
6604,-4.000000
6605,-32.000000
6606,-20.000000
6607,-4.000000
6608,40.000000
6609,24.000000
6610,4.000000
6611,-20.000000
6612,-24.000000
6613,-36.000000
6614,36.000000
6615,-4.000000
6616,-16.000000
6617,40.000000
6618,-12.000000
6619,-28.000000
6620,-20.000000
6621,-20.000000
6622,0.000000
6623,4.000000
6624,-12.000000
6625,-12.000000
6626,56.000000
6627,40.000000
6628,-52.000000
6629,-40.000000
6630,0.000000
6631,24.000000
6632,0.000000
6633,-12.000000
6634,-8.000000
6635,12.000000
6636,-20.000000
6637,12.000000
6638,-4.000000
6639,28.000000
6640,4.000000
6641,52.000000
6642,0.000000
6643,-20.000000
6644,-52.000000
6645,4.000000
6646,4.000000
6647,-8.000000
6648,8.000000
6649,-8.000000
6650,4.000000
6651,-4.000000
6652,-16.000000
6653,0.000000
6654,24.000000
6655,8.000000
6656,4.000000
6657,20.000000
6658,64.000000
6659,8.000000
6660,-4.000000
6661,8.000000
6662,12.000000
6663,60.000000
6664,24.000000
6665,32.000000
6666,0.000000
6667,-24.000000
6668,0.000000
6669,20.000000
6670,16.000000
6671,0.000000
6672,24.000000
6673,-20.000000
6674,-16.000000
6675,0.000000
6676,24.000000
6677,-4.000000
6678,0.000000
6679,-8.000000
6680,-8.000000
6681,12.000000
6682,-8.000000
6683,0.000000
6684,-8.000000
6685,24.000000
6686,20.000000
6687,8.000000
6688,-8.000000
6689,-12.000000
6690,56.000000
6691,40.000000
6692,4.000000
6693,-4.000000
6694,-4.000000
6695,-12.000000
6696,-8.000000
6697,12.000000
6698,8.000000
6699,-4.000000
6700,12.000000
6701,20.000000
6702,20.000000
6703,28.000000
6704,12.000000
6705,76.000000
6706,-48.000000
6707,44.000000
6708,8.000000
6709,-32.000000
6710,-28.000000
6711,12.000000
6712,-24.000000
6713,-36.000000
6714,0.000000
6715,-4.000000
6716,16.000000
6717,-4.000000
6718,-8.000000
6719,8.000000
6720,56.000000
6721,0.000000
6722,0.000000
6723,-8.000000
6724,-4.000000
6725,-16.000000
6726,-32.000000
6727,-20.000000
6728,-24.000000
6729,0.000000
6730,0.000000
6731,52.000000
6732,-16.000000
6733,-12.000000
6734,44.000000
6735,-16.000000
6736,-20.000000
6737,-8.000000
6738,8.000000
6739,-20.000000
6740,-16.000000
6741,-28.000000
6742,52.000000
6743,-44.000000
6744,-84.000000
6745,-24.000000
6746,-40.000000
6747,-32.000000
6748,16.000000
6749,-36.000000
6750,24.000000
6751,20.000000
6752,-68.000000
6753,-12.000000
6754,-8.000000
6755,12.000000
6756,-12.000000
6757,12.000000
6758,0.000000
6759,44.000000
6760,-8.000000
6761,-16.000000
6762,12.000000
6763,0.000000
6764,-12.000000
6765,0.000000
6766,-16.000000
6767,44.000000
6768,0.000000
6769,44.000000
6770,52.000000
6771,-8.000000
6772,-8.000000
6773,24.000000
6774,4.000000
6775,16.000000
6776,-4.000000
6777,-4.000000
6778,-12.000000
6779,28.000000
6780,-8.000000
6781,0.000000
6782,-4.000000
6783,-32.000000
6784,0.000000
6785,12.000000
6786,20.000000
6787,-16.000000
6788,0.000000
6789,0.000000
6790,8.000000
6791,0.000000
6792,0.000000
6793,-8.000000
6794,4.000000
6795,12.000000
6796,12.000000
6797,8.000000
6798,8.000000
6799,0.000000
6800,16.000000
6801,20.000000
6802,-12.000000
6803,-8.000000
6804,-8.000000
6805,24.000000
6806,-24.000000
6807,56.000000
6808,12.000000
6809,0.000000
6810,0.000000
6811,4.000000
6812,-4.000000
6813,4.000000
6814,-28.000000
6815,-12.000000
6816,-12.000000
6817,-8.000000
6818,-4.000000
6819,8.000000
6820,-4.000000
6821,-4.000000
6822,28.000000
6823,0.000000
6824,-8.000000
6825,24.000000
6826,44.000000
6827,-8.000000
6828,-8.000000
6829,0.000000
6830,4.000000
6831,24.000000
6832,-12.000000
6833,-16.000000
6834,-60.000000
6835,16.000000
6836,-20.000000
6837,-32.000000
6838,12.000000
6839,12.000000
6840,-28.000000
6841,-4.000000
6842,-32.000000
6843,-60.000000
6844,-12.000000
6845,20.000000
6846,-16.000000
6847,16.000000
6848,-8.000000
6849,-8.000000
6850,-8.000000
6851,-8.000000
6852,-8.000000
6853,-48.000000
6854,20.000000
6855,-28.000000
6856,-44.000000
6857,-48.000000
6858,-8.000000
6859,-20.000000
6860,16.000000
6861,12.000000
6862,20.000000
6863,12.000000
6864,-32.000000
6865,-12.000000
6866,-32.000000
6867,-40.000000
6868,-60.000000
6869,-32.000000
6870,-8.000000
6871,-28.000000
6872,4.000000
6873,-32.000000
6874,-4.000000
6875,12.000000
6876,0.000000
6877,-20.000000
6878,-4.000000
6879,44.000000
6880,-8.000000
6881,8.000000
6882,0.000000
6883,-12.000000
6884,-12.000000
6885,0.000000
6886,4.000000
6887,-16.000000
6888,-20.000000
6889,24.000000
6890,0.000000
6891,-16.000000
6892,56.000000
6893,8.000000
6894,20.000000
6895,-8.000000
6896,-4.000000
6897,-4.000000
6898,0.000000
6899,-8.000000
6900,72.000000
6901,20.000000
6902,0.000000
6903,8.000000
6904,28.000000
6905,-24.000000
6906,-28.000000
6907,44.000000
6908,4.000000
6909,24.000000
6910,24.000000
6911,20.000000
6912,56.000000
6913,28.000000
6914,20.000000
6915,16.000000
6916,-8.000000
6917,-12.000000
6918,4.000000
6919,4.000000
6920,44.000000
6921,16.000000
6922,-8.000000
6923,-16.000000
6924,24.000000
6925,-20.000000
6926,12.000000
6927,8.000000
6928,-12.000000
6929,56.000000
6930,-8.000000
6931,4.000000
6932,24.000000
6933,0.000000
6934,-32.000000
6935,-12.000000
6936,16.000000
6937,-4.000000
6938,20.000000
6939,-8.000000
6940,40.000000
6941,44.000000
6942,28.000000
6943,-4.000000
6944,40.000000
6945,-4.000000
6946,-60.000000
6947,-44.000000
6948,-44.000000
6949,4.000000
6950,32.000000
6951,4.000000
6952,-8.000000
6953,0.000000
6954,-24.000000
6955,-8.000000
6956,-12.000000
6957,-8.000000
6958,-28.000000
6959,-4.000000
6960,-4.000000
6961,12.000000
6962,24.000000
6963,40.000000
6964,-40.000000
6965,-8.000000
6966,-8.000000
6967,-44.000000
6968,-48.000000
6969,-8.000000
6970,4.000000
6971,8.000000
6972,-8.000000
6973,-8.000000
6974,-32.000000
6975,-4.000000
6976,0.000000
6977,-32.000000
6978,-8.000000
6979,-20.000000
6980,-16.000000
6981,-16.000000
6982,-16.000000
6983,-52.000000
6984,8.000000
6985,-32.000000
6986,-28.000000
6987,-24.000000
6988,-4.000000
6989,-12.000000
6990,52.000000
6991,-4.000000
6992,16.000000
6993,-8.000000
6994,-8.000000
6995,-36.000000
6996,-44.000000
6997,-24.000000
6998,-12.000000
6999,44.000000
7000,-20.000000
7001,12.000000
7002,0.000000
7003,0.000000
7004,16.000000
7005,-40.000000
7006,8.000000
7007,-8.000000
7008,0.000000
7009,-16.000000
7010,44.000000
7011,4.000000
7012,8.000000
7013,8.000000
7014,0.000000
7015,24.000000
7016,8.000000
7017,12.000000
7018,-4.000000
7019,-20.000000
7020,-8.000000
7021,8.000000
7022,-64.000000
7023,4.000000
7024,-20.000000
7025,4.000000
7026,0.000000
7027,-8.000000
7028,32.000000
7029,8.000000
7030,-20.000000
7031,-12.000000
7032,24.000000
7033,-4.000000
7034,20.000000
7035,-40.000000
7036,52.000000
7037,-4.000000
7038,8.000000
7039,0.000000
7040,0.000000
7041,-56.000000
7042,8.000000
7043,-4.000000
7044,0.000000
7045,-52.000000
7046,28.000000
7047,-8.000000
7048,-8.000000
7049,-12.000000
7050,-8.000000
7051,4.000000
7052,-60.000000
7053,0.000000
7054,-8.000000
7055,-8.000000
7056,24.000000
7057,-12.000000
7058,4.000000
7059,-8.000000
7060,52.000000
7061,0.000000
7062,-20.000000
7063,-24.000000
7064,-100.000000
7065,20.000000
7066,-16.000000
7067,-44.000000
7068,-4.000000
7069,52.000000
7070,-16.000000
7071,4.000000
7072,0.000000
7073,-12.000000
7074,-16.000000
7075,-28.000000
7076,72.000000
7077,-8.000000
7078,0.000000
7079,0.000000
7080,28.000000
7081,-8.000000
7082,-8.000000
7083,-28.000000
7084,-24.000000
7085,-8.000000
7086,-4.000000
7087,28.000000
7088,-28.000000
7089,16.000000
7090,0.000000
7091,-8.000000
7092,-20.000000
7093,40.000000
7094,8.000000
7095,-32.000000
7096,-8.000000
7097,-4.000000
7098,-16.000000
7099,-20.000000
7100,-20.000000
7101,-24.000000
7102,8.000000
7103,0.000000
7104,-24.000000
7105,0.000000
7106,-8.000000
7107,-24.000000
7108,-60.000000
7109,-36.000000
7110,-20.000000
7111,-8.000000
7112,-20.000000
7113,0.000000
7114,20.000000
7115,-28.000000
7116,64.000000
7117,-36.000000
7118,-8.000000
7119,12.000000
7120,12.000000
7121,-44.000000
7122,-8.000000
7123,16.000000
7124,16.000000
7125,-4.000000
7126,0.000000
7127,16.000000
7128,-24.000000
7129,12.000000
7130,24.000000
7131,20.000000
7132,-12.000000
7133,12.000000
7134,-28.000000
7135,-12.000000
7136,-8.000000
7137,20.000000
7138,16.000000
7139,0.000000
7140,56.000000
7141,4.000000
7142,4.000000
7143,20.000000
7144,24.000000
7145,0.000000
7146,-4.000000
7147,0.000000
7148,-20.000000
7149,16.000000
7150,-32.000000
7151,60.000000
7152,-4.000000
7153,24.000000
7154,20.000000
7155,32.000000
7156,-20.000000
7157,36.000000
7158,16.000000
7159,-24.000000
7160,12.000000
7161,52.000000
7162,0.000000
7163,-16.000000
7164,-16.000000
7165,4.000000
7166,-4.000000
7167,16.000000
7168,-8.000000
7169,-16.000000
7170,-32.000000
7171,-80.000000
7172,-32.000000
7173,-8.000000
7174,-8.000000
7175,0.000000
7176,0.000000
7177,-8.000000
7178,0.000000
7179,8.000000
7180,-12.000000
7181,-20.000000
7182,16.000000
7183,-12.000000
7184,-16.000000
7185,8.000000
7186,4.000000
7187,8.000000
7188,8.000000
7189,-36.000000
7190,-40.000000
7191,44.000000
7192,0.000000
7193,24.000000
7194,-28.000000
7195,4.000000
7196,-28.000000
7197,-4.000000
7198,-40.000000
7199,8.000000
7200,-28.000000
7201,20.000000
7202,-8.000000
7203,20.000000
7204,-32.000000
7205,0.000000
7206,-16.000000
7207,-28.000000
7208,0.000000
7209,-48.000000
7210,-28.000000
7211,-8.000000
7212,-12.000000
7213,-36.000000
7214,52.000000
7215,-28.000000
7216,-28.000000
7217,-24.000000
7218,-48.000000
7219,-8.000000
7220,-8.000000
7221,-16.000000
7222,32.000000
7223,-12.000000
7224,20.000000
7225,-4.000000
7226,-20.000000
7227,-16.000000
7228,-8.000000
7229,20.000000
7230,-48.000000
7231,-28.000000
7232,-24.000000
7233,8.000000
7234,12.000000
7235,-16.000000
7236,-16.000000
7237,12.000000
7238,-20.000000
7239,0.000000
7240,-8.000000
7241,-28.000000
7242,-24.000000
7243,20.000000
7244,-20.000000
7245,4.000000
7246,4.000000
7247,-12.000000
7248,24.000000
7249,56.000000
7250,-8.000000
7251,-4.000000
7252,20.000000
7253,-60.000000
7254,-32.000000
7255,0.000000
7256,-12.000000
7257,-20.000000
7258,-8.000000
7259,0.000000
7260,16.000000
7261,56.000000
7262,-4.000000
7263,16.000000
7264,16.000000
7265,12.000000
7266,0.000000
7267,-16.000000
7268,44.000000
7269,-8.000000
7270,28.000000
7271,-32.000000
7272,-28.000000
7273,0.000000
7274,0.000000
7275,-8.000000
7276,-8.000000
7277,44.000000
7278,-28.000000
7279,-28.000000
7280,0.000000
7281,-60.000000
7282,-20.000000
7283,0.000000
7284,8.000000
7285,52.000000
7286,24.000000
7287,-8.000000
7288,124.000000
7289,28.000000
7290,-12.000000
7291,12.000000
7292,-56.000000
7293,32.000000
7294,8.000000
7295,8.000000
7296,8.000000
7297,-8.000000
7298,12.000000
7299,24.000000
7300,8.000000
7301,-20.000000
7302,-4.000000
7303,12.000000
7304,-20.000000
7305,52.000000
7306,-4.000000
7307,24.000000
7308,20.000000
7309,4.000000
7310,-20.000000
7311,4.000000
7312,-4.000000
7313,-68.000000
7314,0.000000
7315,-16.000000
7316,-12.000000
7317,-24.000000
7318,-24.000000
7319,32.000000
7320,8.000000
7321,0.000000
7322,-16.000000
7323,-20.000000
7324,52.000000
7325,8.000000
7326,44.000000
7327,32.000000
7328,4.000000
7329,-20.000000
7330,-8.000000
7331,-4.000000
7332,52.000000
7333,-16.000000
7334,-24.000000
7335,4.000000
7336,-28.000000
7337,-20.000000
7338,-12.000000
7339,8.000000
7340,-20.000000
7341,20.000000
7342,-4.000000
7343,-16.000000
7344,-24.000000
7345,0.000000
7346,0.000000
7347,44.000000
7348,-8.000000
7349,-4.000000
7350,-24.000000
7351,8.000000
7352,-28.000000
7353,16.000000
7354,-8.000000
7355,16.000000
7356,-40.000000
7357,-40.000000
7358,-8.000000
7359,12.000000
7360,-36.000000
7361,-16.000000
7362,-8.000000
7363,-8.000000
7364,0.000000
7365,0.000000
7366,-24.000000
7367,0.000000
7368,-12.000000
7369,4.000000
7370,-8.000000
7371,8.000000
7372,-28.000000
7373,12.000000
7374,32.000000
7375,-16.000000
7376,0.000000
7377,60.000000
7378,-8.000000
7379,84.000000
7380,44.000000
7381,12.000000
7382,-24.000000
7383,-8.000000
7384,56.000000
7385,16.000000
7386,-44.000000
7387,24.000000
7388,16.000000
7389,0.000000
7390,-60.000000
7391,28.000000
7392,32.000000
7393,28.000000
7394,-4.000000
7395,72.000000
7396,16.000000
7397,8.000000
7398,-12.000000
7399,12.000000
7400,-52.000000
7401,24.000000
7402,4.000000
7403,-12.000000
7404,-8.000000
7405,16.000000
7406,32.000000
7407,-92.000000
7408,28.000000
7409,-8.000000
7410,-8.000000
7411,-16.000000
7412,60.000000
7413,-16.000000
7414,12.000000
7415,4.000000
7416,-24.000000
7417,16.000000
7418,16.000000
7419,16.000000
7420,-8.000000
7421,-32.000000
7422,16.000000
7423,4.000000
7424,4.000000
7425,12.000000
7426,64.000000
7427,0.000000
7428,-84.000000
7429,-28.000000
7430,0.000000
7431,-8.000000
7432,-40.000000
7433,0.000000
7434,16.000000
7435,4.000000
7436,48.000000
7437,0.000000
7438,-8.000000
7439,4.000000
7440,-32.000000
7441,44.000000
7442,-28.000000
7443,-8.000000
7444,-40.000000
7445,4.000000
7446,4.000000
7447,20.000000
7448,-92.000000
7449,-12.000000
7450,-32.000000
7451,-32.000000
7452,8.000000
7453,-24.000000
7454,-24.000000
7455,60.000000
7456,-16.000000
7457,-40.000000
7458,-16.000000
7459,-12.000000
7460,-32.000000
7461,-28.000000
7462,-28.000000
7463,8.000000
7464,-20.000000
7465,24.000000
7466,-36.000000
7467,-16.000000
7468,-16.000000
7469,24.000000
7470,-4.000000
7471,-8.000000
7472,-32.000000
7473,-16.000000
7474,-8.000000
7475,-12.000000
7476,-12.000000
7477,-4.000000
7478,-24.000000
7479,52.000000
7480,-16.000000
7481,24.000000
7482,0.000000
7483,-12.000000
7484,-16.000000
7485,0.000000
7486,-8.000000
7487,52.000000
7488,-16.000000
7489,8.000000
7490,8.000000
7491,68.000000
7492,-28.000000
7493,-32.000000
7494,28.000000
7495,-28.000000
7496,-32.000000
7497,-8.000000
7498,-4.000000
7499,-60.000000
7500,-8.000000
7501,52.000000
7502,-4.000000
7503,0.000000
7504,-20.000000
7505,8.000000
7506,-32.000000
7507,0.000000
7508,4.000000
7509,28.000000
7510,-16.000000
7511,-8.000000
7512,24.000000
7513,-60.000000
7514,20.000000
7515,32.000000
7516,-8.000000
7517,-12.000000
7518,-8.000000
7519,-8.000000
7520,8.000000
7521,0.000000
7522,4.000000
7523,20.000000
7524,4.000000
7525,52.000000
7526,0.000000
7527,28.000000
7528,-8.000000
7529,16.000000
7530,16.000000
7531,4.000000
7532,-28.000000
7533,-16.000000
7534,16.000000
7535,12.000000
7536,12.000000
7537,52.000000
7538,-12.000000
7539,-8.000000
7540,-24.000000
7541,12.000000
7542,-24.000000
7543,-8.000000
7544,-8.000000
7545,44.000000
7546,-48.000000
7547,-8.000000
7548,0.000000
7549,-24.000000
7550,-12.000000
7551,52.000000
7552,-24.000000
7553,0.000000
7554,-8.000000
7555,-4.000000
7556,-48.000000
7557,-36.000000
7558,-36.000000
7559,-8.000000
7560,-56.000000
7561,-24.000000
7562,-24.000000
7563,12.000000
7564,-36.000000
7565,0.000000
7566,-28.000000
7567,-8.000000
7568,20.000000
7569,0.000000
7570,-28.000000
7571,4.000000
7572,16.000000
7573,-28.000000
7574,-28.000000
7575,20.000000
7576,-28.000000
7577,16.000000
7578,-20.000000
7579,-8.000000
7580,-16.000000
7581,-28.000000
7582,-24.000000
7583,8.000000
7584,-64.000000
7585,-16.000000
7586,-16.000000
7587,-28.000000
7588,-28.000000
7589,-52.000000
7590,-28.000000
7591,16.000000
7592,52.000000
7593,-24.000000
7594,-8.000000
7595,16.000000
7596,104.000000
7597,28.000000
7598,16.000000
7599,-16.000000
7600,-4.000000
7601,-28.000000
7602,40.000000
7603,20.000000
7604,-8.000000
7605,0.000000
7606,-44.000000
7607,-36.000000
7608,28.000000
7609,0.000000
7610,16.000000
7611,20.000000
7612,-8.000000
7613,0.000000
7614,32.000000
7615,-16.000000
7616,-8.000000
7617,12.000000
7618,-20.000000
7619,24.000000
7620,20.000000
7621,0.000000
7622,0.000000
7623,8.000000
7624,12.000000
7625,-16.000000
7626,32.000000
7627,-8.000000
7628,24.000000
7629,4.000000
7630,0.000000
7631,12.000000
7632,0.000000
7633,8.000000
7634,-12.000000
7635,8.000000
7636,-60.000000
7637,-16.000000
7638,0.000000
7639,4.000000
7640,0.000000
7641,32.000000
7642,4.000000
7643,12.000000
7644,-20.000000
7645,0.000000
7646,-52.000000
7647,16.000000
7648,4.000000
7649,-12.000000
7650,-8.000000
7651,-20.000000
7652,12.000000
7653,40.000000
7654,8.000000
7655,4.000000
7656,-4.000000
7657,28.000000
7658,-28.000000
7659,20.000000
7660,-4.000000
7661,44.000000
7662,-16.000000
7663,0.000000
7664,-16.000000
7665,-8.000000
7666,-12.000000
7667,-40.000000
7668,-40.000000
7669,-40.000000
7670,-12.000000
7671,8.000000
7672,-20.000000
7673,40.000000
7674,24.000000
7675,0.000000
7676,0.000000
7677,-28.000000
7678,0.000000
7679,24.000000
7680,-44.000000
7681,0.000000
7682,-32.000000
7683,4.000000
7684,-8.000000
7685,0.000000
7686,-44.000000
7687,-44.000000
7688,-4.000000
7689,60.000000
7690,-48.000000
7691,-20.000000
7692,-24.000000
7693,-40.000000
7694,-32.000000
7695,60.000000
7696,64.000000
7697,-4.000000
7698,-8.000000
7699,-48.000000
7700,24.000000
7701,20.000000
7702,-4.000000
7703,-12.000000
7704,-16.000000
7705,-24.000000
7706,-16.000000
7707,-48.000000
7708,-8.000000
7709,-20.000000
7710,20.000000
7711,-24.000000
7712,-32.000000
7713,-40.000000
7714,-40.000000
7715,-28.000000
7716,64.000000
7717,0.000000
7718,0.000000
7719,0.000000
7720,-40.000000
7721,8.000000
7722,12.000000
7723,-4.000000
7724,20.000000
7725,20.000000
7726,84.000000
7727,-44.000000
7728,-28.000000
7729,-20.000000
7730,-8.000000
7731,-16.000000
7732,0.000000
7733,-16.000000
7734,8.000000
7735,8.000000
7736,24.000000
7737,-28.000000
7738,0.000000
7739,0.000000
7740,-20.000000
7741,12.000000
7742,12.000000
7743,0.000000
7744,-4.000000
7745,8.000000
7746,-44.000000
7747,-8.000000
7748,20.000000
7749,32.000000
7750,20.000000
7751,-16.000000
7752,24.000000
7753,-12.000000
7754,-24.000000
7755,-44.000000
7756,4.000000
7757,-8.000000
7758,-16.000000
7759,12.000000
7760,-16.000000
7761,-8.000000
7762,-8.000000
7763,0.000000
7764,-28.000000
7765,-80.000000
7766,0.000000
7767,-4.000000
7768,4.000000
7769,12.000000
7770,-8.000000
7771,-8.000000
7772,-56.000000
7773,0.000000
7774,12.000000
7775,-12.000000
7776,8.000000
7777,0.000000
7778,-20.000000
7779,16.000000
7780,16.000000
7781,8.000000
7782,0.000000
7783,0.000000
7784,-44.000000
7785,-4.000000
7786,32.000000
7787,-28.000000
7788,12.000000
7789,4.000000
7790,-24.000000
7791,-32.000000
7792,-8.000000
7793,68.000000
7794,-8.000000
7795,-36.000000
7796,-4.000000
7797,-36.000000
7798,-8.000000
7799,44.000000
7800,28.000000
7801,0.000000
7802,-8.000000
7803,0.000000
7804,-24.000000
7805,0.000000
7806,-4.000000
7807,32.000000
7808,8.000000
7809,-24.000000
7810,-4.000000
7811,4.000000
7812,12.000000
7813,-28.000000
7814,-24.000000
7815,-12.000000
7816,0.000000
7817,20.000000
7818,12.000000
7819,-12.000000
7820,-48.000000
7821,-28.000000
7822,0.000000
7823,16.000000
7824,-16.000000
7825,-24.000000
7826,16.000000
7827,0.000000
7828,-8.000000
7829,-44.000000
7830,32.000000
7831,-44.000000
7832,52.000000
7833,0.000000
7834,4.000000
7835,0.000000
7836,40.000000
7837,-4.000000
7838,-4.000000
7839,0.000000
7840,20.000000
7841,4.000000
7842,4.000000
7843,-60.000000
7844,8.000000
7845,-12.000000
7846,-24.000000
7847,28.000000
7848,8.000000
7849,4.000000
7850,0.000000
7851,24.000000
7852,8.000000
7853,4.000000
7854,0.000000
7855,20.000000
7856,20.000000
7857,0.000000
7858,44.000000
7859,12.000000
7860,8.000000
7861,12.000000
7862,-20.000000
7863,-60.000000
7864,0.000000
7865,-8.000000
7866,-12.000000
7867,16.000000
7868,32.000000
7869,8.000000
7870,-12.000000
7871,8.000000
7872,16.000000
7873,20.000000
7874,40.000000
7875,0.000000
7876,-20.000000
7877,20.000000
7878,44.000000
7879,-36.000000
7880,4.000000
7881,4.000000
7882,16.000000
7883,16.000000
7884,16.000000
7885,8.000000
7886,0.000000
7887,12.000000
7888,24.000000
7889,16.000000
7890,16.000000
7891,4.000000
7892,0.000000
7893,-8.000000
7894,0.000000
7895,16.000000
7896,-12.000000
7897,-8.000000
7898,4.000000
7899,4.000000
7900,0.000000
7901,-8.000000
7902,20.000000
7903,-20.000000
7904,-40.000000
7905,20.000000
7906,56.000000
7907,-24.000000
7908,4.000000
7909,-8.000000
7910,68.000000
7911,16.000000
7912,36.000000
7913,24.000000
7914,20.000000
7915,-28.000000
7916,-20.000000
7917,-48.000000
7918,-8.000000
7919,-16.000000
7920,-12.000000
7921,16.000000
7922,12.000000
7923,-16.000000
7924,0.000000
7925,8.000000
7926,-72.000000
7927,16.000000
7928,-24.000000
7929,0.000000
7930,0.000000
7931,-16.000000
7932,28.000000
7933,-28.000000
7934,-28.000000
7935,-52.000000
7936,-24.000000
7937,4.000000
7938,-4.000000
7939,-32.000000
7940,-28.000000
7941,20.000000
7942,-16.000000
7943,0.000000
7944,4.000000
7945,4.000000
7946,0.000000
7947,-8.000000
7948,-8.000000
7949,-32.000000
7950,16.000000
7951,-28.000000
7952,-8.000000
7953,108.000000
7954,-8.000000
7955,4.000000
7956,-32.000000
7957,12.000000
7958,-12.000000
7959,16.000000
7960,-8.000000
7961,-20.000000
7962,-16.000000
7963,-44.000000
7964,-40.000000
7965,-8.000000
7966,-8.000000
7967,-60.000000
7968,16.000000
7969,-4.000000
7970,-28.000000
7971,0.000000
7972,-44.000000
7973,-4.000000
7974,4.000000
7975,60.000000
7976,16.000000
7977,-60.000000
7978,-32.000000
7979,-8.000000
7980,-8.000000
7981,4.000000
7982,4.000000
7983,-16.000000
7984,-16.000000
7985,-20.000000
7986,0.000000
7987,-8.000000
7988,12.000000
7989,0.000000
7990,0.000000
7991,-4.000000
7992,4.000000
7993,4.000000
7994,4.000000
7995,8.000000
7996,8.000000
7997,-20.000000
7998,-8.000000
7999,-12.000000
8000,8.000000
8001,-32.000000
8002,16.000000
8003,44.000000
8004,-16.000000
8005,-8.000000
8006,-28.000000
8007,12.000000
8008,24.000000
8009,0.000000
8010,20.000000
8011,-16.000000
8012,-8.000000
8013,-20.000000
8014,64.000000
8015,24.000000
8016,12.000000
8017,0.000000
8018,0.000000
8019,4.000000
8020,0.000000
8021,4.000000
8022,16.000000
8023,16.000000
8024,20.000000
8025,-8.000000
8026,40.000000
8027,24.000000
8028,56.000000
8029,-24.000000
8030,0.000000
8031,16.000000
8032,12.000000
8033,52.000000
8034,4.000000
8035,8.000000
8036,24.000000
8037,0.000000
8038,-16.000000
8039,-12.000000
8040,20.000000
8041,20.000000
8042,-24.000000
8043,-8.000000
8044,52.000000
8045,-32.000000
8046,-24.000000
8047,-8.000000
8048,-12.000000
8049,-16.000000
8050,-12.000000
8051,-24.000000
8052,-20.000000
8053,-12.000000
8054,-24.000000
8055,-76.000000
8056,-20.000000
8057,-12.000000
8058,-8.000000
8059,-28.000000
8060,-32.000000
8061,0.000000
8062,-36.000000
8063,-20.000000
8064,-20.000000
8065,4.000000
8066,4.000000
8067,-44.000000
8068,44.000000
8069,-8.000000
8070,16.000000
8071,4.000000
8072,4.000000
8073,-12.000000
8074,0.000000
8075,20.000000
8076,68.000000
8077,-24.000000
8078,-20.000000
8079,-24.000000
8080,-24.000000
8081,52.000000
8082,-16.000000
8083,-8.000000
8084,-20.000000
8085,-4.000000
8086,-40.000000
8087,0.000000
8088,-8.000000
8089,-40.000000
8090,-8.000000
8091,0.000000
8092,-4.000000
8093,56.000000
8094,-20.000000
8095,36.000000
8096,0.000000
8097,-8.000000
8098,4.000000
8099,24.000000
8100,-28.000000
8101,20.000000
8102,8.000000
8103,-4.000000
8104,16.000000
8105,0.000000
8106,40.000000
8107,12.000000
8108,12.000000
8109,24.000000
8110,8.000000
8111,16.000000
8112,4.000000
8113,16.000000
8114,-8.000000
8115,8.000000
8116,0.000000
8117,24.000000
8118,28.000000
8119,20.000000
8120,20.000000
8121,-16.000000
8122,32.000000
8123,24.000000
8124,24.000000
8125,4.000000
8126,12.000000
8127,0.000000
8128,-20.000000
8129,12.000000
8130,-24.000000
8131,-4.000000
8132,-8.000000
8133,-20.000000
8134,12.000000
8135,-36.000000
8136,0.000000
8137,24.000000
8138,-8.000000
8139,0.000000
8140,44.000000
8141,-4.000000
8142,-8.000000
8143,16.000000
8144,12.000000
8145,0.000000
8146,-4.000000
8147,40.000000
8148,0.000000
8149,8.000000
8150,4.000000
8151,8.000000
8152,8.000000
8153,0.000000
8154,12.000000
8155,-12.000000
8156,-32.000000
8157,24.000000
8158,44.000000
8159,20.000000
8160,16.000000
8161,-28.000000
8162,-32.000000
8163,-12.000000
8164,-8.000000
8165,-32.000000
8166,4.000000
8167,8.000000
8168,-12.000000
8169,-12.000000
8170,-20.000000
8171,8.000000
8172,-20.000000
8173,-12.000000
8174,-32.000000
8175,-20.000000
8176,-8.000000
8177,20.000000
8178,-56.000000
8179,0.000000
8180,20.000000
8181,-52.000000
8182,-44.000000
8183,-32.000000
8184,-36.000000
8185,-16.000000
8186,-16.000000
8187,0.000000
8188,-40.000000
8189,20.000000
8190,20.000000
8191,-20.000000
8192,72.000000
8193,-4.000000
8194,-24.000000
8195,-32.000000
8196,28.000000
8197,-40.000000
8198,-8.000000
8199,4.000000
8200,0.000000
8201,-28.000000
8202,12.000000
8203,-12.000000
8204,-8.000000
8205,-20.000000
8206,44.000000
8207,-24.000000
8208,-24.000000
8209,-8.000000
8210,72.000000
8211,-12.000000
8212,52.000000
8213,-8.000000
8214,-8.000000
8215,-12.000000
8216,-8.000000
8217,-20.000000
8218,16.000000
8219,-28.000000
8220,-52.000000
8221,24.000000
8222,24.000000
8223,16.000000
8224,12.000000
8225,0.000000
8226,16.000000
8227,4.000000
8228,16.000000
8229,48.000000
8230,28.000000
8231,-52.000000
8232,8.000000
8233,52.000000
8234,28.000000
8235,-36.000000
8236,20.000000
8237,12.000000
8238,-20.000000
8239,16.000000
8240,-20.000000
8241,-16.000000
8242,-20.000000
8243,12.000000
8244,4.000000
8245,8.000000
8246,8.000000
8247,-64.000000
8248,-20.000000
8249,-28.000000
8250,20.000000
8251,0.000000
8252,16.000000
8253,-4.000000
8254,-16.000000
8255,-60.000000
8256,-8.000000
8257,4.000000
8258,-28.000000
8259,-8.000000
8260,12.000000
8261,-8.000000
8262,0.000000
8263,-44.000000
8264,8.000000
8265,0.000000
8266,44.000000
8267,12.000000
8268,-4.000000
8269,24.000000
8270,88.000000
8271,0.000000
8272,16.000000
8273,4.000000
8274,4.000000
8275,-24.000000
8276,-24.000000
8277,60.000000
8278,24.000000
8279,16.000000
8280,20.000000
8281,-24.000000
8282,-8.000000
8283,-8.000000
8284,-4.000000
8285,-12.000000
8286,-60.000000
8287,-36.000000
8288,-36.000000
8289,-4.000000
8290,-20.000000
8291,-20.000000
8292,8.000000
8293,16.000000
8294,-56.000000
8295,-24.000000
8296,-28.000000
8297,16.000000
8298,-8.000000
8299,76.000000
8300,8.000000
8301,-32.000000
8302,-28.000000
8303,-24.000000
8304,4.000000
8305,-40.000000
8306,-20.000000
8307,0.000000
8308,20.000000
8309,52.000000
8310,20.000000
8311,-28.000000
8312,-36.000000
8313,16.000000
8314,-28.000000
8315,-8.000000
8316,-4.000000
8317,-60.000000
8318,-4.000000
8319,-20.000000
8320,-16.000000
8321,-52.000000
8322,8.000000
8323,-4.000000
8324,24.000000
8325,0.000000
8326,0.000000
8327,16.000000
8328,-12.000000
8329,20.000000
8330,24.000000
8331,-28.000000
8332,52.000000
8333,0.000000
8334,-40.000000
8335,0.000000
8336,4.000000
8337,16.000000
8338,4.000000
8339,12.000000
8340,12.000000
8341,20.000000
8342,28.000000
8343,12.000000
8344,12.000000
8345,4.000000
8346,-24.000000
8347,20.000000
8348,16.000000
8349,0.000000
8350,16.000000
8351,-4.000000
8352,-24.000000
8353,8.000000
8354,16.000000
8355,12.000000
8356,40.000000
8357,12.000000
8358,16.000000
8359,60.000000
8360,0.000000
8361,24.000000
8362,52.000000
8363,-8.000000
8364,20.000000
8365,12.000000
8366,12.000000
8367,8.000000
8368,24.000000
8369,8.000000
8370,-20.000000
8371,4.000000
8372,-28.000000
8373,52.000000
8374,20.000000
8375,0.000000
8376,-16.000000
8377,24.000000
8378,-8.000000
8379,44.000000
8380,0.000000
8381,24.000000
8382,12.000000
8383,8.000000
8384,24.000000
8385,20.000000
8386,16.000000
8387,12.000000
8388,0.000000
8389,-8.000000
8390,0.000000
8391,-20.000000
8392,8.000000
8393,-44.000000
8394,52.000000
8395,-16.000000
8396,28.000000
8397,-24.000000
8398,16.000000
8399,-8.000000
8400,-8.000000
8401,4.000000
8402,-20.000000
8403,-4.000000
8404,4.000000
8405,12.000000
8406,52.000000
8407,28.000000
8408,-8.000000
8409,-16.000000
8410,-16.000000
8411,-32.000000
8412,-32.000000
8413,-12.000000
8414,-16.000000
8415,-16.000000
8416,-8.000000
8417,12.000000
8418,-36.000000
8419,-8.000000
8420,-48.000000
8421,0.000000
8422,0.000000
8423,4.000000
8424,-4.000000
8425,-12.000000
8426,-12.000000
8427,-4.000000
8428,-76.000000
8429,-36.000000
8430,-36.000000
8431,44.000000
8432,-8.000000
8433,20.000000
8434,-8.000000
8435,44.000000
8436,0.000000
8437,-28.000000
8438,0.000000
8439,-20.000000
8440,-8.000000
8441,24.000000
8442,-32.000000
8443,-8.000000
8444,12.000000
8445,-28.000000
8446,24.000000
8447,28.000000
8448,40.000000
8449,-48.000000
8450,-8.000000
8451,-12.000000
8452,8.000000
8453,8.000000
8454,4.000000
8455,8.000000
8456,0.000000
8457,-8.000000
8458,0.000000
8459,4.000000
8460,4.000000
8461,72.000000
8462,40.000000
8463,24.000000
8464,-8.000000
8465,-40.000000
8466,-20.000000
8467,-8.000000
8468,-8.000000
8469,-12.000000
8470,16.000000
8471,-8.000000
8472,-16.000000
8473,52.000000
8474,-4.000000
8475,28.000000
8476,-32.000000
8477,4.000000
8478,4.000000
8479,-8.000000
8480,-16.000000
8481,8.000000
8482,36.000000
8483,-8.000000
8484,12.000000
8485,-8.000000
8486,56.000000
8487,40.000000
8488,-20.000000
8489,28.000000
8490,60.000000
8491,44.000000
8492,-12.000000
8493,20.000000
8494,-24.000000
8495,12.000000
8496,16.000000
8497,0.000000
8498,16.000000
8499,12.000000
8500,12.000000
8501,-12.000000
8502,-12.000000
8503,0.000000
8504,0.000000
8505,0.000000
8506,0.000000
8507,0.000000
8508,-8.000000
8509,-8.000000
8510,0.000000
8511,16.000000
8512,24.000000
8513,0.000000
8514,44.000000
8515,20.000000
8516,0.000000
8517,8.000000
8518,8.000000
8519,-20.000000
8520,20.000000
8521,-8.000000
8522,20.000000
8523,16.000000
8524,-24.000000
8525,-4.000000
8526,-40.000000
8527,16.000000
8528,-68.000000
8529,12.000000
8530,-24.000000
8531,-4.000000
8532,-8.000000
8533,44.000000
8534,-12.000000
8535,-52.000000
8536,0.000000
8537,-20.000000
8538,-8.000000
8539,-24.000000
8540,-8.000000
8541,52.000000
8542,-56.000000
8543,84.000000
8544,44.000000
8545,8.000000
8546,8.000000
8547,-24.000000
8548,16.000000
8549,8.000000
8550,-4.000000
8551,56.000000
8552,-12.000000
8553,24.000000
8554,-8.000000
8555,-16.000000
8556,0.000000
8557,0.000000
8558,-8.000000
8559,68.000000
8560,28.000000
8561,-28.000000
8562,8.000000
8563,-8.000000
8564,-96.000000
8565,4.000000
8566,-4.000000
8567,-60.000000
8568,8.000000
8569,-20.000000
8570,-20.000000
8571,-48.000000
8572,-16.000000
8573,-60.000000
8574,0.000000
8575,-20.000000
8576,-24.000000
8577,-8.000000
8578,0.000000
8579,28.000000
8580,-12.000000
8581,-8.000000
8582,0.000000
8583,-8.000000
8584,-12.000000
8585,4.000000
8586,-40.000000
8587,12.000000
8588,-20.000000
8589,-32.000000
8590,12.000000
8591,-12.000000
8592,12.000000
8593,0.000000
8594,0.000000
8595,64.000000
8596,24.000000
8597,-12.000000
8598,0.000000
8599,-4.000000
8600,-8.000000
8601,32.000000
8602,0.000000
8603,0.000000
8604,-8.000000
8605,4.000000
8606,-12.000000
8607,4.000000
8608,-12.000000
8609,-24.000000
8610,52.000000
8611,-68.000000
8612,4.000000
8613,12.000000
8614,-12.000000
8615,24.000000
8616,-20.000000
8617,20.000000
8618,-20.000000
8619,20.000000
8620,-8.000000
8621,8.000000
8622,4.000000
8623,-20.000000
8624,-28.000000
8625,32.000000
8626,-8.000000
8627,-16.000000
8628,36.000000
8629,20.000000
8630,-36.000000
8631,12.000000
8632,40.000000
8633,20.000000
8634,20.000000
8635,-16.000000
8636,-24.000000
8637,16.000000
8638,-72.000000
8639,12.000000
8640,0.000000
8641,-24.000000
8642,12.000000
8643,-16.000000
8644,28.000000
8645,24.000000
8646,-16.000000
8647,-12.000000
8648,-8.000000
8649,-28.000000
8650,-44.000000
8651,28.000000
8652,-40.000000
8653,-24.000000
8654,-8.000000
8655,-4.000000
8656,-20.000000
8657,-20.000000
8658,-20.000000
8659,-4.000000
8660,-12.000000
8661,16.000000
8662,-8.000000
8663,-16.000000
8664,20.000000
8665,-32.000000
8666,-12.000000
8667,0.000000
8668,-4.000000
8669,0.000000
8670,8.000000
8671,0.000000
8672,-48.000000
8673,24.000000
8674,-16.000000
8675,-48.000000
8676,4.000000
8677,-48.000000
8678,-24.000000
8679,-48.000000
8680,-24.000000
8681,-52.000000
8682,-52.000000
8683,24.000000
8684,-32.000000
8685,12.000000
8686,-12.000000
8687,24.000000
8688,-20.000000
8689,-48.000000
8690,-16.000000
8691,-8.000000
8692,-8.000000
8693,-20.000000
8694,52.000000
8695,-24.000000
8696,-8.000000
8697,20.000000
8698,-8.000000
8699,0.000000
8700,-12.000000
8701,-4.000000
8702,28.000000
8703,4.000000
8704,0.000000
8705,-4.000000
8706,-4.000000
8707,-40.000000
8708,-28.000000
8709,0.000000
8710,44.000000
8711,-40.000000
8712,-4.000000
8713,16.000000
8714,12.000000
8715,20.000000
8716,20.000000
8717,44.000000
8718,44.000000
8719,-8.000000
8720,16.000000
8721,52.000000
8722,-8.000000
8723,-8.000000
8724,16.000000
8725,20.000000
8726,20.000000
8727,56.000000
8728,52.000000
8729,-24.000000
8730,28.000000
8731,16.000000
8732,-44.000000
8733,100.000000
8734,8.000000
8735,0.000000
8736,-20.000000
8737,0.000000
8738,0.000000
8739,24.000000
8740,24.000000
8741,52.000000
8742,52.000000
8743,4.000000
8744,-16.000000
8745,-40.000000
8746,0.000000
8747,28.000000
8748,-28.000000
8749,-8.000000
8750,-8.000000
8751,8.000000
8752,-44.000000
8753,8.000000
8754,-12.000000
8755,-8.000000
8756,0.000000
8757,-36.000000
8758,-40.000000
8759,-8.000000
8760,-28.000000
8761,-8.000000
8762,0.000000
8763,-16.000000
8764,-32.000000
8765,0.000000
8766,-16.000000
8767,40.000000
8768,0.000000
8769,-44.000000
8770,-8.000000
8771,16.000000
8772,-28.000000
8773,-16.000000
8774,-16.000000
8775,-20.000000
8776,-12.000000
8777,0.000000
8778,-60.000000
8779,-28.000000
8780,44.000000
8781,16.000000
8782,24.000000
8783,8.000000
8784,-16.000000
8785,-8.000000
8786,-24.000000
8787,-32.000000
8788,-16.000000
8789,-52.000000
8790,-40.000000
8791,-12.000000
8792,12.000000
8793,-32.000000
8794,-8.000000
8795,-28.000000
8796,-80.000000
8797,-36.000000
8798,-40.000000
8799,-20.000000
8800,0.000000
8801,-20.000000
8802,-24.000000
8803,64.000000
8804,0.000000
8805,28.000000
8806,16.000000
8807,8.000000
8808,-60.000000
8809,16.000000
8810,-8.000000
8811,-4.000000
8812,8.000000
8813,-8.000000
8814,-48.000000
8815,8.000000
8816,52.000000
8817,-12.000000
8818,4.000000
8819,4.000000
8820,24.000000
8821,-12.000000
8822,0.000000
8823,-20.000000
8824,8.000000
8825,4.000000
8826,-16.000000
8827,24.000000
8828,8.000000
8829,48.000000
8830,20.000000
8831,32.000000
8832,-8.000000
8833,-72.000000
8834,8.000000
8835,-8.000000
8836,44.000000
8837,12.000000
8838,-40.000000
8839,-16.000000
8840,0.000000
8841,-12.000000
8842,-80.000000
8843,64.000000
8844,40.000000
8845,-32.000000
8846,-60.000000
8847,-4.000000
8848,-4.000000
8849,48.000000
8850,4.000000
8851,-8.000000
8852,-12.000000
8853,12.000000
8854,-44.000000
8855,0.000000
8856,-24.000000
8857,-8.000000
8858,0.000000
8859,-16.000000
8860,-8.000000
8861,0.000000
8862,0.000000
8863,4.000000
8864,-8.000000
8865,20.000000
8866,-28.000000
8867,8.000000
8868,44.000000
8869,-44.000000
8870,0.000000
8871,-32.000000
8872,-8.000000
8873,-20.000000
8874,44.000000
8875,-20.000000
8876,-20.000000
8877,-52.000000
8878,-28.000000
8879,-20.000000
8880,28.000000
8881,12.000000
8882,16.000000
8883,-4.000000
8884,4.000000
8885,-48.000000
8886,-28.000000
8887,-52.000000
8888,-8.000000
8889,-44.000000
8890,-48.000000
8891,-60.000000
8892,-4.000000
8893,-20.000000
8894,88.000000
8895,44.000000
8896,-8.000000
8897,-28.000000
8898,-24.000000
8899,-8.000000
8900,16.000000
8901,16.000000
8902,-8.000000
8903,-28.000000
8904,-28.000000
8905,-12.000000
8906,-40.000000
8907,4.000000
8908,-16.000000
8909,-20.000000
8910,-16.000000
8911,-8.000000
8912,-28.000000
8913,-40.000000
8914,0.000000
8915,-36.000000
8916,-32.000000
8917,-12.000000
8918,-8.000000
8919,8.000000
8920,4.000000
8921,-8.000000
8922,-4.000000
8923,-52.000000
8924,4.000000
8925,-24.000000
8926,-20.000000
8927,-16.000000
8928,28.000000
8929,-8.000000
8930,-56.000000
8931,0.000000
8932,0.000000
8933,-20.000000
8934,0.000000
8935,4.000000
8936,8.000000
8937,4.000000
8938,-8.000000
8939,-8.000000
8940,0.000000
8941,-48.000000
8942,-8.000000
8943,-8.000000
8944,-12.000000
8945,8.000000
8946,16.000000
8947,4.000000
8948,0.000000
8949,8.000000
8950,-64.000000
8951,12.000000
8952,32.000000
8953,-8.000000
8954,-40.000000
8955,44.000000
8956,16.000000
8957,-8.000000
8958,-4.000000
8959,0.000000
8960,24.000000
8961,0.000000
8962,-16.000000
8963,0.000000
8964,-24.000000
8965,52.000000
8966,-12.000000
8967,-8.000000
8968,-20.000000
8969,24.000000
8970,-48.000000
8971,8.000000
8972,8.000000
8973,12.000000
8974,-4.000000
8975,12.000000
8976,0.000000
8977,0.000000
8978,0.000000
8979,12.000000
8980,16.000000
8981,0.000000
8982,-40.000000
8983,12.000000
8984,8.000000
8985,8.000000
8986,8.000000
8987,8.000000
8988,8.000000
8989,-24.000000
8990,16.000000
8991,-16.000000
8992,-12.000000
8993,12.000000
8994,-44.000000
8995,64.000000
8996,-16.000000
8997,-36.000000
8998,12.000000
8999,52.000000
9000,16.000000
9001,-12.000000
9002,12.000000
9003,-12.000000
9004,-28.000000
9005,-28.000000
9006,-48.000000
9007,-28.000000
9008,-28.000000
9009,-32.000000
9010,-32.000000
9011,0.000000
9012,-48.000000
9013,0.000000
9014,20.000000
9015,-20.000000
9016,16.000000
9017,0.000000
9018,4.000000
9019,-4.000000
9020,-32.000000
9021,0.000000
9022,-16.000000
9023,0.000000
9024,0.000000
9025,0.000000
9026,-8.000000
9027,-24.000000
9028,4.000000
9029,-20.000000
9030,16.000000
9031,16.000000
9032,0.000000
9033,-16.000000
9034,-8.000000
9035,-8.000000
9036,-8.000000
9037,-4.000000
9038,-16.000000
9039,40.000000
9040,28.000000
9041,-20.000000
9042,4.000000
9043,-16.000000
9044,-32.000000
9045,-12.000000
9046,-8.000000
9047,-28.000000
9048,-36.000000
9049,-40.000000
9050,24.000000
9051,-12.000000
9052,-20.000000
9053,0.000000
9054,16.000000
9055,-16.000000
9056,-16.000000
9057,-28.000000
9058,0.000000
9059,-12.000000
9060,-12.000000
9061,-12.000000
9062,-12.000000
9063,4.000000
9064,-12.000000
9065,8.000000
9066,-12.000000
9067,0.000000
9068,24.000000
9069,16.000000
9070,-8.000000
9071,8.000000
9072,12.000000
9073,0.000000
9074,20.000000
9075,8.000000
9076,-24.000000
9077,-8.000000
9078,16.000000
9079,-16.000000
9080,-12.000000
9081,8.000000
9082,-8.000000
9083,-8.000000
9084,4.000000
9085,36.000000
9086,24.000000
9087,-12.000000
9088,0.000000
9089,44.000000
9090,-12.000000
9091,-64.000000
9092,20.000000
9093,0.000000
9094,-4.000000
9095,-16.000000
9096,0.000000
9097,20.000000
9098,0.000000
9099,0.000000
9100,0.000000
9101,-4.000000
9102,12.000000
9103,-24.000000
9104,16.000000
9105,-12.000000
9106,0.000000
9107,4.000000
9108,-8.000000
9109,8.000000
9110,8.000000
9111,-8.000000
9112,32.000000
9113,0.000000
9114,0.000000
9115,0.000000
9116,20.000000
9117,-4.000000
9118,-12.000000
9119,32.000000
9120,12.000000
9121,44.000000
9122,-8.000000
9123,16.000000
9124,-8.000000
9125,-24.000000
9126,40.000000
9127,52.000000
9128,-32.000000
9129,-16.000000
9130,-60.000000
9131,0.000000
9132,20.000000
9133,-32.000000
9134,0.000000
9135,-8.000000
9136,-24.000000
9137,-40.000000
9138,-60.000000
9139,-32.000000
9140,-24.000000
9141,56.000000
9142,-28.000000
9143,-40.000000
9144,-52.000000
9145,-8.000000
9146,-16.000000
9147,-28.000000
9148,16.000000
9149,-24.000000
9150,-16.000000
9151,-8.000000
9152,-20.000000
9153,20.000000
9154,4.000000
9155,-4.000000
9156,-16.000000
9157,-16.000000
9158,-8.000000
9159,0.000000
9160,12.000000
9161,-40.000000
9162,24.000000
9163,24.000000
9164,-28.000000
9165,-12.000000
9166,-48.000000
9167,44.000000
9168,-16.000000
9169,-8.000000
9170,-40.000000
9171,-4.000000
9172,-28.000000
9173,-60.000000
9174,-44.000000
9175,-16.000000
9176,-20.000000
9177,12.000000
9178,52.000000
9179,16.000000
9180,-12.000000
9181,-8.000000
9182,4.000000
9183,16.000000
9184,-4.000000
9185,16.000000
9186,20.000000
9187,4.000000
9188,-20.000000
9189,4.000000
9190,0.000000
9191,16.000000
9192,16.000000
9193,0.000000
9194,-12.000000
9195,4.000000
9196,12.000000
9197,64.000000
9198,-20.000000
9199,-12.000000
9200,-16.000000
9201,-24.000000
9202,24.000000
9203,16.000000
9204,0.000000
9205,8.000000
9206,56.000000
9207,-32.000000
9208,88.000000
9209,44.000000
9210,16.000000
9211,16.000000
9212,-36.000000
9213,4.000000
9214,-20.000000
9215,12.000000
9216,-32.000000
9217,88.000000
9218,-8.000000
9219,12.000000
9220,-40.000000
9221,0.000000
9222,-28.000000
9223,20.000000
9224,16.000000
9225,12.000000
9226,12.000000
9227,-8.000000
9228,-60.000000
9229,-8.000000
9230,40.000000
9231,-28.000000
9232,44.000000
9233,24.000000
9234,28.000000
9235,-8.000000
9236,-20.000000
9237,0.000000
9238,-20.000000
9239,-44.000000
9240,24.000000
9241,20.000000
9242,-8.000000
9243,16.000000
9244,-24.000000
9245,0.000000
9246,0.000000
9247,0.000000
9248,-8.000000
9249,-52.000000
9250,4.000000
9251,-20.000000
9252,-20.000000
9253,-8.000000
9254,-8.000000
9255,52.000000
9256,-4.000000
9257,-8.000000
9258,-16.000000
9259,-16.000000
9260,20.000000
9261,-24.000000
9262,0.000000
9263,-20.000000
9264,4.000000
9265,-8.000000
9266,-44.000000
9267,-8.000000
9268,12.000000
9269,-8.000000
9270,16.000000
9271,-8.000000
9272,-16.000000
9273,-8.000000
9274,-12.000000
9275,-16.000000
9276,-8.000000
9277,16.000000
9278,12.000000
9279,-20.000000
9280,-20.000000
9281,-32.000000
9282,0.000000
9283,-24.000000
9284,-20.000000
9285,-52.000000
9286,28.000000
9287,8.000000
9288,-28.000000
9289,-8.000000
9290,-16.000000
9291,-8.000000
9292,-24.000000
9293,-24.000000
9294,4.000000
9295,-20.000000
9296,-16.000000
9297,-16.000000
9298,-20.000000
9299,0.000000
9300,4.000000
9301,28.000000
9302,-16.000000
9303,-8.000000
9304,44.000000
9305,0.000000
9306,-32.000000
9307,60.000000
9308,-4.000000
9309,16.000000
9310,12.000000
9311,-12.000000
9312,-36.000000
9313,32.000000
9314,0.000000
9315,-36.000000
9316,-12.000000
9317,-8.000000
9318,0.000000
9319,-44.000000
9320,-4.000000
9321,-8.000000
9322,-4.000000
9323,-20.000000
9324,-8.000000
9325,20.000000
9326,44.000000
9327,20.000000
9328,8.000000
9329,20.000000
9330,-8.000000
9331,-32.000000
9332,8.000000
9333,-8.000000
9334,88.000000
9335,8.000000
9336,-16.000000
9337,40.000000
9338,48.000000
9339,8.000000
9340,-28.000000
9341,4.000000
9342,4.000000
9343,-16.000000
9344,8.000000
9345,-8.000000
9346,8.000000
9347,-8.000000
9348,-8.000000
9349,0.000000
9350,52.000000
9351,4.000000
9352,4.000000
9353,8.000000
9354,-24.000000
9355,20.000000
9356,-52.000000
9357,-8.000000
9358,-4.000000
9359,-32.000000
9360,-24.000000
9361,12.000000
9362,-60.000000
9363,-12.000000
9364,16.000000
9365,28.000000
9366,-20.000000
9367,-4.000000
9368,-8.000000
9369,0.000000
9370,-12.000000
9371,-8.000000
9372,-4.000000
9373,-24.000000
9374,-8.000000
9375,-20.000000
9376,12.000000
9377,-20.000000
9378,-24.000000
9379,12.000000
9380,-8.000000
9381,0.000000
9382,-40.000000
9383,-16.000000
9384,-16.000000
9385,-28.000000
9386,-36.000000
9387,-52.000000
9388,-48.000000
9389,-12.000000
9390,-8.000000
9391,-8.000000
9392,-24.000000
9393,-24.000000
9394,-32.000000
9395,-24.000000
9396,24.000000
9397,-28.000000
9398,8.000000
9399,-36.000000
9400,0.000000
9401,-8.000000
9402,-12.000000
9403,-60.000000
9404,-28.000000
9405,-32.000000
9406,-32.000000
9407,0.000000
9408,8.000000
9409,-32.000000
9410,-32.000000
9411,-24.000000
9412,8.000000
9413,40.000000
9414,4.000000
9415,-24.000000
9416,24.000000
9417,64.000000
9418,-20.000000
9419,12.000000
9420,16.000000
9421,8.000000
9422,12.000000
9423,16.000000
9424,8.000000
9425,8.000000
9426,0.000000
9427,-4.000000
9428,0.000000
9429,16.000000
9430,4.000000
9431,60.000000
9432,36.000000
9433,0.000000
9434,32.000000
9435,0.000000
9436,-20.000000
9437,-20.000000
9438,4.000000
9439,0.000000
9440,16.000000
9441,36.000000
9442,4.000000
9443,16.000000
9444,-32.000000
9445,-16.000000
9446,-16.000000
9447,-12.000000
9448,-24.000000
9449,-16.000000
9450,0.000000
9451,-16.000000
9452,28.000000
9453,16.000000
9454,16.000000
9455,-44.000000
9456,8.000000
9457,-8.000000
9458,52.000000
9459,12.000000
9460,-36.000000
9461,4.000000
9462,16.000000
9463,8.000000
9464,0.000000
9465,20.000000
9466,20.000000
9467,28.000000
9468,20.000000
9469,-44.000000
9470,8.000000
9471,-20.000000
9472,-20.000000
9473,-24.000000
9474,16.000000
9475,-8.000000
9476,56.000000
9477,24.000000
9478,44.000000
9479,64.000000
9480,24.000000
9481,4.000000
9482,-20.000000
9483,4.000000
9484,0.000000
9485,-28.000000
9486,24.000000
9487,-20.000000
9488,8.000000
9489,-12.000000
9490,-8.000000
9491,-24.000000
9492,-24.000000
9493,-20.000000
9494,20.000000
9495,-16.000000
9496,-12.000000
9497,-36.000000
9498,-36.000000
9499,-8.000000
9500,-32.000000
9501,-56.000000
9502,-12.000000
9503,-28.000000
9504,-24.000000
9505,-12.000000
9506,0.000000
9507,8.000000
9508,-28.000000
9509,-12.000000
9510,4.000000
9511,-8.000000
9512,-8.000000
9513,-20.000000
9514,-8.000000
9515,-24.000000
9516,40.000000
9517,-8.000000
9518,-12.000000
9519,44.000000
9520,-8.000000
9521,-8.000000
9522,-12.000000
9523,-20.000000
9524,20.000000
9525,-4.000000
9526,-8.000000
9527,20.000000
9528,-16.000000
9529,-8.000000
9530,-20.000000
9531,-8.000000
9532,-24.000000
9533,-28.000000
9534,-52.000000
9535,28.000000
9536,-8.000000
9537,68.000000
9538,52.000000
9539,8.000000
9540,-68.000000
9541,8.000000
9542,-24.000000
9543,-12.000000
9544,8.000000
9545,-16.000000
9546,-4.000000
9547,12.000000
9548,-60.000000
9549,4.000000
9550,4.000000
9551,-16.000000
9552,24.000000
9553,12.000000
9554,-24.000000
9555,8.000000
9556,-20.000000
9557,28.000000
9558,-20.000000
9559,-32.000000
9560,8.000000
9561,4.000000
9562,0.000000
9563,4.000000
9564,-16.000000
9565,12.000000
9566,4.000000
9567,28.000000
9568,-8.000000
9569,20.000000
9570,20.000000
9571,-8.000000
9572,-4.000000
9573,4.000000
9574,4.000000
9575,24.000000
9576,-8.000000
9577,8.000000
9578,-4.000000
9579,44.000000
9580,-12.000000
9581,28.000000
9582,4.000000
9583,32.000000
9584,-36.000000
9585,12.000000
9586,12.000000
9587,36.000000
9588,8.000000
9589,52.000000
9590,-16.000000
9591,4.000000
9592,16.000000
9593,92.000000
9594,-12.000000
9595,32.000000
9596,24.000000
9597,-8.000000
9598,4.000000
9599,12.000000
9600,-20.000000
9601,-56.000000
9602,48.000000
9603,-28.000000
9604,44.000000
9605,20.000000
9606,-4.000000
9607,8.000000
9608,-4.000000
9609,-4.000000
9610,-8.000000
9611,-8.000000
9612,20.000000
9613,-28.000000
9614,-20.000000
9615,12.000000
9616,44.000000
9617,-88.000000
9618,-60.000000
9619,4.000000
9620,4.000000
9621,-16.000000
9622,24.000000
9623,44.000000
9624,-32.000000
9625,64.000000
9626,-20.000000
9627,-20.000000
9628,-20.000000
9629,-8.000000
9630,0.000000
9631,-8.000000
9632,12.000000
9633,24.000000
9634,24.000000
9635,-16.000000
9636,8.000000
9637,-12.000000
9638,0.000000
9639,-8.000000
9640,-24.000000
9641,-8.000000
9642,52.000000
9643,-16.000000
9644,-32.000000
9645,-8.000000
9646,-16.000000
9647,-16.000000
9648,-20.000000
9649,-16.000000
9650,52.000000
9651,68.000000
9652,-24.000000
9653,-8.000000
9654,0.000000
9655,-16.000000
9656,-20.000000
9657,20.000000
9658,16.000000
9659,0.000000
9660,-4.000000
9661,-20.000000
9662,-36.000000
9663,-16.000000
9664,20.000000
9665,-44.000000
9666,24.000000
9667,76.000000
9668,-32.000000
9669,-32.000000
9670,0.000000
9671,-16.000000
9672,0.000000
9673,0.000000
9674,12.000000
9675,-12.000000
9676,-12.000000
9677,28.000000
9678,12.000000
9679,24.000000
9680,52.000000
9681,0.000000
9682,0.000000
9683,4.000000
9684,32.000000
9685,-8.000000
9686,-52.000000
9687,-8.000000
9688,16.000000
9689,-16.000000
9690,44.000000
9691,-32.000000
9692,0.000000
9693,12.000000
9694,4.000000
9695,-28.000000
9696,-20.000000
9697,-8.000000
9698,-32.000000
9699,40.000000
9700,0.000000
9701,-8.000000
9702,-16.000000
9703,-8.000000
9704,28.000000
9705,-28.000000
9706,-24.000000
9707,20.000000
9708,16.000000
9709,4.000000
9710,0.000000
9711,12.000000
9712,4.000000
9713,20.000000
9714,16.000000
9715,32.000000
9716,8.000000
9717,-4.000000
9718,28.000000
9719,12.000000
9720,12.000000
9721,20.000000
9722,16.000000
9723,12.000000
9724,0.000000
9725,0.000000
9726,-8.000000
9727,-44.000000
9728,-4.000000
9729,-52.000000
9730,0.000000
9731,-4.000000
9732,64.000000
9733,-4.000000
9734,44.000000
9735,20.000000
9736,-12.000000
9737,-20.000000
9738,-4.000000
9739,0.000000
9740,4.000000
9741,8.000000
9742,-44.000000
9743,-28.000000
9744,-36.000000
9745,-12.000000
9746,-12.000000
9747,0.000000
9748,28.000000
9749,0.000000
9750,-8.000000
9751,-12.000000
9752,-4.000000
9753,4.000000
9754,-72.000000
9755,-16.000000
9756,0.000000
9757,12.000000
9758,-20.000000
9759,-8.000000
9760,-24.000000
9761,-32.000000
9762,28.000000
9763,4.000000
9764,-28.000000
9765,-28.000000
9766,20.000000
9767,24.000000
9768,-24.000000
9769,-8.000000
9770,4.000000
9771,100.000000
9772,-40.000000
9773,8.000000
9774,4.000000
9775,-4.000000
9776,-8.000000
9777,-8.000000
9778,-12.000000
9779,4.000000
9780,4.000000
9781,-4.000000
9782,16.000000
9783,-16.000000
9784,0.000000
9785,12.000000
9786,-20.000000
9787,28.000000
9788,0.000000
9789,48.000000
9790,32.000000
9791,-44.000000
9792,20.000000
9793,-64.000000
9794,0.000000
9795,64.000000
9796,64.000000
9797,-24.000000
9798,52.000000
9799,4.000000
9800,24.000000
9801,12.000000
9802,0.000000
9803,40.000000
9804,20.000000
9805,-32.000000
9806,4.000000
9807,20.000000
9808,4.000000
9809,20.000000
9810,-32.000000
9811,-8.000000
9812,20.000000
9813,60.000000
9814,40.000000
9815,44.000000
9816,-20.000000
9817,-16.000000
9818,-24.000000
9819,-16.000000
9820,0.000000
9821,-44.000000
9822,-8.000000
9823,20.000000
9824,-8.000000
9825,12.000000
9826,16.000000
9827,4.000000
9828,-12.000000
9829,0.000000
9830,-84.000000
9831,-8.000000
9832,-24.000000
9833,16.000000
9834,20.000000
9835,96.000000
9836,-16.000000
9837,4.000000
9838,24.000000
9839,8.000000
9840,4.000000
9841,8.000000
9842,-8.000000
9843,44.000000
9844,24.000000
9845,-16.000000
9846,8.000000
9847,24.000000
9848,-8.000000
9849,-24.000000
9850,56.000000
9851,-28.000000
9852,0.000000
9853,-8.000000
9854,-12.000000
9855,-8.000000
9856,-28.000000
9857,-92.000000
9858,-8.000000
9859,-24.000000
9860,-8.000000
9861,0.000000
9862,24.000000
9863,0.000000
9864,0.000000
9865,-12.000000
9866,-16.000000
9867,-24.000000
9868,-32.000000
9869,-40.000000
9870,-8.000000
9871,-16.000000
9872,-20.000000
9873,-32.000000
9874,0.000000
9875,-24.000000
9876,-24.000000
9877,-8.000000
9878,-12.000000
9879,-16.000000
9880,-8.000000
9881,-28.000000
9882,24.000000
9883,-8.000000
9884,-12.000000
9885,-8.000000
9886,12.000000
9887,-20.000000
9888,-8.000000
9889,-60.000000
9890,-28.000000
9891,-24.000000
9892,0.000000
9893,0.000000
9894,0.000000
9895,-44.000000
9896,20.000000
9897,16.000000
9898,12.000000
9899,-28.000000
9900,-24.000000
9901,16.000000
9902,-12.000000
9903,-40.000000
9904,-32.000000
9905,-4.000000
9906,-8.000000
9907,-4.000000
9908,-8.000000
9909,-8.000000
9910,24.000000
9911,4.000000
9912,0.000000
9913,44.000000
9914,-64.000000
9915,-16.000000
9916,24.000000
9917,-28.000000
9918,-32.000000
9919,24.000000
9920,16.000000
9921,8.000000
9922,-12.000000
9923,16.000000
9924,8.000000
9925,20.000000
9926,16.000000
9927,-8.000000
9928,0.000000
9929,-20.000000
9930,-20.000000
9931,32.000000
9932,0.000000
9933,8.000000
9934,-76.000000
9935,16.000000
9936,-8.000000
9937,-8.000000
9938,0.000000
9939,-20.000000
9940,4.000000
9941,8.000000
9942,20.000000
9943,24.000000
9944,40.000000
9945,-16.000000
9946,28.000000
9947,8.000000
9948,24.000000
9949,0.000000
9950,-16.000000
9951,-4.000000
9952,0.000000
9953,-16.000000
9954,0.000000
9955,12.000000
9956,-52.000000
9957,-4.000000
9958,0.000000
9959,52.000000
9960,44.000000
9961,4.000000
9962,-16.000000
9963,-12.000000
9964,-24.000000
9965,28.000000
9966,-8.000000
9967,-20.000000
9968,64.000000
9969,-24.000000
9970,20.000000
9971,0.000000
9972,-16.000000
9973,20.000000
9974,-8.000000
9975,20.000000
9976,-8.000000
9977,44.000000
9978,0.000000
9979,4.000000
9980,-64.000000
9981,-32.000000
9982,28.000000
9983,-28.000000
9984,-60.000000
9985,-32.000000
9986,8.000000
9987,12.000000
9988,96.000000
9989,-16.000000
9990,-16.000000
9991,-4.000000
9992,12.000000
9993,-32.000000
9994,44.000000
9995,-40.000000
9996,-40.000000
9997,0.000000
9998,-20.000000
9999,0.000000
10000,-20.000000
