Channel              :,CH1
Frequency            :,  ?
Period               :,  ?
PK-PK                :,248.0mV
Probe attenuation    :,1X
Voltage per ADC value:,0.250000mV
Time interval        :,100.00000us

index,CH1_Voltage(mV)
1,44.000000
2,44.000000
3,-32.000000
4,-32.000000
5,16.000000
6,-16.000000
7,-24.000000
8,40.000000
9,-24.000000
10,-24.000000
11,-32.000000
12,76.000000
13,-8.000000
14,-8.000000
15,4.000000
16,-8.000000
17,4.000000
18,52.000000
19,8.000000
20,16.000000
21,0.000000
22,4.000000
23,0.000000
24,-12.000000
25,-24.000000
26,-8.000000
27,32.000000
28,-16.000000
29,4.000000
30,4.000000
31,20.000000
32,44.000000
33,8.000000
34,-52.000000
35,16.000000
36,12.000000
37,0.000000
38,-8.000000
39,32.000000
40,16.000000
41,32.000000
42,16.000000
43,20.000000
44,20.000000
45,0.000000
46,24.000000
47,40.000000
48,4.000000
49,20.000000
50,16.000000
51,0.000000
52,4.000000
53,4.000000
54,-20.000000
55,-8.000000
56,20.000000
57,-16.000000
58,-24.000000
59,-16.000000
60,-28.000000
61,-36.000000
62,-32.000000
63,0.000000
64,-16.000000
65,0.000000
66,-48.000000
67,16.000000
68,56.000000
69,-8.000000
70,-16.000000
71,-32.000000
72,8.000000
73,-40.000000
74,-28.000000
75,-44.000000
76,-48.000000
77,-8.000000
78,-8.000000
79,-16.000000
80,4.000000
81,-40.000000
82,-8.000000
83,-16.000000
84,-24.000000
85,-32.000000
86,-44.000000
87,-44.000000
88,-36.000000
89,0.000000
90,-32.000000
91,-28.000000
92,-32.000000
93,-8.000000
94,-16.000000
95,-24.000000
96,16.000000
97,-12.000000
98,-16.000000
99,-20.000000
100,-44.000000
101,-8.000000
102,28.000000
103,8.000000
104,40.000000
105,-44.000000
106,0.000000
107,16.000000
108,16.000000
109,-12.000000
110,8.000000
111,24.000000
112,-8.000000
113,44.000000
114,-4.000000
115,52.000000
116,-12.000000
117,-12.000000
118,-16.000000
119,16.000000
120,16.000000
121,20.000000
122,68.000000
123,-8.000000
124,-4.000000
125,16.000000
126,4.000000
127,0.000000
128,0.000000
129,44.000000
130,44.000000
131,-12.000000
132,8.000000
133,28.000000
134,44.000000
135,16.000000
136,20.000000
137,20.000000
138,-36.000000
139,-20.000000
140,-8.000000
141,-68.000000
142,-28.000000
143,-12.000000
144,-12.000000
145,-16.000000
146,44.000000
147,44.000000
148,-48.000000
149,40.000000
150,-16.000000
151,8.000000
152,-16.000000
153,-8.000000
154,-12.000000
155,20.000000
156,-12.000000
157,44.000000
158,12.000000
159,12.000000
160,-52.000000
161,-8.000000
162,-8.000000
163,0.000000
164,-8.000000
165,8.000000
166,-40.000000
167,-32.000000
168,-32.000000
169,-24.000000
170,-8.000000
171,0.000000
172,-8.000000
173,-8.000000
174,-12.000000
175,-24.000000
176,12.000000
177,8.000000
178,-24.000000
179,-12.000000
180,-8.000000
181,8.000000
182,28.000000
183,4.000000
184,0.000000
185,-12.000000
186,12.000000
187,-16.000000
188,-8.000000
189,4.000000
190,-60.000000
191,-8.000000
192,0.000000
193,-40.000000
194,0.000000
195,40.000000
196,8.000000
197,20.000000
198,-8.000000
199,0.000000
200,0.000000
201,-8.000000
202,16.000000
203,32.000000
204,-52.000000
205,36.000000
206,40.000000
207,4.000000
208,16.000000
209,-12.000000
210,48.000000
211,0.000000
212,-8.000000
213,-36.000000
214,12.000000
215,0.000000
216,32.000000
217,8.000000
218,8.000000
219,12.000000
220,-12.000000
221,-20.000000
222,-60.000000
223,12.000000
224,-28.000000
225,0.000000
226,-20.000000
227,-8.000000
228,-36.000000
229,4.000000
230,-28.000000
231,-24.000000
232,-16.000000
233,-32.000000
234,0.000000
235,-8.000000
236,-40.000000
237,-24.000000
238,-16.000000
239,-16.000000
240,-44.000000
241,64.000000
242,-20.000000
243,44.000000
244,12.000000
245,24.000000
246,-12.000000
247,-24.000000
248,-12.000000
249,-16.000000
250,0.000000
251,12.000000
252,24.000000
253,44.000000
254,-12.000000
255,-4.000000
256,-60.000000
257,0.000000
258,-8.000000
259,-28.000000
260,-20.000000
261,8.000000
262,12.000000
263,32.000000
264,24.000000
265,-36.000000
266,4.000000
267,16.000000
268,-4.000000
269,0.000000
270,48.000000
271,-36.000000
272,32.000000
273,0.000000
274,-8.000000
275,-12.000000
276,-8.000000
277,8.000000
278,8.000000
279,-36.000000
280,24.000000
281,-8.000000
282,24.000000
283,24.000000
284,24.000000
285,12.000000
286,0.000000
287,24.000000
288,-44.000000
289,4.000000
290,8.000000
291,-16.000000
292,-16.000000
293,0.000000
294,8.000000
295,8.000000
296,8.000000
297,28.000000
298,-16.000000
299,-16.000000
300,4.000000
301,-16.000000
302,8.000000
303,-8.000000
304,-24.000000
305,-12.000000
306,-60.000000
307,-8.000000
308,-28.000000
309,-4.000000
310,-24.000000
311,-24.000000
312,44.000000
313,-8.000000
314,-8.000000
315,-28.000000
316,-24.000000
317,-32.000000
318,-16.000000
319,20.000000
320,-20.000000
321,-8.000000
322,-24.000000
323,-40.000000
324,16.000000
325,-44.000000
326,20.000000
327,-24.000000
328,-8.000000
329,-20.000000
330,0.000000
331,-8.000000
332,-8.000000
333,-20.000000
334,52.000000
335,32.000000
336,-28.000000
337,-32.000000
338,32.000000
339,-24.000000
340,0.000000
341,20.000000
342,-8.000000
343,12.000000
344,24.000000
345,44.000000
346,-28.000000
347,-24.000000
348,16.000000
349,20.000000
350,-8.000000
351,24.000000
352,8.000000
353,-4.000000
354,52.000000
355,0.000000
356,4.000000
357,28.000000
358,-24.000000
359,16.000000
360,20.000000
361,28.000000
362,-12.000000
363,16.000000
364,8.000000
365,-8.000000
366,-8.000000
367,-56.000000
368,0.000000
369,-28.000000
370,-8.000000
371,28.000000
372,-24.000000
373,-48.000000
374,-24.000000
375,-32.000000
376,0.000000
377,-16.000000
378,-8.000000
379,0.000000
380,-20.000000
381,-60.000000
382,-8.000000
383,-40.000000
384,0.000000
385,-108.000000
386,-4.000000
387,16.000000
388,0.000000
389,-20.000000
390,-20.000000
391,20.000000
392,-8.000000
393,20.000000
394,-24.000000
395,4.000000
396,0.000000
397,44.000000
398,-16.000000
399,24.000000
400,-24.000000
401,-4.000000
402,36.000000
403,64.000000
404,-8.000000
405,56.000000
406,0.000000
407,0.000000
408,4.000000
409,12.000000
410,-24.000000
411,16.000000
412,-4.000000
413,-12.000000
414,0.000000
415,0.000000
416,20.000000
417,4.000000
418,4.000000
419,-28.000000
420,8.000000
421,12.000000
422,44.000000
423,4.000000
424,60.000000
425,0.000000
426,12.000000
427,-20.000000
428,-16.000000
429,12.000000
430,40.000000
431,-36.000000
432,-4.000000
433,-16.000000
434,-12.000000
435,-8.000000
436,20.000000
437,-8.000000
438,-48.000000
439,-20.000000
440,-12.000000
441,-4.000000
442,0.000000
443,-16.000000
444,52.000000
445,-24.000000
446,-24.000000
447,-24.000000
448,-44.000000
449,-16.000000
450,-16.000000
451,-12.000000
452,-40.000000
453,16.000000
454,-32.000000
455,-8.000000
456,52.000000
457,-44.000000
458,-28.000000
459,-16.000000
460,28.000000
461,-12.000000
462,-24.000000
463,72.000000
464,-36.000000
465,-4.000000
466,0.000000
467,-28.000000
468,-28.000000
469,-12.000000
470,44.000000
471,-48.000000
472,-12.000000
473,0.000000
474,-16.000000
475,16.000000
476,60.000000
477,0.000000
478,8.000000
479,8.000000
480,8.000000
481,4.000000
482,4.000000
483,-4.000000
484,-20.000000
485,64.000000
486,-20.000000
487,-36.000000
488,-8.000000
489,28.000000
490,24.000000
491,20.000000
492,52.000000
493,36.000000
494,96.000000
495,-52.000000
496,64.000000
497,52.000000
498,64.000000
499,4.000000
500,16.000000
501,32.000000
502,0.000000
503,-16.000000
504,12.000000
505,-8.000000
506,0.000000
507,8.000000
508,16.000000
509,20.000000
510,-24.000000
511,16.000000
512,16.000000
513,-8.000000
514,8.000000
515,-24.000000
516,12.000000
517,0.000000
518,-24.000000
519,-56.000000
520,-16.000000
521,-36.000000
522,-32.000000
523,-8.000000
524,16.000000
525,-24.000000
526,-20.000000
527,-32.000000
528,-28.000000
529,-4.000000
530,-8.000000
531,-24.000000
532,-20.000000
533,-48.000000
534,60.000000
535,-12.000000
536,-28.000000
537,-4.000000
538,-8.000000
539,-28.000000
540,-48.000000
541,0.000000
542,-40.000000
543,-16.000000
544,-24.000000
545,-16.000000
546,20.000000
547,24.000000
548,-4.000000
549,-4.000000
550,-52.000000
551,28.000000
552,-8.000000
553,-16.000000
554,-4.000000
555,12.000000
556,8.000000
557,-8.000000
558,12.000000
559,28.000000
560,-12.000000
561,-80.000000
562,4.000000
563,20.000000
564,-40.000000
565,20.000000
566,16.000000
567,0.000000
568,-32.000000
569,32.000000
570,-44.000000
571,4.000000
572,-4.000000
573,24.000000
574,40.000000
575,-12.000000
576,24.000000
577,-4.000000
578,44.000000
579,8.000000
580,16.000000
581,-8.000000
582,-40.000000
583,20.000000
584,20.000000
585,0.000000
586,0.000000
587,12.000000
588,20.000000
589,20.000000
590,-12.000000
591,24.000000
592,28.000000
593,-4.000000
594,-4.000000
595,-32.000000
596,-4.000000
597,-12.000000
598,-32.000000
599,0.000000
600,-60.000000
601,4.000000
602,4.000000
603,-8.000000
604,-32.000000
605,-20.000000
606,-20.000000
607,-20.000000
608,-20.000000
609,-8.000000
610,-8.000000
611,64.000000
612,-80.000000
613,-28.000000
614,-28.000000
615,-36.000000
616,-40.000000
617,0.000000
618,20.000000
619,-16.000000
620,52.000000
621,52.000000
622,-12.000000
623,32.000000
624,-52.000000
625,0.000000
626,32.000000
627,16.000000
628,-12.000000
629,24.000000
630,-24.000000
631,16.000000
632,40.000000
633,16.000000
634,12.000000
635,-32.000000
636,4.000000
637,20.000000
638,0.000000
639,4.000000
640,-24.000000
641,-20.000000
642,16.000000
643,-12.000000
644,-4.000000
645,48.000000
646,8.000000
647,32.000000
648,52.000000
649,-20.000000
650,-12.000000
651,20.000000
652,-8.000000
653,52.000000
654,44.000000
655,0.000000
656,-12.000000
657,36.000000
658,-16.000000
659,24.000000
660,24.000000
661,-8.000000
662,16.000000
663,52.000000
664,-16.000000
665,-36.000000
666,-8.000000
667,-100.000000
668,-4.000000
669,-68.000000
670,-8.000000
671,44.000000
672,16.000000
673,0.000000
674,8.000000
675,-8.000000
676,-24.000000
677,-24.000000
678,-28.000000
679,-32.000000
680,-72.000000
681,28.000000
682,-8.000000
683,-8.000000
684,-28.000000
685,-40.000000
686,-28.000000
687,-28.000000
688,-36.000000
689,-28.000000
690,-8.000000
691,-28.000000
692,-24.000000
693,-24.000000
694,-16.000000
695,-8.000000
696,-4.000000
697,16.000000
698,-28.000000
699,-12.000000
700,8.000000
701,-16.000000
702,68.000000
703,4.000000
704,-20.000000
705,4.000000
706,32.000000
707,20.000000
708,-20.000000
709,4.000000
710,-4.000000
711,-8.000000
712,-8.000000
713,12.000000
714,0.000000
715,36.000000
716,-12.000000
717,-28.000000
718,24.000000
719,-16.000000
720,-8.000000
721,12.000000
722,12.000000
723,-52.000000
724,-20.000000
725,4.000000
726,32.000000
727,-20.000000
728,0.000000
729,96.000000
730,-28.000000
731,-8.000000
732,-28.000000
733,24.000000
734,-32.000000
735,28.000000
736,-20.000000
737,-16.000000
738,-16.000000
739,-16.000000
740,-20.000000
741,20.000000
742,-8.000000
743,-24.000000
744,12.000000
745,-16.000000
746,12.000000
747,-32.000000
748,-28.000000
749,68.000000
750,-16.000000
751,-4.000000
752,60.000000
753,52.000000
754,-8.000000
755,-28.000000
756,-12.000000
757,16.000000
758,-4.000000
759,-24.000000
760,-40.000000
761,-32.000000
762,-8.000000
763,-24.000000
764,-8.000000
765,4.000000
766,-12.000000
767,-60.000000
768,24.000000
769,52.000000
770,44.000000
771,8.000000
772,-16.000000
773,-8.000000
774,-8.000000
775,-36.000000
776,-8.000000
777,-8.000000
778,-8.000000
779,-8.000000
780,12.000000
781,-4.000000
782,12.000000
783,0.000000
784,12.000000
785,8.000000
786,4.000000
787,16.000000
788,-32.000000
789,0.000000
790,28.000000
791,-16.000000
792,0.000000
793,20.000000
794,28.000000
795,36.000000
796,-4.000000
797,12.000000
798,-12.000000
799,-12.000000
800,16.000000
801,0.000000
802,8.000000
803,12.000000
804,8.000000
805,4.000000
806,-4.000000
807,-8.000000
808,-8.000000
809,-72.000000
810,8.000000
811,4.000000
812,52.000000
813,-28.000000
814,-40.000000
815,24.000000
816,12.000000
817,-56.000000
818,-16.000000
819,-8.000000
820,-24.000000
821,-28.000000
822,-32.000000
823,-44.000000
824,24.000000
825,-28.000000
826,20.000000
827,40.000000
828,-8.000000
829,-32.000000
830,-32.000000
831,-40.000000
832,-44.000000
833,-8.000000
834,120.000000
835,0.000000
836,-32.000000
837,-44.000000
838,4.000000
839,-28.000000
840,-32.000000
841,-8.000000
842,-32.000000
843,-8.000000
844,20.000000
845,-32.000000
846,-28.000000
847,-20.000000
848,16.000000
849,-24.000000
850,-20.000000
851,0.000000
852,12.000000
853,-16.000000
854,-12.000000
855,-8.000000
856,4.000000
857,-4.000000
858,-8.000000
859,-4.000000
860,-8.000000
861,12.000000
862,-16.000000
863,-28.000000
864,20.000000
865,32.000000
866,4.000000
867,0.000000
868,-16.000000
869,-8.000000
870,-32.000000
871,-12.000000
872,28.000000
873,-16.000000
874,16.000000
875,12.000000
876,12.000000
877,-8.000000
878,-24.000000
879,44.000000
880,12.000000
881,-4.000000
882,-12.000000
883,24.000000
884,0.000000
885,8.000000
886,12.000000
887,-8.000000
888,-8.000000
889,24.000000
890,-44.000000
891,-8.000000
892,24.000000
893,16.000000
894,-8.000000
895,-8.000000
896,-48.000000
897,-40.000000
898,-32.000000
899,-28.000000
900,0.000000
901,4.000000
902,-12.000000
903,-12.000000
904,16.000000
905,0.000000
906,-28.000000
907,52.000000
908,-32.000000
909,-24.000000
910,-24.000000
911,-12.000000
912,-40.000000
913,40.000000
914,0.000000
915,-12.000000
916,-40.000000
917,-24.000000
918,-24.000000
919,-24.000000
920,12.000000
921,-4.000000
922,-8.000000
923,-28.000000
924,72.000000
925,0.000000
926,-20.000000
927,52.000000
928,-28.000000
929,40.000000
930,0.000000
931,8.000000
932,0.000000
933,52.000000
934,-8.000000
935,36.000000
936,-20.000000
937,24.000000
938,-8.000000
939,-24.000000
940,-12.000000
941,-4.000000
942,0.000000
943,-8.000000
944,16.000000
945,20.000000
946,-28.000000
947,8.000000
948,8.000000
949,36.000000
950,-8.000000
951,16.000000
952,0.000000
953,-32.000000
954,44.000000
955,12.000000
956,32.000000
957,36.000000
958,20.000000
959,8.000000
960,8.000000
961,56.000000
962,8.000000
963,20.000000
964,44.000000
965,0.000000
966,4.000000
967,4.000000
968,-36.000000
969,0.000000
970,-72.000000
971,24.000000
972,-20.000000
973,-20.000000
974,0.000000
975,-20.000000
976,-24.000000
977,-4.000000
978,-48.000000
979,60.000000
980,-8.000000
981,-4.000000
982,-20.000000
983,-8.000000
984,-20.000000
985,-40.000000
986,-48.000000
987,-40.000000
988,-24.000000
989,12.000000
990,4.000000
991,-24.000000
992,-8.000000
993,-28.000000
994,-28.000000
995,-8.000000
996,-16.000000
997,-16.000000
998,24.000000
999,-32.000000
1000,-12.000000
1001,0.000000
1002,12.000000
1003,-52.000000
1004,16.000000
1005,44.000000
1006,-12.000000
1007,24.000000
1008,8.000000
1009,12.000000
1010,48.000000
1011,24.000000
1012,0.000000
1013,32.000000
1014,-20.000000
1015,4.000000
1016,24.000000
1017,-20.000000
1018,20.000000
1019,12.000000
1020,12.000000
1021,60.000000
1022,32.000000
1023,12.000000
1024,-8.000000
1025,32.000000
1026,4.000000
1027,-20.000000
1028,64.000000
1029,20.000000
1030,40.000000
1031,20.000000
1032,16.000000
1033,-8.000000
1034,24.000000
1035,-8.000000
1036,-4.000000
1037,8.000000
1038,-12.000000
1039,0.000000
1040,-8.000000
1041,-12.000000
1042,-8.000000
1043,-12.000000
1044,52.000000
1045,8.000000
1046,-24.000000
1047,-16.000000
1048,-40.000000
1049,-8.000000
1050,-8.000000
1051,20.000000
1052,-16.000000
1053,52.000000
1054,8.000000
1055,0.000000
1056,-12.000000
1057,-8.000000
1058,0.000000
1059,-36.000000
1060,-40.000000
1061,-28.000000
1062,-28.000000
1063,-48.000000
1064,-48.000000
1065,44.000000
1066,-32.000000
1067,8.000000
1068,0.000000
1069,-52.000000
1070,-12.000000
1071,4.000000
1072,24.000000
1073,12.000000
1074,76.000000
1075,-8.000000
1076,8.000000
1077,20.000000
1078,-24.000000
1079,44.000000
1080,12.000000
1081,0.000000
1082,-36.000000
1083,16.000000
1084,16.000000
1085,40.000000
1086,16.000000
1087,4.000000
1088,24.000000
1089,-12.000000
1090,4.000000
1091,4.000000
1092,-12.000000
1093,-8.000000
1094,16.000000
1095,32.000000
1096,-44.000000
1097,-8.000000
1098,0.000000
1099,64.000000
1100,48.000000
1101,44.000000
1102,16.000000
1103,68.000000
1104,16.000000
1105,48.000000
1106,8.000000
1107,8.000000
1108,-8.000000
1109,-12.000000
1110,40.000000
1111,-8.000000
1112,-12.000000
1113,-8.000000
1114,16.000000
1115,20.000000
1116,-12.000000
1117,-24.000000
1118,-16.000000
1119,4.000000
1120,16.000000
1121,44.000000
1122,24.000000
1123,-32.000000
1124,12.000000
1125,-16.000000
1126,-16.000000
1127,-20.000000
1128,0.000000
1129,-72.000000
1130,-4.000000
1131,0.000000
1132,-8.000000
1133,-28.000000
1134,-32.000000
1135,-28.000000
1136,-32.000000
1137,-44.000000
1138,-40.000000
1139,-40.000000
1140,-40.000000
1141,-40.000000
1142,-28.000000
1143,-20.000000
1144,-24.000000
1145,-20.000000
1146,-16.000000
1147,16.000000
1148,-28.000000
1149,16.000000
1150,-8.000000
1151,-24.000000
1152,28.000000
1153,52.000000
1154,-4.000000
1155,36.000000
1156,-8.000000
1157,4.000000
1158,0.000000
1159,0.000000
1160,16.000000
1161,0.000000
1162,-32.000000
1163,-12.000000
1164,0.000000
1165,-56.000000
1166,-12.000000
1167,60.000000
1168,-8.000000
1169,20.000000
1170,20.000000
1171,32.000000
1172,16.000000
1173,24.000000
1174,-52.000000
1175,12.000000
1176,24.000000
1177,8.000000
1178,8.000000
1179,16.000000
1180,0.000000
1181,-32.000000
1182,-8.000000
1183,0.000000
1184,8.000000
1185,36.000000
1186,24.000000
1187,-4.000000
1188,-12.000000
1189,-20.000000
1190,-20.000000
1191,-12.000000
1192,-8.000000
1193,4.000000
1194,-8.000000
1195,-16.000000
1196,-20.000000
1197,-32.000000
1198,-68.000000
1199,-36.000000
1200,-36.000000
1201,-28.000000
1202,-8.000000
1203,16.000000
1204,16.000000
1205,-60.000000
1206,4.000000
1207,-32.000000
1208,-8.000000
1209,-12.000000
1210,-8.000000
1211,-56.000000
1212,-4.000000
1213,20.000000
1214,-8.000000
1215,-36.000000
1216,-36.000000
1217,24.000000
1218,-12.000000
1219,-32.000000
1220,4.000000
1221,-24.000000
1222,4.000000
1223,4.000000
1224,0.000000
1225,20.000000
1226,28.000000
1227,0.000000
1228,24.000000
1229,-8.000000
1230,28.000000
1231,-4.000000
1232,8.000000
1233,64.000000
1234,-8.000000
1235,-28.000000
1236,12.000000
1237,-12.000000
1238,-12.000000
1239,16.000000
1240,16.000000
1241,-12.000000
1242,28.000000
1243,20.000000
1244,16.000000
1245,8.000000
1246,24.000000
1247,12.000000
1248,0.000000
1249,8.000000
1250,-12.000000
1251,-12.000000
1252,12.000000
1253,44.000000
1254,-4.000000
1255,0.000000
1256,20.000000
1257,24.000000
1258,20.000000
1259,-24.000000
1260,24.000000
1261,0.000000
1262,0.000000
1263,20.000000
1264,8.000000
1265,4.000000
1266,8.000000
1267,-24.000000
1268,-8.000000
1269,-64.000000
1270,-24.000000
1271,8.000000
1272,-40.000000
1273,-32.000000
1274,-24.000000
1275,-12.000000
1276,-12.000000
1277,-32.000000
1278,-28.000000
1279,-20.000000
1280,64.000000
1281,-28.000000
1282,20.000000
1283,-28.000000
1284,-16.000000
1285,-4.000000
1286,4.000000
1287,-12.000000
1288,-12.000000
1289,-20.000000
1290,-20.000000
1291,-76.000000
1292,-8.000000
1293,-8.000000
1294,-24.000000
1295,16.000000
1296,20.000000
1297,8.000000
1298,-24.000000
1299,0.000000
1300,-48.000000
1301,-8.000000
1302,20.000000
1303,-4.000000
1304,-12.000000
1305,-12.000000
1306,12.000000
1307,12.000000
1308,56.000000
1309,-12.000000
1310,20.000000
1311,-44.000000
1312,16.000000
1313,-4.000000
1314,-8.000000
1315,-60.000000
1316,-4.000000
1317,-8.000000
1318,4.000000
1319,44.000000
1320,4.000000
1321,16.000000
1322,8.000000
1323,32.000000
1324,8.000000
1325,44.000000
1326,12.000000
1327,24.000000
1328,-12.000000
1329,28.000000
1330,108.000000
1331,12.000000
1332,44.000000
1333,-36.000000
1334,12.000000
1335,8.000000
1336,-44.000000
1337,24.000000
1338,0.000000
1339,0.000000
1340,-24.000000
1341,-12.000000
1342,-60.000000
1343,-20.000000
1344,24.000000
1345,0.000000
1346,-12.000000
1347,-28.000000
1348,-28.000000
1349,-36.000000
1350,52.000000
1351,52.000000
1352,-8.000000
1353,-32.000000
1354,-32.000000
1355,0.000000
1356,-36.000000
1357,20.000000
1358,-32.000000
1359,16.000000
1360,-44.000000
1361,72.000000
1362,44.000000
1363,-36.000000
1364,-36.000000
1365,-32.000000
1366,0.000000
1367,-16.000000
1368,44.000000
1369,-20.000000
1370,44.000000
1371,-20.000000
1372,0.000000
1373,-16.000000
1374,44.000000
1375,0.000000
1376,-12.000000
1377,-16.000000
1378,16.000000
1379,32.000000
1380,8.000000
1381,4.000000
1382,12.000000
1383,-24.000000
1384,-12.000000
1385,-36.000000
1386,12.000000
1387,28.000000
1388,28.000000
1389,32.000000
1390,24.000000
1391,8.000000
1392,0.000000
1393,24.000000
1394,32.000000
1395,4.000000
1396,44.000000
1397,16.000000
1398,24.000000
1399,8.000000
1400,0.000000
1401,40.000000
1402,-12.000000
1403,20.000000
1404,-40.000000
1405,0.000000
1406,16.000000
1407,-16.000000
1408,-16.000000
1409,-4.000000
1410,12.000000
1411,-12.000000
1412,-20.000000
1413,4.000000
1414,4.000000
1415,20.000000
1416,-8.000000
1417,0.000000
1418,-8.000000
1419,-20.000000
1420,-24.000000
1421,0.000000
1422,-8.000000
1423,-24.000000
1424,-8.000000
1425,-32.000000
1426,-28.000000
1427,-16.000000
1428,8.000000
1429,20.000000
1430,12.000000
1431,-32.000000
1432,-32.000000
1433,-20.000000
1434,0.000000
1435,-28.000000
1436,-32.000000
1437,-20.000000
1438,-24.000000
1439,-28.000000
1440,-32.000000
1441,-32.000000
1442,-32.000000
1443,-20.000000
1444,12.000000
1445,-12.000000
1446,-56.000000
1447,-40.000000
1448,-28.000000
1449,-12.000000
1450,0.000000
1451,-44.000000
1452,-8.000000
1453,20.000000
1454,-20.000000
1455,-20.000000
1456,44.000000
1457,-20.000000
1458,24.000000
1459,8.000000
1460,24.000000
1461,4.000000
1462,16.000000
1463,0.000000
1464,32.000000
1465,0.000000
1466,4.000000
1467,32.000000
1468,32.000000
1469,8.000000
1470,-28.000000
1471,-12.000000
1472,-60.000000
1473,4.000000
1474,16.000000
1475,20.000000
1476,8.000000
1477,-12.000000
1478,-8.000000
1479,0.000000
1480,0.000000
1481,0.000000
1482,-20.000000
1483,-8.000000
1484,24.000000
1485,80.000000
1486,-8.000000
1487,24.000000
1488,-8.000000
1489,32.000000
1490,8.000000
1491,-8.000000
1492,0.000000
1493,-16.000000
1494,-16.000000
1495,16.000000
1496,12.000000
1497,-40.000000
1498,12.000000
1499,-4.000000
1500,-4.000000
1501,-32.000000
1502,-12.000000
1503,-32.000000
1504,-28.000000
1505,-24.000000
1506,44.000000
1507,-4.000000
1508,-16.000000
1509,-24.000000
1510,16.000000
1511,52.000000
1512,-16.000000
1513,-12.000000
1514,-4.000000
1515,-40.000000
1516,-28.000000
1517,-8.000000
1518,-24.000000
1519,-12.000000
1520,-32.000000
1521,-20.000000
1522,0.000000
1523,-16.000000
1524,-24.000000
1525,-8.000000
1526,-4.000000
1527,0.000000
1528,8.000000
1529,0.000000
1530,52.000000
1531,8.000000
1532,4.000000
1533,4.000000
1534,12.000000
1535,52.000000
1536,52.000000
1537,-20.000000
1538,-44.000000
1539,8.000000
1540,-20.000000
1541,0.000000
1542,16.000000
1543,16.000000
1544,16.000000
1545,-20.000000
1546,24.000000
1547,16.000000
1548,56.000000
1549,20.000000
1550,-12.000000
1551,16.000000
1552,24.000000
1553,-72.000000
1554,28.000000
1555,-16.000000
1556,-12.000000
1557,-4.000000
1558,-28.000000
1559,-8.000000
1560,-28.000000
1561,12.000000
1562,-20.000000
1563,8.000000
1564,20.000000
1565,-8.000000
1566,-40.000000
1567,-20.000000
1568,-84.000000
1569,-24.000000
1570,-28.000000
1571,-16.000000
1572,-96.000000
1573,40.000000
1574,-32.000000
1575,-32.000000
1576,-28.000000
1577,4.000000
1578,-28.000000
1579,12.000000
1580,-40.000000
1581,-60.000000
1582,-28.000000
1583,-28.000000
1584,-44.000000
1585,8.000000
1586,-40.000000
1587,16.000000
1588,24.000000
1589,-40.000000
1590,-8.000000
1591,-36.000000
1592,52.000000
1593,-12.000000
1594,-12.000000
1595,-16.000000
1596,28.000000
1597,-40.000000
1598,-4.000000
1599,0.000000
1600,40.000000
1601,4.000000
1602,-20.000000
1603,-24.000000
1604,44.000000
1605,4.000000
1606,8.000000
1607,-8.000000
1608,-8.000000
1609,8.000000
1610,24.000000
1611,48.000000
1612,0.000000
1613,-44.000000
1614,56.000000
1615,12.000000
1616,-32.000000
1617,4.000000
1618,4.000000
1619,32.000000
1620,-44.000000
1621,-8.000000
1622,0.000000
1623,12.000000
1624,24.000000
1625,32.000000
1626,24.000000
1627,0.000000
1628,12.000000
1629,24.000000
1630,24.000000
1631,-24.000000
1632,-28.000000
1633,8.000000
1634,24.000000
1635,12.000000
1636,40.000000
1637,-8.000000
1638,-32.000000
1639,68.000000
1640,-8.000000
1641,0.000000
1642,24.000000
1643,-24.000000
1644,-8.000000
1645,-40.000000
1646,4.000000
1647,-8.000000
1648,16.000000
1649,0.000000
1650,-24.000000
1651,0.000000
1652,40.000000
1653,-16.000000
1654,40.000000
1655,0.000000
1656,8.000000
1657,-52.000000
1658,0.000000
1659,-32.000000
1660,-52.000000
1661,-12.000000
1662,-12.000000
1663,-4.000000
1664,-8.000000
1665,24.000000
1666,-12.000000
1667,-20.000000
1668,-12.000000
1669,8.000000
1670,-52.000000
1671,-28.000000
1672,8.000000
1673,72.000000
1674,-40.000000
1675,28.000000
1676,-8.000000
1677,68.000000
1678,-16.000000
1679,-8.000000
1680,-8.000000
1681,-28.000000
1682,0.000000
1683,8.000000
1684,-36.000000
1685,-32.000000
1686,-36.000000
1687,-8.000000
1688,-44.000000
1689,-8.000000
1690,-12.000000
1691,-32.000000
1692,16.000000
1693,4.000000
1694,40.000000
1695,-16.000000
1696,68.000000
1697,44.000000
1698,12.000000
1699,84.000000
1700,0.000000
1701,-8.000000
1702,-20.000000
1703,8.000000
1704,104.000000
1705,28.000000
1706,28.000000
1707,0.000000
1708,0.000000
1709,-28.000000
1710,16.000000
1711,0.000000
1712,-20.000000
1713,-20.000000
1714,-56.000000
1715,20.000000
1716,-20.000000
1717,0.000000
1718,-60.000000
1719,-56.000000
1720,-8.000000
1721,-24.000000
1722,-56.000000
1723,-16.000000
1724,0.000000
1725,-28.000000
1726,-44.000000
1727,44.000000
1728,-36.000000
1729,-64.000000
1730,-36.000000
1731,28.000000
1732,-16.000000
1733,0.000000
1734,28.000000
1735,-36.000000
1736,-36.000000
1737,16.000000
1738,-12.000000
1739,-32.000000
1740,-32.000000
1741,-36.000000
1742,16.000000
1743,-16.000000
1744,-40.000000
1745,-16.000000
1746,0.000000
1747,0.000000
1748,0.000000
1749,-4.000000
1750,8.000000
1751,-20.000000
1752,76.000000
1753,-24.000000
1754,-32.000000
1755,20.000000
1756,-24.000000
1757,16.000000
1758,-36.000000
1759,40.000000
1760,32.000000
1761,48.000000
1762,0.000000
1763,-36.000000
1764,-44.000000
1765,-20.000000
1766,-16.000000
1767,68.000000
1768,8.000000
1769,32.000000
1770,4.000000
1771,-20.000000
1772,8.000000
1773,20.000000
1774,32.000000
1775,16.000000
1776,112.000000
1777,-24.000000
1778,16.000000
1779,24.000000
1780,0.000000
1781,24.000000
1782,0.000000
1783,8.000000
1784,-4.000000
1785,-8.000000
1786,-8.000000
1787,0.000000
1788,-64.000000
1789,-44.000000
1790,-4.000000
1791,-8.000000
1792,-12.000000
1793,-8.000000
1794,52.000000
1795,-8.000000
1796,4.000000
1797,-4.000000
1798,0.000000
1799,-32.000000
1800,-32.000000
1801,-12.000000
1802,0.000000
1803,-32.000000
1804,-40.000000
1805,-12.000000
1806,-12.000000
1807,-16.000000
1808,-20.000000
1809,-28.000000
1810,-16.000000
1811,0.000000
1812,0.000000
1813,-20.000000
1814,44.000000
1815,-20.000000
1816,-8.000000
1817,-24.000000
1818,28.000000
1819,-16.000000
1820,-32.000000
1821,4.000000
1822,-24.000000
1823,4.000000
1824,8.000000
1825,60.000000
1826,-20.000000
1827,-8.000000
1828,12.000000
1829,-32.000000
1830,8.000000
1831,-20.000000
1832,4.000000
1833,-20.000000
1834,20.000000
1835,12.000000
1836,-8.000000
1837,-8.000000
1838,-4.000000
1839,40.000000
1840,-8.000000
1841,16.000000
1842,-32.000000
1843,-12.000000
1844,16.000000
1845,-20.000000
1846,68.000000
1847,16.000000
1848,16.000000
1849,-8.000000
1850,-12.000000
1851,-20.000000
1852,-16.000000
1853,32.000000
1854,-44.000000
1855,0.000000
1856,8.000000
1857,-20.000000
1858,-8.000000
1859,0.000000
1860,44.000000
1861,-36.000000
1862,-28.000000
1863,-16.000000
1864,-20.000000
1865,-48.000000
1866,-36.000000
1867,-8.000000
1868,0.000000
1869,-32.000000
1870,0.000000
1871,20.000000
1872,0.000000
1873,-48.000000
1874,-16.000000
1875,-44.000000
1876,0.000000
1877,-40.000000
1878,-28.000000
1879,-28.000000
1880,-4.000000
1881,-24.000000
1882,-40.000000
1883,-24.000000
1884,-28.000000
1885,-56.000000
1886,-60.000000
1887,-20.000000
1888,-28.000000
1889,-20.000000
1890,-20.000000
1891,-28.000000
1892,4.000000
1893,8.000000
1894,-24.000000
1895,-8.000000
1896,-24.000000
1897,-8.000000
1898,0.000000
1899,-24.000000
1900,-28.000000
1901,-8.000000
1902,8.000000
1903,8.000000
1904,-20.000000
1905,12.000000
1906,8.000000
1907,0.000000
1908,-20.000000
1909,-12.000000
1910,44.000000
1911,-28.000000
1912,4.000000
1913,0.000000
1914,16.000000
1915,8.000000
1916,40.000000
1917,-8.000000
1918,24.000000
1919,-12.000000
1920,-12.000000
1921,4.000000
1922,-4.000000
1923,20.000000
1924,0.000000
1925,-64.000000
1926,16.000000
1927,-44.000000
1928,-4.000000
1929,-24.000000
1930,-12.000000
1931,-8.000000
1932,-8.000000
1933,-4.000000
1934,-8.000000
1935,-8.000000
1936,-48.000000
1937,-24.000000
1938,-16.000000
1939,20.000000
1940,-48.000000
1941,-8.000000
1942,-32.000000
1943,-32.000000
1944,-28.000000
1945,0.000000
1946,-56.000000
1947,-24.000000
1948,-24.000000
1949,-16.000000
1950,-16.000000
1951,-20.000000
1952,-16.000000
1953,-4.000000
1954,-28.000000
1955,28.000000
1956,-28.000000
1957,-40.000000
1958,-32.000000
1959,28.000000
1960,8.000000
1961,-44.000000
1962,-40.000000
1963,-12.000000
1964,16.000000
1965,-48.000000
1966,44.000000
1967,-12.000000
1968,20.000000
1969,0.000000
1970,12.000000
1971,-20.000000
1972,0.000000
1973,44.000000
1974,16.000000
1975,20.000000
1976,-4.000000
1977,-44.000000
1978,8.000000
1979,16.000000
1980,8.000000
1981,-44.000000
1982,20.000000
1983,12.000000
1984,16.000000
1985,-32.000000
1986,8.000000
1987,-12.000000
1988,4.000000
1989,20.000000
1990,-8.000000
1991,28.000000
1992,24.000000
1993,8.000000
1994,56.000000
1995,-16.000000
1996,32.000000
1997,4.000000
1998,32.000000
1999,-4.000000
2000,-24.000000
2001,40.000000
2002,-72.000000
2003,28.000000
2004,28.000000
2005,4.000000
2006,4.000000
2007,-20.000000
2008,-4.000000
2009,40.000000
2010,-12.000000
2011,4.000000
2012,-20.000000
2013,32.000000
2014,0.000000
2015,-8.000000
2016,4.000000
2017,16.000000
2018,-16.000000
2019,-32.000000
2020,-28.000000
2021,-4.000000
2022,-60.000000
2023,-20.000000
2024,-20.000000
2025,0.000000
2026,-4.000000
2027,-8.000000
2028,28.000000
2029,-4.000000
2030,-72.000000
2031,-32.000000
2032,-68.000000
2033,-40.000000
2034,-40.000000
2035,-16.000000
2036,-44.000000
2037,-36.000000
2038,-60.000000
2039,-4.000000
2040,-24.000000
2041,0.000000
2042,56.000000
2043,-24.000000
2044,-20.000000
2045,20.000000
2046,28.000000
2047,-8.000000
2048,-24.000000
2049,20.000000
2050,-24.000000
2051,-4.000000
2052,28.000000
2053,20.000000
2054,-40.000000
2055,-20.000000
2056,-44.000000
2057,0.000000
2058,0.000000
2059,0.000000
2060,0.000000
2061,24.000000
2062,20.000000
2063,12.000000
2064,48.000000
2065,52.000000
2066,52.000000
2067,0.000000
2068,4.000000
2069,-20.000000
2070,12.000000
2071,0.000000
2072,-8.000000
2073,12.000000
2074,0.000000
2075,-8.000000
2076,0.000000
2077,-20.000000
2078,20.000000
2079,16.000000
2080,20.000000
2081,-16.000000
2082,-12.000000
2083,0.000000
2084,-12.000000
2085,4.000000
2086,4.000000
2087,-12.000000
2088,-20.000000
2089,-24.000000
2090,-20.000000
2091,0.000000
2092,-4.000000
2093,-12.000000
2094,0.000000
2095,52.000000
2096,-20.000000
2097,-16.000000
2098,-60.000000
2099,0.000000
2100,4.000000
2101,-4.000000
2102,-28.000000
2103,0.000000
2104,0.000000
2105,-8.000000
2106,-12.000000
2107,-24.000000
2108,-4.000000
2109,-52.000000
2110,-32.000000
2111,-8.000000
2112,24.000000
2113,44.000000
2114,12.000000
2115,-16.000000
2116,-28.000000
2117,-124.000000
2118,28.000000
2119,4.000000
2120,-8.000000
2121,-20.000000
2122,-8.000000
2123,8.000000
2124,8.000000
2125,-12.000000
2126,8.000000
2127,24.000000
2128,44.000000
2129,-12.000000
2130,12.000000
2131,16.000000
2132,0.000000
2133,24.000000
2134,40.000000
2135,-44.000000
2136,-76.000000
2137,16.000000
2138,16.000000
2139,-4.000000
2140,-4.000000
2141,-8.000000
2142,20.000000
2143,-4.000000
2144,-4.000000
2145,4.000000
2146,4.000000
2147,4.000000
2148,4.000000
2149,4.000000
2150,16.000000
2151,16.000000
2152,44.000000
2153,0.000000
2154,44.000000
2155,24.000000
2156,24.000000
2157,-8.000000
2158,20.000000
2159,-60.000000
2160,0.000000
2161,-16.000000
2162,-8.000000
2163,44.000000
2164,0.000000
2165,16.000000
2166,28.000000
2167,-16.000000
2168,44.000000
2169,-8.000000
2170,16.000000
2171,-28.000000
2172,-104.000000
2173,-32.000000
2174,-28.000000
2175,-24.000000
2176,-32.000000
2177,-32.000000
2178,-4.000000
2179,-16.000000
2180,-20.000000
2181,-60.000000
2182,-4.000000
2183,-8.000000
2184,-28.000000
2185,-48.000000
2186,0.000000
2187,12.000000
2188,52.000000
2189,-28.000000
2190,-24.000000
2191,-24.000000
2192,4.000000
2193,-20.000000
2194,4.000000
2195,4.000000
2196,0.000000
2197,16.000000
2198,-8.000000
2199,-8.000000
2200,0.000000
2201,12.000000
2202,12.000000
2203,-8.000000
2204,32.000000
2205,68.000000
2206,0.000000
2207,20.000000
2208,-8.000000
2209,-20.000000
2210,52.000000
2211,12.000000
2212,16.000000
2213,40.000000
2214,-44.000000
2215,8.000000
2216,8.000000
2217,4.000000
2218,16.000000
2219,64.000000
2220,-8.000000
2221,68.000000
2222,-8.000000
2223,4.000000
2224,-12.000000
2225,0.000000
2226,8.000000
2227,0.000000
2228,-8.000000
2229,20.000000
2230,20.000000
2231,52.000000
2232,-52.000000
2233,-32.000000
2234,16.000000
2235,8.000000
2236,-68.000000
2237,16.000000
2238,-4.000000
2239,-20.000000
2240,-36.000000
2241,-8.000000
2242,-8.000000
2243,-20.000000
2244,-4.000000
2245,-16.000000
2246,-4.000000
2247,-60.000000
2248,-72.000000
2249,-24.000000
2250,-8.000000
2251,4.000000
2252,-28.000000
2253,-8.000000
2254,-24.000000
2255,-28.000000
2256,4.000000
2257,8.000000
2258,44.000000
2259,16.000000
2260,-48.000000
2261,16.000000
2262,24.000000
2263,-20.000000
2264,-16.000000
2265,-8.000000
2266,-24.000000
2267,-40.000000
2268,12.000000
2269,-16.000000
2270,-8.000000
2271,20.000000
2272,20.000000
2273,-12.000000
2274,24.000000
2275,-8.000000
2276,-4.000000
2277,0.000000
2278,24.000000
2279,-8.000000
2280,4.000000
2281,12.000000
2282,16.000000
2283,8.000000
2284,0.000000
2285,12.000000
2286,-56.000000
2287,-40.000000
2288,24.000000
2289,4.000000
2290,0.000000
2291,-40.000000
2292,4.000000
2293,-12.000000
2294,-24.000000
2295,16.000000
2296,12.000000
2297,8.000000
2298,0.000000
2299,-52.000000
2300,20.000000
2301,-16.000000
2302,12.000000
2303,0.000000
2304,4.000000
2305,4.000000
2306,44.000000
2307,4.000000
2308,4.000000
2309,-84.000000
2310,-52.000000
2311,-8.000000
2312,-24.000000
2313,0.000000
2314,0.000000
2315,-16.000000
2316,-24.000000
2317,4.000000
2318,-24.000000
2319,-28.000000
2320,-32.000000
2321,-24.000000
2322,-32.000000
2323,-24.000000
2324,-24.000000
2325,-20.000000
2326,-72.000000
2327,16.000000
2328,64.000000
2329,-24.000000
2330,-24.000000
2331,-20.000000
2332,-16.000000
2333,-20.000000
2334,-32.000000
2335,8.000000
2336,24.000000
2337,-8.000000
2338,-64.000000
2339,12.000000
2340,0.000000
2341,0.000000
2342,-28.000000
2343,-24.000000
2344,60.000000
2345,4.000000
2346,12.000000
2347,4.000000
2348,-24.000000
2349,52.000000
2350,4.000000
2351,-20.000000
2352,0.000000
2353,-12.000000
2354,4.000000
2355,-24.000000
2356,-28.000000
2357,48.000000
2358,-20.000000
2359,4.000000
2360,24.000000
2361,0.000000
2362,28.000000
2363,-8.000000
2364,-28.000000
2365,16.000000
2366,12.000000
2367,16.000000
2368,12.000000
2369,20.000000
2370,-12.000000
2371,24.000000
2372,16.000000
2373,-20.000000
2374,0.000000
2375,44.000000
2376,12.000000
2377,8.000000
2378,-24.000000
2379,44.000000
2380,-20.000000
2381,20.000000
2382,68.000000
2383,8.000000
2384,-4.000000
2385,16.000000
2386,16.000000
2387,24.000000
2388,0.000000
2389,40.000000
2390,-4.000000
2391,-32.000000
2392,16.000000
2393,32.000000
2394,12.000000
2395,0.000000
2396,0.000000
2397,-8.000000
2398,-24.000000
2399,-4.000000
2400,-12.000000
2401,44.000000
2402,-16.000000
2403,-28.000000
2404,-24.000000
2405,-8.000000
2406,4.000000
2407,-92.000000
2408,12.000000
2409,20.000000
2410,0.000000
2411,44.000000
2412,-8.000000
2413,0.000000
2414,-60.000000
2415,-48.000000
2416,-16.000000
2417,-16.000000
2418,-60.000000
2419,4.000000
2420,0.000000
2421,68.000000
2422,68.000000
2423,-28.000000
2424,-4.000000
2425,-40.000000
2426,8.000000
2427,-4.000000
2428,16.000000
2429,8.000000
2430,-4.000000
2431,44.000000
2432,-20.000000
2433,0.000000
2434,-4.000000
2435,12.000000
2436,40.000000
2437,44.000000
2438,-16.000000
2439,0.000000
2440,-24.000000
2441,-36.000000
2442,44.000000
2443,0.000000
2444,4.000000
2445,48.000000
2446,-20.000000
2447,-8.000000
2448,-8.000000
2449,-36.000000
2450,12.000000
2451,-24.000000
2452,24.000000
2453,60.000000
2454,0.000000
2455,0.000000
2456,-16.000000
2457,4.000000
2458,12.000000
2459,0.000000
2460,8.000000
2461,4.000000
2462,0.000000
2463,-84.000000
2464,-12.000000
2465,-12.000000
2466,12.000000
2467,-32.000000
2468,-8.000000
2469,-44.000000
2470,44.000000
2471,20.000000
2472,-48.000000
2473,-24.000000
2474,28.000000
2475,12.000000
2476,-24.000000
2477,-52.000000
2478,16.000000
2479,-44.000000
2480,-8.000000
2481,8.000000
2482,20.000000
2483,-32.000000
2484,-8.000000
2485,-52.000000
2486,-28.000000
2487,4.000000
2488,-16.000000
2489,0.000000
2490,-52.000000
2491,-32.000000
2492,-8.000000
2493,-8.000000
2494,4.000000
2495,-20.000000
2496,-32.000000
2497,0.000000
2498,44.000000
2499,-36.000000
2500,-28.000000
2501,-36.000000
2502,-32.000000
2503,-16.000000
2504,-32.000000
2505,8.000000
2506,-12.000000
2507,44.000000
2508,16.000000
2509,-44.000000
2510,16.000000
2511,20.000000
2512,0.000000
2513,8.000000
2514,8.000000
2515,32.000000
2516,16.000000
2517,12.000000
2518,-20.000000
2519,28.000000
2520,28.000000
2521,-8.000000
2522,-16.000000
2523,28.000000
2524,28.000000
2525,-52.000000
2526,4.000000
2527,16.000000
2528,16.000000
2529,0.000000
2530,16.000000
2531,8.000000
2532,-4.000000
2533,0.000000
2534,4.000000
2535,4.000000
2536,0.000000
2537,8.000000
2538,-12.000000
2539,4.000000
2540,-8.000000
2541,56.000000
2542,-16.000000
2543,-8.000000
2544,-8.000000
2545,4.000000
2546,-12.000000
2547,-4.000000
2548,-52.000000
2549,28.000000
2550,12.000000
2551,-32.000000
2552,-24.000000
2553,-40.000000
2554,-4.000000
2555,-60.000000
2556,-24.000000
2557,-28.000000
2558,-8.000000
2559,-8.000000
2560,-16.000000
2561,-40.000000
2562,-48.000000
2563,-40.000000
2564,0.000000
2565,-28.000000
2566,-28.000000
2567,-8.000000
2568,8.000000
2569,-16.000000
2570,-8.000000
2571,8.000000
2572,-40.000000
2573,12.000000
2574,16.000000
2575,-20.000000
2576,-44.000000
2577,-8.000000
2578,8.000000
2579,-8.000000
2580,64.000000
2581,8.000000
2582,8.000000
2583,16.000000
2584,32.000000
2585,-28.000000
2586,4.000000
2587,0.000000
2588,-12.000000
2589,-44.000000
2590,16.000000
2591,16.000000
2592,-8.000000
2593,100.000000
2594,16.000000
2595,36.000000
2596,-28.000000
2597,12.000000
2598,-12.000000
2599,0.000000
2600,24.000000
2601,52.000000
2602,4.000000
2603,12.000000
2604,0.000000
2605,4.000000
2606,-24.000000
2607,-20.000000
2608,-16.000000
2609,-32.000000
2610,40.000000
2611,-8.000000
2612,-52.000000
2613,-80.000000
2614,-24.000000
2615,-24.000000
2616,-8.000000
2617,-40.000000
2618,-8.000000
2619,56.000000
2620,-24.000000
2621,-112.000000
2622,-16.000000
2623,-20.000000
2624,-24.000000
2625,-28.000000
2626,4.000000
2627,-36.000000
2628,-60.000000
2629,-16.000000
2630,-20.000000
2631,-40.000000
2632,-28.000000
2633,-36.000000
2634,-36.000000
2635,-40.000000
2636,0.000000
2637,-8.000000
2638,-8.000000
2639,-8.000000
2640,-44.000000
2641,-20.000000
2642,-24.000000
2643,-20.000000
2644,-16.000000
2645,0.000000
2646,-8.000000
2647,-8.000000
2648,-20.000000
2649,8.000000
2650,-8.000000
2651,4.000000
2652,24.000000
2653,-8.000000
2654,-8.000000
2655,4.000000
2656,-12.000000
2657,16.000000
2658,0.000000
2659,4.000000
2660,16.000000
2661,16.000000
2662,8.000000
2663,52.000000
2664,-8.000000
2665,64.000000
2666,-16.000000
2667,40.000000
2668,24.000000
2669,16.000000
2670,-12.000000
2671,-8.000000
2672,20.000000
2673,0.000000
2674,40.000000
2675,32.000000
2676,44.000000
2677,0.000000
2678,0.000000
2679,-72.000000
2680,20.000000
2681,-4.000000
2682,44.000000
2683,-20.000000
2684,-16.000000
2685,16.000000
2686,-8.000000
2687,-24.000000
2688,0.000000
2689,84.000000
2690,16.000000
2691,-16.000000
2692,-12.000000
2693,-8.000000
2694,8.000000
2695,0.000000
2696,-60.000000
2697,-16.000000
2698,-12.000000
2699,-12.000000
2700,-8.000000
2701,-16.000000
2702,-16.000000
2703,-8.000000
2704,-16.000000
2705,8.000000
2706,-12.000000
2707,-32.000000
2708,-20.000000
2709,-8.000000
2710,0.000000
2711,28.000000
2712,-20.000000
2713,-28.000000
2714,16.000000
2715,44.000000
2716,28.000000
2717,-8.000000
2718,16.000000
2719,64.000000
2720,8.000000
2721,-4.000000
2722,0.000000
2723,12.000000
2724,4.000000
2725,56.000000
2726,-16.000000
2727,-28.000000
2728,12.000000
2729,0.000000
2730,-8.000000
2731,16.000000
2732,20.000000
2733,20.000000
2734,-8.000000
2735,68.000000
2736,12.000000
2737,72.000000
2738,0.000000
2739,-16.000000
2740,8.000000
2741,40.000000
2742,40.000000
2743,-20.000000
2744,36.000000
2745,-16.000000
2746,24.000000
2747,4.000000
2748,44.000000
2749,0.000000
2750,-4.000000
2751,-28.000000
2752,24.000000
2753,12.000000
2754,16.000000
2755,28.000000
2756,28.000000
2757,-28.000000
2758,-8.000000
2759,12.000000
2760,-8.000000
2761,-32.000000
2762,16.000000
2763,-16.000000
2764,44.000000
2765,0.000000
2766,-8.000000
2767,0.000000
2768,-28.000000
2769,-28.000000
2770,-4.000000
2771,-32.000000
2772,-8.000000
2773,-36.000000
2774,12.000000
2775,-8.000000
2776,-40.000000
2777,-24.000000
2778,-48.000000
2779,44.000000
2780,-20.000000
2781,-20.000000
2782,0.000000
2783,-16.000000
2784,-16.000000
2785,-56.000000
2786,-20.000000
2787,-40.000000
2788,44.000000
2789,-8.000000
2790,-40.000000
2791,12.000000
2792,-28.000000
2793,32.000000
2794,-28.000000
2795,-20.000000
2796,44.000000
2797,28.000000
2798,12.000000
2799,-12.000000
2800,-8.000000
2801,40.000000
2802,0.000000
2803,-8.000000
2804,-4.000000
2805,-12.000000
2806,-8.000000
2807,-40.000000
2808,20.000000
2809,-8.000000
2810,20.000000
2811,-12.000000
2812,-24.000000
2813,-12.000000
2814,16.000000
2815,16.000000
2816,8.000000
2817,8.000000
2818,12.000000
2819,52.000000
2820,-8.000000
2821,8.000000
2822,24.000000
2823,20.000000
2824,-44.000000
2825,0.000000
2826,4.000000
2827,12.000000
2828,16.000000
2829,-20.000000
2830,52.000000
2831,32.000000
2832,-24.000000
2833,-8.000000
2834,0.000000
2835,4.000000
2836,-40.000000
2837,0.000000
2838,-8.000000
2839,-4.000000
2840,-44.000000
2841,44.000000
2842,0.000000
2843,-20.000000
2844,-12.000000
2845,-8.000000
2846,20.000000
2847,-20.000000
2848,-4.000000
2849,-8.000000
2850,4.000000
2851,-8.000000
2852,8.000000
2853,-24.000000
2854,-28.000000
2855,-16.000000
2856,8.000000
2857,0.000000
2858,-44.000000
2859,-36.000000
2860,-36.000000
2861,52.000000
2862,-28.000000
2863,0.000000
2864,-4.000000
2865,-20.000000
2866,4.000000
2867,4.000000
2868,-12.000000
2869,8.000000
2870,-28.000000
2871,12.000000
2872,12.000000
2873,-8.000000
2874,16.000000
2875,20.000000
2876,20.000000
2877,-12.000000
2878,40.000000
2879,-16.000000
2880,-20.000000
2881,-36.000000
2882,16.000000
2883,20.000000
2884,32.000000
2885,-12.000000
2886,4.000000
2887,28.000000
2888,28.000000
2889,-12.000000
2890,32.000000
2891,-32.000000
2892,16.000000
2893,-20.000000
2894,20.000000
2895,-12.000000
2896,4.000000
2897,20.000000
2898,24.000000
2899,16.000000
2900,20.000000
2901,-12.000000
2902,96.000000
2903,32.000000
2904,8.000000
2905,-28.000000
2906,24.000000
2907,44.000000
2908,44.000000
2909,24.000000
2910,0.000000
2911,12.000000
2912,-8.000000
2913,-4.000000
2914,0.000000
2915,24.000000
2916,-8.000000
2917,12.000000
2918,-24.000000
2919,-44.000000
2920,-16.000000
2921,-40.000000
2922,28.000000
2923,-16.000000
2924,-16.000000
2925,0.000000
2926,-4.000000
2927,-40.000000
2928,-8.000000
2929,-112.000000
2930,0.000000
2931,0.000000
2932,-48.000000
2933,-4.000000
2934,-20.000000
2935,-48.000000
2936,-20.000000
2937,0.000000
2938,-12.000000
2939,-44.000000
2940,-28.000000
2941,0.000000
2942,-8.000000
2943,-28.000000
2944,0.000000
2945,28.000000
2946,-8.000000
2947,-28.000000
2948,-20.000000
2949,4.000000
2950,-36.000000
2951,-8.000000
2952,12.000000
2953,8.000000
2954,24.000000
2955,-36.000000
2956,0.000000
2957,16.000000
2958,-8.000000
2959,-8.000000
2960,44.000000
2961,76.000000
2962,-4.000000
2963,4.000000
2964,-28.000000
2965,-12.000000
2966,4.000000
2967,-8.000000
2968,24.000000
2969,20.000000
2970,-16.000000
2971,8.000000
2972,-24.000000
2973,4.000000
2974,-8.000000
2975,24.000000
2976,4.000000
2977,4.000000
2978,-12.000000
2979,0.000000
2980,-32.000000
2981,8.000000
2982,8.000000
2983,-56.000000
2984,-8.000000
2985,0.000000
2986,-28.000000
2987,-24.000000
2988,0.000000
2989,28.000000
2990,-12.000000
2991,-12.000000
2992,4.000000
2993,-8.000000
2994,-8.000000
2995,-52.000000
2996,-20.000000
2997,-20.000000
2998,-8.000000
2999,-24.000000
3000,-60.000000
3001,-16.000000
3002,-24.000000
3003,0.000000
3004,28.000000
3005,-24.000000
3006,0.000000
3007,-40.000000
3008,16.000000
3009,-32.000000
3010,-32.000000
3011,-4.000000
3012,12.000000
3013,-20.000000
3014,8.000000
3015,-4.000000
3016,-8.000000
3017,68.000000
3018,4.000000
3019,-8.000000
3020,16.000000
3021,0.000000
3022,-20.000000
3023,-20.000000
3024,24.000000
3025,-4.000000
3026,-4.000000
3027,-8.000000
3028,8.000000
3029,-4.000000
3030,84.000000
3031,8.000000
3032,4.000000
3033,24.000000
3034,-12.000000
3035,12.000000
3036,24.000000
3037,24.000000
3038,20.000000
3039,-24.000000
3040,-8.000000
3041,-4.000000
3042,-24.000000
3043,24.000000
3044,-4.000000
3045,4.000000
3046,4.000000
3047,-8.000000
3048,-24.000000
3049,92.000000
3050,-12.000000
3051,12.000000
3052,12.000000
3053,-4.000000
3054,-8.000000
3055,-28.000000
3056,4.000000
3057,-8.000000
3058,-16.000000
3059,4.000000
3060,-28.000000
3061,-28.000000
3062,-32.000000
3063,0.000000
3064,-20.000000
3065,-4.000000
3066,-8.000000
3067,-20.000000
3068,4.000000
3069,-16.000000
3070,-16.000000
3071,-32.000000
3072,16.000000
3073,0.000000
3074,-20.000000
3075,-8.000000
3076,-36.000000
3077,-20.000000
3078,0.000000
3079,-28.000000
3080,-80.000000
3081,-48.000000
3082,16.000000
3083,-8.000000
3084,-36.000000
3085,-36.000000
3086,-36.000000
3087,-20.000000
3088,-8.000000
3089,28.000000
3090,-60.000000
3091,60.000000
3092,-24.000000
3093,20.000000
3094,-12.000000
3095,8.000000
3096,-12.000000
3097,0.000000
3098,32.000000
3099,0.000000
3100,12.000000
3101,-24.000000
3102,-8.000000
3103,52.000000
3104,-8.000000
3105,8.000000
3106,8.000000
3107,8.000000
3108,8.000000
3109,-16.000000
3110,-20.000000
3111,12.000000
3112,44.000000
3113,-24.000000
3114,0.000000
3115,-16.000000
3116,16.000000
3117,12.000000
3118,8.000000
3119,16.000000
3120,16.000000
3121,8.000000
3122,12.000000
3123,56.000000
3124,12.000000
3125,8.000000
3126,8.000000
3127,-12.000000
3128,32.000000
3129,12.000000
3130,12.000000
3131,8.000000
3132,0.000000
3133,16.000000
3134,12.000000
3135,32.000000
3136,0.000000
3137,-24.000000
3138,40.000000
3139,4.000000
3140,-16.000000
3141,-8.000000
3142,0.000000
3143,-8.000000
3144,20.000000
3145,56.000000
3146,0.000000
3147,-20.000000
3148,-4.000000
3149,-16.000000
3150,20.000000
3151,-28.000000
3152,60.000000
3153,-8.000000
3154,-12.000000
3155,-20.000000
3156,-20.000000
3157,-24.000000
3158,0.000000
3159,16.000000
3160,-28.000000
3161,-52.000000
3162,-28.000000
3163,-32.000000
3164,-28.000000
3165,-28.000000
3166,16.000000
3167,-24.000000
3168,-20.000000
3169,-16.000000
3170,0.000000
3171,20.000000
3172,68.000000
3173,8.000000
3174,-44.000000
3175,-32.000000
3176,0.000000
3177,0.000000
3178,-12.000000
3179,8.000000
3180,-20.000000
3181,44.000000
3182,-28.000000
3183,8.000000
3184,0.000000
3185,20.000000
3186,24.000000
3187,12.000000
3188,-8.000000
3189,8.000000
3190,8.000000
3191,28.000000
3192,0.000000
3193,12.000000
3194,-12.000000
3195,16.000000
3196,0.000000
3197,16.000000
3198,-12.000000
3199,20.000000
3200,-28.000000
3201,52.000000
3202,-52.000000
3203,-40.000000
3204,16.000000
3205,-16.000000
3206,52.000000
3207,56.000000
3208,4.000000
3209,-36.000000
3210,24.000000
3211,0.000000
3212,4.000000
3213,-12.000000
3214,-16.000000
3215,4.000000
3216,4.000000
3217,4.000000
3218,0.000000
3219,-16.000000
3220,-16.000000
3221,-12.000000
3222,-16.000000
3223,-24.000000
3224,-16.000000
3225,-20.000000
3226,64.000000
3227,-4.000000
3228,20.000000
3229,-40.000000
3230,-40.000000
3231,-20.000000
3232,-20.000000
3233,8.000000
3234,-28.000000
3235,20.000000
3236,-48.000000
3237,40.000000
3238,-20.000000
3239,-4.000000
3240,-4.000000
3241,-40.000000
3242,0.000000
3243,-8.000000
3244,-8.000000
3245,-20.000000
3246,-20.000000
3247,16.000000
3248,-8.000000
3249,-36.000000
3250,16.000000
3251,-12.000000
3252,-8.000000
3253,-8.000000
3254,12.000000
3255,-36.000000
3256,52.000000
3257,-8.000000
3258,-4.000000
3259,-36.000000
3260,-20.000000
3261,8.000000
3262,64.000000
3263,20.000000
3264,-32.000000
3265,24.000000
3266,16.000000
3267,20.000000
3268,20.000000
3269,0.000000
3270,-60.000000
3271,16.000000
3272,-20.000000
3273,-4.000000
3274,-44.000000
3275,-36.000000
3276,-32.000000
3277,52.000000
3278,44.000000
3279,-8.000000
3280,-4.000000
3281,-4.000000
3282,20.000000
3283,32.000000
3284,8.000000
3285,-32.000000
3286,16.000000
3287,-52.000000
3288,28.000000
3289,-16.000000
3290,-4.000000
3291,-8.000000
3292,24.000000
3293,-52.000000
3294,-24.000000
3295,-40.000000
3296,-32.000000
3297,-40.000000
3298,-16.000000
3299,20.000000
3300,-32.000000
3301,28.000000
3302,0.000000
3303,0.000000
3304,-32.000000
3305,-16.000000
3306,20.000000
3307,0.000000
3308,-24.000000
3309,0.000000
3310,-8.000000
3311,-8.000000
3312,-36.000000
3313,-8.000000
3314,-8.000000
3315,4.000000
3316,-24.000000
3317,0.000000
3318,-4.000000
3319,4.000000
3320,8.000000
3321,-16.000000
3322,20.000000
3323,-16.000000
3324,-20.000000
3325,-12.000000
3326,-12.000000
3327,8.000000
3328,0.000000
3329,24.000000
3330,-24.000000
3331,44.000000
3332,-32.000000
3333,72.000000
3334,-8.000000
3335,12.000000
3336,24.000000
3337,0.000000
3338,16.000000
3339,16.000000
3340,0.000000
3341,8.000000
3342,8.000000
3343,24.000000
3344,-44.000000
3345,4.000000
3346,32.000000
3347,16.000000
3348,0.000000
3349,0.000000
3350,0.000000
3351,-8.000000
3352,20.000000
3353,8.000000
3354,8.000000
3355,-8.000000
3356,-20.000000
3357,12.000000
3358,12.000000
3359,-24.000000
3360,52.000000
3361,12.000000
3362,-16.000000
3363,16.000000
3364,-4.000000
3365,-16.000000
3366,-28.000000
3367,-28.000000
3368,-32.000000
3369,-16.000000
3370,28.000000
3371,-24.000000
3372,-12.000000
3373,0.000000
3374,-48.000000
3375,-8.000000
3376,-12.000000
3377,-20.000000
3378,-16.000000
3379,24.000000
3380,-16.000000
3381,-16.000000
3382,28.000000
3383,-24.000000
3384,-28.000000
3385,0.000000
3386,-68.000000
3387,-48.000000
3388,-20.000000
3389,-8.000000
3390,-16.000000
3391,-4.000000
3392,-16.000000
3393,4.000000
3394,4.000000
3395,64.000000
3396,-8.000000
3397,0.000000
3398,-4.000000
3399,4.000000
3400,-8.000000
3401,4.000000
3402,0.000000
3403,0.000000
3404,0.000000
3405,32.000000
3406,4.000000
3407,-8.000000
3408,44.000000
3409,24.000000
3410,24.000000
3411,52.000000
3412,-20.000000
3413,24.000000
3414,-4.000000
3415,0.000000
3416,-4.000000
3417,4.000000
3418,-8.000000
3419,12.000000
3420,16.000000
3421,-8.000000
3422,88.000000
3423,12.000000
3424,12.000000
3425,-12.000000
3426,12.000000
3427,12.000000
3428,-28.000000
3429,0.000000
3430,0.000000
3431,24.000000
3432,-4.000000
3433,84.000000
3434,-12.000000
3435,4.000000
3436,4.000000
3437,16.000000
3438,-24.000000
3439,0.000000
3440,-20.000000
3441,-16.000000
3442,4.000000
3443,-36.000000
3444,-36.000000
3445,-8.000000
3446,16.000000
3447,28.000000
3448,24.000000
3449,-20.000000
3450,-20.000000
3451,-8.000000
3452,-32.000000
3453,-48.000000
3454,-48.000000
3455,-44.000000
3456,-40.000000
3457,-20.000000
3458,4.000000
3459,-24.000000
3460,-16.000000
3461,-32.000000
3462,-28.000000
3463,12.000000
3464,32.000000
3465,0.000000
3466,0.000000
3467,8.000000
3468,12.000000
3469,52.000000
3470,24.000000
3471,16.000000
3472,-12.000000
3473,8.000000
3474,-40.000000
3475,-8.000000
3476,-12.000000
3477,-12.000000
3478,-12.000000
3479,-8.000000
3480,-12.000000
3481,12.000000
3482,24.000000
3483,-20.000000
3484,32.000000
3485,24.000000
3486,16.000000
3487,-8.000000
3488,4.000000
3489,12.000000
3490,8.000000
3491,24.000000
3492,-12.000000
3493,4.000000
3494,-20.000000
3495,24.000000
3496,-32.000000
3497,16.000000
3498,-4.000000
3499,16.000000
3500,20.000000
3501,44.000000
3502,8.000000
3503,16.000000
3504,16.000000
3505,-12.000000
3506,-44.000000
3507,8.000000
3508,-32.000000
3509,-8.000000
3510,28.000000
3511,-24.000000
3512,-28.000000
3513,20.000000
3514,4.000000
3515,0.000000
3516,-28.000000
3517,-16.000000
3518,-60.000000
3519,-16.000000
3520,-16.000000
3521,12.000000
3522,8.000000
3523,-36.000000
3524,-4.000000
3525,12.000000
3526,-40.000000
3527,-40.000000
3528,0.000000
3529,-52.000000
3530,4.000000
3531,-32.000000
3532,24.000000
3533,-24.000000
3534,24.000000
3535,-52.000000
3536,0.000000
3537,-16.000000
3538,0.000000
3539,-24.000000
3540,0.000000
3541,-20.000000
3542,-12.000000
3543,-12.000000
3544,-8.000000
3545,16.000000
3546,-4.000000
3547,-24.000000
3548,-8.000000
3549,-8.000000
3550,-4.000000
3551,-24.000000
3552,0.000000
3553,-8.000000
3554,12.000000
3555,0.000000
3556,4.000000
3557,-24.000000
3558,16.000000
3559,8.000000
3560,-16.000000
3561,4.000000
3562,0.000000
3563,-24.000000
3564,-36.000000
3565,-4.000000
3566,-24.000000
3567,12.000000
3568,8.000000
3569,16.000000
3570,-8.000000
3571,-12.000000
3572,16.000000
3573,-44.000000
3574,56.000000
3575,-8.000000
3576,-8.000000
3577,4.000000
3578,4.000000
3579,0.000000
3580,-8.000000
3581,8.000000
3582,-8.000000
3583,40.000000
3584,56.000000
3585,-16.000000
3586,-40.000000
3587,-8.000000
3588,24.000000
3589,-8.000000
3590,52.000000
3591,88.000000
3592,0.000000
3593,8.000000
3594,24.000000
3595,-8.000000
3596,-8.000000
3597,-20.000000
3598,28.000000
3599,0.000000
3600,-20.000000
3601,-12.000000
3602,24.000000
3603,-32.000000
3604,-48.000000
3605,52.000000
3606,-8.000000
3607,-4.000000
3608,-40.000000
3609,-8.000000
3610,-32.000000
3611,-24.000000
3612,0.000000
3613,0.000000
3614,0.000000
3615,-48.000000
3616,16.000000
3617,-8.000000
3618,0.000000
3619,-36.000000
3620,4.000000
3621,0.000000
3622,-4.000000
3623,-36.000000
3624,4.000000
3625,-4.000000
3626,0.000000
3627,-16.000000
3628,-56.000000
3629,12.000000
3630,8.000000
3631,-36.000000
3632,32.000000
3633,24.000000
3634,8.000000
3635,12.000000
3636,16.000000
3637,8.000000
3638,0.000000
3639,48.000000
3640,16.000000
3641,16.000000
3642,0.000000
3643,0.000000
3644,0.000000
3645,-8.000000
3646,44.000000
3647,24.000000
3648,28.000000
3649,-28.000000
3650,-20.000000
3651,0.000000
3652,84.000000
3653,0.000000
3654,8.000000
3655,-12.000000
3656,0.000000
3657,16.000000
3658,28.000000
3659,-16.000000
3660,20.000000
3661,-20.000000
3662,-16.000000
3663,-28.000000
3664,-28.000000
3665,-32.000000
3666,44.000000
3667,-28.000000
3668,-40.000000
3669,-32.000000
3670,0.000000
3671,0.000000
3672,-8.000000
3673,-28.000000
3674,-28.000000
3675,-52.000000
3676,-44.000000
3677,-36.000000
3678,-32.000000
3679,0.000000
3680,-96.000000
3681,0.000000
3682,0.000000
3683,-40.000000
3684,-36.000000
3685,20.000000
3686,-28.000000
3687,-28.000000
3688,-24.000000
3689,-16.000000
3690,-16.000000
3691,16.000000
3692,24.000000
3693,-12.000000
3694,0.000000
3695,52.000000
3696,-8.000000
3697,-8.000000
3698,-8.000000
3699,100.000000
3700,44.000000
3701,80.000000
3702,-4.000000
3703,24.000000
3704,20.000000
3705,0.000000
3706,-24.000000
3707,0.000000
3708,0.000000
3709,-8.000000
3710,-8.000000
3711,16.000000
3712,20.000000
3713,8.000000
3714,4.000000
3715,-24.000000
3716,4.000000
3717,-4.000000
3718,20.000000
3719,20.000000
3720,0.000000
3721,8.000000
3722,8.000000
3723,-8.000000
3724,20.000000
3725,8.000000
3726,24.000000
3727,0.000000
3728,16.000000
3729,12.000000
3730,-16.000000
3731,4.000000
3732,-16.000000
3733,24.000000
3734,0.000000
3735,52.000000
3736,4.000000
3737,-20.000000
3738,-40.000000
3739,-20.000000
3740,-4.000000
3741,52.000000
3742,-24.000000
3743,-8.000000
3744,-12.000000
3745,-8.000000
3746,-96.000000
3747,-8.000000
3748,-40.000000
3749,-12.000000
3750,-12.000000
3751,-16.000000
3752,28.000000
3753,-32.000000
3754,-36.000000
3755,-20.000000
3756,20.000000
3757,-32.000000
3758,0.000000
3759,8.000000
3760,-8.000000
3761,-44.000000
3762,-16.000000
3763,-4.000000
3764,0.000000
3765,20.000000
3766,20.000000
3767,24.000000
3768,24.000000
3769,-8.000000
3770,-8.000000
3771,8.000000
3772,-24.000000
3773,-20.000000
3774,32.000000
3775,-4.000000
3776,16.000000
3777,-4.000000
3778,-52.000000
3779,-12.000000
3780,0.000000
3781,-36.000000
3782,4.000000
3783,8.000000
3784,-24.000000
3785,52.000000
3786,28.000000
3787,124.000000
3788,28.000000
3789,32.000000
3790,100.000000
3791,8.000000
3792,-40.000000
3793,28.000000
3794,-52.000000
3795,24.000000
3796,84.000000
3797,24.000000
3798,-8.000000
3799,-28.000000
3800,40.000000
3801,-24.000000
3802,0.000000
3803,0.000000
3804,0.000000
3805,24.000000
3806,16.000000
3807,0.000000
3808,-24.000000
3809,-32.000000
3810,-32.000000
3811,4.000000
3812,-28.000000
3813,-20.000000
3814,-12.000000
3815,-32.000000
3816,16.000000
3817,-24.000000
3818,32.000000
3819,-48.000000
3820,-4.000000
3821,-8.000000
3822,-20.000000
3823,-20.000000
3824,-8.000000
3825,-16.000000
3826,-16.000000
3827,-68.000000
3828,0.000000
3829,-28.000000
3830,8.000000
3831,-8.000000
3832,-40.000000
3833,-32.000000
3834,-8.000000
3835,-36.000000
3836,-8.000000
3837,-32.000000
3838,-32.000000
3839,40.000000
3840,-8.000000
3841,84.000000
3842,-64.000000
3843,-56.000000
3844,0.000000
3845,-64.000000
3846,16.000000
3847,24.000000
3848,-8.000000
3849,-8.000000
3850,16.000000
3851,-4.000000
3852,32.000000
3853,16.000000
3854,-20.000000
3855,24.000000
3856,-4.000000
3857,4.000000
3858,24.000000
3859,20.000000
3860,-16.000000
3861,4.000000
3862,88.000000
3863,8.000000
3864,4.000000
3865,-8.000000
3866,52.000000
3867,48.000000
3868,4.000000
3869,4.000000
3870,-12.000000
3871,20.000000
3872,24.000000
3873,-36.000000
3874,56.000000
3875,8.000000
3876,4.000000
3877,32.000000
3878,28.000000
3879,8.000000
3880,12.000000
3881,-44.000000
3882,12.000000
3883,-12.000000
3884,4.000000
3885,-24.000000
3886,-8.000000
3887,12.000000
3888,24.000000
3889,-28.000000
3890,28.000000
3891,4.000000
3892,0.000000
3893,-8.000000
3894,-28.000000
3895,0.000000
3896,0.000000
3897,-8.000000
3898,-28.000000
3899,-40.000000
3900,-100.000000
3901,-36.000000
3902,-36.000000
3903,0.000000
3904,-8.000000
3905,-12.000000
3906,0.000000
3907,-24.000000
3908,-8.000000
3909,-8.000000
3910,0.000000
3911,-24.000000
3912,8.000000
3913,-16.000000
3914,4.000000
3915,60.000000
3916,-16.000000
3917,-4.000000
3918,12.000000
3919,0.000000
3920,-16.000000
3921,-48.000000
3922,40.000000
3923,44.000000
3924,8.000000
3925,12.000000
3926,8.000000
3927,0.000000
3928,60.000000
3929,12.000000
3930,4.000000
3931,24.000000
3932,0.000000
3933,-32.000000
3934,64.000000
3935,-8.000000
3936,20.000000
3937,44.000000
3938,4.000000
3939,20.000000
3940,0.000000
3941,0.000000
3942,16.000000
3943,44.000000
3944,44.000000
3945,36.000000
3946,-12.000000
3947,12.000000
3948,28.000000
3949,-4.000000
3950,-20.000000
3951,0.000000
3952,-36.000000
3953,24.000000
3954,4.000000
3955,-8.000000
3956,-32.000000
3957,-64.000000
3958,-28.000000
3959,48.000000
3960,-8.000000
3961,-12.000000
3962,20.000000
3963,0.000000
3964,32.000000
3965,4.000000
3966,-8.000000
3967,-16.000000
3968,8.000000
3969,-40.000000
3970,0.000000
3971,16.000000
3972,-4.000000
3973,-36.000000
3974,-28.000000
3975,12.000000
3976,-16.000000
3977,4.000000
3978,-40.000000
3979,-28.000000
3980,0.000000
3981,-40.000000
3982,-36.000000
3983,16.000000
3984,-40.000000
3985,-16.000000
3986,-16.000000
3987,0.000000
3988,16.000000
3989,-20.000000
3990,-16.000000
3991,52.000000
3992,-4.000000
3993,-24.000000
3994,-24.000000
3995,0.000000
3996,-28.000000
3997,-16.000000
3998,0.000000
3999,-8.000000
4000,4.000000
4001,-20.000000
4002,-44.000000
4003,52.000000
4004,-8.000000
4005,12.000000
4006,40.000000
4007,20.000000
4008,-36.000000
4009,20.000000
4010,-8.000000
4011,24.000000
4012,24.000000
4013,-36.000000
4014,24.000000
4015,24.000000
4016,48.000000
4017,12.000000
4018,48.000000
4019,20.000000
4020,56.000000
4021,-40.000000
4022,52.000000
4023,-36.000000
4024,12.000000
4025,-28.000000
4026,20.000000
4027,0.000000
4028,4.000000
4029,8.000000
4030,-24.000000
4031,52.000000
4032,76.000000
4033,-8.000000
4034,-8.000000
4035,-40.000000
4036,-52.000000
4037,-12.000000
4038,0.000000
4039,-36.000000
4040,8.000000
4041,-8.000000
4042,12.000000
4043,-16.000000
4044,0.000000
4045,-16.000000
4046,40.000000
4047,-16.000000
4048,8.000000
4049,-8.000000
4050,-12.000000
4051,4.000000
4052,-24.000000
4053,28.000000
4054,-24.000000
4055,20.000000
4056,-12.000000
4057,-40.000000
4058,-32.000000
4059,-4.000000
4060,-4.000000
4061,-48.000000
4062,-40.000000
4063,12.000000
4064,-40.000000
4065,12.000000
4066,-8.000000
4067,-16.000000
4068,-8.000000
4069,12.000000
4070,-4.000000
4071,-36.000000
4072,0.000000
4073,0.000000
4074,-24.000000
4075,16.000000
4076,4.000000
4077,-8.000000
4078,16.000000
4079,24.000000
4080,16.000000
4081,8.000000
4082,0.000000
4083,12.000000
4084,16.000000
4085,0.000000
4086,-12.000000
4087,40.000000
4088,24.000000
4089,16.000000
4090,12.000000
4091,32.000000
4092,12.000000
4093,4.000000
4094,0.000000
4095,-4.000000
4096,88.000000
4097,56.000000
4098,24.000000
4099,0.000000
4100,0.000000
4101,32.000000
4102,-12.000000
4103,0.000000
4104,84.000000
4105,12.000000
4106,8.000000
4107,-36.000000
4108,0.000000
4109,-4.000000
4110,-40.000000
4111,-16.000000
4112,-20.000000
4113,-48.000000
4114,-36.000000
4115,-24.000000
4116,-12.000000
4117,-4.000000
4118,-40.000000
4119,24.000000
4120,12.000000
4121,-56.000000
4122,-28.000000
4123,-8.000000
4124,-12.000000
4125,-32.000000
4126,-16.000000
4127,-24.000000
4128,-20.000000
4129,-28.000000
4130,-28.000000
4131,16.000000
4132,-32.000000
4133,44.000000
4134,-24.000000
4135,-36.000000
4136,-48.000000
4137,-32.000000
4138,-32.000000
4139,28.000000
4140,-24.000000
4141,40.000000
4142,-24.000000
4143,4.000000
4144,8.000000
4145,-8.000000
4146,-60.000000
4147,32.000000
4148,16.000000
4149,-4.000000
4150,44.000000
4151,-36.000000
4152,20.000000
4153,-8.000000
4154,-8.000000
4155,20.000000
4156,-4.000000
4157,-4.000000
4158,32.000000
4159,52.000000
4160,40.000000
4161,8.000000
4162,48.000000
4163,-8.000000
4164,-16.000000
4165,-40.000000
4166,40.000000
4167,0.000000
4168,0.000000
4169,-28.000000
4170,16.000000
4171,-40.000000
4172,24.000000
4173,4.000000
4174,-52.000000
4175,76.000000
4176,-4.000000
4177,52.000000
4178,-12.000000
4179,-8.000000
4180,-24.000000
4181,28.000000
4182,-28.000000
4183,-16.000000
4184,-20.000000
4185,-16.000000
4186,-8.000000
4187,12.000000
4188,-8.000000
4189,24.000000
4190,-8.000000
4191,-8.000000
4192,-12.000000
4193,16.000000
4194,0.000000
4195,-40.000000
4196,-12.000000
4197,0.000000
4198,-16.000000
4199,4.000000
4200,-28.000000
4201,0.000000
4202,12.000000
4203,-16.000000
4204,-16.000000
4205,-24.000000
4206,-32.000000
4207,0.000000
4208,-24.000000
4209,-40.000000
4210,-40.000000
4211,-12.000000
4212,-12.000000
4213,-8.000000
4214,4.000000
4215,-24.000000
4216,-16.000000
4217,-8.000000
4218,0.000000
4219,0.000000
4220,0.000000
4221,16.000000
4222,-12.000000
4223,32.000000
4224,40.000000
4225,8.000000
4226,32.000000
4227,-28.000000
4228,16.000000
4229,-20.000000
4230,8.000000
4231,-12.000000
4232,0.000000
4233,12.000000
4234,16.000000
4235,16.000000
4236,-8.000000
4237,28.000000
4238,-8.000000
4239,8.000000
4240,-24.000000
4241,-8.000000
4242,-16.000000
4243,16.000000
4244,20.000000
4245,0.000000
4246,0.000000
4247,-12.000000
4248,44.000000
4249,-8.000000
4250,-8.000000
4251,12.000000
4252,12.000000
4253,48.000000
4254,0.000000
4255,-4.000000
4256,-32.000000
4257,4.000000
4258,-4.000000
4259,-4.000000
4260,-20.000000
4261,-28.000000
4262,-44.000000
4263,-20.000000
4264,-12.000000
4265,-48.000000
4266,-8.000000
4267,-36.000000
4268,-28.000000
4269,-20.000000
4270,16.000000
4271,-28.000000
4272,-36.000000
4273,-20.000000
4274,28.000000
4275,12.000000
4276,-8.000000
4277,-4.000000
4278,-12.000000
4279,-20.000000
4280,-24.000000
4281,-32.000000
4282,-32.000000
4283,-32.000000
4284,0.000000
4285,-24.000000
4286,-40.000000
4287,28.000000
4288,24.000000
4289,-12.000000
4290,8.000000
4291,-36.000000
4292,-36.000000
4293,-28.000000
4294,28.000000
4295,-32.000000
4296,-36.000000
4297,16.000000
4298,-12.000000
4299,0.000000
4300,8.000000
4301,12.000000
4302,36.000000
4303,32.000000
4304,24.000000
4305,52.000000
4306,-8.000000
4307,48.000000
4308,48.000000
4309,-16.000000
4310,0.000000
4311,-20.000000
4312,-12.000000
4313,8.000000
4314,68.000000
4315,16.000000
4316,-8.000000
4317,4.000000
4318,-8.000000
4319,24.000000
4320,16.000000
4321,-4.000000
4322,0.000000
4323,-16.000000
4324,28.000000
4325,28.000000
4326,-8.000000
4327,-16.000000
4328,64.000000
4329,8.000000
4330,4.000000
4331,36.000000
4332,12.000000
4333,28.000000
4334,20.000000
4335,-16.000000
4336,-12.000000
4337,-24.000000
4338,-28.000000
4339,-32.000000
4340,-28.000000
4341,0.000000
4342,-60.000000
4343,24.000000
4344,-40.000000
4345,-16.000000
4346,64.000000
4347,-12.000000
4348,-8.000000
4349,-8.000000
4350,4.000000
4351,24.000000
4352,-24.000000
4353,0.000000
4354,12.000000
4355,-28.000000
4356,-28.000000
4357,64.000000
4358,-20.000000
4359,-28.000000
4360,44.000000
4361,-4.000000
4362,-20.000000
4363,24.000000
4364,28.000000
4365,-32.000000
4366,44.000000
4367,12.000000
4368,-16.000000
4369,-8.000000
4370,4.000000
4371,24.000000
4372,64.000000
4373,-12.000000
4374,-8.000000
4375,0.000000
4376,48.000000
4377,20.000000
4378,-8.000000
4379,12.000000
4380,12.000000
4381,16.000000
4382,0.000000
4383,44.000000
4384,0.000000
4385,16.000000
4386,24.000000
4387,32.000000
4388,24.000000
4389,16.000000
4390,24.000000
4391,20.000000
4392,44.000000
4393,20.000000
4394,0.000000
4395,44.000000
4396,20.000000
4397,-32.000000
4398,24.000000
4399,8.000000
4400,24.000000
4401,16.000000
4402,8.000000
4403,40.000000
4404,8.000000
4405,-28.000000
4406,8.000000
4407,-56.000000
4408,28.000000
4409,-8.000000
4410,44.000000
4411,-28.000000
4412,-32.000000
4413,-8.000000
4414,24.000000
4415,-12.000000
4416,-24.000000
4417,-12.000000
4418,-12.000000
4419,-8.000000
4420,-28.000000
4421,-16.000000
4422,-8.000000
4423,-12.000000
4424,-12.000000
4425,-16.000000
4426,8.000000
4427,24.000000
4428,0.000000
4429,-20.000000
4430,-20.000000
4431,-16.000000
4432,-8.000000
4433,-16.000000
4434,-40.000000
4435,-16.000000
4436,28.000000
4437,-32.000000
4438,20.000000
4439,24.000000
4440,12.000000
4441,4.000000
4442,4.000000
4443,-16.000000
4444,60.000000
4445,72.000000
4446,-8.000000
4447,-20.000000
4448,4.000000
4449,20.000000
4450,-44.000000
4451,16.000000
4452,-60.000000
4453,4.000000
4454,32.000000
4455,-20.000000
4456,8.000000
4457,-12.000000
4458,32.000000
4459,12.000000
4460,8.000000
4461,12.000000
4462,0.000000
4463,-8.000000
4464,-56.000000
4465,0.000000
4466,0.000000
4467,12.000000
4468,36.000000
4469,8.000000
4470,8.000000
4471,-16.000000
4472,24.000000
4473,4.000000
4474,12.000000
4475,8.000000
4476,-20.000000
4477,-24.000000
4478,0.000000
4479,12.000000
4480,12.000000
4481,32.000000
4482,-20.000000
4483,-16.000000
4484,0.000000
4485,-16.000000
4486,8.000000
4487,4.000000
4488,4.000000
4489,-12.000000
4490,4.000000
4491,-8.000000
4492,56.000000
4493,-100.000000
4494,-24.000000
4495,0.000000
4496,0.000000
4497,-16.000000
4498,-8.000000
4499,-24.000000
4500,16.000000
4501,16.000000
4502,-16.000000
4503,-8.000000
4504,-48.000000
4505,16.000000
4506,-48.000000
4507,24.000000
4508,-20.000000
4509,-24.000000
4510,16.000000
4511,-4.000000
4512,52.000000
4513,-4.000000
4514,8.000000
4515,-32.000000
4516,12.000000
4517,-12.000000
4518,-4.000000
4519,12.000000
4520,-8.000000
4521,-20.000000
4522,8.000000
4523,16.000000
4524,-4.000000
4525,12.000000
4526,12.000000
4527,-16.000000
4528,60.000000
4529,16.000000
4530,-36.000000
4531,8.000000
4532,-8.000000
4533,-4.000000
4534,48.000000
4535,52.000000
4536,-36.000000
4537,-4.000000
4538,-4.000000
4539,12.000000
4540,32.000000
4541,0.000000
4542,24.000000
4543,4.000000
4544,4.000000
4545,4.000000
4546,12.000000
4547,20.000000
4548,-44.000000
4549,-8.000000
4550,88.000000
4551,8.000000
4552,4.000000
4553,-16.000000
4554,-36.000000
4555,0.000000
4556,0.000000
4557,-60.000000
4558,-60.000000
4559,-8.000000
4560,-8.000000
4561,-8.000000
4562,16.000000
4563,-8.000000
4564,-36.000000
4565,-24.000000
4566,28.000000
4567,-12.000000
4568,0.000000
4569,-24.000000
4570,16.000000
4571,-16.000000
4572,-16.000000
4573,-4.000000
4574,0.000000
4575,-44.000000
4576,-60.000000
4577,-8.000000
4578,-32.000000
4579,-32.000000
4580,-36.000000
4581,-32.000000
4582,0.000000
4583,-20.000000
4584,-20.000000
4585,-4.000000
4586,28.000000
4587,48.000000
4588,0.000000
4589,-12.000000
4590,-8.000000
4591,0.000000
4592,-12.000000
4593,-8.000000
4594,-8.000000
4595,0.000000
4596,-36.000000
4597,44.000000
4598,4.000000
4599,68.000000
4600,4.000000
4601,-32.000000
4602,20.000000
4603,8.000000
4604,32.000000
4605,32.000000
4606,28.000000
4607,16.000000
4608,20.000000
4609,32.000000
4610,-12.000000
4611,4.000000
4612,16.000000
4613,4.000000
4614,-8.000000
4615,0.000000
4616,0.000000
4617,32.000000
4618,-52.000000
4619,8.000000
4620,52.000000
4621,12.000000
4622,8.000000
4623,100.000000
4624,20.000000
4625,48.000000
4626,12.000000
4627,12.000000
4628,8.000000
4629,20.000000
4630,48.000000
4631,24.000000
4632,12.000000
4633,-20.000000
4634,-20.000000
4635,52.000000
4636,-16.000000
4637,16.000000
4638,-4.000000
4639,-24.000000
4640,4.000000
4641,-16.000000
4642,-16.000000
4643,0.000000
4644,-8.000000
4645,-12.000000
4646,-28.000000
4647,12.000000
4648,28.000000
4649,-24.000000
4650,-48.000000
4651,-16.000000
4652,-4.000000
4653,-28.000000
4654,28.000000
4655,12.000000
4656,-8.000000
4657,-8.000000
4658,-32.000000
4659,-24.000000
4660,-24.000000
4661,0.000000
4662,-20.000000
4663,20.000000
4664,-24.000000
4665,-8.000000
4666,64.000000
4667,0.000000
4668,0.000000
4669,64.000000
4670,52.000000
4671,-56.000000
4672,72.000000
4673,100.000000
4674,20.000000
4675,-24.000000
4676,0.000000
4677,44.000000
4678,16.000000
4679,0.000000
4680,16.000000
4681,-16.000000
4682,32.000000
4683,40.000000
4684,24.000000
4685,4.000000
4686,16.000000
4687,0.000000
4688,20.000000
4689,20.000000
4690,16.000000
4691,28.000000
4692,32.000000
4693,4.000000
4694,20.000000
4695,-16.000000
4696,4.000000
4697,-44.000000
4698,-36.000000
4699,-40.000000
4700,12.000000
4701,4.000000
4702,4.000000
4703,4.000000
4704,4.000000
4705,0.000000
4706,0.000000
4707,-44.000000
4708,-8.000000
4709,-12.000000
4710,-16.000000
4711,-4.000000
4712,-12.000000
4713,0.000000
4714,-12.000000
4715,-16.000000
4716,-24.000000
4717,-72.000000
4718,-28.000000
4719,-36.000000
4720,-52.000000
4721,-24.000000
4722,-8.000000
4723,4.000000
4724,-20.000000
4725,-16.000000
4726,-24.000000
4727,-28.000000
4728,-28.000000
4729,-36.000000
4730,-8.000000
4731,-16.000000
4732,-52.000000
4733,24.000000
4734,-24.000000
4735,-28.000000
4736,-40.000000
4737,-4.000000
4738,20.000000
4739,-40.000000
4740,24.000000
4741,-12.000000
4742,-8.000000
4743,20.000000
4744,-36.000000
4745,12.000000
4746,8.000000
4747,-16.000000
4748,-32.000000
4749,0.000000
4750,-8.000000
4751,0.000000
4752,44.000000
4753,12.000000
4754,8.000000
4755,-8.000000
4756,0.000000
4757,-44.000000
4758,24.000000
4759,16.000000
4760,-24.000000
4761,0.000000
4762,-8.000000
4763,20.000000
4764,20.000000
4765,12.000000
4766,32.000000
4767,20.000000
4768,-28.000000
4769,124.000000
4770,8.000000
4771,20.000000
4772,0.000000
4773,-28.000000
4774,0.000000
4775,20.000000
4776,16.000000
4777,16.000000
4778,0.000000
4779,8.000000
4780,-12.000000
4781,-12.000000
4782,12.000000
4783,-20.000000
4784,-20.000000
4785,12.000000
4786,-8.000000
4787,-28.000000
4788,-32.000000
4789,4.000000
4790,-120.000000
4791,-36.000000
4792,-40.000000
4793,0.000000
4794,4.000000
4795,-24.000000
4796,-16.000000
4797,-16.000000
4798,12.000000
4799,-24.000000
4800,-8.000000
4801,0.000000
4802,-8.000000
4803,-28.000000
4804,-28.000000
4805,16.000000
4806,-20.000000
4807,0.000000
4808,-36.000000
4809,-20.000000
4810,-8.000000
4811,24.000000
4812,-60.000000
4813,56.000000
4814,4.000000
4815,44.000000
4816,20.000000
4817,-4.000000
4818,-4.000000
4819,8.000000
4820,0.000000
4821,0.000000
4822,32.000000
4823,-8.000000
4824,64.000000
4825,-32.000000
4826,0.000000
4827,8.000000
4828,4.000000
4829,-4.000000
4830,4.000000
4831,4.000000
4832,-16.000000
4833,-8.000000
4834,0.000000
4835,-4.000000
4836,8.000000
4837,20.000000
4838,32.000000
4839,8.000000
4840,8.000000
4841,0.000000
4842,12.000000
4843,0.000000
4844,0.000000
4845,0.000000
4846,12.000000
4847,-16.000000
4848,24.000000
4849,4.000000
4850,4.000000
4851,-32.000000
4852,16.000000
4853,20.000000
4854,20.000000
4855,0.000000
4856,-4.000000
4857,16.000000
4858,-12.000000
4859,-24.000000
4860,-8.000000
4861,-4.000000
4862,-12.000000
4863,-12.000000
4864,-8.000000
4865,8.000000
4866,12.000000
4867,-8.000000
4868,-8.000000
4869,40.000000
4870,-8.000000
4871,-4.000000
4872,-40.000000
4873,-32.000000
4874,-28.000000
4875,8.000000
4876,-8.000000
4877,-8.000000
4878,-28.000000
4879,-48.000000
4880,-52.000000
4881,-40.000000
4882,-32.000000
4883,12.000000
4884,-24.000000
4885,-20.000000
4886,44.000000
4887,-44.000000
4888,20.000000
4889,-20.000000
4890,-32.000000
4891,-28.000000
4892,16.000000
4893,-16.000000
4894,16.000000
4895,-8.000000
4896,12.000000
4897,-32.000000
4898,-40.000000
4899,0.000000
4900,44.000000
4901,-12.000000
4902,-8.000000
4903,-12.000000
4904,-16.000000
4905,16.000000
4906,-24.000000
4907,-20.000000
4908,0.000000
4909,-8.000000
4910,8.000000
4911,-44.000000
4912,16.000000
4913,16.000000
4914,8.000000
4915,-32.000000
4916,0.000000
4917,8.000000
4918,0.000000
4919,0.000000
4920,24.000000
4921,8.000000
4922,-32.000000
4923,16.000000
4924,-8.000000
4925,0.000000
4926,4.000000
4927,-8.000000
4928,68.000000
4929,-16.000000
4930,-16.000000
4931,0.000000
4932,-32.000000
4933,-32.000000
4934,-36.000000
4935,-28.000000
4936,-28.000000
4937,-12.000000
4938,-28.000000
4939,4.000000
4940,-20.000000
4941,-40.000000
4942,-8.000000
4943,40.000000
4944,-16.000000
4945,-16.000000
4946,-4.000000
4947,-16.000000
4948,20.000000
4949,0.000000
4950,-28.000000
4951,-4.000000
4952,-32.000000
4953,52.000000
4954,-32.000000
4955,-28.000000
4956,-48.000000
4957,52.000000
4958,-40.000000
4959,-8.000000
4960,-4.000000
4961,-24.000000
4962,-16.000000
4963,0.000000
4964,-16.000000
4965,20.000000
4966,-52.000000
4967,-12.000000
4968,-8.000000
4969,80.000000
4970,0.000000
4971,8.000000
4972,8.000000
4973,8.000000
4974,8.000000
4975,12.000000
4976,4.000000
4977,0.000000
4978,4.000000
4979,-12.000000
4980,44.000000
4981,-20.000000
4982,24.000000
4983,8.000000
4984,12.000000
4985,12.000000
4986,52.000000
4987,20.000000
4988,16.000000
4989,40.000000
4990,20.000000
4991,-20.000000
4992,24.000000
4993,16.000000
4994,0.000000
4995,28.000000
4996,-8.000000
4997,4.000000
4998,4.000000
4999,0.000000
5000,-24.000000
5001,-28.000000
5002,-28.000000
5003,8.000000
5004,16.000000
5005,-44.000000
5006,-20.000000
5007,-8.000000
5008,-8.000000
5009,4.000000
5010,-4.000000
5011,12.000000
5012,64.000000
5013,16.000000
5014,-8.000000
5015,-12.000000
5016,8.000000
5017,-12.000000
5018,-12.000000
5019,-68.000000
5020,-28.000000
5021,-20.000000
5022,44.000000
5023,-32.000000
5024,-28.000000
5025,-12.000000
5026,-8.000000
5027,-64.000000
5028,-12.000000
5029,-4.000000
5030,-44.000000
5031,-8.000000
5032,-40.000000
5033,-28.000000
5034,-4.000000
5035,8.000000
5036,-8.000000
5037,-4.000000
5038,-12.000000
5039,-16.000000
5040,-32.000000
5041,20.000000
5042,0.000000
5043,-8.000000
5044,16.000000
5045,-8.000000
5046,4.000000
5047,44.000000
5048,4.000000
5049,0.000000
5050,32.000000
5051,16.000000
5052,28.000000
5053,0.000000
5054,-4.000000
5055,-28.000000
5056,12.000000
5057,52.000000
5058,4.000000
5059,12.000000
5060,-12.000000
5061,20.000000
5062,28.000000
5063,-8.000000
5064,56.000000
5065,-12.000000
5066,-24.000000
5067,24.000000
5068,4.000000
5069,-12.000000
5070,-20.000000
5071,28.000000
5072,28.000000
5073,28.000000
5074,32.000000
5075,4.000000
5076,-20.000000
5077,-20.000000
5078,4.000000
5079,0.000000
5080,-20.000000
5081,20.000000
5082,8.000000
5083,4.000000
5084,4.000000
5085,-12.000000
5086,-8.000000
5087,-4.000000
5088,4.000000
5089,20.000000
5090,-60.000000
5091,-12.000000
5092,-68.000000
5093,0.000000
5094,-28.000000
5095,-16.000000
5096,-16.000000
5097,-8.000000
5098,16.000000
5099,-20.000000
5100,0.000000
5101,16.000000
5102,-64.000000
5103,0.000000
5104,-28.000000
5105,-20.000000
5106,-48.000000
5107,-16.000000
5108,-24.000000
5109,-28.000000
5110,44.000000
5111,-24.000000
5112,-8.000000
5113,-8.000000
5114,-8.000000
5115,-8.000000
5116,-8.000000
5117,0.000000
5118,12.000000
5119,-8.000000
5120,-16.000000
5121,0.000000
5122,0.000000
5123,-8.000000
5124,20.000000
5125,24.000000
5126,-8.000000
5127,-24.000000
5128,20.000000
5129,0.000000
5130,-44.000000
5131,8.000000
5132,-28.000000
5133,16.000000
5134,-52.000000
5135,40.000000
5136,16.000000
5137,32.000000
5138,28.000000
5139,-20.000000
5140,12.000000
5141,20.000000
5142,20.000000
5143,0.000000
5144,0.000000
5145,-24.000000
5146,28.000000
5147,16.000000
5148,-12.000000
5149,-44.000000
5150,32.000000
5151,-24.000000
5152,20.000000
5153,8.000000
5154,12.000000
5155,-4.000000
5156,-16.000000
5157,20.000000
5158,0.000000
5159,-8.000000
5160,0.000000
5161,16.000000
5162,-32.000000
5163,-16.000000
5164,-20.000000
5165,-16.000000
5166,16.000000
5167,-8.000000
5168,-4.000000
5169,-20.000000
5170,-52.000000
5171,-32.000000
5172,-36.000000
5173,-28.000000
5174,-28.000000
5175,-32.000000
5176,-40.000000
5177,-28.000000
5178,-28.000000
5179,-32.000000
5180,-40.000000
5181,-20.000000
5182,52.000000
5183,-32.000000
5184,20.000000
5185,20.000000
5186,44.000000
5187,-8.000000
5188,-20.000000
5189,-52.000000
5190,-28.000000
5191,-44.000000
5192,-12.000000
5193,0.000000
5194,24.000000
5195,-28.000000
5196,-8.000000
5197,-28.000000
5198,4.000000
5199,16.000000
5200,8.000000
5201,-4.000000
5202,-8.000000
5203,-20.000000
5204,24.000000
5205,-28.000000
5206,24.000000
5207,24.000000
5208,24.000000
5209,16.000000
5210,0.000000
5211,0.000000
5212,-12.000000
5213,20.000000
5214,20.000000
5215,20.000000
5216,0.000000
5217,8.000000
5218,-52.000000
5219,-32.000000
5220,-12.000000
5221,-20.000000
5222,-4.000000
5223,16.000000
5224,-40.000000
5225,-8.000000
5226,8.000000
5227,-8.000000
5228,-8.000000
5229,12.000000
5230,12.000000
5231,4.000000
5232,-12.000000
5233,-8.000000
5234,-12.000000
5235,52.000000
5236,56.000000
5237,0.000000
5238,-32.000000
5239,0.000000
5240,-16.000000
5241,-8.000000
5242,-32.000000
5243,16.000000
5244,-16.000000
5245,-20.000000
5246,-8.000000
5247,-40.000000
5248,4.000000
5249,0.000000
5250,-20.000000
5251,-24.000000
5252,44.000000
5253,-24.000000
5254,-28.000000
5255,-28.000000
5256,16.000000
5257,16.000000
5258,0.000000
5259,24.000000
5260,-32.000000
5261,8.000000
5262,-56.000000
5263,-8.000000
5264,44.000000
5265,-8.000000
5266,-8.000000
5267,-24.000000
5268,44.000000
5269,-8.000000
5270,-20.000000
5271,-4.000000
5272,20.000000
5273,0.000000
5274,-12.000000
5275,24.000000
5276,40.000000
5277,24.000000
5278,20.000000
5279,44.000000
5280,16.000000
5281,-20.000000
5282,24.000000
5283,16.000000
5284,16.000000
5285,32.000000
5286,-28.000000
5287,40.000000
5288,0.000000
5289,28.000000
5290,20.000000
5291,-40.000000
5292,20.000000
5293,-20.000000
5294,-28.000000
5295,16.000000
5296,12.000000
5297,-44.000000
5298,32.000000
5299,-8.000000
5300,-28.000000
5301,-44.000000
5302,-20.000000
5303,4.000000
5304,-84.000000
5305,-8.000000
5306,-4.000000
5307,16.000000
5308,-24.000000
5309,16.000000
5310,-20.000000
5311,-16.000000
5312,0.000000
5313,24.000000
5314,-24.000000
5315,-20.000000
5316,0.000000
5317,0.000000
5318,-16.000000
5319,-32.000000
5320,-36.000000
5321,8.000000
5322,-32.000000
5323,-8.000000
5324,0.000000
5325,20.000000
5326,-8.000000
5327,-8.000000
5328,-8.000000
5329,-24.000000
5330,-20.000000
5331,-40.000000
5332,-36.000000
5333,-40.000000
5334,-32.000000
5335,40.000000
5336,-24.000000
5337,-36.000000
5338,0.000000
5339,-28.000000
5340,16.000000
5341,4.000000
5342,8.000000
5343,20.000000
5344,52.000000
5345,28.000000
5346,-20.000000
5347,-32.000000
5348,0.000000
5349,-16.000000
5350,72.000000
5351,8.000000
5352,-12.000000
5353,68.000000
5354,-4.000000
5355,60.000000
5356,0.000000
5357,-44.000000
5358,4.000000
5359,24.000000
5360,-12.000000
5361,20.000000
5362,44.000000
5363,16.000000
5364,32.000000
5365,0.000000
5366,-8.000000
5367,0.000000
5368,-12.000000
5369,28.000000
5370,-28.000000
5371,4.000000
5372,0.000000
5373,-24.000000
5374,-72.000000
5375,-12.000000
5376,40.000000
5377,-8.000000
5378,16.000000
5379,52.000000
5380,8.000000
5381,4.000000
5382,12.000000
5383,20.000000
5384,0.000000
5385,-8.000000
5386,-52.000000
5387,56.000000
5388,72.000000
5389,8.000000
5390,32.000000
5391,8.000000
5392,0.000000
5393,-32.000000
5394,-8.000000
5395,52.000000
5396,-24.000000
5397,0.000000
5398,-20.000000
5399,-28.000000
5400,0.000000
5401,-16.000000
5402,-44.000000
5403,24.000000
5404,-68.000000
5405,0.000000
5406,-8.000000
5407,0.000000
5408,-12.000000
5409,-4.000000
5410,8.000000
5411,24.000000
5412,-8.000000
5413,20.000000
5414,-8.000000
5415,-8.000000
5416,-4.000000
5417,-12.000000
5418,4.000000
5419,-12.000000
5420,-44.000000
5421,44.000000
5422,4.000000
5423,-12.000000
5424,-8.000000
5425,-8.000000
5426,-12.000000
5427,44.000000
5428,-8.000000
5429,16.000000
5430,-12.000000
5431,0.000000
5432,24.000000
5433,0.000000
5434,44.000000
5435,24.000000
5436,88.000000
5437,44.000000
5438,-8.000000
5439,4.000000
5440,4.000000
5441,4.000000
5442,0.000000
5443,4.000000
5444,-4.000000
5445,-28.000000
5446,12.000000
5447,8.000000
5448,4.000000
5449,20.000000
5450,0.000000
5451,20.000000
5452,20.000000
5453,4.000000
5454,8.000000
5455,16.000000
5456,-28.000000
5457,40.000000
5458,-12.000000
5459,12.000000
5460,-44.000000
5461,-8.000000
5462,-48.000000
5463,-32.000000
5464,40.000000
5465,-44.000000
5466,-4.000000
5467,-40.000000
5468,-40.000000
5469,16.000000
5470,0.000000
5471,-16.000000
5472,0.000000
5473,-28.000000
5474,-76.000000
5475,-32.000000
5476,-36.000000
5477,12.000000
5478,12.000000
5479,-36.000000
5480,-36.000000
5481,-24.000000
5482,-24.000000
5483,-4.000000
5484,-24.000000
5485,4.000000
5486,-32.000000
5487,-8.000000
5488,-24.000000
5489,8.000000
5490,-40.000000
5491,-8.000000
5492,16.000000
5493,-12.000000
5494,-4.000000
5495,-8.000000
5496,-8.000000
5497,-24.000000
5498,0.000000
5499,0.000000
5500,28.000000
5501,-12.000000
5502,-8.000000
5503,24.000000
5504,-32.000000
5505,20.000000
5506,16.000000
5507,-12.000000
5508,4.000000
5509,56.000000
5510,0.000000
5511,20.000000
5512,52.000000
5513,-32.000000
5514,-20.000000
5515,8.000000
5516,8.000000
5517,12.000000
5518,12.000000
5519,48.000000
5520,4.000000
5521,0.000000
5522,0.000000
5523,32.000000
5524,12.000000
5525,-8.000000
5526,8.000000
5527,-36.000000
5528,8.000000
5529,28.000000
5530,12.000000
5531,-16.000000
5532,-8.000000
5533,20.000000
5534,44.000000
5535,20.000000
5536,0.000000
5537,4.000000
5538,-4.000000
5539,24.000000
5540,-20.000000
5541,-40.000000
5542,-48.000000
5543,-60.000000
5544,-36.000000
5545,4.000000
5546,-16.000000
5547,16.000000
5548,0.000000
5549,-32.000000
5550,-8.000000
5551,-8.000000
5552,-24.000000
5553,-4.000000
5554,-20.000000
5555,-28.000000
5556,-28.000000
5557,16.000000
5558,-36.000000
5559,-8.000000
5560,4.000000
5561,-20.000000
5562,4.000000
5563,-48.000000
5564,-12.000000
5565,-20.000000
5566,-40.000000
5567,-16.000000
5568,0.000000
5569,-12.000000
5570,20.000000
5571,-28.000000
5572,0.000000
5573,12.000000
5574,8.000000
5575,12.000000
5576,-8.000000
5577,16.000000
5578,-24.000000
5579,12.000000
5580,8.000000
5581,0.000000
5582,24.000000
5583,0.000000
5584,-24.000000
5585,-4.000000
5586,0.000000
5587,12.000000
5588,-16.000000
5589,-40.000000
5590,-4.000000
5591,28.000000
5592,0.000000
5593,-24.000000
5594,0.000000
5595,4.000000
5596,-8.000000
5597,0.000000
5598,12.000000
5599,8.000000
5600,-44.000000
5601,12.000000
5602,-8.000000
5603,24.000000
5604,4.000000
5605,4.000000
5606,16.000000
5607,-44.000000
5608,0.000000
5609,-20.000000
5610,-28.000000
5611,-8.000000
5612,-32.000000
5613,-16.000000
5614,0.000000
5615,-28.000000
5616,-28.000000
5617,-36.000000
5618,-48.000000
5619,24.000000
5620,-20.000000
5621,8.000000
5622,-32.000000
5623,64.000000
5624,-48.000000
5625,8.000000
5626,-28.000000
5627,0.000000
5628,-16.000000
5629,-36.000000
5630,-32.000000
5631,-52.000000
5632,-4.000000
5633,-32.000000
5634,28.000000
5635,8.000000
5636,24.000000
5637,-24.000000
5638,-24.000000
5639,-24.000000
5640,-48.000000
5641,-8.000000
5642,-8.000000
5643,-24.000000
5644,-8.000000
5645,0.000000
5646,-12.000000
5647,56.000000
5648,0.000000
5649,-8.000000
5650,-56.000000
5651,16.000000
5652,-8.000000
5653,-8.000000
5654,-8.000000
5655,4.000000
5656,4.000000
5657,24.000000
5658,-16.000000
5659,-12.000000
5660,0.000000
5661,16.000000
5662,44.000000
5663,-24.000000
5664,0.000000
5665,-20.000000
5666,8.000000
5667,84.000000
5668,24.000000
5669,24.000000
5670,52.000000
5671,-4.000000
5672,8.000000
5673,-40.000000
5674,4.000000
5675,-32.000000
5676,0.000000
5677,-12.000000
5678,0.000000
5679,-40.000000
5680,0.000000
5681,16.000000
5682,-8.000000
5683,8.000000
5684,-68.000000
5685,44.000000
5686,-20.000000
5687,-4.000000
5688,-28.000000
5689,-4.000000
5690,-4.000000
5691,16.000000
5692,-8.000000
5693,8.000000
5694,-44.000000
5695,28.000000
5696,0.000000
5697,-12.000000
5698,12.000000
5699,-60.000000
5700,-16.000000
5701,-28.000000
5702,-32.000000
5703,-28.000000
5704,-28.000000
5705,-8.000000
5706,-20.000000
5707,-16.000000
5708,-8.000000
5709,-20.000000
5710,-16.000000
5711,-8.000000
5712,-12.000000
5713,8.000000
5714,0.000000
5715,16.000000
5716,12.000000
5717,-40.000000
5718,-8.000000
5719,-28.000000
5720,56.000000
5721,8.000000
5722,4.000000
5723,-36.000000
5724,0.000000
5725,4.000000
5726,-8.000000
5727,4.000000
5728,0.000000
5729,48.000000
5730,0.000000
5731,24.000000
5732,24.000000
5733,16.000000
5734,-12.000000
5735,16.000000
5736,20.000000
5737,48.000000
5738,16.000000
5739,12.000000
5740,20.000000
5741,16.000000
5742,-36.000000
5743,20.000000
5744,-20.000000
5745,4.000000
5746,-12.000000
5747,-8.000000
5748,16.000000
5749,20.000000
5750,64.000000
5751,8.000000
5752,4.000000
5753,12.000000
5754,8.000000
5755,0.000000
5756,8.000000
5757,-12.000000
5758,4.000000
5759,-8.000000
5760,-36.000000
5761,-32.000000
5762,-28.000000
5763,-28.000000
5764,-28.000000
5765,-16.000000
5766,-48.000000
5767,-28.000000
5768,-48.000000
5769,-32.000000
5770,-28.000000
5771,-32.000000
5772,-60.000000
5773,-28.000000
5774,24.000000
5775,-24.000000
5776,-40.000000
5777,-36.000000
5778,-28.000000
5779,-24.000000
5780,4.000000
5781,-52.000000
5782,-24.000000
5783,-40.000000
5784,-8.000000
5785,44.000000
5786,-32.000000
5787,-24.000000
5788,-16.000000
5789,-8.000000
5790,4.000000
5791,-16.000000
5792,-44.000000
5793,76.000000
5794,-20.000000
5795,-20.000000
5796,-16.000000
5797,-12.000000
5798,-32.000000
5799,-12.000000
5800,-8.000000
5801,-20.000000
5802,4.000000
5803,44.000000
5804,44.000000
5805,-8.000000
5806,28.000000
5807,12.000000
5808,48.000000
5809,64.000000
5810,-8.000000
5811,-8.000000
5812,12.000000
5813,8.000000
5814,-24.000000
5815,12.000000
5816,8.000000
5817,44.000000
5818,12.000000
5819,40.000000
5820,20.000000
5821,12.000000
5822,20.000000
5823,0.000000
5824,-8.000000
5825,20.000000
5826,40.000000
5827,12.000000
5828,44.000000
5829,52.000000
5830,12.000000
5831,8.000000
5832,-36.000000
5833,4.000000
5834,52.000000
5835,-28.000000
5836,-28.000000
5837,8.000000
5838,-20.000000
5839,-32.000000
5840,-72.000000
5841,-24.000000
5842,-12.000000
5843,-24.000000
5844,-16.000000
5845,-16.000000
5846,-12.000000
5847,-12.000000
5848,-12.000000
5849,-16.000000
5850,28.000000
5851,-16.000000
5852,-28.000000
5853,-36.000000
5854,-8.000000
5855,-16.000000
5856,-8.000000
5857,-24.000000
5858,-24.000000
5859,20.000000
5860,-20.000000
5861,-12.000000
5862,28.000000
5863,16.000000
5864,-52.000000
5865,-8.000000
5866,-28.000000
5867,-16.000000
5868,20.000000
5869,28.000000
5870,0.000000
5871,28.000000
5872,28.000000
5873,-56.000000
5874,-24.000000
5875,-4.000000
5876,0.000000
5877,12.000000
5878,12.000000
5879,12.000000
5880,16.000000
5881,68.000000
5882,52.000000
5883,20.000000
5884,28.000000
5885,32.000000
5886,0.000000
5887,68.000000
5888,8.000000
5889,16.000000
5890,-60.000000
5891,-8.000000
5892,8.000000
5893,12.000000
5894,16.000000
5895,0.000000
5896,-28.000000
5897,-56.000000
5898,88.000000
5899,12.000000
5900,32.000000
5901,0.000000
5902,12.000000
5903,-8.000000
5904,-12.000000
5905,-12.000000
5906,-24.000000
5907,12.000000
5908,8.000000
5909,20.000000
5910,-16.000000
5911,4.000000
5912,52.000000
5913,-8.000000
5914,-32.000000
5915,-24.000000
5916,-12.000000
5917,-20.000000
5918,16.000000
5919,24.000000
5920,-28.000000
5921,52.000000
5922,-20.000000
5923,-16.000000
5924,-8.000000
5925,-20.000000
5926,-20.000000
5927,-32.000000
5928,-32.000000
5929,24.000000
5930,-32.000000
5931,-32.000000
5932,0.000000
5933,64.000000
5934,16.000000
5935,-28.000000
5936,4.000000
5937,-28.000000
5938,52.000000
5939,-40.000000
5940,-28.000000
5941,-60.000000
5942,-4.000000
5943,12.000000
5944,8.000000
5945,12.000000
5946,-16.000000
5947,-20.000000
5948,-32.000000
5949,8.000000
5950,-16.000000
5951,8.000000
5952,8.000000
5953,-8.000000
5954,-4.000000
5955,12.000000
5956,-20.000000
5957,0.000000
5958,-12.000000
5959,8.000000
5960,-8.000000
5961,-36.000000
5962,100.000000
5963,-56.000000
5964,64.000000
5965,24.000000
5966,48.000000
5967,0.000000
5968,-36.000000
5969,56.000000
5970,24.000000
5971,-24.000000
5972,-28.000000
5973,0.000000
5974,20.000000
5975,-24.000000
5976,16.000000
5977,-4.000000
5978,-28.000000
5979,-32.000000
5980,0.000000
5981,-8.000000
5982,0.000000
5983,-16.000000
5984,4.000000
5985,-20.000000
5986,-16.000000
5987,60.000000
5988,0.000000
5989,-28.000000
5990,-32.000000
5991,-4.000000
5992,44.000000
5993,12.000000
5994,12.000000
5995,16.000000
5996,-28.000000
5997,-8.000000
5998,-64.000000
5999,-28.000000
6000,0.000000
6001,-124.000000
6002,-48.000000
6003,4.000000
6004,40.000000
6005,-24.000000
6006,0.000000
6007,-8.000000
6008,-8.000000
6009,-24.000000
6010,-24.000000
6011,88.000000
6012,20.000000
6013,4.000000
6014,12.000000
6015,-8.000000
6016,-4.000000
6017,12.000000
6018,24.000000
6019,28.000000
6020,-12.000000
6021,-24.000000
6022,-32.000000
6023,4.000000
6024,8.000000
6025,4.000000
6026,-36.000000
6027,16.000000
6028,16.000000
6029,8.000000
6030,8.000000
6031,4.000000
6032,-36.000000
6033,0.000000
6034,64.000000
6035,0.000000
6036,32.000000
6037,-12.000000
6038,-12.000000
6039,24.000000
6040,12.000000
6041,-12.000000
6042,-36.000000
6043,-8.000000
6044,96.000000
6045,-8.000000
6046,-8.000000
6047,24.000000
6048,16.000000
6049,-8.000000
6050,-8.000000
6051,-8.000000
6052,-8.000000
6053,4.000000
6054,0.000000
6055,-20.000000
6056,0.000000
6057,-28.000000
6058,0.000000
6059,0.000000
6060,-8.000000
6061,-32.000000
6062,-8.000000
6063,-24.000000
6064,-28.000000
6065,-40.000000
6066,-24.000000
6067,-24.000000
6068,-16.000000
6069,-24.000000
6070,-24.000000
6071,-16.000000
6072,-8.000000
6073,-32.000000
6074,-28.000000
6075,8.000000
6076,-4.000000
6077,4.000000
6078,-80.000000
6079,-20.000000
6080,-44.000000
6081,-28.000000
6082,8.000000
6083,20.000000
6084,-28.000000
6085,4.000000
6086,-20.000000
6087,72.000000
6088,12.000000
6089,-8.000000
6090,0.000000
6091,0.000000
6092,-4.000000
6093,4.000000
6094,0.000000
6095,20.000000
6096,20.000000
6097,24.000000
6098,0.000000
6099,4.000000
6100,0.000000
6101,12.000000
6102,32.000000
6103,28.000000
6104,28.000000
6105,44.000000
6106,28.000000
6107,-8.000000
6108,-24.000000
6109,44.000000
6110,-20.000000
6111,0.000000
6112,8.000000
6113,-24.000000
6114,92.000000
6115,12.000000
6116,0.000000
6117,-32.000000
6118,16.000000
6119,24.000000
6120,24.000000
6121,20.000000
6122,16.000000
6123,-52.000000
6124,0.000000
6125,0.000000
6126,16.000000
6127,24.000000
6128,16.000000
6129,-8.000000
6130,44.000000
6131,-12.000000
6132,44.000000
6133,-4.000000
6134,-32.000000
6135,0.000000
6136,-12.000000
6137,-8.000000
6138,0.000000
6139,-20.000000
6140,-44.000000
6141,-28.000000
6142,24.000000
6143,-36.000000
6144,8.000000
6145,0.000000
6146,-40.000000
6147,-8.000000
6148,4.000000
6149,-48.000000
6150,-24.000000
6151,-28.000000
6152,-20.000000
6153,-8.000000
6154,-12.000000
6155,-72.000000
6156,-20.000000
6157,0.000000
6158,-44.000000
6159,-108.000000
6160,52.000000
6161,-28.000000
6162,12.000000
6163,4.000000
6164,16.000000
6165,-8.000000
6166,64.000000
6167,4.000000
6168,28.000000
6169,-12.000000
6170,-28.000000
6171,-32.000000
6172,-32.000000
6173,16.000000
6174,24.000000
6175,8.000000
6176,44.000000
6177,-8.000000
6178,20.000000
6179,20.000000
6180,-12.000000
6181,8.000000
6182,4.000000
6183,16.000000
6184,24.000000
6185,16.000000
6186,52.000000
6187,24.000000
6188,0.000000
6189,20.000000
6190,20.000000
6191,32.000000
6192,0.000000
6193,12.000000
6194,-12.000000
6195,16.000000
6196,8.000000
6197,4.000000
6198,0.000000
6199,-4.000000
6200,16.000000
6201,16.000000
6202,-44.000000
6203,44.000000
6204,-16.000000
6205,20.000000
6206,20.000000
6207,-52.000000
6208,-24.000000
6209,0.000000
6210,8.000000
6211,-12.000000
6212,12.000000
6213,8.000000
6214,-36.000000
6215,40.000000
6216,-24.000000
6217,-28.000000
6218,-24.000000
6219,-40.000000
6220,44.000000
6221,-32.000000
6222,-48.000000
6223,-28.000000
6224,-28.000000
6225,-16.000000
6226,0.000000
6227,0.000000
6228,-32.000000
6229,-32.000000
6230,8.000000
6231,-64.000000
6232,-24.000000
6233,-44.000000
6234,-8.000000
6235,0.000000
6236,-24.000000
6237,4.000000
6238,4.000000
6239,-4.000000
6240,28.000000
6241,-36.000000
6242,4.000000
6243,0.000000
6244,-12.000000
6245,4.000000
6246,0.000000
6247,4.000000
6248,-32.000000
6249,4.000000
6250,0.000000
6251,-32.000000
6252,72.000000
6253,8.000000
6254,8.000000
6255,4.000000
6256,-28.000000
6257,-8.000000
6258,40.000000
6259,100.000000
6260,12.000000
6261,24.000000
6262,28.000000
6263,40.000000
6264,12.000000
6265,20.000000
6266,40.000000
6267,12.000000
6268,4.000000
6269,24.000000
6270,0.000000
6271,12.000000
6272,-16.000000
6273,12.000000
6274,16.000000
6275,4.000000
6276,0.000000
6277,4.000000
6278,4.000000
6279,16.000000
6280,-24.000000
6281,12.000000
6282,-40.000000
6283,12.000000
6284,-60.000000
6285,16.000000
6286,-32.000000
6287,-8.000000
6288,-8.000000
6289,-40.000000
6290,0.000000
6291,-20.000000
6292,-12.000000
6293,64.000000
6294,-40.000000
6295,-60.000000
6296,-32.000000
6297,-16.000000
6298,-32.000000
6299,24.000000
6300,-8.000000
6301,-8.000000
6302,-36.000000
6303,0.000000
6304,12.000000
6305,-24.000000
6306,-20.000000
6307,-32.000000
6308,-28.000000
6309,-4.000000
6310,-24.000000
6311,-16.000000
6312,0.000000
6313,44.000000
6314,-16.000000
6315,52.000000
6316,52.000000
6317,-20.000000
6318,12.000000
6319,-8.000000
6320,4.000000
6321,-4.000000
6322,20.000000
6323,0.000000
6324,0.000000
6325,64.000000
6326,4.000000
6327,-24.000000
6328,-8.000000
6329,16.000000
6330,-8.000000
6331,20.000000
6332,-16.000000
6333,20.000000
6334,24.000000
6335,-8.000000
6336,20.000000
6337,24.000000
6338,24.000000
6339,44.000000
6340,-24.000000
6341,72.000000
6342,-28.000000
6343,24.000000
6344,12.000000
6345,16.000000
6346,0.000000
6347,-20.000000
6348,16.000000
6349,8.000000
6350,-36.000000
6351,20.000000
6352,24.000000
6353,0.000000
6354,4.000000
6355,-16.000000
6356,-24.000000
6357,-52.000000
6358,-16.000000
6359,-24.000000
6360,-4.000000
6361,-40.000000
6362,-28.000000
6363,-28.000000
6364,4.000000
6365,-108.000000
6366,-44.000000
6367,-24.000000
6368,4.000000
6369,-40.000000
6370,-44.000000
6371,-28.000000
6372,-40.000000
6373,-36.000000
6374,-8.000000
6375,52.000000
6376,-28.000000
6377,-32.000000
6378,-28.000000
6379,-40.000000
6380,-40.000000
6381,20.000000
6382,-8.000000
6383,-28.000000
6384,20.000000
6385,24.000000
6386,-24.000000
6387,20.000000
6388,-24.000000
6389,-16.000000
6390,-4.000000
6391,28.000000
6392,-20.000000
6393,-8.000000
6394,16.000000
6395,8.000000
6396,-28.000000
6397,12.000000
6398,-12.000000
6399,-20.000000
6400,16.000000
6401,40.000000
6402,24.000000
6403,16.000000
6404,48.000000
6405,8.000000
6406,44.000000
6407,-8.000000
6408,0.000000
6409,-16.000000
6410,-36.000000
6411,16.000000
6412,20.000000
6413,24.000000
6414,52.000000
6415,4.000000
6416,32.000000
6417,-44.000000
6418,-20.000000
6419,-8.000000
6420,-12.000000
6421,8.000000
6422,16.000000
6423,16.000000
6424,12.000000
6425,4.000000
6426,4.000000
6427,-20.000000
6428,16.000000
6429,-20.000000
6430,44.000000
6431,-32.000000
6432,16.000000
6433,-12.000000
6434,-12.000000
6435,8.000000
6436,16.000000
6437,-24.000000
6438,-24.000000
6439,-28.000000
6440,-28.000000
6441,-24.000000
6442,-84.000000
6443,-8.000000
6444,-8.000000
6445,-32.000000
6446,-36.000000
6447,8.000000
6448,-4.000000
6449,16.000000
6450,-16.000000
6451,-8.000000
6452,-8.000000
6453,-44.000000
6454,-28.000000
6455,-24.000000
6456,-24.000000
6457,-8.000000
6458,-28.000000
6459,8.000000
6460,-68.000000
6461,-8.000000
6462,0.000000
6463,64.000000
6464,-12.000000
6465,16.000000
6466,-28.000000
6467,-36.000000
6468,-8.000000
6469,56.000000
6470,64.000000
6471,36.000000
6472,12.000000
6473,-28.000000
6474,24.000000
6475,20.000000
6476,-60.000000
6477,20.000000
6478,0.000000
6479,8.000000
6480,-8.000000
6481,-8.000000
6482,0.000000
6483,12.000000
6484,-4.000000
6485,32.000000
6486,44.000000
6487,-4.000000
6488,-36.000000
6489,8.000000
6490,48.000000
6491,24.000000
6492,-12.000000
6493,12.000000
6494,8.000000
6495,-28.000000
6496,-4.000000
6497,8.000000
6498,8.000000
6499,16.000000
6500,16.000000
6501,0.000000
6502,12.000000
6503,-8.000000
6504,-8.000000
6505,16.000000
6506,-32.000000
6507,-20.000000
6508,0.000000
6509,-8.000000
6510,24.000000
6511,-16.000000
6512,-16.000000
6513,-16.000000
6514,-20.000000
6515,44.000000
6516,-12.000000
6517,20.000000
6518,16.000000
6519,8.000000
6520,-28.000000
6521,-32.000000
6522,16.000000
6523,-4.000000
6524,-24.000000
6525,-28.000000
6526,-52.000000
6527,-8.000000
6528,-64.000000
6529,-28.000000
6530,-36.000000
6531,-28.000000
6532,-16.000000
6533,16.000000
6534,-28.000000
6535,-8.000000
6536,-28.000000
6537,-36.000000
6538,-28.000000
6539,-32.000000
6540,4.000000
6541,-12.000000
6542,52.000000
6543,24.000000
6544,20.000000
6545,8.000000
6546,16.000000
6547,-8.000000
6548,-8.000000
6549,16.000000
6550,-8.000000
6551,-16.000000
6552,-16.000000
6553,-12.000000
6554,-12.000000
6555,16.000000
6556,40.000000
6557,32.000000
6558,24.000000
6559,0.000000
6560,4.000000
6561,-8.000000
6562,16.000000
6563,20.000000
6564,-24.000000
6565,12.000000
6566,4.000000
6567,-8.000000
6568,28.000000
6569,76.000000
6570,4.000000
6571,28.000000
6572,-20.000000
6573,16.000000
6574,4.000000
6575,64.000000
6576,-8.000000
6577,-8.000000
6578,-32.000000
6579,0.000000
6580,-8.000000
6581,-28.000000
6582,-28.000000
6583,48.000000
6584,32.000000
6585,-8.000000
6586,-8.000000
6587,-20.000000
6588,-8.000000
6589,-36.000000
6590,-4.000000
6591,-8.000000
6592,-8.000000
6593,-56.000000
6594,-24.000000
6595,-44.000000
6596,8.000000
6597,-36.000000
6598,-8.000000
6599,4.000000
6600,-16.000000
6601,0.000000
6602,-60.000000
6603,-8.000000
6604,16.000000
6605,-24.000000
6606,-40.000000
6607,20.000000
6608,-40.000000
6609,8.000000
6610,-16.000000
6611,-40.000000
6612,16.000000
6613,-16.000000
6614,40.000000
6615,4.000000
6616,16.000000
6617,0.000000
6618,0.000000
6619,64.000000
6620,8.000000
6621,40.000000
6622,8.000000
6623,-12.000000
6624,20.000000
6625,4.000000
6626,-4.000000
6627,8.000000
6628,-8.000000
6629,0.000000
6630,64.000000
6631,24.000000
6632,36.000000
6633,0.000000
6634,12.000000
6635,24.000000
6636,8.000000
6637,20.000000
6638,0.000000
6639,12.000000
6640,32.000000
6641,12.000000
6642,0.000000
6643,-64.000000
6644,16.000000
6645,32.000000
6646,16.000000
6647,-8.000000
6648,-12.000000
6649,-20.000000
6650,-8.000000
6651,4.000000
6652,-4.000000
6653,-12.000000
6654,-12.000000
6655,-32.000000
6656,-24.000000
6657,-32.000000
6658,-4.000000
6659,-16.000000
6660,8.000000
6661,-4.000000
6662,-4.000000
6663,-8.000000
6664,-44.000000
6665,-28.000000
6666,0.000000
6667,-16.000000
6668,-16.000000
6669,-28.000000
6670,-8.000000
6671,-52.000000
6672,52.000000
6673,-36.000000
6674,16.000000
6675,-12.000000
6676,-16.000000
6677,52.000000
6678,-40.000000
6679,-20.000000
6680,-20.000000
6681,-32.000000
6682,-8.000000
6683,-8.000000
6684,4.000000
6685,-8.000000
6686,-8.000000
6687,-32.000000
6688,8.000000
6689,0.000000
6690,-8.000000
6691,-8.000000
6692,-8.000000
6693,0.000000
6694,-4.000000
6695,-32.000000
6696,16.000000
6697,24.000000
6698,0.000000
6699,4.000000
6700,24.000000
6701,-8.000000
6702,0.000000
6703,8.000000
6704,32.000000
6705,-8.000000
6706,-16.000000
6707,40.000000
6708,24.000000
6709,52.000000
6710,16.000000
6711,-36.000000
6712,28.000000
6713,-28.000000
6714,24.000000
6715,-12.000000
6716,0.000000
6717,20.000000
6718,40.000000
6719,8.000000
6720,8.000000
6721,-36.000000
6722,8.000000
6723,8.000000
6724,8.000000
6725,16.000000
6726,-16.000000
6727,-24.000000
6728,-8.000000
6729,-12.000000
6730,-12.000000
6731,-48.000000
6732,12.000000
6733,72.000000
6734,-8.000000
6735,-16.000000
6736,28.000000
6737,-4.000000
6738,-8.000000
6739,0.000000
6740,-32.000000
6741,-16.000000
6742,-20.000000
6743,-48.000000
6744,-8.000000
6745,-32.000000
6746,-28.000000
6747,-32.000000
6748,-28.000000
6749,-20.000000
6750,-4.000000
6751,4.000000
6752,-4.000000
6753,0.000000
6754,0.000000
6755,-28.000000
6756,-32.000000
6757,20.000000
6758,60.000000
6759,-36.000000
6760,-36.000000
6761,20.000000
6762,20.000000
6763,-60.000000
6764,8.000000
6765,-16.000000
6766,-28.000000
6767,-8.000000
6768,8.000000
6769,0.000000
6770,-20.000000
6771,16.000000
6772,-72.000000
6773,0.000000
6774,12.000000
6775,4.000000
6776,4.000000
6777,40.000000
6778,32.000000
6779,24.000000
6780,24.000000
6781,-8.000000
6782,64.000000
6783,-20.000000
6784,-8.000000
6785,24.000000
6786,24.000000
6787,-36.000000
6788,16.000000
6789,20.000000
6790,-20.000000
6791,32.000000
6792,52.000000
6793,16.000000
6794,12.000000
6795,-20.000000
6796,4.000000
6797,-12.000000
6798,-8.000000
6799,-4.000000
6800,4.000000
6801,-16.000000
6802,4.000000
6803,-8.000000
6804,-32.000000
6805,0.000000
6806,-12.000000
6807,-44.000000
6808,-20.000000
6809,0.000000
6810,-16.000000
6811,-16.000000
6812,-16.000000
6813,-92.000000
6814,-32.000000
6815,-20.000000
6816,-16.000000
6817,-20.000000
6818,-16.000000
6819,-20.000000
6820,-48.000000
6821,-32.000000
6822,-24.000000
6823,-8.000000
6824,44.000000
6825,-108.000000
6826,-20.000000
6827,-32.000000
6828,-8.000000
6829,-28.000000
6830,-8.000000
6831,44.000000
6832,-8.000000
6833,52.000000
6834,-4.000000
6835,24.000000
6836,-8.000000
6837,52.000000
6838,-24.000000
6839,0.000000
6840,0.000000
6841,-32.000000
6842,0.000000
6843,-8.000000
6844,28.000000
6845,-24.000000
6846,-52.000000
6847,-20.000000
6848,28.000000
6849,-20.000000
6850,-28.000000
6851,-36.000000
6852,0.000000
6853,28.000000
6854,32.000000
6855,24.000000
6856,-16.000000
6857,-8.000000
6858,0.000000
6859,84.000000
6860,8.000000
6861,32.000000
6862,32.000000
6863,12.000000
6864,16.000000
6865,24.000000
6866,16.000000
6867,32.000000
6868,-20.000000
6869,16.000000
6870,4.000000
6871,12.000000
6872,56.000000
6873,-20.000000
6874,-4.000000
6875,-8.000000
6876,0.000000
6877,-20.000000
6878,-20.000000
6879,4.000000
6880,-12.000000
6881,52.000000
6882,-24.000000
6883,-36.000000
6884,0.000000
6885,-8.000000
6886,-12.000000
6887,-56.000000
6888,16.000000
6889,-28.000000
6890,0.000000
6891,-28.000000
6892,-28.000000
6893,28.000000
6894,-8.000000
6895,28.000000
6896,-60.000000
6897,8.000000
6898,-4.000000
6899,0.000000
6900,-8.000000
6901,-20.000000
6902,0.000000
6903,-108.000000
6904,-8.000000
6905,-20.000000
6906,-8.000000
6907,20.000000
6908,-44.000000
6909,4.000000
6910,-4.000000
6911,-4.000000
6912,-20.000000
6913,4.000000
6914,4.000000
6915,-12.000000
6916,-32.000000
6917,-4.000000
6918,-8.000000
6919,-44.000000
6920,-16.000000
6921,-12.000000
6922,4.000000
6923,-32.000000
6924,-16.000000
6925,-28.000000
6926,-24.000000
6927,-20.000000
6928,-16.000000
6929,8.000000
6930,-20.000000
6931,-28.000000
6932,-8.000000
6933,-24.000000
6934,-20.000000
6935,-24.000000
6936,0.000000
6937,0.000000
6938,0.000000
6939,-20.000000
6940,32.000000
6941,0.000000
6942,0.000000
6943,0.000000
6944,16.000000
6945,28.000000
6946,16.000000
6947,16.000000
6948,20.000000
6949,4.000000
6950,0.000000
6951,4.000000
6952,8.000000
6953,24.000000
6954,-36.000000
6955,64.000000
6956,116.000000
6957,0.000000
6958,-8.000000
6959,-264.000000
6960,24.000000
6961,88.000000
6962,272.000000
6963,-132.000000
6964,92.000000
6965,-28.000000
6966,264.000000
6967,-264.000000
6968,116.000000
6969,-20.000000
6970,-236.000000
6971,224.000000
6972,-48.000000
6973,52.000000
6974,-36.000000
6975,56.000000
6976,-88.000000
6977,-60.000000
6978,-320.000000
6979,-212.000000
6980,20.000000
6981,248.000000
6982,-60.000000
6983,-228.000000
6984,-228.000000
6985,16.000000
6986,124.000000
6987,-52.000000
6988,-20.000000
6989,-8.000000
6990,-28.000000
6991,0.000000
6992,-16.000000
6993,0.000000
6994,-8.000000
6995,0.000000
6996,32.000000
6997,-24.000000
6998,12.000000
6999,52.000000
7000,-24.000000
7001,0.000000
7002,20.000000
7003,-44.000000
7004,24.000000
7005,0.000000
7006,96.000000
7007,-40.000000
7008,60.000000
7009,28.000000
7010,48.000000
7011,-20.000000
7012,0.000000
7013,-12.000000
7014,-20.000000
7015,-16.000000
7016,8.000000
7017,20.000000
7018,16.000000
7019,8.000000
7020,108.000000
7021,-44.000000
7022,24.000000
7023,0.000000
7024,-40.000000
7025,24.000000
7026,-8.000000
7027,4.000000
7028,4.000000
7029,-4.000000
7030,-20.000000
7031,8.000000
7032,-52.000000
7033,-8.000000
7034,-36.000000
7035,28.000000
7036,4.000000
7037,-16.000000
7038,-4.000000
7039,-28.000000
7040,0.000000
7041,-12.000000
7042,-12.000000
7043,8.000000
7044,-32.000000
7045,-48.000000
7046,-100.000000
7047,-16.000000
7048,-16.000000
7049,-4.000000
7050,-4.000000
7051,-16.000000
7052,-16.000000
7053,-8.000000
7054,0.000000
7055,4.000000
7056,-16.000000
7057,-24.000000
7058,16.000000
7059,16.000000
7060,20.000000
7061,4.000000
7062,40.000000
7063,44.000000
7064,-8.000000
7065,60.000000
7066,-20.000000
7067,44.000000
7068,4.000000
7069,16.000000
7070,0.000000
7071,-8.000000
7072,68.000000
7073,0.000000
7074,4.000000
7075,0.000000
7076,44.000000
7077,0.000000
7078,20.000000
7079,12.000000
7080,16.000000
7081,24.000000
7082,0.000000
7083,-4.000000
7084,76.000000
7085,0.000000
7086,32.000000
7087,-44.000000
7088,20.000000
7089,0.000000
7090,-28.000000
7091,24.000000
7092,28.000000
7093,-12.000000
7094,0.000000
7095,-28.000000
7096,-12.000000
7097,0.000000
7098,-20.000000
7099,-8.000000
7100,44.000000
7101,-12.000000
7102,-20.000000
7103,-32.000000
7104,-76.000000
7105,-36.000000
7106,-40.000000
7107,-24.000000
7108,-28.000000
7109,-8.000000
7110,20.000000
7111,-16.000000
7112,-16.000000
7113,40.000000
7114,-24.000000
7115,-16.000000
7116,24.000000
7117,16.000000
7118,12.000000
7119,-32.000000
7120,16.000000
7121,-20.000000
7122,-28.000000
7123,12.000000
7124,-32.000000
7125,68.000000
7126,-40.000000
7127,-28.000000
7128,-36.000000
7129,-40.000000
7130,-8.000000
7131,-8.000000
7132,-24.000000
7133,40.000000
7134,-12.000000
7135,16.000000
7136,-32.000000
7137,-8.000000
7138,64.000000
7139,-32.000000
7140,-36.000000
7141,-12.000000
7142,-12.000000
7143,-16.000000
7144,0.000000
7145,-12.000000
7146,24.000000
7147,56.000000
7148,-4.000000
7149,-32.000000
7150,24.000000
7151,4.000000
7152,-4.000000
7153,-8.000000
7154,16.000000
7155,4.000000
7156,-24.000000
7157,-36.000000
7158,8.000000
7159,20.000000
7160,-28.000000
7161,32.000000
7162,16.000000
7163,12.000000
7164,4.000000
7165,8.000000
7166,0.000000
7167,16.000000
7168,4.000000
7169,20.000000
7170,-8.000000
7171,0.000000
7172,16.000000
7173,12.000000
7174,0.000000
7175,8.000000
7176,-16.000000
7177,-12.000000
7178,-12.000000
7179,-44.000000
7180,8.000000
7181,-4.000000
7182,24.000000
7183,-4.000000
7184,-8.000000
7185,-12.000000
7186,-12.000000
7187,4.000000
7188,-12.000000
7189,-8.000000
7190,-8.000000
7191,-8.000000
7192,12.000000
7193,56.000000
7194,-32.000000
7195,0.000000
7196,-20.000000
7197,-24.000000
7198,-44.000000
7199,-36.000000
7200,-28.000000
7201,-4.000000
7202,44.000000
7203,12.000000
7204,-8.000000
7205,-24.000000
7206,-48.000000
7207,16.000000
7208,-8.000000
7209,-156.000000
7210,-20.000000
7211,-36.000000
7212,24.000000
7213,0.000000
7214,0.000000
7215,-64.000000
7216,32.000000
7217,16.000000
7218,-28.000000
7219,40.000000
7220,-8.000000
7221,32.000000
7222,4.000000
7223,4.000000
7224,32.000000
7225,32.000000
7226,-4.000000
7227,32.000000
7228,16.000000
7229,-12.000000
7230,16.000000
7231,32.000000
7232,48.000000
7233,16.000000
7234,-16.000000
7235,-8.000000
7236,16.000000
7237,24.000000
7238,12.000000
7239,32.000000
7240,-24.000000
7241,20.000000
7242,0.000000
7243,44.000000
7244,16.000000
7245,-8.000000
7246,-60.000000
7247,28.000000
7248,0.000000
7249,-4.000000
7250,-56.000000
7251,16.000000
7252,16.000000
7253,-36.000000
7254,-44.000000
7255,44.000000
7256,-8.000000
7257,-12.000000
7258,-12.000000
7259,-4.000000
7260,-8.000000
7261,-12.000000
7262,-12.000000
7263,-28.000000
7264,-28.000000
7265,44.000000
7266,-16.000000
7267,20.000000
7268,-24.000000
7269,-16.000000
7270,-4.000000
7271,-24.000000
7272,28.000000
7273,-44.000000
7274,-44.000000
7275,-20.000000
7276,-20.000000
7277,20.000000
7278,-76.000000
7279,-4.000000
7280,-32.000000
7281,-4.000000
7282,-32.000000
7283,-20.000000
7284,4.000000
7285,4.000000
7286,4.000000
7287,-20.000000
7288,12.000000
7289,-32.000000
7290,-64.000000
7291,0.000000
7292,-16.000000
7293,-12.000000
7294,-20.000000
7295,20.000000
7296,-8.000000
7297,-12.000000
7298,4.000000
7299,-4.000000
7300,44.000000
7301,24.000000
7302,-12.000000
7303,-80.000000
7304,32.000000
7305,16.000000
7306,20.000000
7307,12.000000
7308,12.000000
7309,4.000000
7310,-8.000000
7311,28.000000
7312,0.000000
7313,-36.000000
7314,4.000000
7315,16.000000
7316,0.000000
7317,0.000000
7318,-44.000000
7319,-20.000000
7320,32.000000
7321,24.000000
7322,-8.000000
7323,4.000000
7324,-24.000000
7325,60.000000
7326,-48.000000
7327,68.000000
7328,24.000000
7329,12.000000
7330,-44.000000
7331,-16.000000
7332,-24.000000
7333,0.000000
7334,0.000000
7335,4.000000
7336,56.000000
7337,-24.000000
7338,16.000000
7339,0.000000
7340,0.000000
7341,-8.000000
7342,24.000000
7343,12.000000
7344,-24.000000
7345,40.000000
7346,-4.000000
7347,-36.000000
7348,-28.000000
7349,-28.000000
7350,-28.000000
7351,16.000000
7352,20.000000
7353,0.000000
7354,-16.000000
7355,-16.000000
7356,-48.000000
7357,-8.000000
7358,-20.000000
7359,20.000000
7360,64.000000
7361,-8.000000
7362,44.000000
7363,8.000000
7364,-16.000000
7365,-4.000000
7366,-4.000000
7367,-8.000000
7368,64.000000
7369,8.000000
7370,8.000000
7371,28.000000
7372,0.000000
7373,16.000000
7374,20.000000
7375,32.000000
7376,-20.000000
7377,12.000000
7378,12.000000
7379,20.000000
7380,-4.000000
7381,4.000000
7382,24.000000
7383,-60.000000
7384,28.000000
7385,-8.000000
7386,20.000000
7387,16.000000
7388,20.000000
7389,32.000000
7390,-16.000000
7391,-4.000000
7392,0.000000
7393,0.000000
7394,16.000000
7395,8.000000
7396,8.000000
7397,-36.000000
7398,-52.000000
7399,-24.000000
7400,0.000000
7401,20.000000
7402,-4.000000
7403,36.000000
7404,-20.000000
7405,0.000000
7406,-48.000000
7407,-24.000000
7408,-8.000000
7409,-40.000000
7410,-32.000000
7411,4.000000
7412,-40.000000
7413,-16.000000
7414,16.000000
7415,-24.000000
7416,-20.000000
7417,-32.000000
7418,-32.000000
7419,-44.000000
7420,-32.000000
7421,-24.000000
7422,-8.000000
7423,8.000000
7424,52.000000
7425,-48.000000
7426,-28.000000
7427,-28.000000
7428,-40.000000
7429,-8.000000
7430,-16.000000
7431,0.000000
7432,20.000000
7433,20.000000
7434,-8.000000
7435,0.000000
7436,20.000000
7437,12.000000
7438,0.000000
7439,4.000000
7440,-16.000000
7441,8.000000
7442,-32.000000
7443,-16.000000
7444,-16.000000
7445,60.000000
7446,-8.000000
7447,4.000000
7448,-8.000000
7449,-8.000000
7450,16.000000
7451,0.000000
7452,-20.000000
7453,4.000000
7454,24.000000
7455,24.000000
7456,20.000000
7457,80.000000
7458,4.000000
7459,4.000000
7460,-20.000000
7461,0.000000
7462,-20.000000
7463,60.000000
7464,0.000000
7465,12.000000
7466,12.000000
7467,12.000000
7468,-20.000000
7469,-28.000000
7470,-28.000000
7471,0.000000
7472,-20.000000
7473,-8.000000
7474,0.000000
7475,4.000000
7476,-24.000000
7477,8.000000
7478,-12.000000
7479,28.000000
7480,-8.000000
7481,16.000000
7482,-36.000000
7483,-8.000000
7484,-4.000000
7485,-40.000000
7486,-8.000000
7487,12.000000
7488,-36.000000
7489,-8.000000
7490,-8.000000
7491,-28.000000
7492,-28.000000
7493,0.000000
7494,-20.000000
7495,-16.000000
7496,0.000000
7497,-24.000000
7498,-28.000000
7499,-40.000000
7500,-40.000000
7501,44.000000
7502,-40.000000
7503,-8.000000
7504,-8.000000
7505,-16.000000
7506,16.000000
7507,8.000000
7508,20.000000
7509,20.000000
7510,24.000000
7511,-40.000000
7512,0.000000
7513,48.000000
7514,24.000000
7515,20.000000
7516,24.000000
7517,-12.000000
7518,8.000000
7519,32.000000
7520,-36.000000
7521,-8.000000
7522,24.000000
7523,20.000000
7524,-20.000000
7525,0.000000
7526,0.000000
7527,20.000000
7528,-8.000000
7529,-32.000000
7530,32.000000
7531,20.000000
7532,16.000000
7533,-4.000000
7534,8.000000
7535,-8.000000
7536,16.000000
7537,16.000000
7538,4.000000
7539,0.000000
7540,-20.000000
7541,-12.000000
7542,56.000000
7543,-24.000000
7544,20.000000
7545,-12.000000
7546,-28.000000
7547,-12.000000
7548,20.000000
7549,8.000000
7550,8.000000
7551,20.000000
7552,-20.000000
7553,-8.000000
7554,-40.000000
7555,-16.000000
7556,4.000000
7557,-8.000000
7558,-28.000000
7559,-24.000000
7560,-28.000000
7561,-88.000000
7562,-24.000000
7563,28.000000
7564,-28.000000
7565,-32.000000
7566,-24.000000
7567,-24.000000
7568,8.000000
7569,-16.000000
7570,-12.000000
7571,-32.000000
7572,0.000000
7573,-4.000000
7574,-8.000000
7575,-40.000000
7576,-48.000000
7577,-32.000000
7578,-8.000000
7579,-36.000000
7580,-40.000000
7581,20.000000
7582,52.000000
7583,32.000000
7584,4.000000
7585,-20.000000
7586,0.000000
7587,-36.000000
7588,-20.000000
7589,16.000000
7590,-20.000000
7591,-20.000000
7592,-52.000000
7593,-8.000000
7594,0.000000
7595,-8.000000
7596,-12.000000
7597,16.000000
7598,-12.000000
7599,-8.000000
7600,0.000000
7601,4.000000
7602,-12.000000
7603,8.000000
7604,-24.000000
7605,12.000000
7606,8.000000
7607,64.000000
7608,68.000000
7609,20.000000
7610,16.000000
7611,-20.000000
7612,8.000000
7613,-24.000000
7614,24.000000
7615,-36.000000
7616,0.000000
7617,12.000000
7618,12.000000
7619,-52.000000
7620,52.000000
7621,-24.000000
7622,0.000000
7623,0.000000
7624,-12.000000
7625,20.000000
7626,12.000000
7627,-12.000000
7628,-8.000000
7629,16.000000
7630,-24.000000
7631,-28.000000
7632,-8.000000
7633,-8.000000
7634,-12.000000
7635,16.000000
7636,-28.000000
7637,-20.000000
7638,-8.000000
7639,-16.000000
7640,16.000000
7641,-24.000000
7642,-40.000000
7643,76.000000
7644,56.000000
7645,-32.000000
7646,0.000000
7647,-8.000000
7648,-8.000000
7649,12.000000
7650,12.000000
7651,84.000000
7652,20.000000
7653,-8.000000
7654,44.000000
7655,-8.000000
7656,0.000000
7657,-8.000000
7658,52.000000
7659,12.000000
7660,20.000000
7661,32.000000
7662,-44.000000
7663,-4.000000
7664,-20.000000
7665,4.000000
7666,20.000000
7667,12.000000
7668,24.000000
7669,24.000000
7670,20.000000
7671,40.000000
7672,20.000000
7673,16.000000
7674,20.000000
7675,8.000000
7676,0.000000
7677,-88.000000
7678,20.000000
7679,-4.000000
7680,-4.000000
7681,12.000000
7682,28.000000
7683,-28.000000
7684,-8.000000
7685,16.000000
7686,12.000000
7687,-16.000000
7688,28.000000
7689,4.000000
7690,44.000000
7691,-24.000000
7692,52.000000
7693,16.000000
7694,0.000000
7695,0.000000
7696,4.000000
7697,16.000000
7698,24.000000
7699,-4.000000
7700,-28.000000
7701,-8.000000
7702,0.000000
7703,-48.000000
7704,8.000000
7705,0.000000
7706,-16.000000
7707,16.000000
7708,-60.000000
7709,-32.000000
7710,-24.000000
7711,-52.000000
7712,-20.000000
7713,-52.000000
7714,-32.000000
7715,-24.000000
7716,-48.000000
7717,-28.000000
7718,-32.000000
7719,-48.000000
7720,-36.000000
7721,-4.000000
7722,0.000000
7723,-24.000000
7724,-112.000000
7725,-44.000000
7726,16.000000
7727,-40.000000
7728,-36.000000
7729,-32.000000
7730,-32.000000
7731,-24.000000
7732,52.000000
7733,-4.000000
7734,44.000000
7735,0.000000
7736,0.000000
7737,12.000000
7738,52.000000
7739,-16.000000
7740,-8.000000
7741,0.000000
7742,20.000000
7743,0.000000
7744,0.000000
7745,0.000000
7746,56.000000
7747,24.000000
7748,-8.000000
7749,20.000000
7750,16.000000
7751,-24.000000
7752,16.000000
7753,8.000000
7754,-4.000000
7755,20.000000
7756,24.000000
7757,-20.000000
7758,0.000000
7759,12.000000
7760,-36.000000
7761,4.000000
7762,-24.000000
7763,0.000000
7764,32.000000
7765,-24.000000
7766,36.000000
7767,12.000000
7768,20.000000
7769,24.000000
7770,24.000000
7771,-12.000000
7772,4.000000
7773,-32.000000
7774,-8.000000
7775,-16.000000
7776,0.000000
7777,-36.000000
7778,-32.000000
7779,0.000000
7780,16.000000
7781,-12.000000
7782,24.000000
7783,-32.000000
7784,-8.000000
7785,-24.000000
7786,60.000000
7787,76.000000
7788,0.000000
7789,-24.000000
7790,-92.000000
7791,-24.000000
7792,0.000000
7793,-32.000000
7794,0.000000
7795,0.000000
7796,32.000000
7797,-8.000000
7798,-4.000000
7799,-8.000000
7800,0.000000
7801,-8.000000
7802,-16.000000
7803,16.000000
7804,52.000000
7805,-20.000000
7806,-4.000000
7807,-8.000000
7808,-48.000000
7809,0.000000
7810,0.000000
7811,-44.000000
7812,0.000000
7813,-12.000000
7814,28.000000
7815,12.000000
7816,8.000000
7817,-12.000000
7818,-44.000000
7819,8.000000
7820,44.000000
7821,8.000000
7822,12.000000
7823,-12.000000
7824,-12.000000
7825,20.000000
7826,16.000000
7827,-28.000000
7828,-24.000000
7829,8.000000
7830,12.000000
7831,-12.000000
7832,0.000000
7833,-24.000000
7834,0.000000
7835,0.000000
7836,-44.000000
7837,-52.000000
7838,32.000000
7839,-24.000000
7840,0.000000
7841,-16.000000
7842,4.000000
7843,-36.000000
7844,36.000000
7845,12.000000
7846,12.000000
7847,20.000000
7848,20.000000
7849,12.000000
7850,0.000000
7851,-80.000000
7852,12.000000
7853,-56.000000
7854,-28.000000
7855,24.000000
7856,8.000000
7857,-20.000000
7858,-32.000000
7859,-52.000000
7860,-8.000000
7861,24.000000
7862,0.000000
7863,-24.000000
7864,-32.000000
7865,52.000000
7866,0.000000
7867,-24.000000
7868,-28.000000
7869,-28.000000
7870,-36.000000
7871,-28.000000
7872,-32.000000
7873,-28.000000
7874,-80.000000
7875,-32.000000
7876,0.000000
7877,-44.000000
7878,44.000000
7879,20.000000
7880,-8.000000
7881,-12.000000
7882,12.000000
7883,-60.000000
7884,-12.000000
7885,-8.000000
7886,52.000000
7887,-20.000000
7888,4.000000
7889,28.000000
7890,20.000000
7891,-24.000000
7892,-16.000000
7893,40.000000
7894,-32.000000
7895,-12.000000
7896,-12.000000
7897,0.000000
7898,16.000000
7899,28.000000
7900,28.000000
7901,8.000000
7902,12.000000
7903,44.000000
7904,-20.000000
7905,-28.000000
7906,32.000000
7907,8.000000
7908,8.000000
7909,32.000000
7910,32.000000
7911,20.000000
7912,-28.000000
7913,0.000000
7914,36.000000
7915,52.000000
7916,0.000000
7917,36.000000
7918,24.000000
7919,16.000000
7920,24.000000
7921,8.000000
7922,48.000000
7923,0.000000
7924,4.000000
7925,20.000000
7926,32.000000
7927,-52.000000
7928,20.000000
7929,-32.000000
7930,-48.000000
7931,-8.000000
7932,-8.000000
7933,0.000000
7934,4.000000
7935,0.000000
7936,-20.000000
7937,-12.000000
7938,-44.000000
7939,-44.000000
7940,0.000000
7941,16.000000
7942,-20.000000
7943,8.000000
7944,-8.000000
7945,-16.000000
7946,-16.000000
7947,-24.000000
7948,-28.000000
7949,-44.000000
7950,-36.000000
7951,4.000000
7952,-32.000000
7953,4.000000
7954,-32.000000
7955,-8.000000
7956,28.000000
7957,-36.000000
7958,-36.000000
7959,0.000000
7960,-20.000000
7961,-16.000000
7962,-24.000000
7963,-12.000000
7964,-8.000000
7965,-4.000000
7966,0.000000
7967,-12.000000
7968,-8.000000
7969,76.000000
7970,68.000000
7971,-8.000000
7972,-64.000000
7973,0.000000
7974,4.000000
7975,-20.000000
7976,68.000000
7977,24.000000
7978,52.000000
7979,-8.000000
7980,36.000000
7981,16.000000
7982,-24.000000
7983,16.000000
7984,16.000000
7985,12.000000
7986,8.000000
7987,8.000000
7988,-36.000000
7989,32.000000
7990,8.000000
7991,-12.000000
7992,8.000000
7993,36.000000
7994,0.000000
7995,8.000000
7996,4.000000
7997,92.000000
7998,-16.000000
7999,44.000000
8000,0.000000
8001,-28.000000
8002,4.000000
8003,-28.000000
8004,4.000000
8005,-20.000000
8006,-40.000000
8007,4.000000
8008,-8.000000
8009,-40.000000
8010,-56.000000
8011,-32.000000
8012,-28.000000
8013,-36.000000
8014,-40.000000
8015,-56.000000
8016,-16.000000
8017,-24.000000
8018,44.000000
8019,28.000000
8020,-16.000000
8021,-60.000000
8022,-48.000000
8023,-12.000000
8024,-8.000000
8025,0.000000
8026,-32.000000
8027,-16.000000
8028,-4.000000
8029,-12.000000
8030,4.000000
8031,-36.000000
8032,-8.000000
8033,24.000000
8034,-8.000000
8035,4.000000
8036,0.000000
8037,12.000000
8038,-32.000000
8039,-8.000000
8040,44.000000
8041,-20.000000
8042,8.000000
8043,-32.000000
8044,-8.000000
8045,-12.000000
8046,16.000000
8047,8.000000
8048,4.000000
8049,12.000000
8050,-24.000000
8051,8.000000
8052,8.000000
8053,12.000000
8054,-8.000000
8055,32.000000
8056,24.000000
8057,8.000000
8058,8.000000
8059,-20.000000
8060,32.000000
8061,12.000000
8062,40.000000
8063,24.000000
8064,-8.000000
8065,16.000000
8066,0.000000
8067,-36.000000
8068,-20.000000
8069,-44.000000
8070,8.000000
8071,4.000000
8072,-64.000000
8073,-24.000000
8074,44.000000
8075,0.000000
8076,-68.000000
8077,52.000000
8078,-8.000000
8079,44.000000
8080,-8.000000
8081,-68.000000
8082,-8.000000
8083,-24.000000
8084,-40.000000
8085,-12.000000
8086,52.000000
8087,-12.000000
8088,-8.000000
8089,-24.000000
8090,-32.000000
8091,-16.000000
8092,-20.000000
8093,-20.000000
8094,-24.000000
8095,-12.000000
8096,20.000000
8097,-8.000000
8098,-32.000000
8099,-20.000000
8100,-20.000000
8101,-20.000000
8102,0.000000
8103,-8.000000
8104,60.000000
8105,24.000000
8106,-24.000000
8107,16.000000
8108,20.000000
8109,16.000000
8110,-12.000000
8111,12.000000
8112,16.000000
8113,-44.000000
8114,8.000000
8115,-28.000000
8116,-8.000000
8117,16.000000
8118,-16.000000
8119,4.000000
8120,48.000000
8121,-4.000000
8122,16.000000
8123,-8.000000
8124,0.000000
8125,-8.000000
8126,0.000000
8127,0.000000
8128,16.000000
8129,28.000000
8130,24.000000
8131,52.000000
8132,48.000000
8133,-28.000000
8134,16.000000
8135,72.000000
8136,68.000000
8137,4.000000
8138,4.000000
8139,-12.000000
8140,-68.000000
8141,-44.000000
8142,4.000000
8143,0.000000
8144,40.000000
8145,-44.000000
8146,4.000000
8147,24.000000
8148,-12.000000
8149,0.000000
8150,-16.000000
8151,-24.000000
8152,-28.000000
8153,-24.000000
8154,-20.000000
8155,20.000000
8156,-28.000000
8157,-28.000000
8158,-24.000000
8159,-16.000000
8160,-16.000000
8161,24.000000
8162,-40.000000
8163,-40.000000
8164,0.000000
8165,64.000000
8166,-56.000000
8167,-36.000000
8168,-32.000000
8169,-48.000000
8170,4.000000
8171,-28.000000
8172,-48.000000
8173,-32.000000
8174,-80.000000
8175,-44.000000
8176,20.000000
8177,0.000000
8178,-12.000000
8179,-12.000000
8180,-32.000000
8181,0.000000
8182,44.000000
8183,-32.000000
8184,4.000000
8185,-32.000000
8186,-16.000000
8187,44.000000
8188,44.000000
8189,-32.000000
8190,88.000000
8191,-24.000000
8192,8.000000
8193,0.000000
8194,16.000000
8195,20.000000
8196,-8.000000
8197,-32.000000
8198,52.000000
8199,24.000000
8200,-20.000000
8201,-8.000000
8202,-12.000000
8203,4.000000
8204,-8.000000
8205,88.000000
8206,0.000000
8207,-12.000000
8208,48.000000
8209,8.000000
8210,12.000000
8211,-60.000000
8212,20.000000
8213,-4.000000
8214,4.000000
8215,-8.000000
8216,40.000000
8217,-28.000000
8218,-24.000000
8219,8.000000
8220,-4.000000
8221,-28.000000
8222,-52.000000
8223,-8.000000
8224,-28.000000
8225,28.000000
8226,-16.000000
8227,12.000000
8228,0.000000
8229,0.000000
8230,-8.000000
8231,-16.000000
8232,-48.000000
8233,-16.000000
8234,-32.000000
8235,0.000000
8236,-32.000000
8237,12.000000
8238,-24.000000
8239,-32.000000
8240,-32.000000
8241,-12.000000
8242,44.000000
8243,-28.000000
8244,-80.000000
8245,-28.000000
8246,-28.000000
8247,-32.000000
8248,-68.000000
8249,0.000000
8250,52.000000
8251,-4.000000
8252,8.000000
8253,-4.000000
8254,-16.000000
8255,-8.000000
8256,0.000000
8257,0.000000
8258,16.000000
8259,-16.000000
8260,44.000000
8261,16.000000
8262,24.000000
8263,8.000000
8264,32.000000
8265,-20.000000
8266,-32.000000
8267,12.000000
8268,0.000000
8269,4.000000
8270,4.000000
8271,0.000000
8272,16.000000
8273,24.000000
8274,28.000000
8275,124.000000
8276,12.000000
8277,40.000000
8278,28.000000
8279,68.000000
8280,-8.000000
8281,24.000000
8282,24.000000
8283,4.000000
8284,0.000000
8285,16.000000
8286,0.000000
8287,24.000000
8288,-4.000000
8289,28.000000
8290,-28.000000
8291,8.000000
8292,4.000000
8293,0.000000
8294,-64.000000
8295,-12.000000
8296,48.000000
8297,-40.000000
8298,-48.000000
8299,0.000000
8300,-20.000000
8301,32.000000
8302,4.000000
8303,-52.000000
8304,4.000000
8305,-64.000000
8306,-24.000000
8307,-20.000000
8308,-28.000000
8309,-80.000000
8310,-40.000000
8311,-36.000000
8312,-36.000000
8313,-8.000000
8314,-8.000000
8315,-28.000000
8316,-40.000000
8317,-24.000000
8318,-24.000000
8319,-32.000000
8320,-24.000000
8321,8.000000
8322,20.000000
8323,24.000000
8324,-60.000000
8325,-16.000000
8326,28.000000
8327,-60.000000
8328,-40.000000
8329,-4.000000
8330,-68.000000
8331,64.000000
8332,-12.000000
8333,-16.000000
8334,-16.000000
8335,-8.000000
8336,-8.000000
8337,20.000000
8338,-12.000000
8339,-20.000000
8340,0.000000
8341,0.000000
8342,32.000000
8343,0.000000
8344,16.000000
8345,8.000000
8346,0.000000
8347,-48.000000
8348,44.000000
8349,32.000000
8350,32.000000
8351,28.000000
8352,28.000000
8353,12.000000
8354,8.000000
8355,28.000000
8356,72.000000
8357,52.000000
8358,4.000000
8359,4.000000
8360,0.000000
8361,64.000000
8362,0.000000
8363,24.000000
8364,-28.000000
8365,52.000000
8366,20.000000
8367,12.000000
8368,56.000000
8369,-28.000000
8370,-8.000000
8371,20.000000
8372,48.000000
8373,-8.000000
8374,0.000000
8375,16.000000
8376,4.000000
8377,-20.000000
8378,-16.000000
8379,-24.000000
8380,16.000000
8381,28.000000
8382,-28.000000
8383,-20.000000
8384,-20.000000
8385,-40.000000
8386,28.000000
8387,-12.000000
8388,24.000000
8389,12.000000
8390,8.000000
8391,-36.000000
8392,-28.000000
8393,0.000000
8394,-40.000000
8395,0.000000
8396,-60.000000
8397,-8.000000
8398,-36.000000
8399,-32.000000
8400,-8.000000
8401,16.000000
8402,-36.000000
8403,-24.000000
8404,0.000000
8405,-40.000000
8406,4.000000
8407,-16.000000
8408,20.000000
8409,12.000000
8410,20.000000
8411,0.000000
8412,-8.000000
8413,40.000000
8414,64.000000
8415,4.000000
8416,4.000000
8417,0.000000
8418,4.000000
8419,20.000000
8420,-20.000000
8421,16.000000
8422,0.000000
8423,12.000000
8424,0.000000
8425,28.000000
8426,-4.000000
8427,8.000000
8428,8.000000
8429,-52.000000
8430,24.000000
8431,72.000000
8432,-8.000000
8433,4.000000
8434,-8.000000
8435,4.000000
8436,4.000000
8437,16.000000
8438,16.000000
8439,32.000000
8440,28.000000
8441,20.000000
8442,24.000000
8443,32.000000
8444,-60.000000
8445,20.000000
8446,-8.000000
8447,-12.000000
8448,4.000000
8449,-16.000000
8450,-16.000000
8451,-40.000000
8452,24.000000
8453,28.000000
8454,16.000000
8455,-20.000000
8456,-16.000000
8457,16.000000
8458,16.000000
8459,-32.000000
8460,0.000000
8461,-40.000000
8462,-20.000000
8463,-28.000000
8464,-20.000000
8465,-44.000000
8466,-28.000000
8467,-32.000000
8468,-40.000000
8469,-24.000000
8470,4.000000
8471,28.000000
8472,-12.000000
8473,-8.000000
8474,12.000000
8475,12.000000
8476,-32.000000
8477,-8.000000
8478,4.000000
8479,-32.000000
8480,-28.000000
8481,-32.000000
8482,-24.000000
8483,-4.000000
8484,-4.000000
8485,-8.000000
8486,-8.000000
8487,28.000000
8488,-64.000000
8489,4.000000
8490,-36.000000
8491,24.000000
8492,-24.000000
8493,-32.000000
8494,-4.000000
8495,-28.000000
8496,-24.000000
8497,44.000000
8498,0.000000
8499,-20.000000
8500,-20.000000
8501,-16.000000
8502,52.000000
8503,-44.000000
8504,0.000000
8505,-20.000000
8506,40.000000
8507,-8.000000
8508,24.000000
8509,40.000000
8510,4.000000
8511,0.000000
8512,-4.000000
8513,0.000000
8514,4.000000
8515,8.000000
8516,16.000000
8517,32.000000
8518,-28.000000
8519,-8.000000
8520,20.000000
8521,-8.000000
8522,-32.000000
8523,-40.000000
8524,-32.000000
8525,-92.000000
8526,12.000000
8527,-12.000000
8528,-4.000000
8529,0.000000
8530,52.000000
8531,-20.000000
8532,-8.000000
8533,12.000000
8534,-24.000000
8535,40.000000
8536,0.000000
8537,-32.000000
8538,4.000000
8539,-32.000000
8540,-4.000000
8541,-32.000000
8542,-28.000000
8543,12.000000
8544,0.000000
8545,-16.000000
8546,-16.000000
8547,0.000000
8548,-8.000000
8549,12.000000
8550,56.000000
8551,-16.000000
8552,-16.000000
8553,-4.000000
8554,-4.000000
8555,0.000000
8556,-8.000000
8557,48.000000
8558,8.000000
8559,-24.000000
8560,-24.000000
8561,-32.000000
8562,-8.000000
8563,24.000000
8564,16.000000
8565,-8.000000
8566,68.000000
8567,20.000000
8568,4.000000
8569,0.000000
8570,-20.000000
8571,-4.000000
8572,-8.000000
8573,-24.000000
8574,4.000000
8575,-36.000000
8576,12.000000
8577,-44.000000
8578,4.000000
8579,24.000000
8580,24.000000
8581,0.000000
8582,4.000000
8583,44.000000
8584,44.000000
8585,16.000000
8586,0.000000
8587,0.000000
8588,0.000000
8589,44.000000
8590,0.000000
8591,8.000000
8592,-36.000000
8593,-4.000000
8594,-8.000000
8595,-8.000000
8596,-32.000000
8597,-20.000000
8598,-8.000000
8599,-56.000000
8600,16.000000
8601,-8.000000
8602,-20.000000
8603,-8.000000
8604,-40.000000
8605,-32.000000
8606,-24.000000
8607,-68.000000
8608,-24.000000
8609,-44.000000
8610,-8.000000
8611,0.000000
8612,-8.000000
8613,-24.000000
8614,28.000000
8615,28.000000
8616,0.000000
8617,-36.000000
8618,-36.000000
8619,-32.000000
8620,8.000000
8621,-16.000000
8622,0.000000
8623,-12.000000
8624,-12.000000
8625,-8.000000
8626,-40.000000
8627,-28.000000
8628,-28.000000
8629,16.000000
8630,-8.000000
8631,-8.000000
8632,-8.000000
8633,-24.000000
8634,24.000000
8635,0.000000
8636,-32.000000
8637,16.000000
8638,44.000000
8639,16.000000
8640,28.000000
8641,8.000000
8642,4.000000
8643,-44.000000
8644,48.000000
8645,0.000000
8646,0.000000
8647,32.000000
8648,16.000000
8649,32.000000
8650,32.000000
8651,-16.000000
8652,64.000000
8653,0.000000
8654,24.000000
8655,20.000000
8656,28.000000
8657,-12.000000
8658,12.000000
8659,28.000000
8660,52.000000
8661,16.000000
8662,16.000000
8663,-8.000000
8664,32.000000
8665,16.000000
8666,16.000000
8667,24.000000
8668,-24.000000
8669,-12.000000
8670,-12.000000
8671,-20.000000
8672,-8.000000
8673,-16.000000
8674,0.000000
8675,8.000000
8676,4.000000
8677,-16.000000
8678,0.000000
8679,16.000000
8680,-24.000000
8681,16.000000
8682,-12.000000
8683,-12.000000
8684,44.000000
8685,20.000000
8686,-4.000000
8687,-48.000000
8688,-24.000000
8689,12.000000
8690,-8.000000
8691,-20.000000
8692,-16.000000
8693,40.000000
8694,-36.000000
8695,-36.000000
8696,16.000000
8697,-20.000000
8698,44.000000
8699,-24.000000
8700,52.000000
8701,0.000000
8702,-32.000000
8703,-16.000000
8704,-4.000000
8705,-40.000000
8706,-24.000000
8707,0.000000
8708,28.000000
8709,-8.000000
8710,-20.000000
8711,-40.000000
8712,-12.000000
8713,-72.000000
8714,0.000000
8715,-48.000000
8716,-40.000000
8717,-8.000000
8718,52.000000
8719,8.000000
8720,8.000000
8721,8.000000
8722,24.000000
8723,12.000000
8724,-20.000000
8725,-12.000000
8726,-28.000000
8727,32.000000
8728,8.000000
8729,4.000000
8730,4.000000
8731,16.000000
8732,20.000000
8733,24.000000
8734,12.000000
8735,0.000000
8736,-12.000000
8737,20.000000
8738,-8.000000
8739,24.000000
8740,88.000000
8741,16.000000
8742,16.000000
8743,12.000000
8744,12.000000
8745,24.000000
8746,20.000000
8747,-8.000000
8748,16.000000
8749,12.000000
8750,-52.000000
8751,-40.000000
8752,-16.000000
8753,-16.000000
8754,0.000000
8755,0.000000
8756,-20.000000
8757,28.000000
8758,-120.000000
8759,-8.000000
8760,-28.000000
8761,-28.000000
8762,-24.000000
8763,-44.000000
8764,-24.000000
8765,4.000000
8766,68.000000
8767,-28.000000
8768,-24.000000
8769,-32.000000
8770,-40.000000
8771,-20.000000
8772,-8.000000
8773,-8.000000
8774,44.000000
8775,-16.000000
8776,-12.000000
8777,24.000000
8778,-28.000000
8779,-16.000000
8780,-16.000000
8781,16.000000
8782,20.000000
8783,4.000000
8784,-8.000000
8785,24.000000
8786,4.000000
8787,-36.000000
8788,-16.000000
8789,116.000000
8790,-24.000000
8791,-8.000000
8792,24.000000
8793,-28.000000
8794,-36.000000
8795,24.000000
8796,0.000000
8797,-12.000000
8798,-12.000000
8799,-16.000000
8800,8.000000
8801,-12.000000
8802,-8.000000
8803,-28.000000
8804,24.000000
8805,44.000000
8806,-8.000000
8807,8.000000
8808,-44.000000
8809,12.000000
8810,12.000000
8811,16.000000
8812,4.000000
8813,0.000000
8814,-44.000000
8815,-4.000000
8816,20.000000
8817,-12.000000
8818,24.000000
8819,0.000000
8820,-8.000000
8821,-20.000000
8822,8.000000
8823,16.000000
8824,-40.000000
8825,0.000000
8826,-4.000000
8827,12.000000
8828,8.000000
8829,8.000000
8830,-32.000000
8831,-24.000000
8832,-28.000000
8833,8.000000
8834,12.000000
8835,-32.000000
8836,-56.000000
8837,-16.000000
8838,16.000000
8839,52.000000
8840,44.000000
8841,0.000000
8842,0.000000
8843,-20.000000
8844,-8.000000
8845,-8.000000
8846,-8.000000
8847,20.000000
8848,-4.000000
8849,-24.000000
8850,-24.000000
8851,-32.000000
8852,16.000000
8853,-8.000000
8854,64.000000
8855,16.000000
8856,12.000000
8857,24.000000
8858,-8.000000
8859,20.000000
8860,-8.000000
8861,4.000000
8862,8.000000
8863,-8.000000
8864,-8.000000
8865,0.000000
8866,-44.000000
8867,-20.000000
8868,-24.000000
8869,92.000000
8870,-16.000000
8871,28.000000
8872,24.000000
8873,24.000000
8874,4.000000
8875,28.000000
8876,32.000000
8877,8.000000
8878,20.000000
8879,16.000000
8880,16.000000
8881,0.000000
8882,52.000000
8883,4.000000
8884,-4.000000
8885,-8.000000
8886,52.000000
8887,12.000000
8888,12.000000
8889,4.000000
8890,40.000000
8891,16.000000
8892,12.000000
8893,0.000000
8894,-8.000000
8895,20.000000
8896,-16.000000
8897,0.000000
8898,0.000000
8899,-32.000000
8900,-64.000000
8901,-8.000000
8902,-8.000000
8903,52.000000
8904,-8.000000
8905,-4.000000
8906,-8.000000
8907,-48.000000
8908,-80.000000
8909,-20.000000
8910,24.000000
8911,16.000000
8912,-40.000000
8913,-20.000000
8914,24.000000
8915,-32.000000
8916,-72.000000
8917,-20.000000
8918,-32.000000
8919,0.000000
8920,-140.000000
8921,-44.000000
8922,-40.000000
8923,-36.000000
8924,-52.000000
8925,-8.000000
8926,8.000000
8927,-32.000000
8928,-24.000000
8929,-8.000000
8930,76.000000
8931,0.000000
8932,0.000000
8933,4.000000
8934,12.000000
8935,0.000000
8936,4.000000
8937,0.000000
8938,8.000000
8939,32.000000
8940,-20.000000
8941,0.000000
8942,16.000000
8943,-12.000000
8944,-12.000000
8945,12.000000
8946,4.000000
8947,-8.000000
8948,4.000000
8949,16.000000
8950,-8.000000
8951,0.000000
8952,-36.000000
8953,24.000000
8954,24.000000
8955,44.000000
8956,60.000000
8957,28.000000
8958,4.000000
8959,-12.000000
8960,28.000000
8961,16.000000
8962,32.000000
8963,-4.000000
8964,56.000000
8965,0.000000
8966,-28.000000
8967,-8.000000
8968,8.000000
8969,-8.000000
8970,-8.000000
8971,0.000000
8972,-28.000000
8973,-24.000000
8974,-32.000000
8975,-20.000000
8976,-20.000000
8977,0.000000
8978,-16.000000
8979,-8.000000
8980,-16.000000
8981,52.000000
8982,-8.000000
8983,-40.000000
8984,-36.000000
8985,12.000000
8986,-44.000000
8987,-20.000000
8988,8.000000
8989,-56.000000
8990,0.000000
8991,-36.000000
8992,-32.000000
8993,-32.000000
8994,4.000000
8995,-20.000000
8996,0.000000
8997,-40.000000
8998,12.000000
8999,-16.000000
9000,-20.000000
9001,-8.000000
9002,-8.000000
9003,-8.000000
9004,0.000000
9005,-20.000000
9006,-20.000000
9007,-12.000000
9008,24.000000
9009,12.000000
9010,-32.000000
9011,12.000000
9012,-8.000000
9013,28.000000
9014,0.000000
9015,-12.000000
9016,20.000000
9017,24.000000
9018,-20.000000
9019,4.000000
9020,-28.000000
9021,-8.000000
9022,-20.000000
9023,12.000000
9024,4.000000
9025,12.000000
9026,-16.000000
9027,-8.000000
9028,12.000000
9029,8.000000
9030,0.000000
9031,8.000000
9032,8.000000
9033,20.000000
9034,28.000000
9035,24.000000
9036,24.000000
9037,8.000000
9038,-32.000000
9039,-12.000000
9040,36.000000
9041,-52.000000
9042,0.000000
9043,-24.000000
9044,4.000000
9045,24.000000
9046,20.000000
9047,-8.000000
9048,-8.000000
9049,-8.000000
9050,0.000000
9051,-40.000000
9052,-4.000000
9053,-32.000000
9054,-8.000000
9055,-4.000000
9056,12.000000
9057,-32.000000
9058,-44.000000
9059,-28.000000
9060,-8.000000
9061,8.000000
9062,-20.000000
9063,-48.000000
9064,-32.000000
9065,-8.000000
9066,-24.000000
9067,-28.000000
9068,-8.000000
9069,-8.000000
9070,-44.000000
9071,-36.000000
9072,-44.000000
9073,-60.000000
9074,-32.000000
9075,-16.000000
9076,52.000000
9077,20.000000
9078,-28.000000
9079,0.000000
9080,-8.000000
9081,-8.000000
9082,24.000000
9083,-16.000000
9084,20.000000
9085,0.000000
9086,0.000000
9087,12.000000
9088,-16.000000
9089,0.000000
9090,28.000000
9091,16.000000
9092,-64.000000
9093,4.000000
9094,32.000000
9095,-8.000000
9096,-60.000000
9097,16.000000
9098,20.000000
9099,16.000000
9100,24.000000
9101,32.000000
9102,-32.000000
9103,-4.000000
9104,-8.000000
9105,-28.000000
9106,8.000000
9107,0.000000
9108,0.000000
9109,28.000000
9110,28.000000
9111,24.000000
9112,12.000000
9113,8.000000
9114,44.000000
9115,4.000000
9116,8.000000
9117,16.000000
9118,20.000000
9119,24.000000
9120,-52.000000
9121,8.000000
9122,-8.000000
9123,-8.000000
9124,-16.000000
9125,-20.000000
9126,12.000000
9127,-4.000000
9128,0.000000
9129,-8.000000
9130,-8.000000
9131,0.000000
9132,-32.000000
9133,40.000000
9134,-36.000000
9135,-20.000000
9136,-16.000000
9137,-20.000000
9138,-28.000000
9139,24.000000
9140,16.000000
9141,-40.000000
9142,-24.000000
9143,-20.000000
9144,-32.000000
9145,-20.000000
9146,-20.000000
9147,-8.000000
9148,-8.000000
9149,-36.000000
9150,0.000000
9151,0.000000
9152,-12.000000
9153,-16.000000
9154,12.000000
9155,-28.000000
9156,-4.000000
9157,0.000000
9158,8.000000
9159,12.000000
9160,12.000000
9161,12.000000
9162,0.000000
9163,0.000000
9164,24.000000
9165,24.000000
9166,8.000000
9167,4.000000
9168,-20.000000
9169,8.000000
9170,0.000000
9171,-24.000000
9172,-40.000000
9173,24.000000
9174,20.000000
9175,-16.000000
9176,20.000000
9177,12.000000
9178,4.000000
9179,12.000000
9180,44.000000
9181,16.000000
9182,-24.000000
9183,20.000000
9184,48.000000
9185,104.000000
9186,20.000000
9187,20.000000
9188,20.000000
9189,16.000000
9190,12.000000
9191,16.000000
9192,0.000000
9193,-48.000000
9194,-32.000000
9195,4.000000
9196,-8.000000
9197,-28.000000
9198,-52.000000
9199,-4.000000
9200,-8.000000
9201,-16.000000
9202,-16.000000
9203,-8.000000
9204,-28.000000
9205,4.000000
9206,-24.000000
9207,-32.000000
9208,-36.000000
9209,-40.000000
9210,-60.000000
9211,4.000000
9212,-24.000000
9213,-16.000000
9214,-20.000000
9215,-76.000000
9216,-8.000000
9217,60.000000
9218,-40.000000
9219,8.000000
9220,-20.000000
9221,-32.000000
9222,0.000000
9223,20.000000
9224,-32.000000
9225,0.000000
9226,16.000000
9227,-20.000000
9228,24.000000
9229,-44.000000
9230,-28.000000
9231,24.000000
9232,-4.000000
9233,24.000000
9234,-32.000000
9235,16.000000
9236,-20.000000
9237,-4.000000
9238,0.000000
9239,-28.000000
9240,0.000000
9241,-20.000000
9242,-20.000000
9243,12.000000
9244,0.000000
9245,4.000000
9246,8.000000
9247,4.000000
9248,0.000000
9249,24.000000
9250,-28.000000
9251,44.000000
9252,-8.000000
9253,24.000000
9254,-44.000000
9255,4.000000
9256,32.000000
9257,0.000000
9258,-44.000000
9259,12.000000
9260,12.000000
9261,56.000000
9262,-4.000000
9263,0.000000
9264,12.000000
9265,-36.000000
9266,-12.000000
9267,-4.000000
9268,0.000000
9269,-12.000000
9270,52.000000
9271,0.000000
9272,16.000000
9273,4.000000
9274,16.000000
9275,-28.000000
9276,4.000000
9277,-16.000000
9278,-20.000000
9279,-24.000000
9280,-24.000000
9281,-24.000000
9282,24.000000
9283,-24.000000
9284,-16.000000
9285,-8.000000
9286,-24.000000
9287,-4.000000
9288,-4.000000
9289,-48.000000
9290,-40.000000
9291,0.000000
9292,-4.000000
9293,-36.000000
9294,-40.000000
9295,-28.000000
9296,-28.000000
9297,-4.000000
9298,-8.000000
9299,-40.000000
9300,-8.000000
9301,-4.000000
9302,8.000000
9303,-4.000000
9304,0.000000
9305,0.000000
9306,0.000000
9307,-16.000000
9308,-16.000000
9309,40.000000
9310,0.000000
9311,4.000000
9312,-24.000000
9313,-8.000000
9314,28.000000
9315,0.000000
9316,12.000000
9317,0.000000
9318,0.000000
9319,-40.000000
9320,-4.000000
9321,8.000000
9322,4.000000
9323,-28.000000
9324,20.000000
9325,64.000000
9326,36.000000
9327,16.000000
9328,-20.000000
9329,8.000000
9330,12.000000
9331,20.000000
9332,20.000000
9333,-12.000000
9334,16.000000
9335,4.000000
9336,-28.000000
9337,16.000000
9338,-36.000000
9339,28.000000
9340,-20.000000
9341,-16.000000
9342,72.000000
9343,16.000000
9344,-36.000000
9345,0.000000
9346,-16.000000
9347,-16.000000
9348,-20.000000
9349,-20.000000
9350,-60.000000
9351,-8.000000
9352,-28.000000
9353,-4.000000
9354,-8.000000
9355,-32.000000
9356,-32.000000
9357,-28.000000
9358,-32.000000
9359,4.000000
9360,-28.000000
9361,-32.000000
9362,-24.000000
9363,-24.000000
9364,-24.000000
9365,-60.000000
9366,-24.000000
9367,-24.000000
9368,0.000000
9369,28.000000
9370,-40.000000
9371,-16.000000
9372,-24.000000
9373,-8.000000
9374,-12.000000
9375,-40.000000
9376,-36.000000
9377,0.000000
9378,4.000000
9379,40.000000
9380,-16.000000
9381,12.000000
9382,-16.000000
9383,-8.000000
9384,-8.000000
9385,0.000000
9386,4.000000
9387,72.000000
9388,40.000000
9389,-12.000000
9390,100.000000
9391,-56.000000
9392,4.000000
9393,-24.000000
9394,0.000000
9395,20.000000
9396,32.000000
9397,16.000000
9398,0.000000
9399,0.000000
9400,8.000000
9401,0.000000
9402,-8.000000
9403,8.000000
9404,-60.000000
9405,16.000000
9406,32.000000
9407,20.000000
9408,20.000000
9409,16.000000
9410,12.000000
9411,-36.000000
9412,24.000000
9413,-12.000000
9414,8.000000
9415,-12.000000
9416,-28.000000
9417,-24.000000
9418,-16.000000
9419,44.000000
9420,-32.000000
9421,32.000000
9422,-12.000000
9423,-8.000000
9424,12.000000
9425,-8.000000
9426,-8.000000
9427,-28.000000
9428,-12.000000
9429,-60.000000
9430,16.000000
9431,12.000000
9432,-32.000000
9433,-32.000000
9434,-28.000000
9435,-28.000000
9436,-24.000000
9437,0.000000
9438,-4.000000
9439,-20.000000
9440,-32.000000
9441,-40.000000
9442,-12.000000
9443,-32.000000
9444,20.000000
9445,0.000000
9446,-24.000000
9447,-20.000000
9448,-16.000000
9449,-16.000000
9450,-28.000000
9451,8.000000
9452,-24.000000
9453,-16.000000
9454,-64.000000
9455,-24.000000
9456,-28.000000
9457,-8.000000
9458,16.000000
9459,52.000000
9460,44.000000
9461,-8.000000
9462,44.000000
9463,24.000000
9464,4.000000
9465,-4.000000
9466,28.000000
9467,0.000000
9468,-20.000000
9469,-8.000000
9470,16.000000
9471,-16.000000
9472,-60.000000
9473,24.000000
9474,40.000000
9475,-20.000000
9476,16.000000
9477,16.000000
9478,48.000000
9479,-4.000000
9480,-20.000000
9481,44.000000
9482,52.000000
9483,4.000000
9484,0.000000
9485,8.000000
9486,0.000000
9487,20.000000
9488,16.000000
9489,4.000000
9490,24.000000
9491,36.000000
9492,32.000000
9493,-52.000000
9494,28.000000
9495,-72.000000
9496,-28.000000
9497,20.000000
9498,20.000000
9499,0.000000
9500,-8.000000
9501,68.000000
9502,-12.000000
9503,-32.000000
9504,-16.000000
9505,-48.000000
9506,4.000000
9507,16.000000
9508,0.000000
9509,-28.000000
9510,-8.000000
9511,-48.000000
9512,-48.000000
9513,-28.000000
9514,-28.000000
9515,-20.000000
9516,-12.000000
9517,-20.000000
9518,-40.000000
9519,-40.000000
9520,20.000000
9521,-24.000000
9522,-8.000000
9523,4.000000
9524,-32.000000
9525,-8.000000
9526,-20.000000
9527,-4.000000
9528,-4.000000
9529,-32.000000
9530,44.000000
9531,-24.000000
9532,-20.000000
9533,32.000000
9534,-24.000000
9535,4.000000
9536,4.000000
9537,-12.000000
9538,40.000000
9539,-16.000000
9540,-16.000000
9541,16.000000
9542,-20.000000
9543,52.000000
9544,4.000000
9545,8.000000
9546,8.000000
9547,12.000000
9548,-32.000000
9549,-36.000000
9550,4.000000
9551,20.000000
9552,20.000000
9553,20.000000
9554,-16.000000
9555,20.000000
9556,52.000000
9557,44.000000
9558,-40.000000
9559,44.000000
9560,44.000000
9561,0.000000
9562,44.000000
9563,8.000000
9564,-40.000000
9565,-28.000000
9566,-24.000000
9567,4.000000
9568,92.000000
9569,4.000000
9570,0.000000
9571,-32.000000
9572,-44.000000
9573,-20.000000
9574,16.000000
9575,44.000000
9576,-8.000000
9577,-12.000000
9578,-60.000000
9579,0.000000
9580,16.000000
9581,-24.000000
9582,64.000000
9583,-8.000000
9584,-52.000000
9585,-16.000000
9586,0.000000
9587,-44.000000
9588,12.000000
9589,-32.000000
9590,-8.000000
9591,0.000000
9592,-32.000000
9593,-28.000000
9594,-32.000000
9595,28.000000
9596,-52.000000
9597,0.000000
9598,-132.000000
9599,-32.000000
9600,-16.000000
9601,52.000000
9602,-24.000000
9603,-4.000000
9604,-4.000000
9605,8.000000
9606,0.000000
9607,64.000000
9608,-8.000000
9609,0.000000
9610,16.000000
9611,-36.000000
9612,8.000000
9613,-8.000000
9614,16.000000
9615,24.000000
9616,-4.000000
9617,44.000000
9618,-20.000000
9619,16.000000
9620,20.000000
9621,12.000000
9622,-4.000000
9623,-20.000000
9624,-8.000000
9625,8.000000
9626,-20.000000
9627,32.000000
9628,20.000000
9629,28.000000
9630,36.000000
9631,36.000000
9632,-24.000000
9633,-36.000000
9634,52.000000
9635,24.000000
9636,8.000000
9637,8.000000
9638,16.000000
9639,40.000000
9640,-32.000000
9641,-8.000000
9642,12.000000
9643,-4.000000
9644,-32.000000
9645,-8.000000
9646,-24.000000
9647,12.000000
9648,-8.000000
9649,8.000000
9650,16.000000
9651,-32.000000
9652,0.000000
9653,-32.000000
9654,44.000000
9655,-8.000000
9656,-12.000000
9657,-48.000000
9658,52.000000
9659,-80.000000
9660,-28.000000
9661,-36.000000
9662,0.000000
9663,-48.000000
9664,-28.000000
9665,-40.000000
9666,-8.000000
9667,0.000000
9668,-32.000000
9669,-16.000000
9670,12.000000
9671,12.000000
9672,0.000000
9673,-28.000000
9674,-48.000000
9675,40.000000
9676,-36.000000
9677,-4.000000
9678,-4.000000
9679,16.000000
9680,20.000000
9681,-8.000000
9682,-12.000000
9683,-32.000000
9684,-8.000000
9685,64.000000
9686,0.000000
9687,-8.000000
9688,8.000000
9689,12.000000
9690,0.000000
9691,-32.000000
9692,20.000000
9693,32.000000
9694,-24.000000
9695,16.000000
9696,8.000000
9697,16.000000
9698,16.000000
9699,0.000000
9700,-12.000000
9701,8.000000
9702,16.000000
9703,12.000000
9704,0.000000
9705,8.000000
9706,0.000000
9707,20.000000
9708,36.000000
9709,16.000000
9710,-20.000000
9711,-12.000000
9712,12.000000
9713,-24.000000
9714,32.000000
9715,32.000000
9716,0.000000
9717,-44.000000
9718,-4.000000
9719,-20.000000
9720,0.000000
9721,4.000000
9722,-16.000000
9723,-28.000000
9724,16.000000
9725,-36.000000
9726,-32.000000
9727,16.000000
9728,-40.000000
9729,-16.000000
9730,-32.000000
9731,-20.000000
9732,-28.000000
9733,-4.000000
9734,-16.000000
9735,44.000000
9736,-12.000000
9737,20.000000
9738,4.000000
9739,-48.000000
9740,-12.000000
9741,-8.000000
9742,0.000000
9743,-80.000000
9744,-8.000000
9745,0.000000
9746,-20.000000
9747,-8.000000
9748,-4.000000
9749,-8.000000
9750,52.000000
9751,0.000000
9752,-44.000000
9753,0.000000
9754,-16.000000
9755,0.000000
9756,-8.000000
9757,0.000000
9758,4.000000
9759,-4.000000
9760,4.000000
9761,0.000000
9762,0.000000
9763,-52.000000
9764,-16.000000
9765,4.000000
9766,4.000000
9767,0.000000
9768,8.000000
9769,-4.000000
9770,12.000000
9771,24.000000
9772,16.000000
9773,20.000000
9774,48.000000
9775,-8.000000
9776,4.000000
9777,36.000000
9778,-32.000000
9779,-8.000000
9780,52.000000
9781,-24.000000
9782,16.000000
9783,-32.000000
9784,8.000000
9785,-12.000000
9786,16.000000
9787,-8.000000
9788,12.000000
9789,8.000000
9790,32.000000
9791,-24.000000
9792,-8.000000
9793,-12.000000
9794,-12.000000
9795,-20.000000
9796,-20.000000
9797,-24.000000
9798,8.000000
9799,4.000000
9800,-52.000000
9801,-20.000000
9802,-8.000000
9803,-32.000000
9804,44.000000
9805,-40.000000
9806,-40.000000
9807,-28.000000
9808,-40.000000
9809,-16.000000
9810,-52.000000
9811,-24.000000
9812,-12.000000
9813,-8.000000
9814,12.000000
9815,-24.000000
9816,-12.000000
9817,-28.000000
9818,0.000000
9819,-20.000000
9820,-8.000000
9821,-8.000000
9822,-4.000000
9823,24.000000
9824,-28.000000
9825,-16.000000
9826,4.000000
9827,-40.000000
9828,-44.000000
9829,0.000000
9830,-8.000000
9831,80.000000
9832,-24.000000
9833,-12.000000
9834,4.000000
9835,-12.000000
9836,32.000000
9837,52.000000
9838,24.000000
9839,4.000000
9840,4.000000
9841,-44.000000
9842,-4.000000
9843,16.000000
9844,-36.000000
9845,32.000000
9846,-12.000000
9847,-8.000000
9848,44.000000
9849,-8.000000
9850,-16.000000
9851,8.000000
9852,8.000000
9853,0.000000
9854,-4.000000
9855,-52.000000
9856,20.000000
9857,8.000000
9858,8.000000
9859,24.000000
9860,40.000000
9861,4.000000
9862,-12.000000
9863,-8.000000
9864,0.000000
9865,20.000000
9866,44.000000
9867,24.000000
9868,-8.000000
9869,-8.000000
9870,-8.000000
9871,-44.000000
9872,-4.000000
9873,-16.000000
9874,-16.000000
9875,-60.000000
9876,0.000000
9877,-16.000000
9878,12.000000
9879,-16.000000
9880,12.000000
9881,8.000000
9882,32.000000
9883,-8.000000
9884,-60.000000
9885,-16.000000
9886,-16.000000
9887,-24.000000
9888,-32.000000
9889,-40.000000
9890,-28.000000
9891,-116.000000
9892,-40.000000
9893,-28.000000
9894,-44.000000
9895,-28.000000
9896,-8.000000
9897,4.000000
9898,84.000000
9899,12.000000
9900,-32.000000
9901,20.000000
9902,0.000000
9903,28.000000
9904,-36.000000
9905,24.000000
9906,-32.000000
9907,56.000000
9908,60.000000
9909,0.000000
9910,4.000000
9911,-8.000000
9912,24.000000
9913,-4.000000
9914,8.000000
9915,12.000000
9916,16.000000
9917,16.000000
9918,0.000000
9919,28.000000
9920,28.000000
9921,20.000000
9922,16.000000
9923,-4.000000
9924,-8.000000
9925,20.000000
9926,32.000000
9927,32.000000
9928,24.000000
9929,16.000000
9930,-8.000000
9931,16.000000
9932,8.000000
9933,36.000000
9934,16.000000
9935,-72.000000
9936,40.000000
9937,-8.000000
9938,12.000000
9939,4.000000
9940,8.000000
9941,4.000000
9942,0.000000
9943,-12.000000
9944,16.000000
9945,-20.000000
9946,12.000000
9947,-8.000000
9948,-12.000000
9949,-4.000000
9950,-24.000000
9951,-28.000000
9952,-32.000000
9953,-20.000000
9954,28.000000
9955,4.000000
9956,-60.000000
9957,-44.000000
9958,28.000000
9959,0.000000
9960,-24.000000
9961,-40.000000
9962,-16.000000
9963,-28.000000
9964,-20.000000
9965,-8.000000
9966,-12.000000
9967,-44.000000
9968,-24.000000
9969,4.000000
9970,-28.000000
9971,-24.000000
9972,52.000000
9973,-28.000000
9974,-36.000000
9975,-28.000000
9976,44.000000
9977,-20.000000
9978,-16.000000
9979,4.000000
9980,-12.000000
9981,-24.000000
9982,-48.000000
9983,12.000000
9984,32.000000
9985,-20.000000
9986,-36.000000
9987,0.000000
9988,20.000000
9989,0.000000
9990,56.000000
9991,4.000000
9992,-8.000000
9993,12.000000
9994,44.000000
9995,20.000000
9996,-8.000000
9997,24.000000
9998,24.000000
9999,-56.000000
10000,24.000000
