Channel              :,CH1
Frequency            :,  ?
Period               :,  ?
PK-PK                :,232.0mV
Probe attenuation    :,1X
Voltage per ADC value:,0.125000mV
Time interval        :,100.00000us

index,CH1_Voltage(mV)
1,54.000000
2,54.000000
3,4.000000
4,74.000000
5,-14.000000
6,22.000000
7,0.000000
8,-24.000000
9,56.000000
10,-54.000000
11,-26.000000
12,-8.000000
13,16.000000
14,-44.000000
15,-12.000000
16,4.000000
17,-34.000000
18,10.000000
19,22.000000
20,-34.000000
21,-26.000000
22,-10.000000
23,12.000000
24,30.000000
25,-2.000000
26,-10.000000
27,-32.000000
28,-32.000000
29,-12.000000
30,-14.000000
31,-28.000000
32,-12.000000
33,-8.000000
34,28.000000
35,30.000000
36,0.000000
37,-50.000000
38,-30.000000
39,24.000000
40,-16.000000
41,-14.000000
42,-14.000000
43,34.000000
44,-14.000000
45,42.000000
46,-20.000000
47,48.000000
48,-24.000000
49,-6.000000
50,-12.000000
51,14.000000
52,-40.000000
53,-4.000000
54,-20.000000
55,-28.000000
56,-36.000000
57,-16.000000
58,-30.000000
59,0.000000
60,8.000000
61,32.000000
62,6.000000
63,-44.000000
64,-20.000000
65,-6.000000
66,38.000000
67,-8.000000
68,8.000000
69,12.000000
70,-12.000000
71,-4.000000
72,14.000000
73,-4.000000
74,6.000000
75,38.000000
76,20.000000
77,76.000000
78,14.000000
79,46.000000
80,40.000000
81,14.000000
82,24.000000
83,38.000000
84,-6.000000
85,-16.000000
86,8.000000
87,0.000000
88,8.000000
89,32.000000
90,2.000000
91,-24.000000
92,-44.000000
93,86.000000
94,8.000000
95,22.000000
96,-4.000000
97,2.000000
98,2.000000
99,-10.000000
100,-20.000000
101,-36.000000
102,0.000000
103,0.000000
104,26.000000
105,-18.000000
106,-16.000000
107,-12.000000
108,46.000000
109,-10.000000
110,-34.000000
111,18.000000
112,-8.000000
113,2.000000
114,-10.000000
115,-68.000000
116,20.000000
117,8.000000
118,2.000000
119,-12.000000
120,-12.000000
121,24.000000
122,-20.000000
123,-20.000000
124,-20.000000
125,-16.000000
126,-20.000000
127,-36.000000
128,-20.000000
129,14.000000
130,32.000000
131,32.000000
132,32.000000
133,-8.000000
134,-30.000000
135,0.000000
136,-38.000000
137,-14.000000
138,-82.000000
139,-10.000000
140,-24.000000
141,-54.000000
142,30.000000
143,-4.000000
144,-56.000000
145,2.000000
146,-18.000000
147,-60.000000
148,54.000000
149,46.000000
150,-12.000000
151,6.000000
152,-4.000000
153,30.000000
154,26.000000
155,-18.000000
156,-64.000000
157,-22.000000
158,16.000000
159,-24.000000
160,54.000000
161,-60.000000
162,4.000000
163,-26.000000
164,-78.000000
165,6.000000
166,-4.000000
167,24.000000
168,-16.000000
169,-34.000000
170,-34.000000
171,-6.000000
172,2.000000
173,12.000000
174,48.000000
175,-8.000000
176,4.000000
177,-16.000000
178,12.000000
179,58.000000
180,58.000000
181,4.000000
182,-22.000000
183,-16.000000
184,0.000000
185,26.000000
186,24.000000
187,10.000000
188,10.000000
189,-34.000000
190,62.000000
191,-2.000000
192,6.000000
193,-16.000000
194,94.000000
195,14.000000
196,20.000000
197,-18.000000
198,6.000000
199,40.000000
200,-24.000000
201,14.000000
202,-2.000000
203,22.000000
204,-26.000000
205,2.000000
206,18.000000
207,-26.000000
208,-6.000000
209,50.000000
210,-40.000000
211,0.000000
212,44.000000
213,10.000000
214,-22.000000
215,-54.000000
216,2.000000
217,-44.000000
218,-58.000000
219,8.000000
220,26.000000
221,-60.000000
222,46.000000
223,-8.000000
224,-6.000000
225,-2.000000
226,6.000000
227,-46.000000
228,16.000000
229,16.000000
230,-22.000000
231,10.000000
232,-40.000000
233,30.000000
234,16.000000
235,-4.000000
236,4.000000
237,-16.000000
238,84.000000
239,32.000000
240,10.000000
241,-26.000000
242,-14.000000
243,54.000000
244,-26.000000
245,-18.000000
246,-34.000000
247,-22.000000
248,68.000000
249,54.000000
250,48.000000
251,-8.000000
252,-6.000000
253,40.000000
254,-14.000000
255,0.000000
256,16.000000
257,-44.000000
258,-44.000000
259,28.000000
260,12.000000
261,-12.000000
262,30.000000
263,-40.000000
264,-16.000000
265,-16.000000
266,4.000000
267,-10.000000
268,22.000000
269,30.000000
270,-64.000000
271,-18.000000
272,-14.000000
273,-64.000000
274,2.000000
275,-14.000000
276,14.000000
277,14.000000
278,2.000000
279,-26.000000
280,-30.000000
281,-30.000000
282,-14.000000
283,-4.000000
284,40.000000
285,-48.000000
286,-20.000000
287,8.000000
288,10.000000
289,-16.000000
290,-4.000000
291,-60.000000
292,72.000000
293,-2.000000
294,12.000000
295,6.000000
296,-24.000000
297,4.000000
298,-82.000000
299,14.000000
300,14.000000
301,-26.000000
302,-4.000000
303,18.000000
304,18.000000
305,108.000000
306,40.000000
307,46.000000
308,-12.000000
309,-14.000000
310,78.000000
311,10.000000
312,28.000000
313,2.000000
314,-18.000000
315,-16.000000
316,20.000000
317,-22.000000
318,4.000000
319,2.000000
320,34.000000
321,-2.000000
322,-6.000000
323,12.000000
324,32.000000
325,8.000000
326,6.000000
327,-18.000000
328,-8.000000
329,-2.000000
330,0.000000
331,-22.000000
332,-20.000000
333,2.000000
334,8.000000
335,-20.000000
336,-54.000000
337,-4.000000
338,-18.000000
339,-116.000000
340,6.000000
341,-16.000000
342,26.000000
343,-20.000000
344,-4.000000
345,-22.000000
346,-12.000000
347,-12.000000
348,-4.000000
349,14.000000
350,16.000000
351,38.000000
352,-6.000000
353,-22.000000
354,38.000000
355,28.000000
356,-8.000000
357,28.000000
358,6.000000
359,-72.000000
360,28.000000
361,-2.000000
362,68.000000
363,8.000000
364,14.000000
365,0.000000
366,-38.000000
367,8.000000
368,30.000000
369,-16.000000
370,-26.000000
371,14.000000
372,-30.000000
373,28.000000
374,-14.000000
375,42.000000
376,26.000000
377,68.000000
378,-24.000000
379,-74.000000
380,2.000000
381,12.000000
382,2.000000
383,26.000000
384,-14.000000
385,-60.000000
386,14.000000
387,46.000000
388,-4.000000
389,-12.000000
390,24.000000
391,-26.000000
392,46.000000
393,4.000000
394,86.000000
395,-52.000000
396,0.000000
397,6.000000
398,-22.000000
399,10.000000
400,24.000000
401,-20.000000
402,20.000000
403,-78.000000
404,-52.000000
405,14.000000
406,28.000000
407,-44.000000
408,-4.000000
409,-54.000000
410,-54.000000
411,6.000000
412,82.000000
413,-40.000000
414,-36.000000
415,10.000000
416,8.000000
417,34.000000
418,-54.000000
419,-36.000000
420,-30.000000
421,16.000000
422,-16.000000
423,8.000000
424,-16.000000
425,16.000000
426,50.000000
427,-26.000000
428,-26.000000
429,-12.000000
430,-12.000000
431,54.000000
432,-48.000000
433,34.000000
434,-20.000000
435,12.000000
436,-30.000000
437,10.000000
438,-58.000000
439,16.000000
440,-2.000000
441,2.000000
442,8.000000
443,4.000000
444,-22.000000
445,92.000000
446,2.000000
447,42.000000
448,-18.000000
449,-12.000000
450,-64.000000
451,8.000000
452,38.000000
453,54.000000
454,-6.000000
455,-46.000000
456,4.000000
457,-16.000000
458,-16.000000
459,26.000000
460,-8.000000
461,-4.000000
462,46.000000
463,32.000000
464,-6.000000
465,-12.000000
466,-14.000000
467,46.000000
468,-2.000000
469,2.000000
470,-24.000000
471,14.000000
472,20.000000
473,-8.000000
474,-10.000000
475,-6.000000
476,-26.000000
477,-2.000000
478,-8.000000
479,28.000000
480,18.000000
481,-12.000000
482,-20.000000
483,-44.000000
484,6.000000
485,-70.000000
486,8.000000
487,-44.000000
488,-8.000000
489,-6.000000
490,-4.000000
491,46.000000
492,0.000000
493,-4.000000
494,-30.000000
495,14.000000
496,10.000000
497,4.000000
498,-8.000000
499,-8.000000
500,-8.000000
501,-12.000000
502,54.000000
503,44.000000
504,-70.000000
505,34.000000
506,-24.000000
507,-14.000000
508,20.000000
509,36.000000
510,-16.000000
511,-34.000000
512,82.000000
513,22.000000
514,58.000000
515,34.000000
516,14.000000
517,-4.000000
518,-4.000000
519,-30.000000
520,26.000000
521,-2.000000
522,-26.000000
523,30.000000
524,44.000000
525,10.000000
526,2.000000
527,8.000000
528,-6.000000
529,24.000000
530,36.000000
531,26.000000
532,-70.000000
533,14.000000
534,54.000000
535,10.000000
536,0.000000
537,-16.000000
538,-16.000000
539,-20.000000
540,-22.000000
541,-26.000000
542,8.000000
543,24.000000
544,8.000000
545,-64.000000
546,-62.000000
547,14.000000
548,-38.000000
549,12.000000
550,22.000000
551,6.000000
552,-6.000000
553,20.000000
554,-4.000000
555,-26.000000
556,2.000000
557,-32.000000
558,-36.000000
559,-48.000000
560,50.000000
561,-4.000000
562,56.000000
563,0.000000
564,-60.000000
565,-22.000000
566,-44.000000
567,24.000000
568,-4.000000
569,10.000000
570,38.000000
571,-4.000000
572,4.000000
573,-6.000000
574,20.000000
575,2.000000
576,40.000000
577,22.000000
578,18.000000
579,-40.000000
580,-36.000000
581,-88.000000
582,-2.000000
583,-4.000000
584,-42.000000
585,-22.000000
586,-42.000000
587,22.000000
588,12.000000
589,4.000000
590,4.000000
591,-32.000000
592,40.000000
593,0.000000
594,12.000000
595,-12.000000
596,-58.000000
597,8.000000
598,-4.000000
599,68.000000
600,32.000000
601,8.000000
602,2.000000
603,20.000000
604,10.000000
605,8.000000
606,-2.000000
607,-32.000000
608,-72.000000
609,-40.000000
610,-36.000000
611,-30.000000
612,-18.000000
613,8.000000
614,-10.000000
615,-30.000000
616,10.000000
617,4.000000
618,26.000000
619,30.000000
620,30.000000
621,-10.000000
622,44.000000
623,36.000000
624,-16.000000
625,-2.000000
626,22.000000
627,26.000000
628,14.000000
629,-40.000000
630,-58.000000
631,-6.000000
632,-20.000000
633,-30.000000
634,0.000000
635,36.000000
636,30.000000
637,38.000000
638,-12.000000
639,12.000000
640,0.000000
641,-26.000000
642,2.000000
643,30.000000
644,-4.000000
645,46.000000
646,-2.000000
647,0.000000
648,0.000000
649,-76.000000
650,34.000000
651,-22.000000
652,64.000000
653,-16.000000
654,-16.000000
655,-20.000000
656,-14.000000
657,20.000000
658,12.000000
659,-78.000000
660,-112.000000
661,-68.000000
662,54.000000
663,-10.000000
664,2.000000
665,54.000000
666,30.000000
667,24.000000
668,-74.000000
669,-20.000000
670,2.000000
671,26.000000
672,8.000000
673,-48.000000
674,-30.000000
675,-30.000000
676,-16.000000
677,54.000000
678,-6.000000
679,-12.000000
680,-12.000000
681,-78.000000
682,-4.000000
683,-18.000000
684,-60.000000
685,10.000000
686,-6.000000
687,-12.000000
688,-2.000000
689,22.000000
690,-36.000000
691,-2.000000
692,-62.000000
693,2.000000
694,4.000000
695,-4.000000
696,42.000000
697,-16.000000
698,-8.000000
699,-42.000000
700,8.000000
701,-12.000000
702,34.000000
703,64.000000
704,-4.000000
705,-44.000000
706,-12.000000
707,20.000000
708,-2.000000
709,-6.000000
710,-2.000000
711,-8.000000
712,24.000000
713,20.000000
714,-64.000000
715,18.000000
716,-12.000000
717,-14.000000
718,82.000000
719,-40.000000
720,-44.000000
721,-34.000000
722,30.000000
723,30.000000
724,10.000000
725,-12.000000
726,-12.000000
727,24.000000
728,-18.000000
729,6.000000
730,-4.000000
731,40.000000
732,14.000000
733,-18.000000
734,-16.000000
735,48.000000
736,48.000000
737,22.000000
738,14.000000
739,-40.000000
740,-46.000000
741,32.000000
742,-78.000000
743,18.000000
744,8.000000
745,-70.000000
746,14.000000
747,38.000000
748,-12.000000
749,6.000000
750,28.000000
751,-2.000000
752,16.000000
753,48.000000
754,-4.000000
755,-64.000000
756,-22.000000
757,24.000000
758,-18.000000
759,-30.000000
760,-4.000000
761,2.000000
762,-44.000000
763,-20.000000
764,54.000000
765,-4.000000
766,32.000000
767,-14.000000
768,-54.000000
769,34.000000
770,-10.000000
771,22.000000
772,-12.000000
773,10.000000
774,-40.000000
775,-20.000000
776,-14.000000
777,0.000000
778,-20.000000
779,-6.000000
780,4.000000
781,16.000000
782,28.000000
783,6.000000
784,8.000000
785,-6.000000
786,-2.000000
787,26.000000
788,14.000000
789,-4.000000
790,-62.000000
791,-12.000000
792,-24.000000
793,-30.000000
794,-30.000000
795,8.000000
796,-18.000000
797,-18.000000
798,16.000000
799,-44.000000
800,10.000000
801,40.000000
802,54.000000
803,12.000000
804,-4.000000
805,26.000000
806,46.000000
807,-22.000000
808,16.000000
809,36.000000
810,0.000000
811,-16.000000
812,4.000000
813,4.000000
814,-4.000000
815,-40.000000
816,-10.000000
817,46.000000
818,-10.000000
819,-20.000000
820,-30.000000
821,44.000000
822,22.000000
823,86.000000
824,-26.000000
825,6.000000
826,22.000000
827,-30.000000
828,30.000000
829,34.000000
830,14.000000
831,18.000000
832,6.000000
833,18.000000
834,-56.000000
835,16.000000
836,-40.000000
837,-52.000000
838,72.000000
839,-18.000000
840,46.000000
841,-30.000000
842,20.000000
843,20.000000
844,-32.000000
845,12.000000
846,8.000000
847,-34.000000
848,-20.000000
849,-28.000000
850,-18.000000
851,2.000000
852,14.000000
853,8.000000
854,-22.000000
855,-8.000000
856,40.000000
857,-22.000000
858,-16.000000
859,-12.000000
860,4.000000
861,-10.000000
862,2.000000
863,-12.000000
864,-32.000000
865,2.000000
866,28.000000
867,-40.000000
868,24.000000
869,-6.000000
870,12.000000
871,8.000000
872,-12.000000
873,-16.000000
874,62.000000
875,-12.000000
876,2.000000
877,-14.000000
878,28.000000
879,2.000000
880,16.000000
881,42.000000
882,-38.000000
883,-4.000000
884,-22.000000
885,10.000000
886,-20.000000
887,6.000000
888,8.000000
889,-18.000000
890,-34.000000
891,10.000000
892,22.000000
893,30.000000
894,-12.000000
895,98.000000
896,60.000000
897,2.000000
898,4.000000
899,50.000000
900,24.000000
901,-56.000000
902,28.000000
903,-6.000000
904,-4.000000
905,38.000000
906,10.000000
907,0.000000
908,-44.000000
909,-54.000000
910,54.000000
911,-4.000000
912,10.000000
913,-32.000000
914,44.000000
915,-6.000000
916,10.000000
917,36.000000
918,20.000000
919,-16.000000
920,-36.000000
921,-30.000000
922,-18.000000
923,-36.000000
924,24.000000
925,-74.000000
926,38.000000
927,-20.000000
928,0.000000
929,-18.000000
930,-30.000000
931,-78.000000
932,-10.000000
933,34.000000
934,-30.000000
935,18.000000
936,-16.000000
937,0.000000
938,-40.000000
939,2.000000
940,46.000000
941,42.000000
942,16.000000
943,0.000000
944,50.000000
945,-32.000000
946,-58.000000
947,-78.000000
948,22.000000
949,-52.000000
950,86.000000
951,22.000000
952,-4.000000
953,20.000000
954,-10.000000
955,-58.000000
956,2.000000
957,20.000000
958,2.000000
959,-18.000000
960,14.000000
961,10.000000
962,-12.000000
963,-10.000000
964,-26.000000
965,6.000000
966,56.000000
967,24.000000
968,12.000000
969,50.000000
970,24.000000
971,2.000000
972,58.000000
973,28.000000
974,-14.000000
975,-26.000000
976,-98.000000
977,-38.000000
978,0.000000
979,-16.000000
980,-16.000000
981,-6.000000
982,-4.000000
983,-6.000000
984,24.000000
985,20.000000
986,22.000000
987,-22.000000
988,-4.000000
989,10.000000
990,12.000000
991,8.000000
992,0.000000
993,24.000000
994,44.000000
995,-68.000000
996,0.000000
997,-30.000000
998,6.000000
999,44.000000
1000,46.000000
1001,-12.000000
1002,-6.000000
1003,-12.000000
1004,-4.000000
1005,8.000000
1006,22.000000
1007,28.000000
1008,-54.000000
1009,-30.000000
1010,16.000000
1011,-48.000000
1012,34.000000
1013,-8.000000
1014,-70.000000
1015,18.000000
1016,-26.000000
1017,10.000000
1018,30.000000
1019,10.000000
1020,8.000000
1021,-2.000000
1022,18.000000
1023,-26.000000
1024,-16.000000
1025,-44.000000
1026,10.000000
1027,-24.000000
1028,20.000000
1029,2.000000
1030,10.000000
1031,20.000000
1032,34.000000
1033,-24.000000
1034,-10.000000
1035,-22.000000
1036,24.000000
1037,4.000000
1038,4.000000
1039,-78.000000
1040,0.000000
1041,-48.000000
1042,-2.000000
1043,54.000000
1044,6.000000
1045,-10.000000
1046,30.000000
1047,2.000000
1048,8.000000
1049,-58.000000
1050,-14.000000
1051,-6.000000
1052,-48.000000
1053,-8.000000
1054,-16.000000
1055,-36.000000
1056,34.000000
1057,-20.000000
1058,-14.000000
1059,-26.000000
1060,-32.000000
1061,26.000000
1062,-2.000000
1063,-6.000000
1064,-12.000000
1065,-10.000000
1066,-16.000000
1067,-34.000000
1068,-68.000000
1069,40.000000
1070,-20.000000
1071,16.000000
1072,-6.000000
1073,-8.000000
1074,-30.000000
1075,-8.000000
1076,10.000000
1077,6.000000
1078,-8.000000
1079,26.000000
1080,-74.000000
1081,0.000000
1082,-16.000000
1083,60.000000
1084,-18.000000
1085,-44.000000
1086,0.000000
1087,14.000000
1088,-4.000000
1089,-42.000000
1090,-50.000000
1091,-12.000000
1092,54.000000
1093,14.000000
1094,6.000000
1095,-16.000000
1096,-22.000000
1097,-18.000000
1098,-78.000000
1099,2.000000
1100,22.000000
1101,0.000000
1102,-6.000000
1103,0.000000
1104,-14.000000
1105,4.000000
1106,-62.000000
1107,4.000000
1108,0.000000
1109,32.000000
1110,-20.000000
1111,-4.000000
1112,50.000000
1113,2.000000
1114,22.000000
1115,4.000000
1116,0.000000
1117,-38.000000
1118,-24.000000
1119,-18.000000
1120,-14.000000
1121,6.000000
1122,6.000000
1123,24.000000
1124,54.000000
1125,28.000000
1126,-30.000000
1127,8.000000
1128,-38.000000
1129,-18.000000
1130,-8.000000
1131,34.000000
1132,20.000000
1133,8.000000
1134,-20.000000
1135,6.000000
1136,-24.000000
1137,8.000000
1138,8.000000
1139,4.000000
1140,14.000000
1141,10.000000
1142,0.000000
1143,6.000000
1144,-2.000000
1145,8.000000
1146,10.000000
1147,-14.000000
1148,-20.000000
1149,24.000000
1150,-44.000000
1151,0.000000
1152,46.000000
1153,8.000000
1154,2.000000
1155,-26.000000
1156,-4.000000
1157,-18.000000
1158,-30.000000
1159,-4.000000
1160,24.000000
1161,-4.000000
1162,10.000000
1163,8.000000
1164,20.000000
1165,22.000000
1166,-12.000000
1167,-40.000000
1168,28.000000
1169,-56.000000
1170,-10.000000
1171,14.000000
1172,14.000000
1173,-12.000000
1174,56.000000
1175,26.000000
1176,26.000000
1177,24.000000
1178,18.000000
1179,-24.000000
1180,-12.000000
1181,60.000000
1182,-22.000000
1183,-60.000000
1184,-8.000000
1185,38.000000
1186,-8.000000
1187,-16.000000
1188,-24.000000
1189,-12.000000
1190,12.000000
1191,16.000000
1192,-50.000000
1193,-4.000000
1194,50.000000
1195,24.000000
1196,22.000000
1197,-24.000000
1198,-16.000000
1199,-22.000000
1200,22.000000
1201,-44.000000
1202,50.000000
1203,-2.000000
1204,10.000000
1205,-20.000000
1206,30.000000
1207,20.000000
1208,8.000000
1209,16.000000
1210,-36.000000
1211,-18.000000
1212,-24.000000
1213,-14.000000
1214,26.000000
1215,-36.000000
1216,-18.000000
1217,34.000000
1218,-4.000000
1219,-28.000000
1220,32.000000
1221,92.000000
1222,-8.000000
1223,38.000000
1224,28.000000
1225,-16.000000
1226,-20.000000
1227,14.000000
1228,-8.000000
1229,10.000000
1230,-8.000000
1231,6.000000
1232,38.000000
1233,20.000000
1234,-24.000000
1235,8.000000
1236,-8.000000
1237,10.000000
1238,34.000000
1239,8.000000
1240,-54.000000
1241,34.000000
1242,-8.000000
1243,-18.000000
1244,-4.000000
1245,-2.000000
1246,2.000000
1247,20.000000
1248,58.000000
1249,10.000000
1250,8.000000
1251,64.000000
1252,-16.000000
1253,36.000000
1254,0.000000
1255,24.000000
1256,-58.000000
1257,-26.000000
1258,42.000000
1259,26.000000
1260,54.000000
1261,2.000000
1262,18.000000
1263,-6.000000
1264,28.000000
1265,-12.000000
1266,30.000000
1267,-8.000000
1268,10.000000
1269,-20.000000
1270,-6.000000
1271,-18.000000
1272,-40.000000
1273,-8.000000
1274,-12.000000
1275,-36.000000
1276,0.000000
1277,6.000000
1278,-26.000000
1279,-16.000000
1280,-16.000000
1281,108.000000
1282,22.000000
1283,-2.000000
1284,16.000000
1285,32.000000
1286,-2.000000
1287,20.000000
1288,88.000000
1289,-28.000000
1290,2.000000
1291,16.000000
1292,-4.000000
1293,50.000000
1294,72.000000
1295,4.000000
1296,-30.000000
1297,0.000000
1298,2.000000
1299,2.000000
1300,50.000000
1301,8.000000
1302,26.000000
1303,28.000000
1304,0.000000
1305,-68.000000
1306,-8.000000
1307,-12.000000
1308,-10.000000
1309,-40.000000
1310,36.000000
1311,12.000000
1312,12.000000
1313,4.000000
1314,8.000000
1315,8.000000
1316,2.000000
1317,0.000000
1318,-26.000000
1319,2.000000
1320,-2.000000
1321,20.000000
1322,-2.000000
1323,8.000000
1324,50.000000
1325,50.000000
1326,-8.000000
1327,-2.000000
1328,-30.000000
1329,0.000000
1330,8.000000
1331,2.000000
1332,-4.000000
1333,38.000000
1334,40.000000
1335,-8.000000
1336,-60.000000
1337,2.000000
1338,-26.000000
1339,0.000000
1340,44.000000
1341,-12.000000
1342,-4.000000
1343,8.000000
1344,8.000000
1345,56.000000
1346,44.000000
1347,-50.000000
1348,-26.000000
1349,-50.000000
1350,0.000000
1351,92.000000
1352,-6.000000
1353,0.000000
1354,0.000000
1355,0.000000
1356,12.000000
1357,8.000000
1358,-28.000000
1359,0.000000
1360,6.000000
1361,-18.000000
1362,12.000000
1363,58.000000
1364,-24.000000
1365,42.000000
1366,26.000000
1367,-8.000000
1368,-28.000000
1369,6.000000
1370,-12.000000
1371,4.000000
1372,22.000000
1373,16.000000
1374,14.000000
1375,24.000000
1376,4.000000
1377,44.000000
1378,8.000000
1379,-6.000000
1380,-6.000000
1381,2.000000
1382,38.000000
1383,40.000000
1384,-20.000000
1385,16.000000
1386,-50.000000
1387,30.000000
1388,-30.000000
1389,30.000000
1390,-52.000000
1391,-30.000000
1392,-44.000000
1393,2.000000
1394,6.000000
1395,-8.000000
1396,-20.000000
1397,-14.000000
1398,-16.000000
1399,-64.000000
1400,-20.000000
1401,-26.000000
1402,-60.000000
1403,0.000000
1404,20.000000
1405,-46.000000
1406,-56.000000
1407,-10.000000
1408,-10.000000
1409,-48.000000
1410,28.000000
1411,-16.000000
1412,-4.000000
1413,-6.000000
1414,-100.000000
1415,6.000000
1416,-6.000000
1417,14.000000
1418,-102.000000
1419,46.000000
1420,2.000000
1421,-18.000000
1422,-36.000000
1423,-30.000000
1424,0.000000
1425,8.000000
1426,-8.000000
1427,-22.000000
1428,-104.000000
1429,8.000000
1430,-16.000000
1431,-28.000000
1432,0.000000
1433,-2.000000
1434,-4.000000
1435,-18.000000
1436,26.000000
1437,20.000000
1438,22.000000
1439,-18.000000
1440,14.000000
1441,24.000000
1442,36.000000
1443,8.000000
1444,60.000000
1445,0.000000
1446,-32.000000
1447,-10.000000
1448,-4.000000
1449,62.000000
1450,-10.000000
1451,14.000000
1452,14.000000
1453,-52.000000
1454,-22.000000
1455,40.000000
1456,-50.000000
1457,14.000000
1458,30.000000
1459,4.000000
1460,74.000000
1461,12.000000
1462,6.000000
1463,-36.000000
1464,-30.000000
1465,8.000000
1466,-22.000000
1467,24.000000
1468,-8.000000
1469,12.000000
1470,-20.000000
1471,16.000000
1472,44.000000
1473,-82.000000
1474,-20.000000
1475,-34.000000
1476,-2.000000
1477,-66.000000
1478,-38.000000
1479,40.000000
1480,-22.000000
1481,16.000000
1482,16.000000
1483,-72.000000
1484,42.000000
1485,-16.000000
1486,-8.000000
1487,16.000000
1488,30.000000
1489,-14.000000
1490,40.000000
1491,-24.000000
1492,-24.000000
1493,16.000000
1494,-30.000000
1495,10.000000
1496,-60.000000
1497,10.000000
1498,-50.000000
1499,28.000000
1500,-46.000000
1501,20.000000
1502,12.000000
1503,-50.000000
1504,0.000000
1505,-8.000000
1506,58.000000
1507,32.000000
1508,6.000000
1509,22.000000
1510,-30.000000
1511,-10.000000
1512,-38.000000
1513,54.000000
1514,6.000000
1515,20.000000
1516,-20.000000
1517,-60.000000
1518,-46.000000
1519,-14.000000
1520,38.000000
1521,2.000000
1522,-8.000000
1523,16.000000
1524,-12.000000
1525,34.000000
1526,54.000000
1527,-6.000000
1528,20.000000
1529,2.000000
1530,-14.000000
1531,-32.000000
1532,-56.000000
1533,28.000000
1534,26.000000
1535,-12.000000
1536,24.000000
1537,-20.000000
1538,-8.000000
1539,-36.000000
1540,2.000000
1541,28.000000
1542,-58.000000
1543,-38.000000
1544,6.000000
1545,42.000000
1546,-54.000000
1547,-2.000000
1548,-2.000000
1549,-14.000000
1550,76.000000
1551,14.000000
1552,-8.000000
1553,8.000000
1554,10.000000
1555,-2.000000
1556,-6.000000
1557,-26.000000
1558,16.000000
1559,-20.000000
1560,6.000000
1561,24.000000
1562,-4.000000
1563,6.000000
1564,-20.000000
1565,14.000000
1566,58.000000
1567,-34.000000
1568,6.000000
1569,2.000000
1570,-56.000000
1571,-30.000000
1572,-8.000000
1573,14.000000
1574,10.000000
1575,8.000000
1576,8.000000
1577,48.000000
1578,60.000000
1579,24.000000
1580,14.000000
1581,-68.000000
1582,-30.000000
1583,-28.000000
1584,-36.000000
1585,8.000000
1586,-14.000000
1587,76.000000
1588,-18.000000
1589,6.000000
1590,-22.000000
1591,2.000000
1592,-10.000000
1593,32.000000
1594,8.000000
1595,-6.000000
1596,24.000000
1597,-12.000000
1598,20.000000
1599,32.000000
1600,-30.000000
1601,-30.000000
1602,0.000000
1603,-12.000000
1604,16.000000
1605,-6.000000
1606,8.000000
1607,10.000000
1608,50.000000
1609,4.000000
1610,-48.000000
1611,32.000000
1612,-22.000000
1613,-8.000000
1614,0.000000
1615,-30.000000
1616,-20.000000
1617,8.000000
1618,46.000000
1619,-20.000000
1620,-2.000000
1621,14.000000
1622,-72.000000
1623,-32.000000
1624,10.000000
1625,46.000000
1626,12.000000
1627,-12.000000
1628,26.000000
1629,48.000000
1630,-6.000000
1631,-58.000000
1632,16.000000
1633,-6.000000
1634,86.000000
1635,22.000000
1636,-6.000000
1637,-12.000000
1638,12.000000
1639,-8.000000
1640,-24.000000
1641,16.000000
1642,14.000000
1643,-42.000000
1644,34.000000
1645,46.000000
1646,8.000000
1647,-12.000000
1648,-16.000000
1649,46.000000
1650,58.000000
1651,-14.000000
1652,30.000000
1653,-14.000000
1654,68.000000
1655,44.000000
1656,-16.000000
1657,18.000000
1658,-44.000000
1659,-8.000000
1660,2.000000
1661,-10.000000
1662,32.000000
1663,-26.000000
1664,-2.000000
1665,40.000000
1666,2.000000
1667,-16.000000
1668,4.000000
1669,12.000000
1670,-6.000000
1671,-36.000000
1672,6.000000
1673,-56.000000
1674,-12.000000
1675,-4.000000
1676,2.000000
1677,-6.000000
1678,14.000000
1679,-42.000000
1680,-18.000000
1681,32.000000
1682,14.000000
1683,10.000000
1684,-36.000000
1685,-10.000000
1686,-24.000000
1687,14.000000
1688,-12.000000
1689,-4.000000
1690,0.000000
1691,-16.000000
1692,20.000000
1693,10.000000
1694,-16.000000
1695,8.000000
1696,34.000000
1697,-16.000000
1698,-10.000000
1699,10.000000
1700,-36.000000
1701,-58.000000
1702,-64.000000
1703,26.000000
1704,-4.000000
1705,20.000000
1706,44.000000
1707,-22.000000
1708,0.000000
1709,6.000000
1710,-6.000000
1711,-16.000000
1712,4.000000
1713,-12.000000
1714,-4.000000
1715,34.000000
1716,-34.000000
1717,46.000000
1718,-12.000000
1719,32.000000
1720,-4.000000
1721,10.000000
1722,2.000000
1723,-28.000000
1724,-8.000000
1725,32.000000
1726,-62.000000
1727,-16.000000
1728,24.000000
1729,-22.000000
1730,14.000000
1731,-68.000000
1732,40.000000
1733,54.000000
1734,6.000000
1735,54.000000
1736,-32.000000
1737,42.000000
1738,-12.000000
1739,-44.000000
1740,8.000000
1741,-30.000000
1742,-4.000000
1743,-34.000000
1744,-10.000000
1745,4.000000
1746,12.000000
1747,46.000000
1748,10.000000
1749,-6.000000
1750,-16.000000
1751,32.000000
1752,2.000000
1753,22.000000
1754,-32.000000
1755,6.000000
1756,46.000000
1757,8.000000
1758,-56.000000
1759,0.000000
1760,-12.000000
1761,-16.000000
1762,-26.000000
1763,26.000000
1764,-6.000000
1765,26.000000
1766,-8.000000
1767,-18.000000
1768,-4.000000
1769,-16.000000
1770,24.000000
1771,-14.000000
1772,-34.000000
1773,-38.000000
1774,-16.000000
1775,-10.000000
1776,28.000000
1777,10.000000
1778,10.000000
1779,40.000000
1780,-18.000000
1781,-18.000000
1782,4.000000
1783,-46.000000
1784,4.000000
1785,-44.000000
1786,48.000000
1787,20.000000
1788,16.000000
1789,-12.000000
1790,14.000000
1791,20.000000
1792,24.000000
1793,-8.000000
1794,-30.000000
1795,-56.000000
1796,50.000000
1797,-12.000000
1798,8.000000
1799,-28.000000
1800,-36.000000
1801,0.000000
1802,0.000000
1803,-44.000000
1804,-6.000000
1805,8.000000
1806,30.000000
1807,-12.000000
1808,32.000000
1809,8.000000
1810,34.000000
1811,-50.000000
1812,14.000000
1813,-42.000000
1814,14.000000
1815,18.000000
1816,-34.000000
1817,-40.000000
1818,18.000000
1819,2.000000
1820,-20.000000
1821,-16.000000
1822,8.000000
1823,-10.000000
1824,-38.000000
1825,2.000000
1826,8.000000
1827,-8.000000
1828,20.000000
1829,30.000000
1830,-14.000000
1831,-44.000000
1832,14.000000
1833,-82.000000
1834,14.000000
1835,28.000000
1836,24.000000
1837,-4.000000
1838,-74.000000
1839,-4.000000
1840,-32.000000
1841,-40.000000
1842,-22.000000
1843,12.000000
1844,14.000000
1845,-20.000000
1846,50.000000
1847,14.000000
1848,-10.000000
1849,-4.000000
1850,-4.000000
1851,-4.000000
1852,0.000000
1853,-68.000000
1854,-30.000000
1855,12.000000
1856,-22.000000
1857,-20.000000
1858,-4.000000
1859,26.000000
1860,-26.000000
1861,-6.000000
1862,24.000000
1863,4.000000
1864,8.000000
1865,-22.000000
1866,-44.000000
1867,-4.000000
1868,22.000000
1869,-14.000000
1870,-6.000000
1871,40.000000
1872,26.000000
1873,-4.000000
1874,64.000000
1875,0.000000
1876,2.000000
1877,12.000000
1878,-12.000000
1879,10.000000
1880,0.000000
1881,30.000000
1882,-12.000000
1883,-34.000000
1884,-28.000000
1885,6.000000
1886,-34.000000
1887,0.000000
1888,2.000000
1889,-54.000000
1890,-10.000000
1891,38.000000
1892,0.000000
1893,6.000000
1894,14.000000
1895,-30.000000
1896,0.000000
1897,26.000000
1898,26.000000
1899,14.000000
1900,14.000000
1901,46.000000
1902,24.000000
1903,-60.000000
1904,-4.000000
1905,-2.000000
1906,4.000000
1907,2.000000
1908,10.000000
1909,-26.000000
1910,-12.000000
1911,-6.000000
1912,-64.000000
1913,-84.000000
1914,86.000000
1915,0.000000
1916,14.000000
1917,24.000000
1918,2.000000
1919,24.000000
1920,2.000000
1921,44.000000
1922,-6.000000
1923,38.000000
1924,-6.000000
1925,-30.000000
1926,-34.000000
1927,28.000000
1928,-60.000000
1929,-2.000000
1930,-2.000000
1931,-4.000000
1932,-4.000000
1933,50.000000
1934,8.000000
1935,10.000000
1936,32.000000
1937,-4.000000
1938,10.000000
1939,0.000000
1940,24.000000
1941,-28.000000
1942,-52.000000
1943,50.000000
1944,-18.000000
1945,-4.000000
1946,-30.000000
1947,54.000000
1948,-4.000000
1949,2.000000
1950,-34.000000
1951,-20.000000
1952,22.000000
1953,44.000000
1954,-6.000000
1955,2.000000
1956,-30.000000
1957,64.000000
1958,-8.000000
1959,-52.000000
1960,32.000000
1961,-4.000000
1962,0.000000
1963,-24.000000
1964,-6.000000
1965,-20.000000
1966,26.000000
1967,-12.000000
1968,2.000000
1969,0.000000
1970,-10.000000
1971,0.000000
1972,-44.000000
1973,-60.000000
1974,-28.000000
1975,0.000000
1976,50.000000
1977,-4.000000
1978,24.000000
1979,-64.000000
1980,48.000000
1981,-44.000000
1982,40.000000
1983,0.000000
1984,22.000000
1985,-64.000000
1986,-16.000000
1987,2.000000
1988,-2.000000
1989,26.000000
1990,-46.000000
1991,-4.000000
1992,60.000000
1993,40.000000
1994,-10.000000
1995,-44.000000
1996,26.000000
1997,-4.000000
1998,12.000000
1999,-4.000000
2000,-20.000000
2001,8.000000
2002,64.000000
2003,0.000000
2004,42.000000
2005,-4.000000
2006,20.000000
2007,82.000000
2008,78.000000
2009,4.000000
2010,-36.000000
2011,-8.000000
2012,-6.000000
2013,4.000000
2014,-36.000000
2015,-8.000000
2016,20.000000
2017,26.000000
2018,-8.000000
2019,-16.000000
2020,-12.000000
2021,22.000000
2022,24.000000
2023,4.000000
2024,20.000000
2025,-4.000000
2026,40.000000
2027,16.000000
2028,104.000000
2029,22.000000
2030,8.000000
2031,10.000000
2032,2.000000
2033,48.000000
2034,-2.000000
2035,10.000000
2036,30.000000
2037,-4.000000
2038,-72.000000
2039,-16.000000
2040,14.000000
2041,26.000000
2042,-26.000000
2043,-50.000000
2044,38.000000
2045,0.000000
2046,32.000000
2047,34.000000
2048,-44.000000
2049,10.000000
2050,68.000000
2051,6.000000
2052,30.000000
2053,8.000000
2054,-72.000000
2055,0.000000
2056,-48.000000
2057,2.000000
2058,-26.000000
2059,-36.000000
2060,-18.000000
2061,-26.000000
2062,40.000000
2063,14.000000
2064,26.000000
2065,26.000000
2066,-68.000000
2067,-2.000000
2068,8.000000
2069,-6.000000
2070,0.000000
2071,10.000000
2072,0.000000
2073,0.000000
2074,-6.000000
2075,16.000000
2076,-26.000000
2077,-8.000000
2078,14.000000
2079,-8.000000
2080,-18.000000
2081,-22.000000
2082,0.000000
2083,-12.000000
2084,14.000000
2085,-28.000000
2086,26.000000
2087,32.000000
2088,38.000000
2089,-2.000000
2090,2.000000
2091,-2.000000
2092,14.000000
2093,2.000000
2094,46.000000
2095,26.000000
2096,14.000000
2097,28.000000
2098,-16.000000
2099,-16.000000
2100,46.000000
2101,54.000000
2102,-56.000000
2103,-20.000000
2104,-6.000000
2105,12.000000
2106,68.000000
2107,0.000000
2108,6.000000
2109,-38.000000
2110,-62.000000
2111,26.000000
2112,-74.000000
2113,-62.000000
2114,54.000000
2115,32.000000
2116,-30.000000
2117,-16.000000
2118,44.000000
2119,-38.000000
2120,2.000000
2121,-58.000000
2122,-10.000000
2123,2.000000
2124,-4.000000
2125,6.000000
2126,-36.000000
2127,24.000000
2128,-30.000000
2129,6.000000
2130,22.000000
2131,-30.000000
2132,-30.000000
2133,16.000000
2134,-12.000000
2135,-6.000000
2136,6.000000
2137,60.000000
2138,46.000000
2139,14.000000
2140,-20.000000
2141,-24.000000
2142,2.000000
2143,-24.000000
2144,10.000000
2145,-44.000000
2146,26.000000
2147,-20.000000
2148,42.000000
2149,-16.000000
2150,-16.000000
2151,-6.000000
2152,40.000000
2153,-4.000000
2154,34.000000
2155,24.000000
2156,-16.000000
2157,-4.000000
2158,-60.000000
2159,32.000000
2160,-68.000000
2161,-16.000000
2162,-4.000000
2163,-22.000000
2164,-4.000000
2165,-20.000000
2166,40.000000
2167,6.000000
2168,-26.000000
2169,-16.000000
2170,-14.000000
2171,18.000000
2172,18.000000
2173,-10.000000
2174,-26.000000
2175,34.000000
2176,-6.000000
2177,-50.000000
2178,-12.000000
2179,0.000000
2180,2.000000
2181,16.000000
2182,18.000000
2183,10.000000
2184,-50.000000
2185,-16.000000
2186,-12.000000
2187,-44.000000
2188,50.000000
2189,-6.000000
2190,-6.000000
2191,14.000000
2192,28.000000
2193,38.000000
2194,26.000000
2195,22.000000
2196,-8.000000
2197,30.000000
2198,-22.000000
2199,-20.000000
2200,0.000000
2201,-12.000000
2202,10.000000
2203,30.000000
2204,86.000000
2205,-32.000000
2206,2.000000
2207,-12.000000
2208,30.000000
2209,-6.000000
2210,12.000000
2211,12.000000
2212,22.000000
2213,10.000000
2214,0.000000
2215,-44.000000
2216,12.000000
2217,22.000000
2218,-62.000000
2219,-18.000000
2220,-52.000000
2221,-14.000000
2222,-14.000000
2223,-18.000000
2224,-36.000000
2225,-4.000000
2226,8.000000
2227,10.000000
2228,0.000000
2229,-36.000000
2230,44.000000
2231,50.000000
2232,-4.000000
2233,-8.000000
2234,-108.000000
2235,14.000000
2236,22.000000
2237,10.000000
2238,14.000000
2239,-12.000000
2240,8.000000
2241,14.000000
2242,-14.000000
2243,-50.000000
2244,2.000000
2245,30.000000
2246,62.000000
2247,-18.000000
2248,14.000000
2249,-30.000000
2250,22.000000
2251,2.000000
2252,-42.000000
2253,-40.000000
2254,0.000000
2255,-38.000000
2256,20.000000
2257,-4.000000
2258,-20.000000
2259,-54.000000
2260,-20.000000
2261,-6.000000
2262,-6.000000
2263,0.000000
2264,-20.000000
2265,8.000000
2266,58.000000
2267,20.000000
2268,-14.000000
2269,6.000000
2270,24.000000
2271,44.000000
2272,-12.000000
2273,-38.000000
2274,-26.000000
2275,34.000000
2276,-28.000000
2277,-4.000000
2278,8.000000
2279,76.000000
2280,-8.000000
2281,68.000000
2282,4.000000
2283,-4.000000
2284,6.000000
2285,-8.000000
2286,-10.000000
2287,26.000000
2288,6.000000
2289,-36.000000
2290,-8.000000
2291,-16.000000
2292,10.000000
2293,-6.000000
2294,72.000000
2295,40.000000
2296,-16.000000
2297,14.000000
2298,22.000000
2299,44.000000
2300,22.000000
2301,-4.000000
2302,58.000000
2303,28.000000
2304,-84.000000
2305,38.000000
2306,-22.000000
2307,-14.000000
2308,-12.000000
2309,24.000000
2310,-4.000000
2311,-12.000000
2312,12.000000
2313,8.000000
2314,34.000000
2315,-4.000000
2316,8.000000
2317,-46.000000
2318,6.000000
2319,20.000000
2320,22.000000
2321,-20.000000
2322,-32.000000
2323,-32.000000
2324,64.000000
2325,-12.000000
2326,-8.000000
2327,44.000000
2328,34.000000
2329,30.000000
2330,8.000000
2331,-30.000000
2332,2.000000
2333,78.000000
2334,36.000000
2335,10.000000
2336,30.000000
2337,-8.000000
2338,-6.000000
2339,-4.000000
2340,-20.000000
2341,-16.000000
2342,-14.000000
2343,-44.000000
2344,2.000000
2345,2.000000
2346,-14.000000
2347,14.000000
2348,44.000000
2349,12.000000
2350,-8.000000
2351,2.000000
2352,-6.000000
2353,-34.000000
2354,-12.000000
2355,-16.000000
2356,14.000000
2357,30.000000
2358,10.000000
2359,0.000000
2360,30.000000
2361,-22.000000
2362,-90.000000
2363,86.000000
2364,0.000000
2365,14.000000
2366,54.000000
2367,20.000000
2368,4.000000
2369,44.000000
2370,24.000000
2371,-6.000000
2372,-34.000000
2373,-6.000000
2374,-2.000000
2375,-50.000000
2376,32.000000
2377,-30.000000
2378,32.000000
2379,16.000000
2380,-20.000000
2381,-12.000000
2382,10.000000
2383,0.000000
2384,0.000000
2385,8.000000
2386,0.000000
2387,2.000000
2388,-12.000000
2389,-16.000000
2390,6.000000
2391,-6.000000
2392,-30.000000
2393,-34.000000
2394,-4.000000
2395,-8.000000
2396,4.000000
2397,-46.000000
2398,26.000000
2399,26.000000
2400,24.000000
2401,10.000000
2402,-18.000000
2403,50.000000
2404,6.000000
2405,0.000000
2406,18.000000
2407,-16.000000
2408,20.000000
2409,22.000000
2410,16.000000
2411,-68.000000
2412,-12.000000
2413,-6.000000
2414,62.000000
2415,-32.000000
2416,58.000000
2417,0.000000
2418,0.000000
2419,-4.000000
2420,-22.000000
2421,16.000000
2422,-32.000000
2423,60.000000
2424,24.000000
2425,-18.000000
2426,20.000000
2427,-8.000000
2428,24.000000
2429,-40.000000
2430,-4.000000
2431,-2.000000
2432,-20.000000
2433,22.000000
2434,74.000000
2435,-32.000000
2436,-70.000000
2437,-8.000000
2438,16.000000
2439,16.000000
2440,-26.000000
2441,50.000000
2442,10.000000
2443,-26.000000
2444,-18.000000
2445,-58.000000
2446,18.000000
2447,-10.000000
2448,-8.000000
2449,-26.000000
2450,2.000000
2451,0.000000
2452,86.000000
2453,6.000000
2454,-2.000000
2455,30.000000
2456,26.000000
2457,2.000000
2458,-14.000000
2459,26.000000
2460,6.000000
2461,20.000000
2462,0.000000
2463,-4.000000
2464,-12.000000
2465,-2.000000
2466,30.000000
2467,60.000000
2468,-8.000000
2469,44.000000
2470,86.000000
2471,-2.000000
2472,10.000000
2473,-4.000000
2474,6.000000
2475,-10.000000
2476,42.000000
2477,2.000000
2478,8.000000
2479,-16.000000
2480,2.000000
2481,6.000000
2482,0.000000
2483,6.000000
2484,-44.000000
2485,16.000000
2486,10.000000
2487,-10.000000
2488,-14.000000
2489,58.000000
2490,20.000000
2491,8.000000
2492,-8.000000
2493,10.000000
2494,-18.000000
2495,-52.000000
2496,-18.000000
2497,32.000000
2498,-10.000000
2499,-48.000000
2500,24.000000
2501,2.000000
2502,0.000000
2503,-6.000000
2504,-70.000000
2505,-68.000000
2506,-16.000000
2507,-30.000000
2508,24.000000
2509,-8.000000
2510,-30.000000
2511,0.000000
2512,-16.000000
2513,-16.000000
2514,-4.000000
2515,2.000000
2516,-8.000000
2517,-4.000000
2518,-30.000000
2519,8.000000
2520,62.000000
2521,-14.000000
2522,22.000000
2523,4.000000
2524,-74.000000
2525,-4.000000
2526,14.000000
2527,48.000000
2528,-22.000000
2529,48.000000
2530,10.000000
2531,6.000000
2532,0.000000
2533,-88.000000
2534,-54.000000
2535,-24.000000
2536,-48.000000
2537,10.000000
2538,-26.000000
2539,-40.000000
2540,-14.000000
2541,-16.000000
2542,-4.000000
2543,22.000000
2544,10.000000
2545,18.000000
2546,20.000000
2547,-6.000000
2548,8.000000
2549,-44.000000
2550,-4.000000
2551,-38.000000
2552,2.000000
2553,-10.000000
2554,8.000000
2555,12.000000
2556,-12.000000
2557,-6.000000
2558,-2.000000
2559,-36.000000
2560,4.000000
2561,-34.000000
2562,16.000000
2563,36.000000
2564,2.000000
2565,58.000000
2566,-30.000000
2567,64.000000
2568,16.000000
2569,40.000000
2570,10.000000
2571,4.000000
2572,30.000000
2573,-54.000000
2574,-10.000000
2575,-36.000000
2576,-18.000000
2577,44.000000
2578,20.000000
2579,-22.000000
2580,14.000000
2581,-60.000000
2582,6.000000
2583,8.000000
2584,-38.000000
2585,26.000000
2586,0.000000
2587,-18.000000
2588,-14.000000
2589,14.000000
2590,-32.000000
2591,-48.000000
2592,0.000000
2593,-26.000000
2594,16.000000
2595,42.000000
2596,0.000000
2597,10.000000
2598,2.000000
2599,-14.000000
2600,-68.000000
2601,0.000000
2602,10.000000
2603,8.000000
2604,12.000000
2605,-6.000000
2606,28.000000
2607,14.000000
2608,-40.000000
2609,10.000000
2610,-66.000000
2611,2.000000
2612,38.000000
2613,-4.000000
2614,54.000000
2615,16.000000
2616,28.000000
2617,-8.000000
2618,0.000000
2619,-30.000000
2620,-44.000000
2621,12.000000
2622,-72.000000
2623,28.000000
2624,-12.000000
2625,22.000000
2626,-22.000000
2627,20.000000
2628,38.000000
2629,82.000000
2630,-26.000000
2631,4.000000
2632,-8.000000
2633,10.000000
2634,-50.000000
2635,-4.000000
2636,20.000000
2637,46.000000
2638,8.000000
2639,4.000000
2640,-34.000000
2641,50.000000
2642,-2.000000
2643,-4.000000
2644,-48.000000
2645,30.000000
2646,-12.000000
2647,-14.000000
2648,-30.000000
2649,4.000000
2650,8.000000
2651,-22.000000
2652,64.000000
2653,30.000000
2654,108.000000
2655,76.000000
2656,26.000000
2657,-48.000000
2658,16.000000
2659,50.000000
2660,-36.000000
2661,86.000000
2662,-8.000000
2663,22.000000
2664,-34.000000
2665,-34.000000
2666,-26.000000
2667,-6.000000
2668,0.000000
2669,8.000000
2670,8.000000
2671,12.000000
2672,-66.000000
2673,-24.000000
2674,14.000000
2675,-4.000000
2676,-2.000000
2677,-28.000000
2678,-2.000000
2679,2.000000
2680,30.000000
2681,-14.000000
2682,-4.000000
2683,48.000000
2684,8.000000
2685,-22.000000
2686,0.000000
2687,-32.000000
2688,-30.000000
2689,0.000000
2690,-22.000000
2691,-4.000000
2692,2.000000
2693,-6.000000
2694,-48.000000
2695,-30.000000
2696,-18.000000
2697,2.000000
2698,-4.000000
2699,-26.000000
2700,-28.000000
2701,-88.000000
2702,-2.000000
2703,34.000000
2704,-18.000000
2705,64.000000
2706,-20.000000
2707,-18.000000
2708,40.000000
2709,22.000000
2710,54.000000
2711,24.000000
2712,-8.000000
2713,2.000000
2714,2.000000
2715,2.000000
2716,14.000000
2717,22.000000
2718,22.000000
2719,-12.000000
2720,-56.000000
2721,-12.000000
2722,16.000000
2723,-40.000000
2724,18.000000
2725,-6.000000
2726,50.000000
2727,-4.000000
2728,-48.000000
2729,-18.000000
2730,12.000000
2731,-14.000000
2732,-10.000000
2733,-30.000000
2734,-6.000000
2735,26.000000
2736,12.000000
2737,14.000000
2738,8.000000
2739,54.000000
2740,24.000000
2741,-8.000000
2742,6.000000
2743,-16.000000
2744,0.000000
2745,-8.000000
2746,8.000000
2747,54.000000
2748,4.000000
2749,-22.000000
2750,-26.000000
2751,50.000000
2752,-14.000000
2753,14.000000
2754,-22.000000
2755,4.000000
2756,-18.000000
2757,-48.000000
2758,4.000000
2759,-12.000000
2760,-38.000000
2761,28.000000
2762,30.000000
2763,-58.000000
2764,6.000000
2765,-26.000000
2766,14.000000
2767,-16.000000
2768,-4.000000
2769,-30.000000
2770,0.000000
2771,-14.000000
2772,14.000000
2773,38.000000
2774,-4.000000
2775,0.000000
2776,0.000000
2777,-2.000000
2778,-24.000000
2779,2.000000
2780,54.000000
2781,-4.000000
2782,58.000000
2783,8.000000
2784,2.000000
2785,4.000000
2786,46.000000
2787,-10.000000
2788,46.000000
2789,8.000000
2790,10.000000
2791,-8.000000
2792,-12.000000
2793,26.000000
2794,-44.000000
2795,-2.000000
2796,42.000000
2797,32.000000
2798,-68.000000
2799,22.000000
2800,46.000000
2801,-8.000000
2802,-8.000000
2803,40.000000
2804,8.000000
2805,-64.000000
2806,24.000000
2807,2.000000
2808,-8.000000
2809,-56.000000
2810,68.000000
2811,-8.000000
2812,-2.000000
2813,28.000000
2814,-60.000000
2815,-14.000000
2816,24.000000
2817,0.000000
2818,46.000000
2819,-30.000000
2820,10.000000
2821,-4.000000
2822,8.000000
2823,-4.000000
2824,-26.000000
2825,20.000000
2826,26.000000
2827,22.000000
2828,-16.000000
2829,54.000000
2830,42.000000
2831,-60.000000
2832,30.000000
2833,-4.000000
2834,6.000000
2835,20.000000
2836,24.000000
2837,24.000000
2838,20.000000
2839,-8.000000
2840,-64.000000
2841,-20.000000
2842,-26.000000
2843,-102.000000
2844,32.000000
2845,12.000000
2846,86.000000
2847,34.000000
2848,14.000000
2849,30.000000
2850,-34.000000
2851,-4.000000
2852,60.000000
2853,-10.000000
2854,62.000000
2855,32.000000
2856,-30.000000
2857,-62.000000
2858,-18.000000
2859,-2.000000
2860,16.000000
2861,-82.000000
2862,2.000000
2863,68.000000
2864,58.000000
2865,-12.000000
2866,26.000000
2867,-22.000000
2868,16.000000
2869,-30.000000
2870,6.000000
2871,-70.000000
2872,14.000000
2873,2.000000
2874,-52.000000
2875,8.000000
2876,8.000000
2877,-22.000000
2878,2.000000
2879,-52.000000
2880,4.000000
2881,8.000000
2882,38.000000
2883,8.000000
2884,86.000000
2885,8.000000
2886,-4.000000
2887,-34.000000
2888,-24.000000
2889,10.000000
2890,-22.000000
2891,0.000000
2892,-16.000000
2893,10.000000
2894,56.000000
2895,-30.000000
2896,-36.000000
2897,-30.000000
2898,-18.000000
2899,0.000000
2900,-4.000000
2901,2.000000
2902,22.000000
2903,68.000000
2904,-10.000000
2905,0.000000
2906,54.000000
2907,0.000000
2908,34.000000
2909,-10.000000
2910,14.000000
2911,46.000000
2912,26.000000
2913,-40.000000
2914,-36.000000
2915,-16.000000
2916,2.000000
2917,-4.000000
2918,-58.000000
2919,-8.000000
2920,2.000000
2921,-10.000000
2922,-94.000000
2923,10.000000
2924,12.000000
2925,32.000000
2926,-20.000000
2927,-70.000000
2928,-16.000000
2929,-12.000000
2930,4.000000
2931,2.000000
2932,14.000000
2933,34.000000
2934,20.000000
2935,-28.000000
2936,14.000000
2937,38.000000
2938,46.000000
2939,42.000000
2940,-18.000000
2941,-64.000000
2942,68.000000
2943,-78.000000
2944,-64.000000
2945,2.000000
2946,0.000000
2947,-26.000000
2948,2.000000
2949,-12.000000
2950,-16.000000
2951,-14.000000
2952,-22.000000
2953,-12.000000
2954,-12.000000
2955,-16.000000
2956,-14.000000
2957,14.000000
2958,-2.000000
2959,44.000000
2960,2.000000
2961,-12.000000
2962,-74.000000
2963,-26.000000
2964,40.000000
2965,26.000000
2966,2.000000
2967,76.000000
2968,-18.000000
2969,-16.000000
2970,-8.000000
2971,-44.000000
2972,-8.000000
2973,-12.000000
2974,58.000000
2975,36.000000
2976,-10.000000
2977,64.000000
2978,12.000000
2979,-12.000000
2980,56.000000
2981,8.000000
2982,50.000000
2983,-24.000000
2984,-2.000000
2985,8.000000
2986,-44.000000
2987,38.000000
2988,54.000000
2989,2.000000
2990,-2.000000
2991,-36.000000
2992,16.000000
2993,-34.000000
2994,14.000000
2995,-38.000000
2996,-10.000000
2997,16.000000
2998,12.000000
2999,28.000000
3000,20.000000
3001,28.000000
3002,86.000000
3003,10.000000
3004,-40.000000
3005,-16.000000
3006,-2.000000
3007,-34.000000
3008,20.000000
3009,40.000000
3010,-10.000000
3011,-20.000000
3012,-42.000000
3013,-44.000000
3014,18.000000
3015,-8.000000
3016,16.000000
3017,22.000000
3018,24.000000
3019,-20.000000
3020,36.000000
3021,-36.000000
3022,40.000000
3023,4.000000
3024,22.000000
3025,-4.000000
3026,-6.000000
3027,0.000000
3028,18.000000
3029,-26.000000
3030,16.000000
3031,-26.000000
3032,8.000000
3033,2.000000
3034,-4.000000
3035,32.000000
3036,-2.000000
3037,-4.000000
3038,12.000000
3039,-4.000000
3040,12.000000
3041,-18.000000
3042,-44.000000
3043,-12.000000
3044,-18.000000
3045,-26.000000
3046,-40.000000
3047,-10.000000
3048,-20.000000
3049,40.000000
3050,-50.000000
3051,12.000000
3052,-22.000000
3053,-26.000000
3054,4.000000
3055,-30.000000
3056,22.000000
3057,30.000000
3058,8.000000
3059,-52.000000
3060,-16.000000
3061,-16.000000
3062,22.000000
3063,12.000000
3064,-38.000000
3065,-2.000000
3066,-12.000000
3067,-4.000000
3068,50.000000
3069,-8.000000
3070,-2.000000
3071,-68.000000
3072,34.000000
3073,-30.000000
3074,-60.000000
3075,22.000000
3076,6.000000
3077,-16.000000
3078,32.000000
3079,24.000000
3080,2.000000
3081,8.000000
3082,-60.000000
3083,0.000000
3084,-16.000000
3085,-8.000000
3086,14.000000
3087,42.000000
3088,2.000000
3089,2.000000
3090,-8.000000
3091,-18.000000
3092,40.000000
3093,2.000000
3094,-8.000000
3095,46.000000
3096,32.000000
3097,-72.000000
3098,-8.000000
3099,28.000000
3100,44.000000
3101,-18.000000
3102,10.000000
3103,-20.000000
3104,8.000000
3105,-10.000000
3106,24.000000
3107,-12.000000
3108,4.000000
3109,2.000000
3110,-2.000000
3111,-16.000000
3112,46.000000
3113,44.000000
3114,6.000000
3115,-2.000000
3116,34.000000
3117,-30.000000
3118,62.000000
3119,-60.000000
3120,16.000000
3121,2.000000
3122,26.000000
3123,40.000000
3124,16.000000
3125,-24.000000
3126,-26.000000
3127,2.000000
3128,26.000000
3129,-8.000000
3130,2.000000
3131,-64.000000
3132,10.000000
3133,2.000000
3134,54.000000
3135,-2.000000
3136,28.000000
3137,2.000000
3138,-26.000000
3139,-16.000000
3140,-38.000000
3141,-2.000000
3142,22.000000
3143,2.000000
3144,-56.000000
3145,40.000000
3146,10.000000
3147,-6.000000
3148,34.000000
3149,-8.000000
3150,8.000000
3151,20.000000
3152,20.000000
3153,18.000000
3154,8.000000
3155,-14.000000
3156,26.000000
3157,6.000000
3158,-14.000000
3159,-18.000000
3160,2.000000
3161,-12.000000
3162,4.000000
3163,6.000000
3164,60.000000
3165,14.000000
3166,-16.000000
3167,22.000000
3168,10.000000
3169,-2.000000
3170,14.000000
3171,-4.000000
3172,24.000000
3173,26.000000
3174,-10.000000
3175,-12.000000
3176,-12.000000
3177,-6.000000
3178,2.000000
3179,-18.000000
3180,18.000000
3181,-40.000000
3182,6.000000
3183,-2.000000
3184,12.000000
3185,-20.000000
3186,-20.000000
3187,28.000000
3188,-4.000000
3189,-6.000000
3190,-30.000000
3191,28.000000
3192,24.000000
3193,14.000000
3194,18.000000
3195,16.000000
3196,14.000000
3197,-20.000000
3198,2.000000
3199,14.000000
3200,4.000000
3201,-42.000000
3202,-84.000000
3203,26.000000
3204,50.000000
3205,0.000000
3206,6.000000
3207,2.000000
3208,-66.000000
3209,-32.000000
3210,10.000000
3211,-44.000000
3212,14.000000
3213,-44.000000
3214,10.000000
3215,74.000000
3216,20.000000
3217,-8.000000
3218,-8.000000
3219,-8.000000
3220,22.000000
3221,22.000000
3222,-4.000000
3223,12.000000
3224,8.000000
3225,16.000000
3226,16.000000
3227,-6.000000
3228,-26.000000
3229,58.000000
3230,4.000000
3231,-30.000000
3232,-4.000000
3233,6.000000
3234,-4.000000
3235,30.000000
3236,48.000000
3237,12.000000
3238,-4.000000
3239,2.000000
3240,-20.000000
3241,-78.000000
3242,-16.000000
3243,-56.000000
3244,-16.000000
3245,22.000000
3246,14.000000
3247,-16.000000
3248,0.000000
3249,-20.000000
3250,-22.000000
3251,0.000000
3252,26.000000
3253,28.000000
3254,-36.000000
3255,22.000000
3256,-20.000000
3257,-20.000000
3258,4.000000
3259,2.000000
3260,38.000000
3261,-34.000000
3262,-42.000000
3263,2.000000
3264,34.000000
3265,-40.000000
3266,24.000000
3267,68.000000
3268,-14.000000
3269,58.000000
3270,22.000000
3271,10.000000
3272,-2.000000
3273,16.000000
3274,-54.000000
3275,-24.000000
3276,6.000000
3277,-14.000000
3278,0.000000
3279,20.000000
3280,-30.000000
3281,-6.000000
3282,-4.000000
3283,-54.000000
3284,-4.000000
3285,-6.000000
3286,-20.000000
3287,6.000000
3288,64.000000
3289,18.000000
3290,-16.000000
3291,-2.000000
3292,0.000000
3293,20.000000
3294,44.000000
3295,-4.000000
3296,-56.000000
3297,-18.000000
3298,-34.000000
3299,-6.000000
3300,12.000000
3301,-30.000000
3302,60.000000
3303,-2.000000
3304,26.000000
3305,38.000000
3306,38.000000
3307,22.000000
3308,26.000000
3309,-30.000000
3310,-24.000000
3311,-12.000000
3312,-16.000000
3313,-6.000000
3314,-106.000000
3315,-50.000000
3316,-34.000000
3317,-14.000000
3318,12.000000
3319,30.000000
3320,-48.000000
3321,-34.000000
3322,-22.000000
3323,-18.000000
3324,-22.000000
3325,-24.000000
3326,26.000000
3327,4.000000
3328,0.000000
3329,-14.000000
3330,0.000000
3331,-32.000000
3332,-72.000000
3333,2.000000
3334,-16.000000
3335,2.000000
3336,-20.000000
3337,20.000000
3338,-46.000000
3339,-4.000000
3340,76.000000
3341,-12.000000
3342,-36.000000
3343,-80.000000
3344,-44.000000
3345,-50.000000
3346,-22.000000
3347,8.000000
3348,-8.000000
3349,26.000000
3350,8.000000
3351,8.000000
3352,-16.000000
3353,-60.000000
3354,-16.000000
3355,56.000000
3356,-16.000000
3357,28.000000
3358,28.000000
3359,-4.000000
3360,8.000000
3361,38.000000
3362,6.000000
3363,10.000000
3364,-34.000000
3365,-56.000000
3366,-12.000000
3367,-12.000000
3368,60.000000
3369,0.000000
3370,54.000000
3371,-16.000000
3372,0.000000
3373,50.000000
3374,40.000000
3375,-6.000000
3376,50.000000
3377,14.000000
3378,12.000000
3379,4.000000
3380,10.000000
3381,-60.000000
3382,-90.000000
3383,8.000000
3384,44.000000
3385,-84.000000
3386,-28.000000
3387,-82.000000
3388,-16.000000
3389,8.000000
3390,56.000000
3391,-28.000000
3392,8.000000
3393,20.000000
3394,96.000000
3395,16.000000
3396,58.000000
3397,-48.000000
3398,-16.000000
3399,-72.000000
3400,32.000000
3401,-4.000000
3402,-30.000000
3403,10.000000
3404,-36.000000
3405,-28.000000
3406,44.000000
3407,6.000000
3408,38.000000
3409,-44.000000
3410,-2.000000
3411,-26.000000
3412,-20.000000
3413,4.000000
3414,8.000000
3415,8.000000
3416,54.000000
3417,-64.000000
3418,-14.000000
3419,-54.000000
3420,8.000000
3421,38.000000
3422,-16.000000
3423,10.000000
3424,-32.000000
3425,0.000000
3426,-8.000000
3427,18.000000
3428,-20.000000
3429,-8.000000
3430,-74.000000
3431,22.000000
3432,-4.000000
3433,26.000000
3434,8.000000
3435,-26.000000
3436,10.000000
3437,30.000000
3438,-30.000000
3439,36.000000
3440,24.000000
3441,12.000000
3442,24.000000
3443,98.000000
3444,8.000000
3445,-44.000000
3446,14.000000
3447,96.000000
3448,-8.000000
3449,-26.000000
3450,-66.000000
3451,-8.000000
3452,22.000000
3453,-4.000000
3454,22.000000
3455,2.000000
3456,4.000000
3457,-44.000000
3458,-56.000000
3459,-12.000000
3460,38.000000
3461,-24.000000
3462,-4.000000
3463,24.000000
3464,82.000000
3465,4.000000
3466,-8.000000
3467,-30.000000
3468,74.000000
3469,72.000000
3470,-12.000000
3471,-32.000000
3472,62.000000
3473,42.000000
3474,24.000000
3475,-6.000000
3476,-32.000000
3477,-20.000000
3478,0.000000
3479,24.000000
3480,2.000000
3481,6.000000
3482,-20.000000
3483,8.000000
3484,-16.000000
3485,-16.000000
3486,6.000000
3487,-10.000000
3488,8.000000
3489,-72.000000
3490,-6.000000
3491,-18.000000
3492,-18.000000
3493,16.000000
3494,-52.000000
3495,10.000000
3496,34.000000
3497,12.000000
3498,-2.000000
3499,-14.000000
3500,28.000000
3501,-20.000000
3502,0.000000
3503,14.000000
3504,-8.000000
3505,64.000000
3506,50.000000
3507,20.000000
3508,2.000000
3509,16.000000
3510,68.000000
3511,26.000000
3512,-26.000000
3513,40.000000
3514,-10.000000
3515,-24.000000
3516,-6.000000
3517,50.000000
3518,30.000000
3519,-20.000000
3520,-8.000000
3521,-16.000000
3522,-16.000000
3523,-4.000000
3524,28.000000
3525,-8.000000
3526,0.000000
3527,28.000000
3528,12.000000
3529,0.000000
3530,54.000000
3531,40.000000
3532,32.000000
3533,2.000000
3534,-4.000000
3535,-56.000000
3536,22.000000
3537,16.000000
3538,14.000000
3539,58.000000
3540,2.000000
3541,4.000000
3542,22.000000
3543,4.000000
3544,-4.000000
3545,2.000000
3546,-12.000000
3547,12.000000
3548,8.000000
3549,8.000000
3550,-20.000000
3551,16.000000
3552,-30.000000
3553,-62.000000
3554,-12.000000
3555,0.000000
3556,10.000000
3557,28.000000
3558,58.000000
3559,-68.000000
3560,-44.000000
3561,0.000000
3562,20.000000
3563,20.000000
3564,-16.000000
3565,-26.000000
3566,-4.000000
3567,-6.000000
3568,-6.000000
3569,-14.000000
3570,-40.000000
3571,-4.000000
3572,38.000000
3573,50.000000
3574,54.000000
3575,-12.000000
3576,-18.000000
3577,14.000000
3578,-18.000000
3579,32.000000
3580,64.000000
3581,-22.000000
3582,-18.000000
3583,8.000000
3584,-2.000000
3585,-16.000000
3586,26.000000
3587,14.000000
3588,-22.000000
3589,14.000000
3590,-2.000000
3591,10.000000
3592,76.000000
3593,22.000000
3594,-8.000000
3595,-8.000000
3596,-22.000000
3597,14.000000
3598,12.000000
3599,-22.000000
3600,-20.000000
3601,-26.000000
3602,-12.000000
3603,4.000000
3604,46.000000
3605,34.000000
3606,8.000000
3607,0.000000
3608,46.000000
3609,20.000000
3610,26.000000
3611,16.000000
3612,2.000000
3613,6.000000
3614,2.000000
3615,14.000000
3616,12.000000
3617,0.000000
3618,2.000000
3619,-64.000000
3620,20.000000
3621,-20.000000
3622,-4.000000
3623,22.000000
3624,20.000000
3625,-12.000000
3626,-26.000000
3627,-18.000000
3628,-16.000000
3629,-30.000000
3630,62.000000
3631,-18.000000
3632,-44.000000
3633,-12.000000
3634,-56.000000
3635,-4.000000
3636,46.000000
3637,32.000000
3638,-40.000000
3639,16.000000
3640,-16.000000
3641,32.000000
3642,-4.000000
3643,10.000000
3644,-2.000000
3645,-24.000000
3646,68.000000
3647,-20.000000
3648,14.000000
3649,2.000000
3650,-12.000000
3651,68.000000
3652,-22.000000
3653,14.000000
3654,54.000000
3655,-14.000000
3656,28.000000
3657,26.000000
3658,-20.000000
3659,-72.000000
3660,-6.000000
3661,0.000000
3662,6.000000
3663,32.000000
3664,-20.000000
3665,-4.000000
3666,-4.000000
3667,18.000000
3668,-48.000000
3669,-8.000000
3670,-52.000000
3671,4.000000
3672,-16.000000
3673,-14.000000
3674,-18.000000
3675,8.000000
3676,-4.000000
3677,-34.000000
3678,-8.000000
3679,2.000000
3680,48.000000
3681,0.000000
3682,-14.000000
3683,20.000000
3684,6.000000
3685,4.000000
3686,4.000000
3687,-30.000000
3688,46.000000
3689,34.000000
3690,2.000000
3691,2.000000
3692,2.000000
3693,6.000000
3694,8.000000
3695,-68.000000
3696,40.000000
3697,-16.000000
3698,56.000000
3699,14.000000
3700,54.000000
3701,24.000000
3702,-18.000000
3703,-70.000000
3704,-6.000000
3705,-94.000000
3706,-4.000000
3707,-54.000000
3708,-16.000000
3709,-6.000000
3710,-8.000000
3711,-16.000000
3712,-8.000000
3713,-2.000000
3714,4.000000
3715,-14.000000
3716,-24.000000
3717,-2.000000
3718,-4.000000
3719,30.000000
3720,-32.000000
3721,2.000000
3722,2.000000
3723,-40.000000
3724,62.000000
3725,36.000000
3726,-24.000000
3727,8.000000
3728,16.000000
3729,40.000000
3730,24.000000
3731,-68.000000
3732,-26.000000
3733,-12.000000
3734,2.000000
3735,2.000000
3736,-8.000000
3737,-34.000000
3738,-6.000000
3739,-70.000000
3740,38.000000
3741,-58.000000
3742,26.000000
3743,32.000000
3744,-8.000000
3745,-90.000000
3746,-12.000000
3747,-36.000000
3748,68.000000
3749,0.000000
3750,-12.000000
3751,-20.000000
3752,-22.000000
3753,-20.000000
3754,-10.000000
3755,14.000000
3756,-8.000000
3757,32.000000
3758,-68.000000
3759,-10.000000
3760,38.000000
3761,-4.000000
3762,8.000000
3763,-22.000000
3764,14.000000
3765,8.000000
3766,-2.000000
3767,12.000000
3768,-14.000000
3769,-4.000000
3770,10.000000
3771,-10.000000
3772,-24.000000
3773,32.000000
3774,60.000000
3775,12.000000
3776,-2.000000
3777,-40.000000
3778,-12.000000
3779,24.000000
3780,18.000000
3781,40.000000
3782,-6.000000
3783,-34.000000
3784,14.000000
3785,-16.000000
3786,-18.000000
3787,-72.000000
3788,16.000000
3789,14.000000
3790,-6.000000
3791,-24.000000
3792,-30.000000
3793,-22.000000
3794,0.000000
3795,-18.000000
3796,-36.000000
3797,-14.000000
3798,-50.000000
3799,8.000000
3800,54.000000
3801,-16.000000
3802,-24.000000
3803,8.000000
3804,6.000000
3805,-26.000000
3806,-4.000000
3807,-18.000000
3808,2.000000
3809,36.000000
3810,34.000000
3811,-10.000000
3812,46.000000
3813,-32.000000
3814,10.000000
3815,-8.000000
3816,14.000000
3817,54.000000
3818,12.000000
3819,-12.000000
3820,22.000000
3821,78.000000
3822,0.000000
3823,-16.000000
3824,-40.000000
3825,-22.000000
3826,24.000000
3827,50.000000
3828,-46.000000
3829,22.000000
3830,-56.000000
3831,30.000000
3832,30.000000
3833,20.000000
3834,-12.000000
3835,0.000000
3836,12.000000
3837,-16.000000
3838,6.000000
3839,-18.000000
3840,40.000000
3841,2.000000
3842,-4.000000
3843,76.000000
3844,6.000000
3845,-50.000000
3846,-22.000000
3847,-28.000000
3848,-16.000000
3849,-48.000000
3850,50.000000
3851,28.000000
3852,14.000000
3853,-40.000000
3854,56.000000
3855,-102.000000
3856,54.000000
3857,-26.000000
3858,12.000000
3859,54.000000
3860,14.000000
3861,-30.000000
3862,32.000000
3863,-2.000000
3864,8.000000
3865,8.000000
3866,12.000000
3867,-36.000000
3868,14.000000
3869,-6.000000
3870,-20.000000
3871,54.000000
3872,-4.000000
3873,-2.000000
3874,74.000000
3875,62.000000
3876,8.000000
3877,-16.000000
3878,-20.000000
3879,16.000000
3880,-32.000000
3881,-14.000000
3882,8.000000
3883,-6.000000
3884,-30.000000
3885,64.000000
3886,-6.000000
3887,-44.000000
3888,-8.000000
3889,22.000000
3890,8.000000
3891,46.000000
3892,-20.000000
3893,-44.000000
3894,-18.000000
3895,-4.000000
3896,-12.000000
3897,2.000000
3898,8.000000
3899,0.000000
3900,6.000000
3901,6.000000
3902,54.000000
3903,-82.000000
3904,24.000000
3905,-10.000000
3906,-10.000000
3907,-42.000000
3908,10.000000
3909,-16.000000
3910,-34.000000
3911,46.000000
3912,-6.000000
3913,26.000000
3914,-8.000000
3915,-12.000000
3916,-30.000000
3917,-26.000000
3918,-2.000000
3919,-12.000000
3920,56.000000
3921,62.000000
3922,-18.000000
3923,-56.000000
3924,-6.000000
3925,32.000000
3926,4.000000
3927,6.000000
3928,8.000000
3929,8.000000
3930,-26.000000
3931,-62.000000
3932,-26.000000
3933,-8.000000
3934,-24.000000
3935,0.000000
3936,12.000000
3937,-4.000000
3938,-2.000000
3939,92.000000
3940,-18.000000
3941,6.000000
3942,6.000000
3943,2.000000
3944,4.000000
3945,-12.000000
3946,-52.000000
3947,-6.000000
3948,32.000000
3949,2.000000
3950,-6.000000
3951,46.000000
3952,8.000000
3953,-12.000000
3954,22.000000
3955,10.000000
3956,-30.000000
3957,4.000000
3958,10.000000
3959,-22.000000
3960,6.000000
3961,-30.000000
3962,-4.000000
3963,0.000000
3964,-44.000000
3965,26.000000
3966,36.000000
3967,-4.000000
3968,12.000000
3969,-26.000000
3970,0.000000
3971,58.000000
3972,-16.000000
3973,14.000000
3974,94.000000
3975,28.000000
3976,-12.000000
3977,-20.000000
3978,-4.000000
3979,60.000000
3980,-22.000000
3981,-26.000000
3982,-54.000000
3983,50.000000
3984,6.000000
3985,-12.000000
3986,-40.000000
3987,-18.000000
3988,36.000000
3989,-2.000000
3990,-24.000000
3991,-4.000000
3992,32.000000
3993,10.000000
3994,22.000000
3995,-30.000000
3996,20.000000
3997,-26.000000
3998,-20.000000
3999,28.000000
4000,68.000000
4001,28.000000
4002,-8.000000
4003,10.000000
4004,-44.000000
4005,4.000000
4006,0.000000
4007,8.000000
4008,10.000000
4009,-12.000000
4010,-12.000000
4011,-16.000000
4012,14.000000
4013,-48.000000
4014,18.000000
4015,68.000000
4016,40.000000
4017,-18.000000
4018,14.000000
4019,8.000000
4020,-36.000000
4021,2.000000
4022,16.000000
4023,-20.000000
4024,-6.000000
4025,-8.000000
4026,-18.000000
4027,-24.000000
4028,-10.000000
4029,2.000000
4030,12.000000
4031,-8.000000
4032,28.000000
4033,-20.000000
4034,34.000000
4035,4.000000
4036,-36.000000
4037,28.000000
4038,8.000000
4039,-18.000000
4040,-34.000000
4041,-62.000000
4042,-16.000000
4043,-68.000000
4044,42.000000
4045,44.000000
4046,50.000000
4047,-18.000000
4048,-92.000000
4049,2.000000
4050,8.000000
4051,6.000000
4052,-6.000000
4053,2.000000
4054,-40.000000
4055,12.000000
4056,-34.000000
4057,28.000000
4058,-46.000000
4059,-24.000000
4060,96.000000
4061,2.000000
4062,12.000000
4063,-16.000000
4064,24.000000
4065,32.000000
4066,16.000000
4067,-12.000000
4068,-8.000000
4069,-16.000000
4070,34.000000
4071,-58.000000
4072,2.000000
4073,-12.000000
4074,-20.000000
4075,-10.000000
4076,-4.000000
4077,-44.000000
4078,34.000000
4079,12.000000
4080,20.000000
4081,-18.000000
4082,-16.000000
4083,-52.000000
4084,0.000000
4085,40.000000
4086,-24.000000
4087,-26.000000
4088,-32.000000
4089,4.000000
4090,-36.000000
4091,-22.000000
4092,-32.000000
4093,-40.000000
4094,2.000000
4095,74.000000
4096,20.000000
4097,8.000000
4098,-58.000000
4099,-4.000000
4100,-8.000000
4101,-62.000000
4102,-30.000000
4103,-4.000000
4104,4.000000
4105,-24.000000
4106,2.000000
4107,-36.000000
4108,-10.000000
4109,-2.000000
4110,-2.000000
4111,2.000000
4112,28.000000
4113,-12.000000
4114,-12.000000
4115,44.000000
4116,62.000000
4117,-18.000000
4118,-24.000000
4119,8.000000
4120,14.000000
4121,6.000000
4122,0.000000
4123,-72.000000
4124,2.000000
4125,-6.000000
4126,26.000000
4127,8.000000
4128,-68.000000
4129,46.000000
4130,-60.000000
4131,36.000000
4132,-26.000000
4133,12.000000
4134,-4.000000
4135,-40.000000
4136,8.000000
4137,8.000000
4138,42.000000
4139,46.000000
4140,2.000000
4141,14.000000
4142,22.000000
4143,-40.000000
4144,54.000000
4145,-60.000000
4146,-40.000000
4147,28.000000
4148,2.000000
4149,14.000000
4150,50.000000
4151,-72.000000
4152,38.000000
4153,0.000000
4154,0.000000
4155,-36.000000
4156,-24.000000
4157,-4.000000
4158,44.000000
4159,-38.000000
4160,-4.000000
4161,-18.000000
4162,-20.000000
4163,68.000000
4164,-16.000000
4165,2.000000
4166,-2.000000
4167,70.000000
4168,-28.000000
4169,50.000000
4170,-30.000000
4171,-18.000000
4172,-32.000000
4173,16.000000
4174,0.000000
4175,-16.000000
4176,-20.000000
4177,26.000000
4178,-20.000000
4179,2.000000
4180,-22.000000
4181,-12.000000
4182,22.000000
4183,-8.000000
4184,-32.000000
4185,8.000000
4186,-8.000000
4187,-8.000000
4188,4.000000
4189,42.000000
4190,-20.000000
4191,-8.000000
4192,-10.000000
4193,-16.000000
4194,44.000000
4195,-30.000000
4196,-20.000000
4197,38.000000
4198,40.000000
4199,-2.000000
4200,68.000000
4201,4.000000
4202,-18.000000
4203,-6.000000
4204,-30.000000
4205,10.000000
4206,-18.000000
4207,-30.000000
4208,-40.000000
4209,-40.000000
4210,-4.000000
4211,-30.000000
4212,2.000000
4213,-18.000000
4214,50.000000
4215,-30.000000
4216,6.000000
4217,-32.000000
4218,64.000000
4219,42.000000
4220,0.000000
4221,8.000000
4222,-20.000000
4223,22.000000
4224,2.000000
4225,10.000000
4226,-32.000000
4227,-6.000000
4228,2.000000
4229,22.000000
4230,-46.000000
4231,-6.000000
4232,-16.000000
4233,0.000000
4234,24.000000
4235,68.000000
4236,54.000000
4237,18.000000
4238,28.000000
4239,38.000000
4240,-56.000000
4241,-64.000000
4242,14.000000
4243,-2.000000
4244,-18.000000
4245,-18.000000
4246,-88.000000
4247,-66.000000
4248,-34.000000
4249,50.000000
4250,2.000000
4251,-22.000000
4252,-4.000000
4253,-44.000000
4254,20.000000
4255,60.000000
4256,-2.000000
4257,2.000000
4258,-32.000000
4259,12.000000
4260,12.000000
4261,-40.000000
4262,14.000000
4263,14.000000
4264,-12.000000
4265,34.000000
4266,-16.000000
4267,26.000000
4268,8.000000
4269,-24.000000
4270,-36.000000
4271,-6.000000
4272,-8.000000
4273,-12.000000
4274,-4.000000
4275,16.000000
4276,-22.000000
4277,2.000000
4278,48.000000
4279,6.000000
4280,22.000000
4281,-4.000000
4282,20.000000
4283,-30.000000
4284,62.000000
4285,-54.000000
4286,32.000000
4287,14.000000
4288,14.000000
4289,-12.000000
4290,-34.000000
4291,34.000000
4292,-76.000000
4293,-24.000000
4294,6.000000
4295,-4.000000
4296,24.000000
4297,-12.000000
4298,-12.000000
4299,-6.000000
4300,6.000000
4301,18.000000
4302,0.000000
4303,6.000000
4304,6.000000
4305,14.000000
4306,-12.000000
4307,-4.000000
4308,34.000000
4309,-24.000000
4310,26.000000
4311,-34.000000
4312,-26.000000
4313,-38.000000
4314,42.000000
4315,10.000000
4316,-34.000000
4317,20.000000
4318,0.000000
4319,2.000000
4320,2.000000
4321,-22.000000
4322,-20.000000
4323,-6.000000
4324,2.000000
4325,6.000000
4326,-26.000000
4327,10.000000
4328,-32.000000
4329,-2.000000
4330,2.000000
4331,-22.000000
4332,46.000000
4333,-30.000000
4334,46.000000
4335,4.000000
4336,54.000000
4337,32.000000
4338,8.000000
4339,-16.000000
4340,-16.000000
4341,4.000000
4342,-18.000000
4343,-8.000000
4344,-34.000000
4345,16.000000
4346,8.000000
4347,-70.000000
4348,2.000000
4349,-6.000000
4350,8.000000
4351,-44.000000
4352,-14.000000
4353,-20.000000
4354,-24.000000
4355,14.000000
4356,-66.000000
4357,8.000000
4358,6.000000
4359,2.000000
4360,2.000000
4361,60.000000
4362,12.000000
4363,58.000000
4364,-18.000000
4365,-4.000000
4366,-4.000000
4367,8.000000
4368,24.000000
4369,-82.000000
4370,-16.000000
4371,-30.000000
4372,-8.000000
4373,14.000000
4374,-38.000000
4375,38.000000
4376,30.000000
4377,8.000000
4378,-2.000000
4379,-2.000000
4380,-20.000000
4381,-14.000000
4382,-6.000000
4383,16.000000
4384,4.000000
4385,50.000000
4386,38.000000
4387,-18.000000
4388,-2.000000
4389,-4.000000
4390,-12.000000
4391,-44.000000
4392,8.000000
4393,-18.000000
4394,-6.000000
4395,-8.000000
4396,10.000000
4397,-30.000000
4398,-10.000000
4399,-44.000000
4400,-44.000000
4401,-34.000000
4402,14.000000
4403,-80.000000
4404,-30.000000
4405,-12.000000
4406,40.000000
4407,-12.000000
4408,-48.000000
4409,36.000000
4410,-54.000000
4411,28.000000
4412,28.000000
4413,18.000000
4414,-46.000000
4415,6.000000
4416,-44.000000
4417,-34.000000
4418,-22.000000
4419,14.000000
4420,-18.000000
4421,28.000000
4422,28.000000
4423,-68.000000
4424,-2.000000
4425,72.000000
4426,10.000000
4427,-66.000000
4428,14.000000
4429,30.000000
4430,16.000000
4431,-12.000000
4432,0.000000
4433,30.000000
4434,30.000000
4435,6.000000
4436,12.000000
4437,68.000000
4438,-4.000000
4439,14.000000
4440,-16.000000
4441,-42.000000
4442,-16.000000
4443,2.000000
4444,68.000000
4445,18.000000
4446,-18.000000
4447,34.000000
4448,-6.000000
4449,-8.000000
4450,2.000000
4451,38.000000
4452,24.000000
4453,-24.000000
4454,-28.000000
4455,10.000000
4456,-4.000000
4457,68.000000
4458,0.000000
4459,-12.000000
4460,54.000000
4461,-4.000000
4462,-66.000000
4463,14.000000
4464,40.000000
4465,0.000000
4466,-26.000000
4467,-32.000000
4468,-48.000000
4469,54.000000
4470,-44.000000
4471,48.000000
4472,-12.000000
4473,-66.000000
4474,-8.000000
4475,4.000000
4476,8.000000
4477,50.000000
4478,-12.000000
4479,50.000000
4480,2.000000
4481,-4.000000
4482,2.000000
4483,36.000000
4484,-8.000000
4485,-44.000000
4486,12.000000
4487,-4.000000
4488,-6.000000
4489,-10.000000
4490,-10.000000
4491,-8.000000
4492,-22.000000
4493,-4.000000
4494,-56.000000
4495,2.000000
4496,-24.000000
4497,-12.000000
4498,50.000000
4499,16.000000
4500,0.000000
4501,-56.000000
4502,92.000000
4503,-10.000000
4504,68.000000
4505,4.000000
4506,46.000000
4507,10.000000
4508,2.000000
4509,2.000000
4510,-12.000000
4511,16.000000
4512,-18.000000
4513,-14.000000
4514,-30.000000
4515,-62.000000
4516,-4.000000
4517,-18.000000
4518,6.000000
4519,4.000000
4520,4.000000
4521,-32.000000
4522,-12.000000
4523,14.000000
4524,-16.000000
4525,58.000000
4526,-20.000000
4527,-4.000000
4528,-44.000000
4529,14.000000
4530,22.000000
4531,2.000000
4532,16.000000
4533,36.000000
4534,8.000000
4535,8.000000
4536,-24.000000
4537,-22.000000
4538,20.000000
4539,20.000000
4540,-2.000000
4541,14.000000
4542,-26.000000
4543,14.000000
4544,46.000000
4545,-6.000000
4546,4.000000
4547,-16.000000
4548,54.000000
4549,-4.000000
4550,-4.000000
4551,-20.000000
4552,24.000000
4553,-8.000000
4554,-10.000000
4555,-76.000000
4556,-4.000000
4557,6.000000
4558,-2.000000
4559,2.000000
4560,-2.000000
4561,-98.000000
4562,-6.000000
4563,-78.000000
4564,-12.000000
4565,4.000000
4566,-22.000000
4567,-4.000000
4568,-70.000000
4569,20.000000
4570,2.000000
4571,8.000000
4572,8.000000
4573,-64.000000
4574,-16.000000
4575,22.000000
4576,-16.000000
4577,68.000000
4578,-20.000000
4579,-12.000000
4580,-12.000000
4581,2.000000
4582,20.000000
4583,6.000000
4584,8.000000
4585,0.000000
4586,-52.000000
4587,6.000000
4588,-4.000000
4589,-56.000000
4590,-2.000000
4591,-14.000000
4592,0.000000
4593,20.000000
4594,20.000000
4595,42.000000
4596,22.000000
4597,14.000000
4598,14.000000
4599,8.000000
4600,-4.000000
4601,-8.000000
4602,-12.000000
4603,0.000000
4604,36.000000
4605,-12.000000
4606,-30.000000
4607,-66.000000
4608,-50.000000
4609,-26.000000
4610,8.000000
4611,32.000000
4612,-58.000000
4613,90.000000
4614,-54.000000
4615,-8.000000
4616,20.000000
4617,-20.000000
4618,-4.000000
4619,-38.000000
4620,-62.000000
4621,68.000000
4622,-12.000000
4623,40.000000
4624,-10.000000
4625,14.000000
4626,0.000000
4627,-40.000000
4628,14.000000
4629,-8.000000
4630,-8.000000
4631,-30.000000
4632,-4.000000
4633,10.000000
4634,60.000000
4635,10.000000
4636,-30.000000
4637,-2.000000
4638,-72.000000
4639,28.000000
4640,-32.000000
4641,10.000000
4642,14.000000
4643,40.000000
4644,-12.000000
4645,-16.000000
4646,-8.000000
4647,44.000000
4648,-28.000000
4649,-4.000000
4650,-12.000000
4651,-18.000000
4652,-34.000000
4653,60.000000
4654,46.000000
4655,-30.000000
4656,36.000000
4657,-20.000000
4658,-18.000000
4659,-16.000000
4660,-24.000000
4661,24.000000
4662,-80.000000
4663,20.000000
4664,-14.000000
4665,10.000000
4666,30.000000
4667,0.000000
4668,-32.000000
4669,54.000000
4670,14.000000
4671,-4.000000
4672,-52.000000
4673,-12.000000
4674,-68.000000
4675,64.000000
4676,26.000000
4677,14.000000
4678,-12.000000
4679,-8.000000
4680,-2.000000
4681,8.000000
4682,32.000000
4683,-56.000000
4684,-16.000000
4685,-4.000000
4686,-24.000000
4687,-4.000000
4688,6.000000
4689,6.000000
4690,-30.000000
4691,2.000000
4692,54.000000
4693,50.000000
4694,-60.000000
4695,10.000000
4696,-12.000000
4697,-30.000000
4698,-8.000000
4699,2.000000
4700,12.000000
4701,20.000000
4702,50.000000
4703,-26.000000
4704,-18.000000
4705,-54.000000
4706,-12.000000
4707,-60.000000
4708,22.000000
4709,62.000000
4710,8.000000
4711,22.000000
4712,-38.000000
4713,20.000000
4714,40.000000
4715,-44.000000
4716,-16.000000
4717,-40.000000
4718,34.000000
4719,-12.000000
4720,40.000000
4721,-30.000000
4722,-26.000000
4723,-16.000000
4724,38.000000
4725,24.000000
4726,56.000000
4727,-8.000000
4728,-48.000000
4729,28.000000
4730,-2.000000
4731,2.000000
4732,62.000000
4733,28.000000
4734,-16.000000
4735,-36.000000
4736,22.000000
4737,2.000000
4738,6.000000
4739,26.000000
4740,14.000000
4741,-40.000000
4742,46.000000
4743,18.000000
4744,54.000000
4745,8.000000
4746,46.000000
4747,42.000000
4748,-14.000000
4749,-10.000000
4750,24.000000
4751,6.000000
4752,14.000000
4753,-4.000000
4754,14.000000
4755,-4.000000
4756,6.000000
4757,36.000000
4758,26.000000
4759,46.000000
4760,-34.000000
4761,70.000000
4762,26.000000
4763,4.000000
4764,4.000000
4765,20.000000
4766,-8.000000
4767,46.000000
4768,-30.000000
4769,-18.000000
4770,30.000000
4771,-16.000000
4772,28.000000
4773,2.000000
4774,0.000000
4775,-16.000000
4776,-12.000000
4777,112.000000
4778,-18.000000
4779,58.000000
4780,-56.000000
4781,2.000000
4782,-16.000000
4783,-32.000000
4784,24.000000
4785,34.000000
4786,32.000000
4787,-4.000000
4788,6.000000
4789,54.000000
4790,-12.000000
4791,58.000000
4792,4.000000
4793,-14.000000
4794,40.000000
4795,-58.000000
4796,-48.000000
4797,54.000000
4798,2.000000
4799,-6.000000
4800,14.000000
4801,-4.000000
4802,36.000000
4803,50.000000
4804,-6.000000
4805,-16.000000
4806,-18.000000
4807,6.000000
4808,22.000000
4809,-24.000000
4810,46.000000
4811,2.000000
4812,2.000000
4813,-6.000000
4814,-20.000000
4815,62.000000
4816,14.000000
4817,-58.000000
4818,-18.000000
4819,-4.000000
4820,-2.000000
4821,-48.000000
4822,-24.000000
4823,8.000000
4824,-38.000000
4825,-36.000000
4826,-104.000000
4827,26.000000
4828,60.000000
4829,-40.000000
4830,20.000000
4831,30.000000
4832,10.000000
4833,-4.000000
4834,50.000000
4835,-30.000000
4836,14.000000
4837,-18.000000
4838,-84.000000
4839,0.000000
4840,44.000000
4841,-22.000000
4842,12.000000
4843,52.000000
4844,26.000000
4845,-20.000000
4846,-12.000000
4847,-64.000000
4848,-54.000000
4849,14.000000
4850,2.000000
4851,-4.000000
4852,-12.000000
4853,-32.000000
4854,12.000000
4855,38.000000
4856,-82.000000
4857,32.000000
4858,58.000000
4859,-22.000000
4860,30.000000
4861,-8.000000
4862,-8.000000
4863,22.000000
4864,14.000000
4865,-24.000000
4866,-30.000000
4867,16.000000
4868,10.000000
4869,14.000000
4870,60.000000
4871,2.000000
4872,2.000000
4873,64.000000
4874,68.000000
4875,-78.000000
4876,-12.000000
4877,-8.000000
4878,-8.000000
4879,-22.000000
4880,-12.000000
4881,-12.000000
4882,28.000000
4883,46.000000
4884,-52.000000
4885,-6.000000
4886,-32.000000
4887,-6.000000
4888,10.000000
4889,14.000000
4890,-26.000000
4891,-8.000000
4892,-4.000000
4893,40.000000
4894,22.000000
4895,-18.000000
4896,-36.000000
4897,-28.000000
4898,-12.000000
4899,8.000000
4900,34.000000
4901,50.000000
4902,16.000000
4903,36.000000
4904,-2.000000
4905,16.000000
4906,24.000000
4907,46.000000
4908,-8.000000
4909,34.000000
4910,-20.000000
4911,0.000000
4912,0.000000
4913,8.000000
4914,-14.000000
4915,-20.000000
4916,-2.000000
4917,-36.000000
4918,16.000000
4919,0.000000
4920,32.000000
4921,-28.000000
4922,-36.000000
4923,36.000000
4924,-12.000000
4925,-22.000000
4926,0.000000
4927,-8.000000
4928,-6.000000
4929,-26.000000
4930,-10.000000
4931,20.000000
4932,-38.000000
4933,26.000000
4934,2.000000
4935,-6.000000
4936,56.000000
4937,-74.000000
4938,-8.000000
4939,-64.000000
4940,-22.000000
4941,2.000000
4942,-46.000000
4943,-8.000000
4944,-2.000000
4945,-4.000000
4946,46.000000
4947,58.000000
4948,14.000000
4949,14.000000
4950,14.000000
4951,-66.000000
4952,-12.000000
4953,8.000000
4954,20.000000
4955,-22.000000
4956,-24.000000
4957,0.000000
4958,-34.000000
4959,-6.000000
4960,-4.000000
4961,58.000000
4962,0.000000
4963,-8.000000
4964,-26.000000
4965,68.000000
4966,-12.000000
4967,50.000000
4968,28.000000
4969,-2.000000
4970,-44.000000
4971,20.000000
4972,-14.000000
4973,64.000000
4974,28.000000
4975,2.000000
4976,8.000000
4977,82.000000
4978,-24.000000
4979,-8.000000
4980,-36.000000
4981,20.000000
4982,-20.000000
4983,-4.000000
4984,20.000000
4985,-36.000000
4986,8.000000
4987,6.000000
4988,14.000000
4989,-38.000000
4990,12.000000
4991,-32.000000
4992,-14.000000
4993,-28.000000
4994,-20.000000
4995,26.000000
4996,20.000000
4997,-32.000000
4998,0.000000
4999,-4.000000
5000,-8.000000
5001,-6.000000
5002,-4.000000
5003,30.000000
5004,10.000000
5005,2.000000
5006,-36.000000
5007,-18.000000
5008,-4.000000
5009,-64.000000
5010,-6.000000
5011,14.000000
5012,-8.000000
5013,-6.000000
5014,0.000000
5015,26.000000
5016,-26.000000
5017,12.000000
5018,4.000000
5019,-28.000000
5020,8.000000
5021,20.000000
5022,24.000000
5023,-40.000000
5024,0.000000
5025,-12.000000
5026,-8.000000
5027,28.000000
5028,-16.000000
5029,10.000000
5030,50.000000
5031,-4.000000
5032,16.000000
5033,-18.000000
5034,-4.000000
5035,10.000000
5036,50.000000
5037,40.000000
5038,-2.000000
5039,46.000000
5040,6.000000
5041,50.000000
5042,2.000000
5043,-24.000000
5044,6.000000
5045,36.000000
5046,-18.000000
5047,-16.000000
5048,20.000000
5049,-30.000000
5050,-14.000000
5051,-4.000000
5052,12.000000
5053,44.000000
5054,-20.000000
5055,-16.000000
5056,12.000000
5057,-16.000000
5058,26.000000
5059,-2.000000
5060,2.000000
5061,-30.000000
5062,-10.000000
5063,-20.000000
5064,-14.000000
5065,-78.000000
5066,-6.000000
5067,-30.000000
5068,10.000000
5069,2.000000
5070,-12.000000
5071,54.000000
5072,-24.000000
5073,8.000000
5074,86.000000
5075,-12.000000
5076,10.000000
5077,-36.000000
5078,-18.000000
5079,-4.000000
5080,-2.000000
5081,14.000000
5082,-12.000000
5083,-12.000000
5084,-6.000000
5085,-74.000000
5086,30.000000
5087,-4.000000
5088,12.000000
5089,44.000000
5090,14.000000
5091,78.000000
5092,12.000000
5093,-74.000000
5094,-30.000000
5095,-22.000000
5096,24.000000
5097,-8.000000
5098,8.000000
5099,-40.000000
5100,-40.000000
5101,-60.000000
5102,24.000000
5103,-28.000000
5104,48.000000
5105,2.000000
5106,-32.000000
5107,-18.000000
5108,32.000000
5109,-6.000000
5110,-18.000000
5111,-26.000000
5112,14.000000
5113,26.000000
5114,-20.000000
5115,-16.000000
5116,-50.000000
5117,8.000000
5118,-26.000000
5119,8.000000
5120,40.000000
5121,10.000000
5122,22.000000
5123,50.000000
5124,-24.000000
5125,-24.000000
5126,-4.000000
5127,-34.000000
5128,4.000000
5129,32.000000
5130,28.000000
5131,-20.000000
5132,-24.000000
5133,50.000000
5134,-82.000000
5135,-20.000000
5136,-20.000000
5137,-12.000000
5138,-12.000000
5139,-6.000000
5140,44.000000
5141,8.000000
5142,-54.000000
5143,-30.000000
5144,-22.000000
5145,-36.000000
5146,0.000000
5147,60.000000
5148,20.000000
5149,-16.000000
5150,-2.000000
5151,40.000000
5152,20.000000
5153,8.000000
5154,0.000000
5155,0.000000
5156,2.000000
5157,-6.000000
5158,-20.000000
5159,2.000000
5160,46.000000
5161,2.000000
5162,-36.000000
5163,4.000000
5164,-26.000000
5165,26.000000
5166,0.000000
5167,-20.000000
5168,20.000000
5169,-14.000000
5170,-24.000000
5171,24.000000
5172,8.000000
5173,-36.000000
5174,-40.000000
5175,-34.000000
5176,-14.000000
5177,-14.000000
5178,-4.000000
5179,0.000000
5180,-2.000000
5181,-4.000000
5182,-8.000000
5183,-2.000000
5184,10.000000
5185,-2.000000
5186,-54.000000
5187,64.000000
5188,30.000000
5189,14.000000
5190,32.000000
5191,8.000000
5192,-2.000000
5193,-10.000000
5194,14.000000
5195,16.000000
5196,16.000000
5197,4.000000
5198,-6.000000
5199,-14.000000
5200,10.000000
5201,26.000000
5202,-2.000000
5203,10.000000
5204,6.000000
5205,-4.000000
5206,10.000000
5207,10.000000
5208,0.000000
5209,-38.000000
5210,38.000000
5211,30.000000
5212,22.000000
5213,-58.000000
5214,-60.000000
5215,-10.000000
5216,-4.000000
5217,-8.000000
5218,74.000000
5219,16.000000
5220,8.000000
5221,16.000000
5222,16.000000
5223,16.000000
5224,40.000000
5225,64.000000
5226,-4.000000
5227,14.000000
5228,-40.000000
5229,20.000000
5230,42.000000
5231,16.000000
5232,16.000000
5233,30.000000
5234,-30.000000
5235,10.000000
5236,-34.000000
5237,2.000000
5238,-72.000000
5239,0.000000
5240,68.000000
5241,0.000000
5242,-16.000000
5243,-2.000000
5244,-4.000000
5245,18.000000
5246,-74.000000
5247,76.000000
5248,0.000000
5249,28.000000
5250,-12.000000
5251,54.000000
5252,4.000000
5253,-56.000000
5254,-10.000000
5255,-16.000000
5256,26.000000
5257,-16.000000
5258,8.000000
5259,12.000000
5260,-2.000000
5261,-14.000000
5262,-72.000000
5263,8.000000
5264,-46.000000
5265,-12.000000
5266,32.000000
5267,24.000000
5268,-4.000000
5269,14.000000
5270,2.000000
5271,12.000000
5272,20.000000
5273,26.000000
5274,-16.000000
5275,-6.000000
5276,-54.000000
5277,64.000000
5278,32.000000
5279,-8.000000
5280,-4.000000
5281,16.000000
5282,-22.000000
5283,-18.000000
5284,-16.000000
5285,32.000000
5286,6.000000
5287,-60.000000
5288,46.000000
5289,28.000000
5290,14.000000
5291,8.000000
5292,2.000000
5293,-44.000000
5294,2.000000
5295,6.000000
5296,46.000000
5297,-2.000000
5298,8.000000
5299,0.000000
5300,0.000000
5301,38.000000
5302,46.000000
5303,-6.000000
5304,4.000000
5305,-16.000000
5306,-16.000000
5307,28.000000
5308,22.000000
5309,36.000000
5310,-30.000000
5311,8.000000
5312,-36.000000
5313,-18.000000
5314,-34.000000
5315,30.000000
5316,-28.000000
5317,38.000000
5318,-4.000000
5319,-12.000000
5320,4.000000
5321,0.000000
5322,-4.000000
5323,-24.000000
5324,-4.000000
5325,-12.000000
5326,2.000000
5327,-12.000000
5328,-12.000000
5329,-6.000000
5330,-56.000000
5331,24.000000
5332,14.000000
5333,-60.000000
5334,50.000000
5335,0.000000
5336,10.000000
5337,2.000000
5338,-22.000000
5339,-4.000000
5340,22.000000
5341,-26.000000
5342,14.000000
5343,-18.000000
5344,2.000000
5345,2.000000
5346,46.000000
5347,74.000000
5348,2.000000
5349,44.000000
5350,32.000000
5351,-2.000000
5352,-4.000000
5353,-16.000000
5354,30.000000
5355,-40.000000
5356,-18.000000
5357,-30.000000
5358,-4.000000
5359,4.000000
5360,-8.000000
5361,-22.000000
5362,12.000000
5363,40.000000
5364,-12.000000
5365,26.000000
5366,-62.000000
5367,-16.000000
5368,-20.000000
5369,-36.000000
5370,8.000000
5371,-38.000000
5372,-2.000000
5373,2.000000
5374,-20.000000
5375,68.000000
5376,46.000000
5377,2.000000
5378,0.000000
5379,82.000000
5380,-34.000000
5381,10.000000
5382,14.000000
5383,14.000000
5384,16.000000
5385,-4.000000
5386,8.000000
5387,10.000000
5388,4.000000
5389,-8.000000
5390,-26.000000
5391,68.000000
5392,50.000000
5393,10.000000
5394,68.000000
5395,8.000000
5396,-44.000000
5397,-60.000000
5398,34.000000
5399,32.000000
5400,20.000000
5401,86.000000
5402,-30.000000
5403,-26.000000
5404,16.000000
5405,-12.000000
5406,-12.000000
5407,-30.000000
5408,-82.000000
5409,10.000000
5410,10.000000
5411,-2.000000
5412,36.000000
5413,20.000000
5414,-12.000000
5415,0.000000
5416,2.000000
5417,20.000000
5418,-50.000000
5419,20.000000
5420,-20.000000
5421,0.000000
5422,-88.000000
5423,-12.000000
5424,54.000000
5425,-14.000000
5426,42.000000
5427,10.000000
5428,-18.000000
5429,-66.000000
5430,6.000000
5431,30.000000
5432,-16.000000
5433,8.000000
5434,32.000000
5435,-2.000000
5436,26.000000
5437,16.000000
5438,-16.000000
5439,-16.000000
5440,16.000000
5441,8.000000
5442,-12.000000
5443,-20.000000
5444,4.000000
5445,32.000000
5446,-4.000000
5447,22.000000
5448,68.000000
5449,-6.000000
5450,-4.000000
5451,22.000000
5452,50.000000
5453,-36.000000
5454,40.000000
5455,-6.000000
5456,-28.000000
5457,2.000000
5458,-14.000000
5459,-10.000000
5460,-36.000000
5461,6.000000
5462,-44.000000
5463,20.000000
5464,32.000000
5465,-74.000000
5466,22.000000
5467,6.000000
5468,-6.000000
5469,-20.000000
5470,30.000000
5471,42.000000
5472,22.000000
5473,8.000000
5474,-6.000000
5475,62.000000
5476,-8.000000
5477,26.000000
5478,-48.000000
5479,18.000000
5480,-48.000000
5481,34.000000
5482,-6.000000
5483,-4.000000
5484,2.000000
5485,-2.000000
5486,10.000000
5487,-30.000000
5488,-44.000000
5489,20.000000
5490,-4.000000
5491,-12.000000
5492,-34.000000
5493,-16.000000
5494,-24.000000
5495,0.000000
5496,-34.000000
5497,-58.000000
5498,-24.000000
5499,-12.000000
5500,68.000000
5501,40.000000
5502,30.000000
5503,8.000000
5504,18.000000
5505,50.000000
5506,-14.000000
5507,-36.000000
5508,-36.000000
5509,-8.000000
5510,-8.000000
5511,-26.000000
5512,34.000000
5513,26.000000
5514,-18.000000
5515,24.000000
5516,-30.000000
5517,-6.000000
5518,-28.000000
5519,0.000000
5520,0.000000
5521,0.000000
5522,6.000000
5523,12.000000
5524,8.000000
5525,6.000000
5526,-18.000000
5527,-74.000000
5528,-70.000000
5529,-12.000000
5530,-44.000000
5531,-18.000000
5532,-18.000000
5533,-4.000000
5534,26.000000
5535,-10.000000
5536,0.000000
5537,0.000000
5538,32.000000
5539,20.000000
5540,-4.000000
5541,-34.000000
5542,28.000000
5543,84.000000
5544,0.000000
5545,-20.000000
5546,42.000000
5547,-6.000000
5548,2.000000
5549,-22.000000
5550,44.000000
5551,-32.000000
5552,-34.000000
5553,-4.000000
5554,4.000000
5555,12.000000
5556,8.000000
5557,62.000000
5558,-24.000000
5559,-24.000000
5560,68.000000
5561,58.000000
5562,-4.000000
5563,46.000000
5564,-14.000000
5565,8.000000
5566,58.000000
5567,-12.000000
5568,-4.000000
5569,-16.000000
5570,32.000000
5571,-4.000000
5572,-20.000000
5573,-58.000000
5574,-20.000000
5575,-2.000000
5576,-20.000000
5577,-16.000000
5578,24.000000
5579,26.000000
5580,24.000000
5581,-16.000000
5582,-6.000000
5583,30.000000
5584,16.000000
5585,-4.000000
5586,-12.000000
5587,74.000000
5588,54.000000
5589,8.000000
5590,-30.000000
5591,46.000000
5592,0.000000
5593,6.000000
5594,-44.000000
5595,24.000000
5596,44.000000
5597,-16.000000
5598,26.000000
5599,20.000000
5600,-14.000000
5601,-4.000000
5602,-4.000000
5603,-70.000000
5604,20.000000
5605,10.000000
5606,36.000000
5607,-12.000000
5608,6.000000
5609,16.000000
5610,64.000000
5611,-4.000000
5612,-16.000000
5613,12.000000
5614,10.000000
5615,-4.000000
5616,0.000000
5617,-24.000000
5618,4.000000
5619,8.000000
5620,16.000000
5621,14.000000
5622,16.000000
5623,-20.000000
5624,8.000000
5625,-12.000000
5626,24.000000
5627,32.000000
5628,-54.000000
5629,44.000000
5630,16.000000
5631,-14.000000
5632,-22.000000
5633,-4.000000
5634,20.000000
5635,50.000000
5636,-34.000000
5637,16.000000
5638,28.000000
5639,4.000000
5640,4.000000
5641,-8.000000
5642,-36.000000
5643,-34.000000
5644,-4.000000
5645,-12.000000
5646,12.000000
5647,-12.000000
5648,-34.000000
5649,8.000000
5650,-36.000000
5651,-40.000000
5652,-4.000000
5653,-42.000000
5654,0.000000
5655,24.000000
5656,-24.000000
5657,-56.000000
5658,-24.000000
5659,-22.000000
5660,14.000000
5661,-2.000000
5662,-16.000000
5663,10.000000
5664,-8.000000
5665,4.000000
5666,8.000000
5667,26.000000
5668,2.000000
5669,-44.000000
5670,-44.000000
5671,-16.000000
5672,-34.000000
5673,36.000000
5674,40.000000
5675,68.000000
5676,-10.000000
5677,-12.000000
5678,-52.000000
5679,-16.000000
5680,6.000000
5681,10.000000
5682,-2.000000
5683,12.000000
5684,-6.000000
5685,48.000000
5686,-16.000000
5687,-16.000000
5688,14.000000
5689,34.000000
5690,-30.000000
5691,2.000000
5692,2.000000
5693,-30.000000
5694,-16.000000
5695,10.000000
5696,-26.000000
5697,-6.000000
5698,-6.000000
5699,12.000000
5700,-2.000000
5701,24.000000
5702,-18.000000
5703,-12.000000
5704,-44.000000
5705,-2.000000
5706,2.000000
5707,-18.000000
5708,-16.000000
5709,-16.000000
5710,0.000000
5711,-20.000000
5712,46.000000
5713,2.000000
5714,-68.000000
5715,-8.000000
5716,-6.000000
5717,50.000000
5718,-4.000000
5719,-26.000000
5720,20.000000
5721,-54.000000
5722,-6.000000
5723,-26.000000
5724,-40.000000
5725,54.000000
5726,28.000000
5727,-12.000000
5728,12.000000
5729,-2.000000
5730,24.000000
5731,-8.000000
5732,-2.000000
5733,50.000000
5734,0.000000
5735,-16.000000
5736,-14.000000
5737,2.000000
5738,6.000000
5739,-30.000000
5740,6.000000
5741,20.000000
5742,-12.000000
5743,-22.000000
5744,26.000000
5745,-4.000000
5746,-16.000000
5747,0.000000
5748,-50.000000
5749,6.000000
5750,16.000000
5751,-2.000000
5752,2.000000
5753,8.000000
5754,42.000000
5755,28.000000
5756,-2.000000
5757,-36.000000
5758,26.000000
5759,-18.000000
5760,-4.000000
5761,-12.000000
5762,14.000000
5763,0.000000
5764,-8.000000
5765,50.000000
5766,-58.000000
5767,-36.000000
5768,-8.000000
5769,-32.000000
5770,20.000000
5771,20.000000
5772,10.000000
5773,8.000000
5774,-50.000000
5775,0.000000
5776,8.000000
5777,-8.000000
5778,-8.000000
5779,-4.000000
5780,-2.000000
5781,28.000000
5782,16.000000
5783,6.000000
5784,-10.000000
5785,4.000000
5786,6.000000
5787,40.000000
5788,-36.000000
5789,-26.000000
5790,-18.000000
5791,0.000000
5792,28.000000
5793,60.000000
5794,32.000000
5795,46.000000
5796,-30.000000
5797,4.000000
5798,8.000000
5799,8.000000
5800,46.000000
5801,-44.000000
5802,-24.000000
5803,-4.000000
5804,4.000000
5805,-4.000000
5806,68.000000
5807,20.000000
5808,-12.000000
5809,-6.000000
5810,2.000000
5811,54.000000
5812,-20.000000
5813,20.000000
5814,22.000000
5815,8.000000
5816,-34.000000
5817,-30.000000
5818,10.000000
5819,-48.000000
5820,22.000000
5821,28.000000
5822,20.000000
5823,20.000000
5824,-6.000000
5825,30.000000
5826,36.000000
5827,-34.000000
5828,-24.000000
5829,28.000000
5830,-22.000000
5831,-4.000000
5832,-16.000000
5833,2.000000
5834,-60.000000
5835,30.000000
5836,-6.000000
5837,-48.000000
5838,-12.000000
5839,8.000000
5840,-20.000000
5841,-4.000000
5842,-20.000000
5843,-60.000000
5844,-18.000000
5845,2.000000
5846,22.000000
5847,26.000000
5848,-20.000000
5849,26.000000
5850,-54.000000
5851,42.000000
5852,-48.000000
5853,50.000000
5854,38.000000
5855,-10.000000
5856,-30.000000
5857,68.000000
5858,-12.000000
5859,-50.000000
5860,-2.000000
5861,38.000000
5862,12.000000
5863,-4.000000
5864,68.000000
5865,12.000000
5866,2.000000
5867,-6.000000
5868,-24.000000
5869,-30.000000
5870,-8.000000
5871,-8.000000
5872,-16.000000
5873,-16.000000
5874,-2.000000
5875,-2.000000
5876,24.000000
5877,-8.000000
5878,90.000000
5879,-6.000000
5880,10.000000
5881,12.000000
5882,-24.000000
5883,-20.000000
5884,0.000000
5885,-14.000000
5886,-4.000000
5887,72.000000
5888,-34.000000
5889,12.000000
5890,0.000000
5891,-32.000000
5892,-50.000000
5893,0.000000
5894,-20.000000
5895,4.000000
5896,-10.000000
5897,-4.000000
5898,26.000000
5899,20.000000
5900,46.000000
5901,22.000000
5902,-44.000000
5903,-8.000000
5904,-8.000000
5905,-34.000000
5906,2.000000
5907,-4.000000
5908,-4.000000
5909,32.000000
5910,22.000000
5911,-24.000000
5912,-14.000000
5913,-30.000000
5914,-70.000000
5915,-6.000000
5916,8.000000
5917,22.000000
5918,-30.000000
5919,40.000000
5920,50.000000
5921,-26.000000
5922,-34.000000
5923,-4.000000
5924,-18.000000
5925,60.000000
5926,-4.000000
5927,-32.000000
5928,10.000000
5929,0.000000
5930,-2.000000
5931,-12.000000
5932,-2.000000
5933,-34.000000
5934,-14.000000
5935,2.000000
5936,-30.000000
5937,24.000000
5938,44.000000
5939,-8.000000
5940,-18.000000
5941,36.000000
5942,36.000000
5943,-18.000000
5944,30.000000
5945,-54.000000
5946,-12.000000
5947,-56.000000
5948,-22.000000
5949,-64.000000
5950,38.000000
5951,34.000000
5952,28.000000
5953,-22.000000
5954,54.000000
5955,-24.000000
5956,12.000000
5957,-2.000000
5958,-24.000000
5959,-14.000000
5960,28.000000
5961,-12.000000
5962,36.000000
5963,-4.000000
5964,-2.000000
5965,-20.000000
5966,36.000000
5967,-18.000000
5968,-16.000000
5969,-54.000000
5970,-32.000000
5971,18.000000
5972,8.000000
5973,-6.000000
5974,8.000000
5975,2.000000
5976,-36.000000
5977,-18.000000
5978,-16.000000
5979,2.000000
5980,2.000000
5981,-20.000000
5982,0.000000
5983,-12.000000
5984,2.000000
5985,-20.000000
5986,-38.000000
5987,-8.000000
5988,2.000000
5989,-16.000000
5990,14.000000
5991,-20.000000
5992,16.000000
5993,-20.000000
5994,0.000000
5995,30.000000
5996,60.000000
5997,14.000000
5998,12.000000
5999,-34.000000
6000,-54.000000
6001,32.000000
6002,-6.000000
6003,-88.000000
6004,-16.000000
6005,-4.000000
6006,24.000000
6007,24.000000
6008,44.000000
6009,16.000000
6010,-8.000000
6011,-10.000000
6012,-14.000000
6013,4.000000
6014,-30.000000
6015,16.000000
6016,-20.000000
6017,54.000000
6018,10.000000
6019,0.000000
6020,20.000000
6021,-22.000000
6022,14.000000
6023,2.000000
6024,-24.000000
6025,-30.000000
6026,26.000000
6027,-12.000000
6028,-4.000000
6029,14.000000
6030,14.000000
6031,22.000000
6032,30.000000
6033,14.000000
6034,-34.000000
6035,6.000000
6036,-26.000000
6037,28.000000
6038,20.000000
6039,-4.000000
6040,-28.000000
6041,0.000000
6042,-18.000000
6043,-104.000000
6044,0.000000
6045,14.000000
6046,-4.000000
6047,44.000000
6048,-12.000000
6049,-8.000000
6050,-48.000000
6051,-24.000000
6052,14.000000
6053,-54.000000
6054,-48.000000
6055,-4.000000
6056,-2.000000
6057,-26.000000
6058,-26.000000
6059,-44.000000
6060,50.000000
6061,30.000000
6062,-16.000000
6063,14.000000
6064,4.000000
6065,-16.000000
6066,-4.000000
6067,46.000000
6068,46.000000
6069,-36.000000
6070,14.000000
6071,72.000000
6072,-4.000000
6073,26.000000
6074,-30.000000
6075,70.000000
6076,24.000000
6077,-24.000000
6078,-4.000000
6079,-14.000000
6080,12.000000
6081,-4.000000
6082,82.000000
6083,-8.000000
6084,-2.000000
6085,16.000000
6086,14.000000
6087,22.000000
6088,40.000000
6089,8.000000
6090,-12.000000
6091,28.000000
6092,-8.000000
6093,-6.000000
6094,30.000000
6095,-78.000000
6096,50.000000
6097,-26.000000
6098,-8.000000
6099,-4.000000
6100,-4.000000
6101,-18.000000
6102,-4.000000
6103,-4.000000
6104,2.000000
6105,-4.000000
6106,2.000000
6107,-14.000000
6108,46.000000
6109,-4.000000
6110,68.000000
6111,34.000000
6112,-2.000000
6113,-26.000000
6114,8.000000
6115,-38.000000
6116,-18.000000
6117,-4.000000
6118,-14.000000
6119,26.000000
6120,2.000000
6121,-64.000000
6122,-24.000000
6123,44.000000
6124,-36.000000
6125,-8.000000
6126,-48.000000
6127,46.000000
6128,-40.000000
6129,-72.000000
6130,24.000000
6131,-18.000000
6132,-28.000000
6133,-46.000000
6134,14.000000
6135,-10.000000
6136,2.000000
6137,-14.000000
6138,-14.000000
6139,8.000000
6140,-18.000000
6141,-4.000000
6142,54.000000
6143,-30.000000
6144,42.000000
6145,-36.000000
6146,-20.000000
6147,0.000000
6148,20.000000
6149,-2.000000
6150,8.000000
6151,-2.000000
6152,24.000000
6153,-4.000000
6154,26.000000
6155,4.000000
6156,-6.000000
6157,-38.000000
6158,-20.000000
6159,6.000000
6160,-22.000000
6161,0.000000
6162,2.000000
6163,-20.000000
6164,-8.000000
6165,28.000000
6166,-10.000000
6167,8.000000
6168,-32.000000
6169,10.000000
6170,-6.000000
6171,-12.000000
6172,20.000000
6173,-10.000000
6174,-34.000000
6175,-16.000000
6176,-4.000000
6177,-44.000000
6178,-4.000000
6179,12.000000
6180,-14.000000
6181,8.000000
6182,-54.000000
6183,-44.000000
6184,10.000000
6185,26.000000
6186,-2.000000
6187,34.000000
6188,50.000000
6189,34.000000
6190,-8.000000
6191,38.000000
6192,-14.000000
6193,4.000000
6194,-50.000000
6195,48.000000
6196,0.000000
6197,6.000000
6198,26.000000
6199,32.000000
6200,-20.000000
6201,-14.000000
6202,-6.000000
6203,6.000000
6204,28.000000
6205,-20.000000
6206,6.000000
6207,54.000000
6208,44.000000
6209,60.000000
6210,8.000000
6211,-22.000000
6212,82.000000
6213,8.000000
6214,86.000000
6215,-26.000000
6216,30.000000
6217,34.000000
6218,-26.000000
6219,-4.000000
6220,12.000000
6221,68.000000
6222,-4.000000
6223,-54.000000
6224,-40.000000
6225,-4.000000
6226,-20.000000
6227,-12.000000
6228,10.000000
6229,6.000000
6230,-56.000000
6231,34.000000
6232,-22.000000
6233,-30.000000
6234,-8.000000
6235,10.000000
6236,32.000000
6237,-40.000000
6238,16.000000
6239,-4.000000
6240,22.000000
6241,16.000000
6242,42.000000
6243,14.000000
6244,28.000000
6245,-12.000000
6246,-80.000000
6247,-14.000000
6248,6.000000
6249,-16.000000
6250,-10.000000
6251,-36.000000
6252,12.000000
6253,6.000000
6254,42.000000
6255,-8.000000
6256,-8.000000
6257,-52.000000
6258,8.000000
6259,-58.000000
6260,-6.000000
6261,16.000000
6262,68.000000
6263,-20.000000
6264,-8.000000
6265,14.000000
6266,-28.000000
6267,20.000000
6268,-16.000000
6269,-16.000000
6270,-12.000000
6271,44.000000
6272,4.000000
6273,6.000000
6274,8.000000
6275,12.000000
6276,-48.000000
6277,-64.000000
6278,6.000000
6279,6.000000
6280,-2.000000
6281,44.000000
6282,2.000000
6283,44.000000
6284,-22.000000
6285,26.000000
6286,28.000000
6287,14.000000
6288,-4.000000
6289,8.000000
6290,22.000000
6291,-16.000000
6292,30.000000
6293,26.000000
6294,-12.000000
6295,30.000000
6296,64.000000
6297,-12.000000
6298,-12.000000
6299,34.000000
6300,-2.000000
6301,-12.000000
6302,2.000000
6303,14.000000
6304,-12.000000
6305,68.000000
6306,-76.000000
6307,34.000000
6308,-28.000000
6309,-12.000000
6310,-12.000000
6311,14.000000
6312,62.000000
6313,-16.000000
6314,-20.000000
6315,-44.000000
6316,8.000000
6317,12.000000
6318,0.000000
6319,28.000000
6320,4.000000
6321,28.000000
6322,0.000000
6323,-38.000000
6324,-18.000000
6325,-48.000000
6326,-16.000000
6327,-4.000000
6328,-12.000000
6329,32.000000
6330,18.000000
6331,6.000000
6332,-20.000000
6333,-20.000000
6334,-12.000000
6335,52.000000
6336,-30.000000
6337,26.000000
6338,-8.000000
6339,10.000000
6340,10.000000
6341,2.000000
6342,-14.000000
6343,8.000000
6344,62.000000
6345,-54.000000
6346,14.000000
6347,14.000000
6348,-14.000000
6349,-30.000000
6350,40.000000
6351,32.000000
6352,24.000000
6353,14.000000
6354,18.000000
6355,14.000000
6356,30.000000
6357,-4.000000
6358,82.000000
6359,-30.000000
6360,-4.000000
6361,-56.000000
6362,-34.000000
6363,30.000000
6364,-64.000000
6365,-20.000000
6366,-4.000000
6367,40.000000
6368,-2.000000
6369,0.000000
6370,16.000000
6371,12.000000
6372,-94.000000
6373,44.000000
6374,26.000000
6375,6.000000
6376,-12.000000
6377,26.000000
6378,-12.000000
6379,-78.000000
6380,32.000000
6381,14.000000
6382,-6.000000
6383,46.000000
6384,-26.000000
6385,-30.000000
6386,2.000000
6387,18.000000
6388,28.000000
6389,68.000000
6390,30.000000
6391,32.000000
6392,26.000000
6393,-24.000000
6394,8.000000
6395,46.000000
6396,-20.000000
6397,-4.000000
6398,10.000000
6399,18.000000
6400,18.000000
6401,24.000000
6402,-6.000000
6403,-4.000000
6404,-4.000000
6405,44.000000
6406,22.000000
6407,12.000000
6408,6.000000
6409,0.000000
6410,-36.000000
6411,-16.000000
6412,16.000000
6413,-12.000000
6414,-12.000000
6415,-2.000000
6416,8.000000
6417,12.000000
6418,20.000000
6419,-2.000000
6420,-2.000000
6421,22.000000
6422,-4.000000
6423,30.000000
6424,12.000000
6425,-12.000000
6426,10.000000
6427,-8.000000
6428,-12.000000
6429,-6.000000
6430,10.000000
6431,36.000000
6432,-2.000000
6433,-4.000000
6434,14.000000
6435,30.000000
6436,-44.000000
6437,30.000000
6438,12.000000
6439,0.000000
6440,-4.000000
6441,16.000000
6442,-34.000000
6443,2.000000
6444,-2.000000
6445,-34.000000
6446,0.000000
6447,0.000000
6448,0.000000
6449,-2.000000
6450,-4.000000
6451,32.000000
6452,-12.000000
6453,-24.000000
6454,-30.000000
6455,-34.000000
6456,24.000000
6457,-2.000000
6458,-14.000000
6459,8.000000
6460,54.000000
6461,28.000000
6462,6.000000
6463,-12.000000
6464,-8.000000
6465,-22.000000
6466,-16.000000
6467,48.000000
6468,-40.000000
6469,-4.000000
6470,-48.000000
6471,16.000000
6472,40.000000
6473,-36.000000
6474,-40.000000
6475,-26.000000
6476,24.000000
6477,26.000000
6478,12.000000
6479,18.000000
6480,46.000000
6481,-18.000000
6482,-6.000000
6483,30.000000
6484,-2.000000
6485,-16.000000
6486,-28.000000
6487,-16.000000
6488,-8.000000
6489,-24.000000
6490,32.000000
6491,20.000000
6492,-40.000000
6493,28.000000
6494,14.000000
6495,-24.000000
6496,-14.000000
6497,60.000000
6498,-4.000000
6499,2.000000
6500,2.000000
6501,20.000000
6502,18.000000
6503,-4.000000
6504,-6.000000
6505,24.000000
6506,64.000000
6507,16.000000
6508,14.000000
6509,-30.000000
6510,0.000000
6511,-18.000000
6512,-20.000000
6513,-12.000000
6514,-68.000000
6515,-28.000000
6516,0.000000
6517,-18.000000
6518,-26.000000
6519,-16.000000
6520,-48.000000
6521,40.000000
6522,44.000000
6523,24.000000
6524,16.000000
6525,20.000000
6526,50.000000
6527,-50.000000
6528,-60.000000
6529,46.000000
6530,-48.000000
6531,-20.000000
6532,-10.000000
6533,6.000000
6534,-14.000000
6535,-22.000000
6536,-22.000000
6537,-4.000000
6538,-4.000000
6539,32.000000
6540,10.000000
6541,-30.000000
6542,-4.000000
6543,-24.000000
6544,50.000000
6545,-20.000000
6546,54.000000
6547,-12.000000
6548,-26.000000
6549,-30.000000
6550,-78.000000
6551,24.000000
6552,-2.000000
6553,40.000000
6554,-16.000000
6555,-2.000000
6556,0.000000
6557,-22.000000
6558,-6.000000
6559,20.000000
6560,4.000000
6561,-12.000000
6562,-6.000000
6563,40.000000
6564,-12.000000
6565,-16.000000
6566,-4.000000
6567,60.000000
6568,-12.000000
6569,12.000000
6570,-8.000000
6571,14.000000
6572,14.000000
6573,-8.000000
6574,-14.000000
6575,6.000000
6576,-24.000000
6577,12.000000
6578,34.000000
6579,8.000000
6580,6.000000
6581,-10.000000
6582,-54.000000
6583,-108.000000
6584,-44.000000
6585,-4.000000
6586,2.000000
6587,2.000000
6588,-8.000000
6589,0.000000
6590,-26.000000
6591,42.000000
6592,8.000000
6593,8.000000
6594,46.000000
6595,8.000000
6596,-8.000000
6597,-2.000000
6598,28.000000
6599,-2.000000
6600,26.000000
6601,30.000000
6602,-60.000000
6603,-38.000000
6604,-4.000000
6605,12.000000
6606,22.000000
6607,0.000000
6608,-6.000000
6609,4.000000
6610,-8.000000
6611,20.000000
6612,26.000000
6613,-4.000000
6614,2.000000
6615,-16.000000
6616,40.000000
6617,-16.000000
6618,-16.000000
6619,-30.000000
6620,-4.000000
6621,20.000000
6622,-30.000000
6623,26.000000
6624,-8.000000
6625,-4.000000
6626,48.000000
6627,46.000000
6628,-18.000000
6629,-10.000000
6630,-10.000000
6631,-12.000000
6632,-8.000000
6633,-4.000000
6634,-2.000000
6635,-20.000000
6636,-10.000000
6637,12.000000
6638,40.000000
6639,40.000000
6640,-2.000000
6641,-22.000000
6642,-18.000000
6643,-26.000000
6644,32.000000
6645,24.000000
6646,14.000000
6647,-48.000000
6648,10.000000
6649,-8.000000
6650,-2.000000
6651,2.000000
6652,-14.000000
6653,-14.000000
6654,-2.000000
6655,2.000000
6656,-4.000000
6657,14.000000
6658,38.000000
6659,8.000000
6660,10.000000
6661,22.000000
6662,6.000000
6663,68.000000
6664,-34.000000
6665,14.000000
6666,12.000000
6667,-26.000000
6668,56.000000
6669,34.000000
6670,-32.000000
6671,14.000000
6672,8.000000
6673,14.000000
6674,-2.000000
6675,0.000000
6676,-14.000000
6677,68.000000
6678,24.000000
6679,-22.000000
6680,2.000000
6681,4.000000
6682,-50.000000
6683,-56.000000
6684,10.000000
6685,8.000000
6686,-10.000000
6687,26.000000
6688,2.000000
6689,-12.000000
6690,-30.000000
6691,-30.000000
6692,28.000000
6693,40.000000
6694,12.000000
6695,-36.000000
6696,-12.000000
6697,-4.000000
6698,-14.000000
6699,-28.000000
6700,-10.000000
6701,-16.000000
6702,-52.000000
6703,0.000000
6704,4.000000
6705,-6.000000
6706,-6.000000
6707,86.000000
6708,-80.000000
6709,-20.000000
6710,-26.000000
6711,-6.000000
6712,-14.000000
6713,-4.000000
6714,46.000000
6715,0.000000
6716,-36.000000
6717,16.000000
6718,28.000000
6719,60.000000
6720,38.000000
6721,8.000000
6722,-8.000000
6723,20.000000
6724,34.000000
6725,14.000000
6726,-4.000000
6727,26.000000
6728,-56.000000
6729,58.000000
6730,-62.000000
6731,14.000000
6732,40.000000
6733,-6.000000
6734,-24.000000
6735,-8.000000
6736,-26.000000
6737,-4.000000
6738,-4.000000
6739,-8.000000
6740,18.000000
6741,-4.000000
6742,2.000000
6743,26.000000
6744,24.000000
6745,-2.000000
6746,-6.000000
6747,-10.000000
6748,-12.000000
6749,-30.000000
6750,10.000000
6751,-4.000000
6752,-16.000000
6753,-10.000000
6754,-12.000000
6755,-20.000000
6756,58.000000
6757,-16.000000
6758,-14.000000
6759,20.000000
6760,40.000000
6761,-38.000000
6762,-14.000000
6763,-6.000000
6764,-12.000000
6765,-8.000000
6766,-36.000000
6767,-18.000000
6768,-28.000000
6769,2.000000
6770,-12.000000
6771,26.000000
6772,42.000000
6773,12.000000
6774,-8.000000
6775,2.000000
6776,82.000000
6777,2.000000
6778,28.000000
6779,-20.000000
6780,-26.000000
6781,50.000000
6782,6.000000
6783,0.000000
6784,-22.000000
6785,-22.000000
6786,2.000000
6787,4.000000
6788,-36.000000
6789,26.000000
6790,30.000000
6791,76.000000
6792,-28.000000
6793,-16.000000
6794,8.000000
6795,-22.000000
6796,22.000000
6797,10.000000
6798,-22.000000
6799,72.000000
6800,0.000000
6801,-36.000000
6802,10.000000
6803,-6.000000
6804,-12.000000
6805,-22.000000
6806,0.000000
6807,10.000000
6808,-26.000000
6809,12.000000
6810,2.000000
6811,2.000000
6812,-4.000000
6813,14.000000
6814,-30.000000
6815,-50.000000
6816,-22.000000
6817,-6.000000
6818,14.000000
6819,8.000000
6820,8.000000
6821,-10.000000
6822,-20.000000
6823,50.000000
6824,6.000000
6825,38.000000
6826,-34.000000
6827,-12.000000
6828,54.000000
6829,-4.000000
6830,14.000000
6831,-12.000000
6832,-22.000000
6833,12.000000
6834,46.000000
6835,-4.000000
6836,14.000000
6837,-54.000000
6838,-52.000000
6839,24.000000
6840,-76.000000
6841,68.000000
6842,2.000000
6843,0.000000
6844,32.000000
6845,24.000000
6846,46.000000
6847,-20.000000
6848,-12.000000
6849,-10.000000
6850,-10.000000
6851,-14.000000
6852,-20.000000
6853,34.000000
6854,-4.000000
6855,-56.000000
6856,40.000000
6857,6.000000
6858,40.000000
6859,-4.000000
6860,12.000000
6861,-34.000000
6862,-36.000000
6863,28.000000
6864,54.000000
6865,14.000000
6866,-16.000000
6867,-36.000000
6868,-26.000000
6869,6.000000
6870,-16.000000
6871,50.000000
6872,18.000000
6873,8.000000
6874,-6.000000
6875,-10.000000
6876,24.000000
6877,20.000000
6878,2.000000
6879,32.000000
6880,-8.000000
6881,8.000000
6882,4.000000
6883,8.000000
6884,2.000000
6885,-2.000000
6886,42.000000
6887,10.000000
6888,-48.000000
6889,8.000000
6890,8.000000
6891,-6.000000
6892,-20.000000
6893,0.000000
6894,-12.000000
6895,8.000000
6896,2.000000
6897,-12.000000
6898,-8.000000
6899,28.000000
6900,10.000000
6901,-110.000000
6902,-8.000000
6903,14.000000
6904,48.000000
6905,50.000000
6906,10.000000
6907,22.000000
6908,-4.000000
6909,-34.000000
6910,26.000000
6911,-18.000000
6912,-8.000000
6913,-2.000000
6914,-18.000000
6915,8.000000
6916,50.000000
6917,2.000000
6918,-20.000000
6919,-4.000000
6920,-22.000000
6921,10.000000
6922,-22.000000
6923,-12.000000
6924,2.000000
6925,-8.000000
6926,6.000000
6927,-20.000000
6928,-24.000000
6929,2.000000
6930,-16.000000
6931,14.000000
6932,46.000000
6933,-10.000000
6934,34.000000
6935,-4.000000
6936,14.000000
6937,-4.000000
6938,-2.000000
6939,-38.000000
6940,-30.000000
6941,-4.000000
6942,-4.000000
6943,-48.000000
6944,-2.000000
6945,12.000000
6946,-78.000000
6947,44.000000
6948,-14.000000
6949,-4.000000
6950,-16.000000
6951,10.000000
6952,-4.000000
6953,-16.000000
6954,-14.000000
6955,-22.000000
6956,-32.000000
6957,10.000000
6958,-32.000000
6959,-2.000000
6960,-4.000000
6961,22.000000
6962,8.000000
6963,-36.000000
6964,-12.000000
6965,16.000000
6966,16.000000
6967,-20.000000
6968,-12.000000
6969,18.000000
6970,0.000000
6971,-20.000000
6972,54.000000
6973,-10.000000
6974,86.000000
6975,36.000000
6976,10.000000
6977,62.000000
6978,-22.000000
6979,20.000000
6980,6.000000
6981,8.000000
6982,-22.000000
6983,28.000000
6984,-10.000000
6985,8.000000
6986,-12.000000
6987,-12.000000
6988,6.000000
6989,38.000000
6990,-12.000000
6991,14.000000
6992,20.000000
6993,6.000000
6994,-10.000000
6995,-2.000000
6996,-4.000000
6997,-14.000000
6998,14.000000
6999,20.000000
7000,20.000000
7001,-22.000000
7002,26.000000
7003,-12.000000
7004,20.000000
7005,2.000000
7006,-44.000000
7007,-30.000000
7008,10.000000
7009,-6.000000
7010,12.000000
7011,10.000000
7012,12.000000
7013,54.000000
7014,14.000000
7015,30.000000
7016,-8.000000
7017,-30.000000
7018,-8.000000
7019,-4.000000
7020,-34.000000
7021,10.000000
7022,40.000000
7023,-4.000000
7024,-36.000000
7025,-30.000000
7026,-44.000000
7027,22.000000
7028,16.000000
7029,8.000000
7030,62.000000
7031,-30.000000
7032,-36.000000
7033,-22.000000
7034,-8.000000
7035,16.000000
7036,-6.000000
7037,-16.000000
7038,28.000000
7039,-18.000000
7040,34.000000
7041,-18.000000
7042,-72.000000
7043,24.000000
7044,-16.000000
7045,-12.000000
7046,58.000000
7047,28.000000
7048,-44.000000
7049,68.000000
7050,-8.000000
7051,-32.000000
7052,-4.000000
7053,-46.000000
7054,16.000000
7055,8.000000
7056,16.000000
7057,-36.000000
7058,50.000000
7059,8.000000
7060,62.000000
7061,32.000000
7062,32.000000
7063,32.000000
7064,32.000000
7065,32.000000
7066,32.000000
7067,32.000000
7068,32.000000
7069,32.000000
7070,32.000000
7071,32.000000
7072,32.000000
7073,32.000000
7074,32.000000
7075,32.000000
7076,34.000000
7077,68.000000
7078,-2.000000
7079,-12.000000
7080,-22.000000
7081,-14.000000
7082,42.000000
7083,2.000000
7084,-118.000000
7085,-12.000000
7086,22.000000
7087,-14.000000
7088,-10.000000
7089,0.000000
7090,-26.000000
7091,8.000000
7092,6.000000
7093,-8.000000
7094,-4.000000
7095,-34.000000
7096,-2.000000
7097,-10.000000
7098,-16.000000
7099,-38.000000
7100,8.000000
7101,-44.000000
7102,26.000000
7103,32.000000
7104,6.000000
7105,-4.000000
7106,-6.000000
7107,-12.000000
7108,24.000000
7109,16.000000
7110,-14.000000
7111,24.000000
7112,-6.000000
7113,0.000000
7114,22.000000
7115,0.000000
7116,32.000000
7117,12.000000
7118,-26.000000
7119,-30.000000
7120,-68.000000
7121,-30.000000
7122,6.000000
7123,28.000000
7124,14.000000
7125,-2.000000
7126,24.000000
7127,-34.000000
7128,-46.000000
7129,56.000000
7130,54.000000
7131,-10.000000
7132,2.000000
7133,-12.000000
7134,32.000000
7135,8.000000
7136,6.000000
7137,-12.000000
7138,-22.000000
7139,8.000000
7140,-36.000000
7141,8.000000
7142,30.000000
7143,0.000000
7144,28.000000
7145,16.000000
7146,18.000000
7147,-4.000000
7148,-22.000000
7149,8.000000
7150,-26.000000
7151,-16.000000
7152,-4.000000
7153,-26.000000
7154,-30.000000
7155,28.000000
7156,58.000000
7157,-28.000000
7158,60.000000
7159,54.000000
7160,-18.000000
7161,-44.000000
7162,-18.000000
7163,-4.000000
7164,-26.000000
7165,-30.000000
7166,-8.000000
7167,-18.000000
7168,-4.000000
7169,62.000000
7170,28.000000
7171,-54.000000
7172,-54.000000
7173,-8.000000
7174,60.000000
7175,0.000000
7176,2.000000
7177,-4.000000
7178,-12.000000
7179,-4.000000
7180,-10.000000
7181,-46.000000
7182,8.000000
7183,42.000000
7184,-72.000000
7185,6.000000
7186,0.000000
7187,14.000000
7188,10.000000
7189,-24.000000
7190,-6.000000
7191,0.000000
7192,40.000000
7193,2.000000
7194,6.000000
7195,-12.000000
7196,12.000000
7197,26.000000
7198,-34.000000
7199,28.000000
7200,28.000000
7201,-36.000000
7202,-78.000000
7203,-14.000000
7204,-4.000000
7205,-34.000000
7206,12.000000
7207,-12.000000
7208,-102.000000
7209,-6.000000
7210,54.000000
7211,2.000000
7212,-20.000000
7213,26.000000
7214,-60.000000
7215,-30.000000
7216,-6.000000
7217,0.000000
7218,-26.000000
7219,62.000000
7220,54.000000
7221,-18.000000
7222,-12.000000
7223,8.000000
7224,6.000000
7225,-12.000000
7226,-12.000000
7227,2.000000
7228,2.000000
7229,16.000000
7230,56.000000
7231,46.000000
7232,16.000000
7233,30.000000
7234,10.000000
7235,-22.000000
7236,14.000000
7237,2.000000
7238,0.000000
7239,-28.000000
7240,-34.000000
7241,-22.000000
7242,-22.000000
7243,6.000000
7244,-34.000000
7245,14.000000
7246,-52.000000
7247,2.000000
7248,0.000000
7249,-12.000000
7250,0.000000
7251,26.000000
7252,20.000000
7253,2.000000
7254,-38.000000
7255,18.000000
7256,0.000000
7257,6.000000
7258,-24.000000
7259,-4.000000
7260,-16.000000
7261,-28.000000
7262,50.000000
7263,-2.000000
7264,34.000000
7265,-4.000000
7266,30.000000
7267,-32.000000
7268,-18.000000
7269,10.000000
7270,-4.000000
7271,-44.000000
7272,-2.000000
7273,40.000000
7274,30.000000
7275,14.000000
7276,90.000000
7277,26.000000
7278,34.000000
7279,-26.000000
7280,68.000000
7281,0.000000
7282,-16.000000
7283,22.000000
7284,10.000000
7285,30.000000
7286,-72.000000
7287,16.000000
7288,16.000000
7289,4.000000
7290,-4.000000
7291,-8.000000
7292,8.000000
7293,8.000000
7294,-2.000000
7295,-12.000000
7296,40.000000
7297,-18.000000
7298,-2.000000
7299,10.000000
7300,-12.000000
7301,68.000000
7302,-20.000000
7303,-52.000000
7304,-2.000000
7305,-4.000000
7306,40.000000
7307,8.000000
7308,14.000000
7309,-8.000000
7310,54.000000
7311,28.000000
7312,8.000000
7313,-8.000000
7314,-8.000000
7315,-16.000000
7316,6.000000
7317,38.000000
7318,6.000000
7319,8.000000
7320,10.000000
7321,-26.000000
7322,-34.000000
7323,42.000000
7324,20.000000
7325,-68.000000
7326,12.000000
7327,26.000000
7328,-4.000000
7329,-26.000000
7330,-12.000000
7331,-12.000000
7332,-26.000000
7333,32.000000
7334,-24.000000
7335,-30.000000
7336,24.000000
7337,30.000000
7338,8.000000
7339,-14.000000
7340,30.000000
7341,-4.000000
7342,24.000000
7343,10.000000
7344,-2.000000
7345,14.000000
7346,-12.000000
7347,0.000000
7348,-14.000000
7349,8.000000
7350,-16.000000
7351,8.000000
7352,-50.000000
7353,-8.000000
7354,-22.000000
7355,-106.000000
7356,-84.000000
7357,-30.000000
7358,-28.000000
7359,58.000000
7360,4.000000
7361,24.000000
7362,-22.000000
7363,-16.000000
7364,-16.000000
7365,2.000000
7366,40.000000
7367,-14.000000
7368,-20.000000
7369,30.000000
7370,-14.000000
7371,-38.000000
7372,50.000000
7373,-2.000000
7374,-8.000000
7375,24.000000
7376,0.000000
7377,8.000000
7378,46.000000
7379,34.000000
7380,-24.000000
7381,8.000000
7382,44.000000
7383,-34.000000
7384,8.000000
7385,-18.000000
7386,-8.000000
7387,34.000000
7388,64.000000
7389,-38.000000
7390,-16.000000
7391,-4.000000
7392,-4.000000
7393,26.000000
7394,28.000000
7395,-54.000000
7396,-22.000000
7397,6.000000
7398,-34.000000
7399,-30.000000
7400,-18.000000
7401,26.000000
7402,14.000000
7403,-50.000000
7404,36.000000
7405,-6.000000
7406,0.000000
7407,-26.000000
7408,0.000000
7409,-12.000000
7410,-12.000000
7411,-20.000000
7412,-54.000000
7413,-18.000000
7414,-40.000000
7415,2.000000
7416,-18.000000
7417,40.000000
7418,8.000000
7419,8.000000
7420,32.000000
7421,36.000000
7422,46.000000
7423,48.000000
7424,20.000000
7425,36.000000
7426,16.000000
7427,-8.000000
7428,-32.000000
7429,-4.000000
7430,0.000000
7431,46.000000
7432,-2.000000
7433,-16.000000
7434,10.000000
7435,-22.000000
7436,0.000000
7437,-20.000000
7438,34.000000
7439,-8.000000
7440,20.000000
7441,14.000000
7442,-14.000000
7443,4.000000
7444,-8.000000
7445,-26.000000
7446,-20.000000
7447,20.000000
7448,14.000000
7449,24.000000
7450,-8.000000
7451,68.000000
7452,36.000000
7453,14.000000
7454,12.000000
7455,-4.000000
7456,44.000000
7457,-12.000000
7458,16.000000
7459,16.000000
7460,-2.000000
7461,26.000000
7462,60.000000
7463,22.000000
7464,22.000000
7465,-4.000000
7466,44.000000
7467,8.000000
7468,0.000000
7469,-68.000000
7470,-18.000000
7471,-12.000000
7472,-12.000000
7473,14.000000
7474,2.000000
7475,10.000000
7476,30.000000
7477,-26.000000
7478,2.000000
7479,2.000000
7480,14.000000
7481,-54.000000
7482,-28.000000
7483,0.000000
7484,-12.000000
7485,-42.000000
7486,4.000000
7487,-12.000000
7488,-10.000000
7489,-6.000000
7490,16.000000
7491,14.000000
7492,30.000000
7493,-28.000000
7494,60.000000
7495,-20.000000
7496,-6.000000
7497,68.000000
7498,-6.000000
7499,-6.000000
7500,-4.000000
7501,10.000000
7502,-4.000000
7503,-24.000000
7504,34.000000
7505,0.000000
7506,-10.000000
7507,12.000000
7508,42.000000
7509,-6.000000
7510,-44.000000
7511,0.000000
7512,44.000000
7513,4.000000
7514,0.000000
7515,26.000000
7516,-30.000000
7517,18.000000
7518,14.000000
7519,-8.000000
7520,-30.000000
7521,-12.000000
7522,-28.000000
7523,-12.000000
7524,28.000000
7525,56.000000
7526,64.000000
7527,8.000000
7528,-44.000000
7529,28.000000
7530,-6.000000
7531,26.000000
7532,-4.000000
7533,16.000000
7534,-12.000000
7535,82.000000
7536,-78.000000
7537,-48.000000
7538,-2.000000
7539,-48.000000
7540,-20.000000
7541,2.000000
7542,64.000000
7543,-8.000000
7544,-10.000000
7545,0.000000
7546,20.000000
7547,2.000000
7548,34.000000
7549,-8.000000
7550,26.000000
7551,0.000000
7552,-60.000000
7553,-2.000000
7554,-46.000000
7555,-26.000000
7556,4.000000
7557,26.000000
7558,-68.000000
7559,20.000000
7560,-12.000000
7561,4.000000
7562,2.000000
7563,0.000000
7564,2.000000
7565,60.000000
7566,68.000000
7567,-56.000000
7568,20.000000
7569,-14.000000
7570,6.000000
7571,-34.000000
7572,-6.000000
7573,24.000000
7574,-64.000000
7575,-10.000000
7576,12.000000
7577,0.000000
7578,38.000000
7579,6.000000
7580,14.000000
7581,32.000000
7582,-4.000000
7583,40.000000
7584,24.000000
7585,30.000000
7586,-14.000000
7587,0.000000
7588,12.000000
7589,-26.000000
7590,-38.000000
7591,64.000000
7592,-68.000000
7593,42.000000
7594,72.000000
7595,-8.000000
7596,6.000000
7597,32.000000
7598,38.000000
7599,-4.000000
7600,20.000000
7601,34.000000
7602,-46.000000
7603,24.000000
7604,28.000000
7605,-6.000000
7606,0.000000
7607,-6.000000
7608,-14.000000
7609,46.000000
7610,-56.000000
7611,-2.000000
7612,46.000000
7613,-12.000000
7614,-44.000000
7615,16.000000
7616,10.000000
7617,-4.000000
7618,-18.000000
7619,-16.000000
7620,26.000000
7621,-4.000000
7622,2.000000
7623,-22.000000
7624,12.000000
7625,8.000000
7626,-38.000000
7627,12.000000
7628,-18.000000
7629,44.000000
7630,-2.000000
7631,26.000000
7632,46.000000
7633,12.000000
7634,34.000000
7635,22.000000
7636,14.000000
7637,68.000000
7638,-26.000000
7639,0.000000
7640,16.000000
7641,-4.000000
7642,20.000000
7643,-36.000000
7644,-66.000000
7645,-54.000000
7646,54.000000
7647,-90.000000
7648,14.000000
7649,40.000000
7650,-30.000000
7651,-44.000000
7652,-26.000000
7653,-46.000000
7654,2.000000
7655,42.000000
7656,92.000000
7657,34.000000
7658,34.000000
7659,14.000000
7660,-36.000000
7661,12.000000
7662,12.000000
7663,56.000000
7664,-20.000000
7665,0.000000
7666,-22.000000
7667,32.000000
7668,14.000000
7669,-4.000000
7670,-36.000000
7671,22.000000
7672,-22.000000
7673,-16.000000
7674,-30.000000
7675,-34.000000
7676,6.000000
7677,24.000000
7678,24.000000
7679,10.000000
7680,-64.000000
7681,-22.000000
7682,-12.000000
7683,-14.000000
7684,2.000000
7685,22.000000
7686,-12.000000
7687,-4.000000
7688,8.000000
7689,-46.000000
7690,-32.000000
7691,12.000000
7692,14.000000
7693,100.000000
7694,46.000000
7695,32.000000
7696,-42.000000
7697,-4.000000
7698,16.000000
7699,-4.000000
7700,6.000000
7701,120.000000
7702,-16.000000
7703,4.000000
7704,24.000000
7705,-34.000000
7706,-12.000000
7707,6.000000
7708,-12.000000
7709,42.000000
7710,-28.000000
7711,-16.000000
7712,2.000000
7713,8.000000
7714,12.000000
7715,8.000000
7716,30.000000
7717,24.000000
7718,-30.000000
7719,0.000000
7720,26.000000
7721,46.000000
7722,-2.000000
7723,0.000000
7724,-44.000000
7725,46.000000
7726,4.000000
7727,22.000000
7728,-12.000000
7729,-16.000000
7730,12.000000
7731,2.000000
7732,-10.000000
7733,2.000000
7734,28.000000
7735,-12.000000
7736,2.000000
7737,28.000000
7738,64.000000
7739,14.000000
7740,-14.000000
7741,-6.000000
7742,-56.000000
7743,20.000000
7744,-18.000000
7745,68.000000
7746,-12.000000
7747,8.000000
7748,-52.000000
7749,-2.000000
7750,-14.000000
7751,8.000000
7752,26.000000
7753,-4.000000
7754,-14.000000
7755,-26.000000
7756,-12.000000
7757,-12.000000
7758,2.000000
7759,46.000000
7760,-10.000000
7761,30.000000
7762,-50.000000
7763,34.000000
7764,-2.000000
7765,12.000000
7766,68.000000
7767,10.000000
7768,22.000000
7769,-10.000000
7770,4.000000
7771,28.000000
7772,-30.000000
7773,20.000000
7774,16.000000
7775,-36.000000
7776,-2.000000
7777,46.000000
7778,40.000000
7779,26.000000
7780,8.000000
7781,2.000000
7782,4.000000
7783,10.000000
7784,26.000000
7785,36.000000
7786,26.000000
7787,54.000000
7788,-8.000000
7789,10.000000
7790,-2.000000
7791,-4.000000
7792,12.000000
7793,14.000000
7794,-16.000000
7795,8.000000
7796,-24.000000
7797,-36.000000
7798,-32.000000
7799,-4.000000
7800,-14.000000
7801,14.000000
7802,8.000000
7803,6.000000
7804,40.000000
7805,12.000000
7806,-6.000000
7807,-6.000000
7808,2.000000
7809,10.000000
7810,-30.000000
7811,-8.000000
7812,38.000000
7813,-56.000000
7814,16.000000
7815,26.000000
7816,2.000000
7817,20.000000
7818,-44.000000
7819,14.000000
7820,18.000000
7821,14.000000
7822,-36.000000
7823,-12.000000
7824,8.000000
7825,14.000000
7826,4.000000
7827,60.000000
7828,-6.000000
7829,4.000000
7830,-2.000000
7831,24.000000
7832,-6.000000
7833,78.000000
7834,-38.000000
7835,-8.000000
7836,82.000000
7837,-8.000000
7838,-4.000000
7839,24.000000
7840,0.000000
7841,-34.000000
7842,-10.000000
7843,-12.000000
7844,24.000000
7845,44.000000
7846,-18.000000
7847,-44.000000
7848,-4.000000
7849,-12.000000
7850,32.000000
7851,4.000000
7852,-18.000000
7853,-8.000000
7854,-18.000000
7855,10.000000
7856,-12.000000
7857,-30.000000
7858,-54.000000
7859,10.000000
7860,-8.000000
7861,-82.000000
7862,-40.000000
7863,2.000000
7864,82.000000
7865,-16.000000
7866,-18.000000
7867,72.000000
7868,-26.000000
7869,10.000000
7870,-12.000000
7871,-26.000000
7872,10.000000
7873,-6.000000
7874,-16.000000
7875,16.000000
7876,-36.000000
7877,44.000000
7878,-46.000000
7879,28.000000
7880,-12.000000
7881,28.000000
7882,10.000000
7883,-8.000000
7884,16.000000
7885,0.000000
7886,0.000000
7887,-18.000000
7888,22.000000
7889,2.000000
7890,16.000000
7891,40.000000
7892,28.000000
7893,-10.000000
7894,-2.000000
7895,-22.000000
7896,-68.000000
7897,16.000000
7898,-20.000000
7899,-68.000000
7900,-8.000000
7901,4.000000
7902,4.000000
7903,-4.000000
7904,-32.000000
7905,34.000000
7906,-12.000000
7907,0.000000
7908,24.000000
7909,-6.000000
7910,16.000000
7911,18.000000
7912,12.000000
7913,34.000000
7914,-36.000000
7915,-6.000000
7916,-16.000000
7917,50.000000
7918,14.000000
7919,-18.000000
7920,8.000000
7921,-62.000000
7922,-26.000000
7923,-4.000000
7924,46.000000
7925,-4.000000
7926,64.000000
7927,-4.000000
7928,6.000000
7929,-26.000000
7930,-44.000000
7931,8.000000
7932,16.000000
7933,-12.000000
7934,-2.000000
7935,-12.000000
7936,6.000000
7937,-12.000000
7938,42.000000
7939,-14.000000
7940,2.000000
7941,4.000000
7942,32.000000
7943,2.000000
7944,86.000000
7945,-18.000000
7946,-44.000000
7947,0.000000
7948,14.000000
7949,8.000000
7950,-8.000000
7951,54.000000
7952,32.000000
7953,-34.000000
7954,-26.000000
7955,-4.000000
7956,60.000000
7957,-14.000000
7958,-2.000000
7959,78.000000
7960,-18.000000
7961,10.000000
7962,10.000000
7963,2.000000
7964,-10.000000
7965,-62.000000
7966,-30.000000
7967,-10.000000
7968,-4.000000
7969,68.000000
7970,22.000000
7971,34.000000
7972,-4.000000
7973,-2.000000
7974,-4.000000
7975,-48.000000
7976,-64.000000
7977,-20.000000
7978,28.000000
7979,68.000000
7980,10.000000
7981,-38.000000
7982,-12.000000
7983,4.000000
7984,-26.000000
7985,2.000000
7986,-2.000000
7987,-4.000000
7988,28.000000
7989,28.000000
7990,28.000000
7991,-4.000000
7992,68.000000
7993,12.000000
7994,34.000000
7995,-36.000000
7996,46.000000
7997,-2.000000
7998,108.000000
7999,16.000000
8000,-16.000000
8001,-4.000000
8002,-68.000000
8003,2.000000
8004,-26.000000
8005,-4.000000
8006,-20.000000
8007,-6.000000
8008,20.000000
8009,-22.000000
8010,-18.000000
8011,32.000000
8012,-24.000000
8013,24.000000
8014,26.000000
8015,14.000000
8016,16.000000
8017,-20.000000
8018,12.000000
8019,8.000000
8020,-12.000000
8021,14.000000
8022,14.000000
8023,0.000000
8024,32.000000
8025,20.000000
8026,-60.000000
8027,-8.000000
8028,10.000000
8029,16.000000
8030,0.000000
8031,-18.000000
8032,-30.000000
8033,-18.000000
8034,-8.000000
8035,-22.000000
8036,64.000000
8037,8.000000
8038,-8.000000
8039,44.000000
8040,2.000000
8041,-8.000000
8042,2.000000
8043,-8.000000
8044,-18.000000
8045,-14.000000
8046,-12.000000
8047,-44.000000
8048,-2.000000
8049,50.000000
8050,-8.000000
8051,-12.000000
8052,4.000000
8053,-12.000000
8054,-4.000000
8055,28.000000
8056,10.000000
8057,2.000000
8058,14.000000
8059,-16.000000
8060,-10.000000
8061,-12.000000
8062,-8.000000
8063,-74.000000
8064,4.000000
8065,-8.000000
8066,8.000000
8067,-38.000000
8068,-34.000000
8069,0.000000
8070,-6.000000
8071,-14.000000
8072,24.000000
8073,-26.000000
8074,6.000000
8075,-24.000000
8076,0.000000
8077,-20.000000
8078,-10.000000
8079,-60.000000
8080,-50.000000
8081,-12.000000
8082,-54.000000
8083,4.000000
8084,4.000000
8085,54.000000
8086,-8.000000
8087,4.000000
8088,-10.000000
8089,14.000000
8090,-58.000000
8091,-42.000000
8092,-16.000000
8093,-16.000000
8094,-12.000000
8095,2.000000
8096,-18.000000
8097,-14.000000
8098,24.000000
8099,14.000000
8100,8.000000
8101,30.000000
8102,18.000000
8103,-6.000000
8104,14.000000
8105,-28.000000
8106,-30.000000
8107,-4.000000
8108,28.000000
8109,-16.000000
8110,46.000000
8111,-30.000000
8112,14.000000
8113,-24.000000
8114,8.000000
8115,46.000000
8116,-12.000000
8117,70.000000
8118,-2.000000
8119,8.000000
8120,26.000000
8121,60.000000
8122,-16.000000
8123,12.000000
8124,-36.000000
8125,22.000000
8126,-8.000000
8127,-36.000000
8128,-36.000000
8129,44.000000
8130,-28.000000
8131,-12.000000
8132,22.000000
8133,22.000000
8134,-68.000000
8135,82.000000
8136,-2.000000
8137,-58.000000
8138,8.000000
8139,100.000000
8140,-12.000000
8141,-26.000000
8142,-22.000000
8143,2.000000
8144,-16.000000
8145,54.000000
8146,-18.000000
8147,26.000000
8148,40.000000
8149,16.000000
8150,58.000000
8151,-26.000000
8152,-20.000000
8153,0.000000
8154,4.000000
8155,-4.000000
8156,8.000000
8157,-16.000000
8158,20.000000
8159,-20.000000
8160,-10.000000
8161,-38.000000
8162,-4.000000
8163,-40.000000
8164,-22.000000
8165,-12.000000
8166,-20.000000
8167,8.000000
8168,14.000000
8169,24.000000
8170,32.000000
8171,18.000000
8172,-40.000000
8173,-14.000000
8174,-8.000000
8175,46.000000
8176,36.000000
8177,-4.000000
8178,40.000000
8179,24.000000
8180,-44.000000
8181,-34.000000
8182,40.000000
8183,38.000000
8184,24.000000
8185,14.000000
8186,22.000000
8187,20.000000
8188,-20.000000
8189,-2.000000
8190,-2.000000
8191,-18.000000
8192,-8.000000
8193,-40.000000
8194,-48.000000
8195,-6.000000
8196,2.000000
8197,-60.000000
8198,-12.000000
8199,8.000000
8200,-28.000000
8201,4.000000
8202,0.000000
8203,64.000000
8204,32.000000
8205,-16.000000
8206,-24.000000
8207,-50.000000
8208,6.000000
8209,26.000000
8210,-12.000000
8211,-6.000000
8212,8.000000
8213,4.000000
8214,-8.000000
8215,0.000000
8216,-2.000000
8217,-8.000000
8218,14.000000
8219,28.000000
8220,-14.000000
8221,2.000000
8222,-8.000000
8223,-4.000000
8224,32.000000
8225,12.000000
8226,14.000000
8227,6.000000
8228,-8.000000
8229,-14.000000
8230,-10.000000
8231,44.000000
8232,-4.000000
8233,2.000000
8234,20.000000
8235,-26.000000
8236,-18.000000
8237,-32.000000
8238,-34.000000
8239,-18.000000
8240,-14.000000
8241,0.000000
8242,-12.000000
8243,-24.000000
8244,86.000000
8245,-10.000000
8246,-20.000000
8247,-10.000000
8248,20.000000
8249,-8.000000
8250,-22.000000
8251,22.000000
8252,-36.000000
8253,8.000000
8254,-6.000000
8255,-6.000000
8256,-18.000000
8257,22.000000
8258,30.000000
8259,24.000000
8260,10.000000
8261,-8.000000
8262,12.000000
8263,-12.000000
8264,10.000000
8265,-8.000000
8266,-6.000000
8267,22.000000
8268,22.000000
8269,42.000000
8270,60.000000
8271,8.000000
8272,36.000000
8273,-30.000000
8274,-30.000000
8275,4.000000
8276,54.000000
8277,-2.000000
8278,-4.000000
8279,108.000000
8280,-28.000000
8281,8.000000
8282,10.000000
8283,40.000000
8284,26.000000
8285,18.000000
8286,18.000000
8287,-62.000000
8288,-10.000000
8289,8.000000
8290,0.000000
8291,34.000000
8292,-16.000000
8293,28.000000
8294,0.000000
8295,48.000000
8296,-54.000000
8297,34.000000
8298,-48.000000
8299,0.000000
8300,46.000000
8301,16.000000
8302,-70.000000
8303,-8.000000
8304,-30.000000
8305,32.000000
8306,-18.000000
8307,-34.000000
8308,-10.000000
8309,-12.000000
8310,2.000000
8311,-8.000000
8312,0.000000
8313,16.000000
8314,6.000000
8315,-18.000000
8316,-30.000000
8317,46.000000
8318,28.000000
8319,32.000000
8320,-10.000000
8321,62.000000
8322,-22.000000
8323,18.000000
8324,16.000000
8325,10.000000
8326,16.000000
8327,-16.000000
8328,10.000000
8329,28.000000
8330,-4.000000
8331,32.000000
8332,30.000000
8333,-24.000000
8334,34.000000
8335,8.000000
8336,-26.000000
8337,-26.000000
8338,-38.000000
8339,-38.000000
8340,4.000000
8341,26.000000
8342,-8.000000
8343,-22.000000
8344,-10.000000
8345,58.000000
8346,-20.000000
8347,-4.000000
8348,-4.000000
8349,42.000000
8350,26.000000
8351,8.000000
8352,2.000000
8353,2.000000
8354,-26.000000
8355,8.000000
8356,-4.000000
8357,20.000000
8358,4.000000
8359,34.000000
8360,-20.000000
8361,2.000000
8362,-42.000000
8363,-12.000000
8364,8.000000
8365,64.000000
8366,6.000000
8367,82.000000
8368,6.000000
8369,10.000000
8370,-12.000000
8371,-18.000000
8372,24.000000
8373,-12.000000
8374,-38.000000
8375,10.000000
8376,-4.000000
8377,0.000000
8378,-22.000000
8379,4.000000
8380,-26.000000
8381,-6.000000
8382,-6.000000
8383,0.000000
8384,-50.000000
8385,0.000000
8386,38.000000
8387,4.000000
8388,-4.000000
8389,-14.000000
8390,-24.000000
8391,8.000000
8392,2.000000
8393,-14.000000
8394,-2.000000
8395,-32.000000
8396,-30.000000
8397,-26.000000
8398,-22.000000
8399,8.000000
8400,-48.000000
8401,-20.000000
8402,32.000000
8403,-16.000000
8404,-14.000000
8405,14.000000
8406,-18.000000
8407,26.000000
8408,-8.000000
8409,6.000000
8410,-4.000000
8411,-2.000000
8412,-24.000000
8413,-56.000000
8414,-4.000000
8415,-22.000000
8416,24.000000
8417,-50.000000
8418,12.000000
8419,-12.000000
8420,22.000000
8421,-4.000000
8422,-2.000000
8423,-68.000000
8424,-12.000000
8425,6.000000
8426,4.000000
8427,46.000000
8428,2.000000
8429,16.000000
8430,-48.000000
8431,-2.000000
8432,60.000000
8433,-16.000000
8434,-14.000000
8435,6.000000
8436,-4.000000
8437,-12.000000
8438,40.000000
8439,22.000000
8440,-26.000000
8441,34.000000
8442,26.000000
8443,16.000000
8444,16.000000
8445,82.000000
8446,-44.000000
8447,-2.000000
8448,-12.000000
8449,0.000000
8450,-44.000000
8451,30.000000
8452,10.000000
8453,-24.000000
8454,-10.000000
8455,10.000000
8456,16.000000
8457,6.000000
8458,4.000000
8459,22.000000
8460,-36.000000
8461,6.000000
8462,-60.000000
8463,-68.000000
8464,-16.000000
8465,8.000000
8466,12.000000
8467,-74.000000
8468,46.000000
8469,78.000000
8470,24.000000
8471,-2.000000
8472,-4.000000
8473,-8.000000
8474,-22.000000
8475,4.000000
8476,-4.000000
8477,8.000000
8478,-20.000000
8479,-40.000000
8480,-26.000000
8481,10.000000
8482,30.000000
8483,-18.000000
8484,4.000000
8485,-6.000000
8486,-30.000000
8487,14.000000
8488,4.000000
8489,-14.000000
8490,8.000000
8491,-6.000000
8492,-4.000000
8493,64.000000
8494,8.000000
8495,2.000000
8496,-52.000000
8497,-4.000000
8498,-16.000000
8499,34.000000
8500,-40.000000
8501,28.000000
8502,-14.000000
8503,2.000000
8504,-4.000000
8505,-20.000000
8506,26.000000
8507,-20.000000
8508,-30.000000
8509,-6.000000
8510,-4.000000
8511,-4.000000
8512,-26.000000
8513,8.000000
8514,-24.000000
8515,38.000000
8516,-26.000000
8517,26.000000
8518,-28.000000
8519,28.000000
8520,-16.000000
8521,74.000000
8522,42.000000
8523,-12.000000
8524,-12.000000
8525,-10.000000
8526,-38.000000
8527,24.000000
8528,32.000000
8529,0.000000
8530,-62.000000
8531,2.000000
8532,8.000000
8533,-8.000000
8534,82.000000
8535,-82.000000
8536,-2.000000
8537,30.000000
8538,-26.000000
8539,28.000000
8540,-18.000000
8541,26.000000
8542,-12.000000
8543,16.000000
8544,34.000000
8545,-22.000000
8546,-28.000000
8547,-4.000000
8548,22.000000
8549,18.000000
8550,-6.000000
8551,-30.000000
8552,8.000000
8553,-16.000000
8554,-20.000000
8555,-14.000000
8556,-22.000000
8557,-44.000000
8558,-44.000000
8559,-16.000000
8560,-28.000000
8561,38.000000
8562,-4.000000
8563,-34.000000
8564,64.000000
8565,-4.000000
8566,-18.000000
8567,54.000000
8568,-10.000000
8569,-14.000000
8570,-14.000000
8571,-22.000000
8572,18.000000
8573,-76.000000
8574,42.000000
8575,-4.000000
8576,-18.000000
8577,22.000000
8578,16.000000
8579,6.000000
8580,-14.000000
8581,-26.000000
8582,-38.000000
8583,8.000000
8584,38.000000
8585,-52.000000
8586,62.000000
8587,40.000000
8588,2.000000
8589,-14.000000
8590,-12.000000
8591,-20.000000
8592,-22.000000
8593,-40.000000
8594,10.000000
8595,8.000000
8596,-70.000000
8597,-12.000000
8598,-48.000000
8599,24.000000
8600,-4.000000
8601,26.000000
8602,94.000000
8603,-20.000000
8604,-26.000000
8605,-36.000000
8606,16.000000
8607,14.000000
8608,6.000000
8609,-24.000000
8610,82.000000
8611,-22.000000
8612,10.000000
8613,18.000000
8614,-8.000000
8615,-4.000000
8616,2.000000
8617,-30.000000
8618,26.000000
8619,-44.000000
8620,-46.000000
8621,0.000000
8622,54.000000
8623,-90.000000
8624,14.000000
8625,-26.000000
8626,16.000000
8627,-10.000000
8628,-6.000000
8629,-30.000000
8630,44.000000
8631,-2.000000
8632,-14.000000
8633,-16.000000
8634,8.000000
8635,14.000000
8636,10.000000
8637,-14.000000
8638,24.000000
8639,-12.000000
8640,50.000000
8641,-6.000000
8642,10.000000
8643,-22.000000
8644,78.000000
8645,44.000000
8646,10.000000
8647,36.000000
8648,10.000000
8649,92.000000
8650,-56.000000
8651,22.000000
8652,4.000000
8653,-26.000000
8654,-30.000000
8655,-12.000000
8656,8.000000
8657,0.000000
8658,8.000000
8659,-30.000000
8660,6.000000
8661,-2.000000
8662,-6.000000
8663,-64.000000
8664,2.000000
8665,-40.000000
8666,-8.000000
8667,2.000000
8668,64.000000
8669,8.000000
8670,4.000000
8671,58.000000
8672,14.000000
8673,16.000000
8674,24.000000
8675,-6.000000
8676,-70.000000
8677,-18.000000
8678,-18.000000
8679,-2.000000
8680,-20.000000
8681,8.000000
8682,-4.000000
8683,-26.000000
8684,-26.000000
8685,76.000000
8686,42.000000
8687,6.000000
8688,-28.000000
8689,-30.000000
8690,76.000000
8691,-34.000000
8692,-14.000000
8693,-30.000000
8694,20.000000
8695,-38.000000
8696,14.000000
8697,8.000000
8698,-4.000000
8699,26.000000
8700,-6.000000
8701,-18.000000
8702,-16.000000
8703,-34.000000
8704,-42.000000
8705,10.000000
8706,104.000000
8707,-20.000000
8708,-12.000000
8709,8.000000
8710,-38.000000
8711,-16.000000
8712,14.000000
8713,38.000000
8714,-52.000000
8715,-94.000000
8716,-10.000000
8717,-4.000000
8718,8.000000
8719,28.000000
8720,-12.000000
8721,24.000000
8722,-16.000000
8723,10.000000
8724,-30.000000
8725,-82.000000
8726,-26.000000
8727,-20.000000
8728,-12.000000
8729,-4.000000
8730,2.000000
8731,0.000000
8732,74.000000
8733,-30.000000
8734,2.000000
8735,-10.000000
8736,38.000000
8737,-82.000000
8738,-18.000000
8739,0.000000
8740,-30.000000
8741,6.000000
8742,74.000000
8743,-16.000000
8744,-20.000000
8745,-42.000000
8746,30.000000
8747,-34.000000
8748,4.000000
8749,-28.000000
8750,-74.000000
8751,-12.000000
8752,2.000000
8753,-2.000000
8754,58.000000
8755,-10.000000
8756,-12.000000
8757,-2.000000
8758,-10.000000
8759,0.000000
8760,-16.000000
8761,-12.000000
8762,2.000000
8763,-24.000000
8764,-50.000000
8765,-8.000000
8766,-24.000000
8767,-68.000000
8768,-20.000000
8769,8.000000
8770,-4.000000
8771,-22.000000
8772,-30.000000
8773,14.000000
8774,46.000000
8775,-44.000000
8776,54.000000
8777,-30.000000
8778,-18.000000
8779,-60.000000
8780,2.000000
8781,4.000000
8782,-16.000000
8783,-22.000000
8784,-22.000000
8785,10.000000
8786,-70.000000
8787,-16.000000
8788,-4.000000
8789,24.000000
8790,-4.000000
8791,6.000000
8792,-14.000000
8793,0.000000
8794,0.000000
8795,10.000000
8796,12.000000
8797,64.000000
8798,60.000000
8799,-20.000000
8800,-4.000000
8801,-8.000000
8802,16.000000
8803,54.000000
8804,34.000000
8805,-8.000000
8806,8.000000
8807,-34.000000
8808,-20.000000
8809,12.000000
8810,-26.000000
8811,-20.000000
8812,-4.000000
8813,46.000000
8814,-22.000000
8815,-50.000000
8816,86.000000
8817,82.000000
8818,54.000000
8819,0.000000
8820,-26.000000
8821,26.000000
8822,-48.000000
8823,-36.000000
8824,20.000000
8825,46.000000
8826,46.000000
8827,-36.000000
8828,-90.000000
8829,-8.000000
8830,-6.000000
8831,26.000000
8832,14.000000
8833,-12.000000
8834,-54.000000
8835,-10.000000
8836,26.000000
8837,-12.000000
8838,14.000000
8839,28.000000
8840,44.000000
8841,-12.000000
8842,8.000000
8843,18.000000
8844,22.000000
8845,-44.000000
8846,-2.000000
8847,24.000000
8848,-4.000000
8849,76.000000
8850,18.000000
8851,-4.000000
8852,50.000000
8853,-4.000000
8854,-4.000000
8855,20.000000
8856,-2.000000
8857,10.000000
8858,22.000000
8859,-26.000000
8860,-20.000000
8861,14.000000
8862,6.000000
8863,124.000000
8864,2.000000
8865,18.000000
8866,-52.000000
8867,-24.000000
8868,8.000000
8869,12.000000
8870,22.000000
8871,2.000000
8872,-14.000000
8873,-2.000000
8874,-16.000000
8875,22.000000
8876,-12.000000
8877,-12.000000
8878,28.000000
8879,-44.000000
8880,-62.000000
8881,6.000000
8882,-24.000000
8883,0.000000
8884,88.000000
8885,54.000000
8886,-20.000000
8887,-12.000000
8888,-14.000000
8889,14.000000
8890,-12.000000
8891,10.000000
8892,-8.000000
8893,26.000000
8894,-4.000000
8895,34.000000
8896,-6.000000
8897,8.000000
8898,-42.000000
8899,-78.000000
8900,-16.000000
8901,8.000000
8902,0.000000
8903,0.000000
8904,-6.000000
8905,0.000000
8906,64.000000
8907,-16.000000
8908,18.000000
8909,-14.000000
8910,-14.000000
8911,46.000000
8912,30.000000
8913,12.000000
8914,-34.000000
8915,42.000000
8916,-12.000000
8917,0.000000
8918,-14.000000
8919,-26.000000
8920,28.000000
8921,10.000000
8922,-14.000000
8923,-2.000000
8924,-26.000000
8925,14.000000
8926,0.000000
8927,2.000000
8928,-12.000000
8929,-20.000000
8930,54.000000
8931,0.000000
8932,-8.000000
8933,4.000000
8934,-12.000000
8935,-36.000000
8936,-50.000000
8937,-4.000000
8938,-44.000000
8939,-24.000000
8940,14.000000
8941,-48.000000
8942,-66.000000
8943,-2.000000
8944,40.000000
8945,32.000000
8946,-14.000000
8947,-40.000000
8948,-52.000000
8949,6.000000
8950,-28.000000
8951,-54.000000
8952,-30.000000
8953,-34.000000
8954,-20.000000
8955,-22.000000
8956,-36.000000
8957,4.000000
8958,-36.000000
8959,-16.000000
8960,-90.000000
8961,-30.000000
8962,-18.000000
8963,-4.000000
8964,-26.000000
8965,0.000000
8966,-30.000000
8967,-4.000000
8968,-8.000000
8969,0.000000
8970,0.000000
8971,-14.000000
8972,8.000000
8973,-22.000000
8974,-2.000000
8975,-14.000000
8976,-16.000000
8977,30.000000
8978,-8.000000
8979,-14.000000
8980,-20.000000
8981,28.000000
8982,-34.000000
8983,2.000000
8984,-14.000000
8985,28.000000
8986,2.000000
8987,-50.000000
8988,-6.000000
8989,-16.000000
8990,-18.000000
8991,-16.000000
8992,2.000000
8993,-8.000000
8994,-48.000000
8995,26.000000
8996,-10.000000
8997,-30.000000
8998,34.000000
8999,-12.000000
9000,14.000000
9001,8.000000
9002,-16.000000
9003,8.000000
9004,22.000000
9005,-2.000000
9006,-2.000000
9007,24.000000
9008,-66.000000
9009,18.000000
9010,-8.000000
9011,-42.000000
9012,-14.000000
9013,42.000000
9014,42.000000
9015,-6.000000
9016,14.000000
9017,0.000000
9018,2.000000
9019,-4.000000
9020,-30.000000
9021,12.000000
9022,44.000000
9023,10.000000
9024,-44.000000
9025,-14.000000
9026,-14.000000
9027,42.000000
9028,-14.000000
9029,8.000000
9030,-44.000000
9031,32.000000
9032,8.000000
9033,-26.000000
9034,2.000000
9035,40.000000
9036,24.000000
9037,8.000000
9038,6.000000
9039,-56.000000
9040,28.000000
9041,-30.000000
9042,-10.000000
9043,16.000000
9044,-30.000000
9045,20.000000
9046,20.000000
9047,-20.000000
9048,-62.000000
9049,-18.000000
9050,58.000000
9051,34.000000
9052,20.000000
9053,-34.000000
9054,8.000000
9055,-12.000000
9056,10.000000
9057,-4.000000
9058,-12.000000
9059,38.000000
9060,10.000000
9061,28.000000
9062,22.000000
9063,14.000000
9064,8.000000
9065,88.000000
9066,46.000000
9067,20.000000
9068,-68.000000
9069,0.000000
9070,2.000000
9071,-12.000000
9072,16.000000
9073,-4.000000
9074,14.000000
9075,-34.000000
9076,16.000000
9077,20.000000
9078,-12.000000
9079,0.000000
9080,-2.000000
9081,-12.000000
9082,-44.000000
9083,-4.000000
9084,28.000000
9085,28.000000
9086,8.000000
9087,-6.000000
9088,16.000000
9089,12.000000
9090,6.000000
9091,46.000000
9092,8.000000
9093,4.000000
9094,-18.000000
9095,-36.000000
9096,10.000000
9097,-6.000000
9098,-24.000000
9099,-48.000000
9100,-6.000000
9101,-26.000000
9102,0.000000
9103,0.000000
9104,10.000000
9105,28.000000
9106,32.000000
9107,30.000000
9108,12.000000
9109,12.000000
9110,38.000000
9111,-44.000000
9112,8.000000
9113,16.000000
9114,4.000000
9115,16.000000
9116,36.000000
9117,12.000000
9118,-14.000000
9119,6.000000
9120,-8.000000
9121,-2.000000
9122,26.000000
9123,4.000000
9124,28.000000
9125,-26.000000
9126,22.000000
9127,-26.000000
9128,-16.000000
9129,0.000000
9130,2.000000
9131,-84.000000
9132,-2.000000
9133,-30.000000
9134,-8.000000
9135,-6.000000
9136,30.000000
9137,2.000000
9138,2.000000
9139,28.000000
9140,-18.000000
9141,-22.000000
9142,-50.000000
9143,0.000000
9144,-12.000000
9145,28.000000
9146,14.000000
9147,-20.000000
9148,46.000000
9149,-6.000000
9150,24.000000
9151,14.000000
9152,-2.000000
9153,-12.000000
9154,-18.000000
9155,26.000000
9156,12.000000
9157,32.000000
9158,8.000000
9159,28.000000
9160,-8.000000
9161,16.000000
9162,0.000000
9163,-16.000000
9164,6.000000
9165,48.000000
9166,8.000000
9167,10.000000
9168,10.000000
9169,-2.000000
9170,-16.000000
9171,0.000000
9172,-4.000000
9173,22.000000
9174,-74.000000
9175,-18.000000
9176,72.000000
9177,0.000000
9178,50.000000
9179,-22.000000
9180,56.000000
9181,-2.000000
9182,-50.000000
9183,2.000000
9184,46.000000
9185,8.000000
9186,-8.000000
9187,8.000000
9188,24.000000
9189,12.000000
9190,82.000000
9191,-4.000000
9192,-6.000000
9193,-60.000000
9194,-22.000000
9195,14.000000
9196,-8.000000
9197,30.000000
9198,-8.000000
9199,-40.000000
9200,8.000000
9201,34.000000
9202,-30.000000
9203,-4.000000
9204,50.000000
9205,34.000000
9206,8.000000
9207,-58.000000
9208,-44.000000
9209,-4.000000
9210,18.000000
9211,26.000000
9212,-16.000000
9213,-6.000000
9214,-10.000000
9215,-58.000000
9216,-4.000000
9217,12.000000
9218,-18.000000
9219,64.000000
9220,2.000000
9221,-26.000000
9222,-60.000000
9223,2.000000
9224,14.000000
9225,-12.000000
9226,50.000000
9227,-30.000000
9228,18.000000
9229,-6.000000
9230,-20.000000
9231,40.000000
9232,-12.000000
9233,-8.000000
9234,-26.000000
9235,-32.000000
9236,-8.000000
9237,-8.000000
9238,2.000000
9239,40.000000
9240,-22.000000
9241,-30.000000
9242,-22.000000
9243,-54.000000
9244,-6.000000
9245,10.000000
9246,-38.000000
9247,10.000000
9248,12.000000
9249,24.000000
9250,-12.000000
9251,24.000000
9252,-26.000000
9253,24.000000
9254,6.000000
9255,4.000000
9256,28.000000
9257,-16.000000
9258,-30.000000
9259,-2.000000
9260,10.000000
9261,-16.000000
9262,-20.000000
9263,-16.000000
9264,-2.000000
9265,46.000000
9266,22.000000
9267,-12.000000
9268,-4.000000
9269,68.000000
9270,-18.000000
9271,-18.000000
9272,6.000000
9273,6.000000
9274,-34.000000
9275,-36.000000
9276,34.000000
9277,4.000000
9278,4.000000
9279,-20.000000
9280,-4.000000
9281,-42.000000
9282,28.000000
9283,54.000000
9284,-4.000000
9285,32.000000
9286,-2.000000
9287,-44.000000
9288,72.000000
9289,-8.000000
9290,32.000000
9291,26.000000
9292,-30.000000
9293,24.000000
9294,58.000000
9295,-44.000000
9296,10.000000
9297,34.000000
9298,62.000000
9299,-28.000000
9300,-6.000000
9301,-4.000000
9302,-68.000000
9303,-6.000000
9304,22.000000
9305,10.000000
9306,-36.000000
9307,-40.000000
9308,-2.000000
9309,-4.000000
9310,8.000000
9311,64.000000
9312,-30.000000
9313,-12.000000
9314,8.000000
9315,-8.000000
9316,54.000000
9317,-88.000000
9318,34.000000
9319,-8.000000
9320,-4.000000
9321,2.000000
9322,2.000000
9323,4.000000
9324,38.000000
9325,2.000000
9326,-8.000000
9327,22.000000
9328,-48.000000
9329,50.000000
9330,-6.000000
9331,-26.000000
9332,2.000000
9333,34.000000
9334,0.000000
9335,-20.000000
9336,50.000000
9337,-56.000000
9338,2.000000
9339,10.000000
9340,-26.000000
9341,28.000000
9342,-30.000000
9343,-6.000000
9344,8.000000
9345,38.000000
9346,-16.000000
9347,-16.000000
9348,-2.000000
9349,-8.000000
9350,-8.000000
9351,58.000000
9352,-4.000000
9353,-16.000000
9354,-32.000000
9355,72.000000
9356,-16.000000
9357,-4.000000
9358,6.000000
9359,-58.000000
9360,-12.000000
9361,-4.000000
9362,-28.000000
9363,-14.000000
9364,-14.000000
9365,2.000000
9366,-20.000000
9367,-20.000000
9368,14.000000
9369,28.000000
9370,-60.000000
9371,-14.000000
9372,-16.000000
9373,-68.000000
9374,8.000000
9375,-12.000000
9376,-38.000000
9377,40.000000
9378,-68.000000
9379,-18.000000
9380,38.000000
9381,-14.000000
9382,-26.000000
9383,-6.000000
9384,-48.000000
9385,-4.000000
9386,48.000000
9387,2.000000
9388,0.000000
9389,46.000000
9390,2.000000
9391,-30.000000
9392,-26.000000
9393,-44.000000
9394,-6.000000
9395,-16.000000
9396,-30.000000
9397,14.000000
9398,16.000000
9399,-22.000000
9400,-42.000000
9401,-12.000000
9402,-38.000000
9403,-4.000000
9404,26.000000
9405,102.000000
9406,60.000000
9407,10.000000
9408,-16.000000
9409,10.000000
9410,-8.000000
9411,0.000000
9412,58.000000
9413,50.000000
9414,30.000000
9415,24.000000
9416,8.000000
9417,4.000000
9418,-16.000000
9419,22.000000
9420,-20.000000
9421,0.000000
9422,2.000000
9423,60.000000
9424,-16.000000
9425,-8.000000
9426,8.000000
9427,-30.000000
9428,8.000000
9429,-6.000000
9430,-8.000000
9431,-14.000000
9432,-16.000000
9433,-52.000000
9434,12.000000
9435,44.000000
9436,50.000000
9437,22.000000
9438,-30.000000
9439,6.000000
9440,-30.000000
9441,-70.000000
9442,22.000000
9443,26.000000
9444,6.000000
9445,-70.000000
9446,-4.000000
9447,-6.000000
9448,0.000000
9449,-10.000000
9450,-12.000000
9451,-4.000000
9452,-10.000000
9453,24.000000
9454,-18.000000
9455,4.000000
9456,-16.000000
9457,-16.000000
9458,2.000000
9459,12.000000
9460,-12.000000
9461,0.000000
9462,8.000000
9463,-8.000000
9464,-12.000000
9465,8.000000
9466,-12.000000
9467,6.000000
9468,8.000000
9469,-30.000000
9470,-82.000000
9471,-34.000000
9472,30.000000
9473,18.000000
9474,8.000000
9475,-30.000000
9476,18.000000
9477,-8.000000
9478,82.000000
9479,14.000000
9480,14.000000
9481,64.000000
9482,-6.000000
9483,-22.000000
9484,-2.000000
9485,16.000000
9486,-8.000000
9487,-12.000000
9488,20.000000
9489,54.000000
9490,10.000000
9491,16.000000
9492,-64.000000
9493,-6.000000
9494,114.000000
9495,34.000000
9496,10.000000
9497,10.000000
9498,32.000000
9499,-28.000000
9500,-24.000000
9501,8.000000
9502,-24.000000
9503,0.000000
9504,30.000000
9505,42.000000
9506,-8.000000
9507,24.000000
9508,30.000000
9509,14.000000
9510,8.000000
9511,24.000000
9512,-4.000000
9513,-2.000000
9514,-20.000000
9515,42.000000
9516,20.000000
9517,-2.000000
9518,-6.000000
9519,8.000000
9520,74.000000
9521,-26.000000
9522,12.000000
9523,-2.000000
9524,-50.000000
9525,-2.000000
9526,40.000000
9527,6.000000
9528,-8.000000
9529,46.000000
9530,68.000000
9531,12.000000
9532,-8.000000
9533,-8.000000
9534,-4.000000
9535,18.000000
9536,0.000000
9537,-40.000000
9538,-18.000000
9539,-38.000000
9540,2.000000
9541,8.000000
9542,8.000000
9543,-8.000000
9544,32.000000
9545,18.000000
9546,22.000000
9547,44.000000
9548,0.000000
9549,22.000000
9550,10.000000
9551,30.000000
9552,-52.000000
9553,24.000000
9554,-20.000000
9555,-2.000000
9556,10.000000
9557,10.000000
9558,-2.000000
9559,38.000000
9560,-16.000000
9561,-6.000000
9562,50.000000
9563,38.000000
9564,8.000000
9565,-4.000000
9566,0.000000
9567,-30.000000
9568,-20.000000
9569,4.000000
9570,6.000000
9571,120.000000
9572,-22.000000
9573,14.000000
9574,2.000000
9575,-16.000000
9576,-24.000000
9577,-20.000000
9578,14.000000
9579,0.000000
9580,2.000000
9581,-24.000000
9582,54.000000
9583,34.000000
9584,0.000000
9585,10.000000
9586,10.000000
9587,-44.000000
9588,-18.000000
9589,-12.000000
9590,-4.000000
9591,-40.000000
9592,14.000000
9593,8.000000
9594,-22.000000
9595,10.000000
9596,-30.000000
9597,-20.000000
9598,-82.000000
9599,-20.000000
9600,6.000000
9601,-4.000000
9602,-16.000000
9603,-8.000000
9604,12.000000
9605,24.000000
9606,-4.000000
9607,4.000000
9608,6.000000
9609,-4.000000
9610,-28.000000
9611,20.000000
9612,68.000000
9613,6.000000
9614,-54.000000
9615,8.000000
9616,-16.000000
9617,-24.000000
9618,-22.000000
9619,-44.000000
9620,-2.000000
9621,0.000000
9622,14.000000
9623,-18.000000
9624,16.000000
9625,2.000000
9626,-12.000000
9627,32.000000
9628,2.000000
9629,0.000000
9630,-8.000000
9631,34.000000
9632,2.000000
9633,-30.000000
9634,14.000000
9635,-10.000000
9636,-6.000000
9637,10.000000
9638,-6.000000
9639,8.000000
9640,-30.000000
9641,6.000000
9642,28.000000
9643,30.000000
9644,-60.000000
9645,46.000000
9646,2.000000
9647,-66.000000
9648,0.000000
9649,72.000000
9650,-20.000000
9651,-30.000000
9652,20.000000
9653,26.000000
9654,22.000000
9655,24.000000
9656,30.000000
9657,22.000000
9658,-76.000000
9659,-30.000000
9660,-18.000000
9661,-14.000000
9662,-12.000000
9663,40.000000
9664,56.000000
9665,-18.000000
9666,-12.000000
9667,-8.000000
9668,-38.000000
9669,-58.000000
9670,32.000000
9671,-34.000000
9672,68.000000
9673,-20.000000
9674,46.000000
9675,4.000000
9676,24.000000
9677,14.000000
9678,-52.000000
9679,-14.000000
9680,6.000000
9681,22.000000
9682,-22.000000
9683,-16.000000
9684,-22.000000
9685,22.000000
9686,-30.000000
9687,-12.000000
9688,2.000000
9689,-18.000000
9690,-44.000000
9691,-82.000000
9692,44.000000
9693,-22.000000
9694,-18.000000
9695,-14.000000
9696,20.000000
9697,-54.000000
9698,-68.000000
9699,-8.000000
9700,-44.000000
9701,20.000000
9702,38.000000
9703,-12.000000
9704,0.000000
9705,-16.000000
9706,24.000000
9707,-14.000000
9708,2.000000
9709,4.000000
9710,6.000000
9711,26.000000
9712,-22.000000
9713,42.000000
9714,-4.000000
9715,20.000000
9716,-12.000000
9717,-6.000000
9718,-60.000000
9719,6.000000
9720,-24.000000
9721,2.000000
9722,6.000000
9723,-48.000000
9724,20.000000
9725,-26.000000
9726,-44.000000
9727,-54.000000
9728,-12.000000
9729,-2.000000
9730,-24.000000
9731,8.000000
9732,-14.000000
9733,-26.000000
9734,14.000000
9735,-64.000000
9736,54.000000
9737,14.000000
9738,12.000000
9739,0.000000
9740,-2.000000
9741,0.000000
9742,-40.000000
9743,-40.000000
9744,-26.000000
9745,6.000000
9746,6.000000
9747,-36.000000
9748,16.000000
9749,2.000000
9750,24.000000
9751,14.000000
9752,-46.000000
9753,-4.000000
9754,-12.000000
9755,-30.000000
9756,8.000000
9757,32.000000
9758,34.000000
9759,58.000000
9760,-14.000000
9761,30.000000
9762,-8.000000
9763,-20.000000
9764,-90.000000
9765,8.000000
9766,2.000000
9767,-26.000000
9768,-14.000000
9769,8.000000
9770,-48.000000
9771,64.000000
9772,50.000000
9773,4.000000
9774,-54.000000
9775,0.000000
9776,-16.000000
9777,8.000000
9778,-12.000000
9779,-26.000000
9780,16.000000
9781,0.000000
9782,8.000000
9783,12.000000
9784,-10.000000
9785,42.000000
9786,2.000000
9787,2.000000
9788,2.000000
9789,8.000000
9790,-22.000000
9791,-4.000000
9792,34.000000
9793,-12.000000
9794,-68.000000
9795,2.000000
9796,-70.000000
9797,2.000000
9798,-10.000000
9799,-12.000000
9800,-34.000000
9801,26.000000
9802,8.000000
9803,0.000000
9804,-44.000000
9805,14.000000
9806,-76.000000
9807,28.000000
9808,-14.000000
9809,34.000000
9810,-16.000000
9811,-12.000000
9812,28.000000
9813,2.000000
9814,-26.000000
9815,0.000000
9816,26.000000
9817,-2.000000
9818,-4.000000
9819,44.000000
9820,-30.000000
9821,0.000000
9822,12.000000
9823,58.000000
9824,-16.000000
9825,-30.000000
9826,-18.000000
9827,-28.000000
9828,8.000000
9829,-54.000000
9830,0.000000
9831,-22.000000
9832,44.000000
9833,10.000000
9834,10.000000
9835,32.000000
9836,-4.000000
9837,-18.000000
9838,-4.000000
9839,6.000000
9840,68.000000
9841,26.000000
9842,34.000000
9843,26.000000
9844,46.000000
9845,44.000000
9846,-44.000000
9847,2.000000
9848,-18.000000
9849,-2.000000
9850,34.000000
9851,10.000000
9852,0.000000
9853,2.000000
9854,-26.000000
9855,-36.000000
9856,0.000000
9857,-16.000000
9858,6.000000
9859,16.000000
9860,10.000000
9861,-36.000000
9862,2.000000
9863,74.000000
9864,-30.000000
9865,32.000000
9866,4.000000
9867,-10.000000
9868,-12.000000
9869,88.000000
9870,10.000000
9871,10.000000
9872,10.000000
9873,16.000000
9874,4.000000
9875,-80.000000
9876,-36.000000
9877,8.000000
9878,34.000000
9879,12.000000
9880,-18.000000
9881,40.000000
9882,-36.000000
9883,-64.000000
9884,64.000000
9885,16.000000
9886,16.000000
9887,12.000000
9888,-2.000000
9889,-16.000000
9890,30.000000
9891,14.000000
9892,-16.000000
9893,8.000000
9894,-40.000000
9895,-18.000000
9896,-38.000000
9897,30.000000
9898,40.000000
9899,2.000000
9900,2.000000
9901,68.000000
9902,30.000000
9903,26.000000
9904,-22.000000
9905,-22.000000
9906,34.000000
9907,10.000000
9908,10.000000
9909,-16.000000
9910,-12.000000
9911,-12.000000
9912,-8.000000
9913,46.000000
9914,-56.000000
9915,-36.000000
9916,-4.000000
9917,-2.000000
9918,34.000000
9919,24.000000
9920,6.000000
9921,-4.000000
9922,-4.000000
9923,-18.000000
9924,-26.000000
9925,26.000000
9926,-20.000000
9927,4.000000
9928,-8.000000
9929,-34.000000
9930,-8.000000
9931,-36.000000
9932,10.000000
9933,-44.000000
9934,20.000000
9935,-38.000000
9936,64.000000
9937,0.000000
9938,4.000000
9939,-8.000000
9940,12.000000
9941,8.000000
9942,-4.000000
9943,-20.000000
9944,38.000000
9945,-34.000000
9946,-44.000000
9947,-44.000000
9948,-36.000000
9949,4.000000
9950,-50.000000
9951,-64.000000
9952,-18.000000
9953,46.000000
9954,-16.000000
9955,12.000000
9956,54.000000
9957,4.000000
9958,26.000000
9959,0.000000
9960,-2.000000
9961,68.000000
9962,-68.000000
9963,-26.000000
9964,-44.000000
9965,-70.000000
9966,-16.000000
9967,22.000000
9968,-26.000000
9969,-6.000000
9970,-70.000000
9971,-12.000000
9972,58.000000
9973,78.000000
9974,0.000000
9975,12.000000
9976,-6.000000
9977,-30.000000
9978,-38.000000
9979,-16.000000
9980,4.000000
9981,28.000000
9982,-4.000000
9983,-12.000000
9984,-54.000000
9985,28.000000
9986,48.000000
9987,-8.000000
9988,-4.000000
9989,28.000000
9990,-4.000000
9991,-56.000000
9992,0.000000
9993,-4.000000
9994,14.000000
9995,-20.000000
9996,-8.000000
9997,2.000000
9998,-20.000000
9999,0.000000
10000,-12.000000
