Channel              :,CH1
Frequency            :,  ?
Period               :,  ?
PK-PK                :,232.0mV
Probe attenuation    :,1X
Voltage per ADC value:,0.250000mV
Time interval        :,100.00000us

index,CH1_Voltage(mV)
1,-8.000000
2,-8.000000
3,-16.000000
4,-16.000000
5,-60.000000
6,-12.000000
7,-12.000000
8,20.000000
9,16.000000
10,24.000000
11,8.000000
12,12.000000
13,4.000000
14,20.000000
15,28.000000
16,-20.000000
17,0.000000
18,4.000000
19,-32.000000
20,28.000000
21,20.000000
22,44.000000
23,-68.000000
24,-36.000000
25,-24.000000
26,20.000000
27,-8.000000
28,-8.000000
29,68.000000
30,-8.000000
31,8.000000
32,0.000000
33,-60.000000
34,-32.000000
35,-60.000000
36,24.000000
37,-20.000000
38,-8.000000
39,0.000000
40,44.000000
41,4.000000
42,-20.000000
43,-8.000000
44,0.000000
45,-12.000000
46,-16.000000
47,24.000000
48,4.000000
49,20.000000
50,-20.000000
51,4.000000
52,8.000000
53,-16.000000
54,16.000000
55,-24.000000
56,-8.000000
57,-20.000000
58,40.000000
59,28.000000
60,-8.000000
61,-28.000000
62,-24.000000
63,16.000000
64,0.000000
65,0.000000
66,0.000000
67,-4.000000
68,0.000000
69,-44.000000
70,28.000000
71,12.000000
72,-8.000000
73,4.000000
74,-20.000000
75,20.000000
76,-24.000000
77,0.000000
78,-8.000000
79,0.000000
80,16.000000
81,0.000000
82,-8.000000
83,-12.000000
84,-20.000000
85,4.000000
86,-36.000000
87,-8.000000
88,24.000000
89,-8.000000
90,-24.000000
91,-52.000000
92,-20.000000
93,12.000000
94,-16.000000
95,-52.000000
96,-40.000000
97,0.000000
98,-48.000000
99,-12.000000
100,16.000000
101,-36.000000
102,-84.000000
103,-12.000000
104,-12.000000
105,84.000000
106,0.000000
107,-8.000000
108,-12.000000
109,-8.000000
110,8.000000
111,-12.000000
112,-16.000000
113,20.000000
114,44.000000
115,-8.000000
116,-8.000000
117,12.000000
118,4.000000
119,-8.000000
120,44.000000
121,52.000000
122,0.000000
123,-8.000000
124,-32.000000
125,-12.000000
126,-12.000000
127,0.000000
128,-68.000000
129,12.000000
130,-32.000000
131,4.000000
132,44.000000
133,0.000000
134,8.000000
135,0.000000
136,-40.000000
137,-44.000000
138,-16.000000
139,-32.000000
140,4.000000
141,0.000000
142,-24.000000
143,-12.000000
144,-4.000000
145,-28.000000
146,-4.000000
147,-8.000000
148,40.000000
149,8.000000
150,8.000000
151,-24.000000
152,-60.000000
153,24.000000
154,0.000000
155,-12.000000
156,-12.000000
157,-8.000000
158,56.000000
159,4.000000
160,-28.000000
161,-44.000000
162,-8.000000
163,-12.000000
164,-4.000000
165,-12.000000
166,4.000000
167,-12.000000
168,-20.000000
169,24.000000
170,16.000000
171,-4.000000
172,0.000000
173,-28.000000
174,8.000000
175,-8.000000
176,-32.000000
177,0.000000
178,0.000000
179,4.000000
180,-8.000000
181,52.000000
182,64.000000
183,-12.000000
184,16.000000
185,76.000000
186,44.000000
187,-8.000000
188,-4.000000
189,4.000000
190,0.000000
191,4.000000
192,12.000000
193,12.000000
194,-16.000000
195,12.000000
196,-52.000000
197,-8.000000
198,0.000000
199,16.000000
200,32.000000
201,-4.000000
202,64.000000
203,16.000000
204,-20.000000
205,-32.000000
206,-8.000000
207,-20.000000
208,64.000000
209,-4.000000
210,-4.000000
211,-20.000000
212,-16.000000
213,-24.000000
214,-8.000000
215,-32.000000
216,-8.000000
217,-40.000000
218,-16.000000
219,-12.000000
220,-12.000000
221,-32.000000
222,12.000000
223,-16.000000
224,-16.000000
225,0.000000
226,-16.000000
227,0.000000
228,0.000000
229,0.000000
230,16.000000
231,-8.000000
232,-20.000000
233,24.000000
234,16.000000
235,-20.000000
236,64.000000
237,24.000000
238,-8.000000
239,16.000000
240,8.000000
241,4.000000
242,4.000000
243,-24.000000
244,28.000000
245,24.000000
246,-24.000000
247,44.000000
248,-20.000000
249,-8.000000
250,0.000000
251,-40.000000
252,-24.000000
253,4.000000
254,0.000000
255,0.000000
256,-8.000000
257,20.000000
258,-4.000000
259,-12.000000
260,52.000000
261,-32.000000
262,8.000000
263,-28.000000
264,-24.000000
265,24.000000
266,-12.000000
267,0.000000
268,48.000000
269,-28.000000
270,20.000000
271,-20.000000
272,0.000000
273,0.000000
274,8.000000
275,-16.000000
276,12.000000
277,12.000000
278,16.000000
279,32.000000
280,32.000000
281,44.000000
282,-4.000000
283,52.000000
284,-4.000000
285,-36.000000
286,4.000000
287,-24.000000
288,8.000000
289,-16.000000
290,44.000000
291,-8.000000
292,12.000000
293,-24.000000
294,-8.000000
295,-32.000000
296,-16.000000
297,52.000000
298,-16.000000
299,-12.000000
300,-20.000000
301,24.000000
302,4.000000
303,16.000000
304,-8.000000
305,0.000000
306,16.000000
307,-32.000000
308,-12.000000
309,-4.000000
310,-12.000000
311,24.000000
312,16.000000
313,4.000000
314,0.000000
315,-8.000000
316,-16.000000
317,-12.000000
318,-24.000000
319,-20.000000
320,-8.000000
321,0.000000
322,20.000000
323,-16.000000
324,-16.000000
325,8.000000
326,-12.000000
327,-20.000000
328,64.000000
329,16.000000
330,16.000000
331,-8.000000
332,-8.000000
333,0.000000
334,0.000000
335,4.000000
336,-100.000000
337,8.000000
338,8.000000
339,-4.000000
340,-24.000000
341,12.000000
342,16.000000
343,56.000000
344,-24.000000
345,-12.000000
346,12.000000
347,-76.000000
348,-20.000000
349,-28.000000
350,48.000000
351,-24.000000
352,24.000000
353,44.000000
354,-16.000000
355,8.000000
356,52.000000
357,16.000000
358,84.000000
359,-12.000000
360,28.000000
361,4.000000
362,12.000000
363,12.000000
364,32.000000
365,-20.000000
366,-28.000000
367,-20.000000
368,-12.000000
369,4.000000
370,-8.000000
371,0.000000
372,0.000000
373,4.000000
374,36.000000
375,28.000000
376,-20.000000
377,-44.000000
378,4.000000
379,24.000000
380,0.000000
381,28.000000
382,16.000000
383,8.000000
384,-32.000000
385,-8.000000
386,0.000000
387,60.000000
388,8.000000
389,28.000000
390,-8.000000
391,-20.000000
392,-12.000000
393,4.000000
394,0.000000
395,-24.000000
396,4.000000
397,-4.000000
398,100.000000
399,8.000000
400,-8.000000
401,-24.000000
402,-12.000000
403,40.000000
404,-8.000000
405,12.000000
406,0.000000
407,76.000000
408,12.000000
409,-12.000000
410,16.000000
411,-32.000000
412,16.000000
413,-20.000000
414,-8.000000
415,-8.000000
416,-12.000000
417,0.000000
418,12.000000
419,-16.000000
420,-12.000000
421,-8.000000
422,-4.000000
423,-12.000000
424,20.000000
425,8.000000
426,-4.000000
427,-68.000000
428,8.000000
429,-56.000000
430,24.000000
431,-8.000000
432,-12.000000
433,-16.000000
434,4.000000
435,-24.000000
436,-28.000000
437,44.000000
438,-20.000000
439,-4.000000
440,-8.000000
441,-8.000000
442,-48.000000
443,-20.000000
444,8.000000
445,28.000000
446,-44.000000
447,12.000000
448,0.000000
449,-28.000000
450,-20.000000
451,4.000000
452,-24.000000
453,16.000000
454,-4.000000
455,-12.000000
456,-16.000000
457,12.000000
458,-40.000000
459,-16.000000
460,-4.000000
461,-32.000000
462,4.000000
463,-8.000000
464,-40.000000
465,12.000000
466,-20.000000
467,-32.000000
468,20.000000
469,-20.000000
470,-24.000000
471,16.000000
472,0.000000
473,-20.000000
474,12.000000
475,20.000000
476,16.000000
477,-32.000000
478,0.000000
479,12.000000
480,-8.000000
481,-24.000000
482,12.000000
483,28.000000
484,4.000000
485,-12.000000
486,16.000000
487,-24.000000
488,-12.000000
489,4.000000
490,4.000000
491,8.000000
492,-12.000000
493,-4.000000
494,4.000000
495,8.000000
496,0.000000
497,-20.000000
498,-8.000000
499,-16.000000
500,-56.000000
501,-28.000000
502,-20.000000
503,0.000000
504,-8.000000
505,-24.000000
506,0.000000
507,0.000000
508,8.000000
509,-16.000000
510,0.000000
511,-16.000000
512,-64.000000
513,-8.000000
514,0.000000
515,4.000000
516,-24.000000
517,16.000000
518,52.000000
519,-20.000000
520,0.000000
521,-8.000000
522,-8.000000
523,20.000000
524,64.000000
525,12.000000
526,0.000000
527,0.000000
528,-20.000000
529,8.000000
530,4.000000
531,-8.000000
532,-16.000000
533,-24.000000
534,0.000000
535,-40.000000
536,20.000000
537,4.000000
538,-24.000000
539,-12.000000
540,-8.000000
541,16.000000
542,-20.000000
543,16.000000
544,12.000000
545,-36.000000
546,16.000000
547,-24.000000
548,-4.000000
549,24.000000
550,-76.000000
551,4.000000
552,0.000000
553,-4.000000
554,-32.000000
555,-4.000000
556,-8.000000
557,-8.000000
558,-4.000000
559,72.000000
560,-4.000000
561,-20.000000
562,-40.000000
563,8.000000
564,4.000000
565,-8.000000
566,52.000000
567,8.000000
568,0.000000
569,-20.000000
570,-12.000000
571,-24.000000
572,0.000000
573,-8.000000
574,-4.000000
575,-12.000000
576,8.000000
577,12.000000
578,-24.000000
579,0.000000
580,-8.000000
581,-40.000000
582,-16.000000
583,-28.000000
584,-28.000000
585,28.000000
586,-8.000000
587,-8.000000
588,-20.000000
589,-12.000000
590,4.000000
591,8.000000
592,-4.000000
593,28.000000
594,44.000000
595,4.000000
596,-8.000000
597,44.000000
598,20.000000
599,4.000000
600,44.000000
601,4.000000
602,4.000000
603,-32.000000
604,4.000000
605,-8.000000
606,12.000000
607,20.000000
608,-28.000000
609,-20.000000
610,-20.000000
611,16.000000
612,-24.000000
613,12.000000
614,-16.000000
615,0.000000
616,-24.000000
617,-12.000000
618,44.000000
619,4.000000
620,4.000000
621,12.000000
622,16.000000
623,-8.000000
624,16.000000
625,-8.000000
626,-12.000000
627,-8.000000
628,20.000000
629,8.000000
630,0.000000
631,8.000000
632,4.000000
633,0.000000
634,-28.000000
635,0.000000
636,40.000000
637,12.000000
638,12.000000
639,0.000000
640,4.000000
641,16.000000
642,12.000000
643,-44.000000
644,24.000000
645,8.000000
646,52.000000
647,-24.000000
648,44.000000
649,-28.000000
650,28.000000
651,24.000000
652,28.000000
653,16.000000
654,52.000000
655,20.000000
656,0.000000
657,16.000000
658,-24.000000
659,52.000000
660,52.000000
661,12.000000
662,-28.000000
663,16.000000
664,24.000000
665,-4.000000
666,-28.000000
667,-36.000000
668,-60.000000
669,0.000000
670,-32.000000
671,0.000000
672,8.000000
673,44.000000
674,40.000000
675,0.000000
676,-16.000000
677,-20.000000
678,60.000000
679,16.000000
680,-12.000000
681,72.000000
682,-4.000000
683,12.000000
684,40.000000
685,32.000000
686,8.000000
687,24.000000
688,-12.000000
689,0.000000
690,0.000000
691,16.000000
692,0.000000
693,-12.000000
694,-24.000000
695,12.000000
696,32.000000
697,12.000000
698,72.000000
699,-12.000000
700,4.000000
701,-12.000000
702,-32.000000
703,0.000000
704,0.000000
705,24.000000
706,-16.000000
707,8.000000
708,8.000000
709,-44.000000
710,16.000000
711,8.000000
712,12.000000
713,0.000000
714,0.000000
715,-40.000000
716,20.000000
717,40.000000
718,8.000000
719,44.000000
720,28.000000
721,-24.000000
722,-36.000000
723,-28.000000
724,8.000000
725,-12.000000
726,4.000000
727,-8.000000
728,4.000000
729,28.000000
730,-28.000000
731,16.000000
732,20.000000
733,28.000000
734,-20.000000
735,16.000000
736,-28.000000
737,8.000000
738,-16.000000
739,-8.000000
740,0.000000
741,-56.000000
742,-16.000000
743,-12.000000
744,-4.000000
745,12.000000
746,4.000000
747,8.000000
748,-12.000000
749,-52.000000
750,52.000000
751,0.000000
752,40.000000
753,20.000000
754,-108.000000
755,-8.000000
756,0.000000
757,44.000000
758,-12.000000
759,-8.000000
760,44.000000
761,24.000000
762,12.000000
763,16.000000
764,-24.000000
765,-12.000000
766,20.000000
767,20.000000
768,-28.000000
769,24.000000
770,-8.000000
771,16.000000
772,52.000000
773,-44.000000
774,32.000000
775,28.000000
776,-20.000000
777,-4.000000
778,24.000000
779,-8.000000
780,0.000000
781,-8.000000
782,-28.000000
783,72.000000
784,-8.000000
785,-36.000000
786,-4.000000
787,8.000000
788,-16.000000
789,-36.000000
790,4.000000
791,-36.000000
792,0.000000
793,-8.000000
794,-12.000000
795,12.000000
796,8.000000
797,32.000000
798,-32.000000
799,-12.000000
800,8.000000
801,-16.000000
802,-20.000000
803,-8.000000
804,-8.000000
805,12.000000
806,-28.000000
807,-12.000000
808,-20.000000
809,-8.000000
810,44.000000
811,0.000000
812,-20.000000
813,-8.000000
814,-36.000000
815,0.000000
816,12.000000
817,16.000000
818,20.000000
819,-16.000000
820,-24.000000
821,20.000000
822,12.000000
823,-8.000000
824,-8.000000
825,0.000000
826,0.000000
827,16.000000
828,-12.000000
829,-100.000000
830,12.000000
831,-12.000000
832,16.000000
833,60.000000
834,24.000000
835,-8.000000
836,-16.000000
837,12.000000
838,-4.000000
839,40.000000
840,-8.000000
841,0.000000
842,4.000000
843,16.000000
844,32.000000
845,28.000000
846,0.000000
847,24.000000
848,4.000000
849,16.000000
850,8.000000
851,-8.000000
852,-36.000000
853,4.000000
854,44.000000
855,-24.000000
856,-24.000000
857,88.000000
858,-8.000000
859,-24.000000
860,12.000000
861,16.000000
862,-8.000000
863,24.000000
864,4.000000
865,-16.000000
866,-44.000000
867,8.000000
868,4.000000
869,16.000000
870,-8.000000
871,-4.000000
872,24.000000
873,-8.000000
874,12.000000
875,4.000000
876,-28.000000
877,24.000000
878,-24.000000
879,-8.000000
880,-40.000000
881,8.000000
882,0.000000
883,28.000000
884,-12.000000
885,-40.000000
886,-20.000000
887,4.000000
888,-8.000000
889,16.000000
890,-16.000000
891,-16.000000
892,-20.000000
893,12.000000
894,-16.000000
895,-24.000000
896,-32.000000
897,-8.000000
898,-32.000000
899,-12.000000
900,4.000000
901,8.000000
902,24.000000
903,76.000000
904,-4.000000
905,-12.000000
906,16.000000
907,-32.000000
908,-20.000000
909,0.000000
910,0.000000
911,0.000000
912,24.000000
913,-28.000000
914,-20.000000
915,-8.000000
916,68.000000
917,4.000000
918,-8.000000
919,24.000000
920,0.000000
921,12.000000
922,-72.000000
923,24.000000
924,16.000000
925,-32.000000
926,0.000000
927,16.000000
928,-40.000000
929,0.000000
930,4.000000
931,28.000000
932,-4.000000
933,0.000000
934,28.000000
935,-16.000000
936,-16.000000
937,44.000000
938,56.000000
939,8.000000
940,32.000000
941,-8.000000
942,12.000000
943,32.000000
944,-20.000000
945,48.000000
946,12.000000
947,-8.000000
948,-4.000000
949,0.000000
950,0.000000
951,-8.000000
952,-8.000000
953,-8.000000
954,0.000000
955,8.000000
956,-32.000000
957,-44.000000
958,-36.000000
959,0.000000
960,-24.000000
961,-8.000000
962,-8.000000
963,12.000000
964,-4.000000
965,0.000000
966,-4.000000
967,-20.000000
968,-20.000000
969,4.000000
970,16.000000
971,8.000000
972,-16.000000
973,24.000000
974,4.000000
975,4.000000
976,32.000000
977,12.000000
978,-16.000000
979,-8.000000
980,12.000000
981,-8.000000
982,-8.000000
983,-24.000000
984,-24.000000
985,-36.000000
986,0.000000
987,0.000000
988,0.000000
989,24.000000
990,16.000000
991,0.000000
992,8.000000
993,0.000000
994,-20.000000
995,0.000000
996,24.000000
997,12.000000
998,16.000000
999,4.000000
1000,4.000000
1001,-76.000000
1002,4.000000
1003,44.000000
1004,-12.000000
1005,-40.000000
1006,108.000000
1007,-32.000000
1008,-20.000000
1009,-16.000000
1010,24.000000
1011,28.000000
1012,0.000000
1013,-64.000000
1014,0.000000
1015,-28.000000
1016,16.000000
1017,40.000000
1018,0.000000
1019,12.000000
1020,-8.000000
1021,0.000000
1022,0.000000
1023,24.000000
1024,-32.000000
1025,-28.000000
1026,16.000000
1027,-4.000000
1028,40.000000
1029,-8.000000
1030,-28.000000
1031,12.000000
1032,12.000000
1033,0.000000
1034,0.000000
1035,-8.000000
1036,-8.000000
1037,-12.000000
1038,8.000000
1039,-20.000000
1040,0.000000
1041,-20.000000
1042,-8.000000
1043,-12.000000
1044,60.000000
1045,-44.000000
1046,32.000000
1047,-16.000000
1048,-20.000000
1049,12.000000
1050,-24.000000
1051,16.000000
1052,-24.000000
1053,-4.000000
1054,-8.000000
1055,4.000000
1056,-8.000000
1057,8.000000
1058,24.000000
1059,-4.000000
1060,-20.000000
1061,52.000000
1062,-120.000000
1063,0.000000
1064,-32.000000
1065,-8.000000
1066,-8.000000
1067,16.000000
1068,-8.000000
1069,-12.000000
1070,28.000000
1071,8.000000
1072,0.000000
1073,-8.000000
1074,-12.000000
1075,-4.000000
1076,0.000000
1077,4.000000
1078,4.000000
1079,0.000000
1080,-52.000000
1081,20.000000
1082,16.000000
1083,-20.000000
1084,28.000000
1085,8.000000
1086,-36.000000
1087,-8.000000
1088,12.000000
1089,-12.000000
1090,12.000000
1091,-8.000000
1092,4.000000
1093,-8.000000
1094,-8.000000
1095,0.000000
1096,-44.000000
1097,0.000000
1098,64.000000
1099,4.000000
1100,24.000000
1101,44.000000
1102,8.000000
1103,0.000000
1104,0.000000
1105,-24.000000
1106,-4.000000
1107,-44.000000
1108,0.000000
1109,24.000000
1110,16.000000
1111,60.000000
1112,12.000000
1113,-24.000000
1114,-24.000000
1115,-12.000000
1116,4.000000
1117,-16.000000
1118,-8.000000
1119,-32.000000
1120,8.000000
1121,-28.000000
1122,-28.000000
1123,-20.000000
1124,-8.000000
1125,12.000000
1126,4.000000
1127,-20.000000
1128,-56.000000
1129,16.000000
1130,-12.000000
1131,-20.000000
1132,-24.000000
1133,-4.000000
1134,24.000000
1135,44.000000
1136,4.000000
1137,8.000000
1138,-12.000000
1139,-28.000000
1140,-24.000000
1141,-8.000000
1142,-4.000000
1143,-36.000000
1144,-36.000000
1145,-8.000000
1146,52.000000
1147,-8.000000
1148,4.000000
1149,-40.000000
1150,-16.000000
1151,-20.000000
1152,-8.000000
1153,64.000000
1154,-20.000000
1155,-36.000000
1156,-36.000000
1157,-8.000000
1158,-40.000000
1159,-8.000000
1160,-16.000000
1161,-36.000000
1162,-28.000000
1163,68.000000
1164,-4.000000
1165,-12.000000
1166,-24.000000
1167,-20.000000
1168,-20.000000
1169,8.000000
1170,4.000000
1171,40.000000
1172,-8.000000
1173,-12.000000
1174,0.000000
1175,-8.000000
1176,-4.000000
1177,-16.000000
1178,0.000000
1179,-8.000000
1180,-8.000000
1181,-12.000000
1182,24.000000
1183,36.000000
1184,24.000000
1185,0.000000
1186,0.000000
1187,0.000000
1188,12.000000
1189,68.000000
1190,-4.000000
1191,8.000000
1192,16.000000
1193,-12.000000
1194,4.000000
1195,-16.000000
1196,-8.000000
1197,8.000000
1198,-20.000000
1199,24.000000
1200,-8.000000
1201,44.000000
1202,-4.000000
1203,16.000000
1204,-16.000000
1205,44.000000
1206,-20.000000
1207,-12.000000
1208,-56.000000
1209,-16.000000
1210,64.000000
1211,20.000000
1212,-12.000000
1213,-8.000000
1214,-4.000000
1215,-44.000000
1216,52.000000
1217,16.000000
1218,-16.000000
1219,-16.000000
1220,52.000000
1221,-8.000000
1222,0.000000
1223,24.000000
1224,-8.000000
1225,-16.000000
1226,-16.000000
1227,-56.000000
1228,-36.000000
1229,44.000000
1230,-16.000000
1231,12.000000
1232,-8.000000
1233,-16.000000
1234,-12.000000
1235,-32.000000
1236,-32.000000
1237,-20.000000
1238,16.000000
1239,0.000000
1240,-16.000000
1241,-8.000000
1242,20.000000
1243,-8.000000
1244,-20.000000
1245,-16.000000
1246,-16.000000
1247,-20.000000
1248,-8.000000
1249,16.000000
1250,-8.000000
1251,64.000000
1252,-16.000000
1253,-28.000000
1254,0.000000
1255,-12.000000
1256,0.000000
1257,-40.000000
1258,44.000000
1259,12.000000
1260,12.000000
1261,-8.000000
1262,-8.000000
1263,52.000000
1264,28.000000
1265,-4.000000
1266,0.000000
1267,-32.000000
1268,12.000000
1269,0.000000
1270,28.000000
1271,-24.000000
1272,-8.000000
1273,4.000000
1274,8.000000
1275,24.000000
1276,44.000000
1277,-4.000000
1278,-32.000000
1279,-20.000000
1280,16.000000
1281,-8.000000
1282,-8.000000
1283,-24.000000
1284,4.000000
1285,56.000000
1286,24.000000
1287,-4.000000
1288,-16.000000
1289,-8.000000
1290,-40.000000
1291,8.000000
1292,-12.000000
1293,-24.000000
1294,4.000000
1295,-12.000000
1296,-8.000000
1297,4.000000
1298,-36.000000
1299,-32.000000
1300,20.000000
1301,-28.000000
1302,-20.000000
1303,-40.000000
1304,-8.000000
1305,-36.000000
1306,-16.000000
1307,-24.000000
1308,-52.000000
1309,8.000000
1310,-28.000000
1311,-12.000000
1312,-20.000000
1313,-4.000000
1314,12.000000
1315,-8.000000
1316,28.000000
1317,-8.000000
1318,52.000000
1319,-12.000000
1320,16.000000
1321,12.000000
1322,12.000000
1323,8.000000
1324,-24.000000
1325,20.000000
1326,0.000000
1327,-16.000000
1328,0.000000
1329,-28.000000
1330,20.000000
1331,-8.000000
1332,52.000000
1333,76.000000
1334,-20.000000
1335,4.000000
1336,4.000000
1337,-20.000000
1338,20.000000
1339,0.000000
1340,32.000000
1341,-8.000000
1342,12.000000
1343,16.000000
1344,20.000000
1345,-20.000000
1346,0.000000
1347,-36.000000
1348,12.000000
1349,0.000000
1350,-16.000000
1351,0.000000
1352,16.000000
1353,-8.000000
1354,16.000000
1355,8.000000
1356,24.000000
1357,0.000000
1358,0.000000
1359,68.000000
1360,0.000000
1361,-12.000000
1362,72.000000
1363,12.000000
1364,4.000000
1365,-4.000000
1366,24.000000
1367,-12.000000
1368,-8.000000
1369,0.000000
1370,16.000000
1371,-8.000000
1372,12.000000
1373,-44.000000
1374,24.000000
1375,20.000000
1376,-36.000000
1377,4.000000
1378,0.000000
1379,-8.000000
1380,-24.000000
1381,16.000000
1382,20.000000
1383,8.000000
1384,-28.000000
1385,-20.000000
1386,24.000000
1387,12.000000
1388,-44.000000
1389,-36.000000
1390,4.000000
1391,8.000000
1392,16.000000
1393,-28.000000
1394,44.000000
1395,20.000000
1396,-12.000000
1397,8.000000
1398,0.000000
1399,-8.000000
1400,-4.000000
1401,-20.000000
1402,-8.000000
1403,8.000000
1404,12.000000
1405,8.000000
1406,-28.000000
1407,-8.000000
1408,40.000000
1409,4.000000
1410,-24.000000
1411,-16.000000
1412,-4.000000
1413,-12.000000
1414,8.000000
1415,-20.000000
1416,0.000000
1417,32.000000
1418,-20.000000
1419,-12.000000
1420,-44.000000
1421,68.000000
1422,28.000000
1423,-12.000000
1424,-12.000000
1425,40.000000
1426,68.000000
1427,-8.000000
1428,0.000000
1429,4.000000
1430,-28.000000
1431,12.000000
1432,12.000000
1433,20.000000
1434,-8.000000
1435,-24.000000
1436,-28.000000
1437,-16.000000
1438,20.000000
1439,12.000000
1440,20.000000
1441,68.000000
1442,-12.000000
1443,-24.000000
1444,24.000000
1445,-24.000000
1446,0.000000
1447,-40.000000
1448,44.000000
1449,72.000000
1450,-4.000000
1451,-28.000000
1452,-28.000000
1453,-4.000000
1454,-12.000000
1455,12.000000
1456,32.000000
1457,48.000000
1458,52.000000
1459,-24.000000
1460,20.000000
1461,-52.000000
1462,16.000000
1463,0.000000
1464,-24.000000
1465,-4.000000
1466,-20.000000
1467,-8.000000
1468,68.000000
1469,16.000000
1470,-4.000000
1471,-44.000000
1472,4.000000
1473,-8.000000
1474,-12.000000
1475,-8.000000
1476,40.000000
1477,76.000000
1478,-20.000000
1479,8.000000
1480,-16.000000
1481,0.000000
1482,-4.000000
1483,-8.000000
1484,-8.000000
1485,-12.000000
1486,-8.000000
1487,-28.000000
1488,12.000000
1489,12.000000
1490,4.000000
1491,0.000000
1492,-32.000000
1493,60.000000
1494,-44.000000
1495,-4.000000
1496,16.000000
1497,-16.000000
1498,0.000000
1499,-20.000000
1500,-28.000000
1501,44.000000
1502,64.000000
1503,0.000000
1504,-8.000000
1505,-68.000000
1506,-12.000000
1507,-20.000000
1508,0.000000
1509,12.000000
1510,-40.000000
1511,-52.000000
1512,-12.000000
1513,-20.000000
1514,-8.000000
1515,-60.000000
1516,-20.000000
1517,12.000000
1518,8.000000
1519,-20.000000
1520,4.000000
1521,20.000000
1522,20.000000
1523,20.000000
1524,-40.000000
1525,-8.000000
1526,-16.000000
1527,0.000000
1528,-32.000000
1529,-40.000000
1530,-8.000000
1531,56.000000
1532,-20.000000
1533,8.000000
1534,8.000000
1535,0.000000
1536,-44.000000
1537,-44.000000
1538,0.000000
1539,-16.000000
1540,-8.000000
1541,-16.000000
1542,-20.000000
1543,28.000000
1544,-20.000000
1545,-8.000000
1546,0.000000
1547,-8.000000
1548,-16.000000
1549,12.000000
1550,44.000000
1551,20.000000
1552,-32.000000
1553,4.000000
1554,0.000000
1555,-12.000000
1556,0.000000
1557,28.000000
1558,-24.000000
1559,12.000000
1560,8.000000
1561,-44.000000
1562,8.000000
1563,-4.000000
1564,-8.000000
1565,20.000000
1566,76.000000
1567,-28.000000
1568,-8.000000
1569,-32.000000
1570,8.000000
1571,-8.000000
1572,-32.000000
1573,12.000000
1574,12.000000
1575,-20.000000
1576,-52.000000
1577,12.000000
1578,-12.000000
1579,0.000000
1580,-20.000000
1581,-16.000000
1582,0.000000
1583,24.000000
1584,44.000000
1585,16.000000
1586,-12.000000
1587,8.000000
1588,20.000000
1589,-4.000000
1590,20.000000
1591,68.000000
1592,16.000000
1593,44.000000
1594,-32.000000
1595,-52.000000
1596,20.000000
1597,0.000000
1598,44.000000
1599,0.000000
1600,64.000000
1601,4.000000
1602,-12.000000
1603,-4.000000
1604,-4.000000
1605,-40.000000
1606,-24.000000
1607,-56.000000
1608,0.000000
1609,-8.000000
1610,28.000000
1611,-12.000000
1612,-12.000000
1613,20.000000
1614,16.000000
1615,0.000000
1616,0.000000
1617,-76.000000
1618,-12.000000
1619,-8.000000
1620,-8.000000
1621,-8.000000
1622,12.000000
1623,-60.000000
1624,56.000000
1625,-8.000000
1626,52.000000
1627,0.000000
1628,-24.000000
1629,-28.000000
1630,8.000000
1631,4.000000
1632,-44.000000
1633,-24.000000
1634,-32.000000
1635,20.000000
1636,-4.000000
1637,4.000000
1638,24.000000
1639,-24.000000
1640,28.000000
1641,4.000000
1642,-24.000000
1643,8.000000
1644,-44.000000
1645,-28.000000
1646,-24.000000
1647,4.000000
1648,-4.000000
1649,-8.000000
1650,12.000000
1651,-16.000000
1652,8.000000
1653,24.000000
1654,-4.000000
1655,24.000000
1656,56.000000
1657,-8.000000
1658,-36.000000
1659,-8.000000
1660,-20.000000
1661,0.000000
1662,8.000000
1663,20.000000
1664,-24.000000
1665,20.000000
1666,-36.000000
1667,-40.000000
1668,-8.000000
1669,-8.000000
1670,0.000000
1671,-24.000000
1672,56.000000
1673,20.000000
1674,52.000000
1675,-4.000000
1676,24.000000
1677,-32.000000
1678,-8.000000
1679,-36.000000
1680,-20.000000
1681,-16.000000
1682,28.000000
1683,24.000000
1684,-16.000000
1685,-8.000000
1686,-32.000000
1687,20.000000
1688,-64.000000
1689,-4.000000
1690,-20.000000
1691,-40.000000
1692,-8.000000
1693,-16.000000
1694,-12.000000
1695,-8.000000
1696,-20.000000
1697,-8.000000
1698,-24.000000
1699,-4.000000
1700,0.000000
1701,0.000000
1702,-52.000000
1703,8.000000
1704,-4.000000
1705,4.000000
1706,8.000000
1707,-8.000000
1708,20.000000
1709,-20.000000
1710,-16.000000
1711,-8.000000
1712,-8.000000
1713,20.000000
1714,20.000000
1715,0.000000
1716,-24.000000
1717,-12.000000
1718,0.000000
1719,-8.000000
1720,56.000000
1721,52.000000
1722,-12.000000
1723,-12.000000
1724,20.000000
1725,-12.000000
1726,0.000000
1727,-8.000000
1728,-8.000000
1729,24.000000
1730,-24.000000
1731,-4.000000
1732,-56.000000
1733,-28.000000
1734,-24.000000
1735,-16.000000
1736,-16.000000
1737,-24.000000
1738,-28.000000
1739,-12.000000
1740,-24.000000
1741,0.000000
1742,0.000000
1743,-32.000000
1744,-52.000000
1745,-28.000000
1746,-12.000000
1747,-4.000000
1748,-20.000000
1749,-20.000000
1750,-20.000000
1751,-12.000000
1752,-8.000000
1753,16.000000
1754,20.000000
1755,-12.000000
1756,16.000000
1757,0.000000
1758,28.000000
1759,-12.000000
1760,16.000000
1761,16.000000
1762,-8.000000
1763,0.000000
1764,0.000000
1765,20.000000
1766,64.000000
1767,-8.000000
1768,-4.000000
1769,0.000000
1770,-8.000000
1771,16.000000
1772,8.000000
1773,-16.000000
1774,-48.000000
1775,-8.000000
1776,-24.000000
1777,-100.000000
1778,0.000000
1779,-28.000000
1780,60.000000
1781,16.000000
1782,16.000000
1783,16.000000
1784,16.000000
1785,4.000000
1786,16.000000
1787,4.000000
1788,8.000000
1789,52.000000
1790,-68.000000
1791,-32.000000
1792,-16.000000
1793,40.000000
1794,0.000000
1795,0.000000
1796,0.000000
1797,12.000000
1798,4.000000
1799,-32.000000
1800,-12.000000
1801,32.000000
1802,8.000000
1803,-40.000000
1804,-8.000000
1805,-56.000000
1806,-44.000000
1807,-8.000000
1808,-12.000000
1809,8.000000
1810,-4.000000
1811,-8.000000
1812,64.000000
1813,-8.000000
1814,-36.000000
1815,-8.000000
1816,44.000000
1817,-8.000000
1818,4.000000
1819,-4.000000
1820,-16.000000
1821,-8.000000
1822,4.000000
1823,-8.000000
1824,-16.000000
1825,28.000000
1826,-12.000000
1827,0.000000
1828,-48.000000
1829,76.000000
1830,-20.000000
1831,-24.000000
1832,-4.000000
1833,0.000000
1834,76.000000
1835,4.000000
1836,4.000000
1837,16.000000
1838,-4.000000
1839,40.000000
1840,20.000000
1841,-12.000000
1842,-16.000000
1843,-4.000000
1844,-16.000000
1845,-20.000000
1846,64.000000
1847,0.000000
1848,36.000000
1849,20.000000
1850,-12.000000
1851,-12.000000
1852,4.000000
1853,8.000000
1854,-8.000000
1855,24.000000
1856,-24.000000
1857,-8.000000
1858,20.000000
1859,-12.000000
1860,0.000000
1861,-16.000000
1862,44.000000
1863,-8.000000
1864,-8.000000
1865,-12.000000
1866,4.000000
1867,0.000000
1868,-16.000000
1869,12.000000
1870,-40.000000
1871,-24.000000
1872,-20.000000
1873,-20.000000
1874,-40.000000
1875,4.000000
1876,-36.000000
1877,-24.000000
1878,52.000000
1879,0.000000
1880,4.000000
1881,-8.000000
1882,12.000000
1883,52.000000
1884,-20.000000
1885,16.000000
1886,44.000000
1887,24.000000
1888,-36.000000
1889,-8.000000
1890,-8.000000
1891,12.000000
1892,0.000000
1893,0.000000
1894,4.000000
1895,44.000000
1896,-60.000000
1897,-12.000000
1898,-8.000000
1899,0.000000
1900,-8.000000
1901,-16.000000
1902,-52.000000
1903,32.000000
1904,24.000000
1905,-24.000000
1906,16.000000
1907,-20.000000
1908,-20.000000
1909,-20.000000
1910,-8.000000
1911,-4.000000
1912,-40.000000
1913,-8.000000
1914,0.000000
1915,-8.000000
1916,-20.000000
1917,-16.000000
1918,-16.000000
1919,4.000000
1920,28.000000
1921,-40.000000
1922,4.000000
1923,40.000000
1924,40.000000
1925,-40.000000
1926,-8.000000
1927,64.000000
1928,-8.000000
1929,8.000000
1930,24.000000
1931,-4.000000
1932,0.000000
1933,-8.000000
1934,-32.000000
1935,-12.000000
1936,-12.000000
1937,-16.000000
1938,-64.000000
1939,12.000000
1940,0.000000
1941,20.000000
1942,-24.000000
1943,-24.000000
1944,4.000000
1945,-4.000000
1946,52.000000
1947,0.000000
1948,-40.000000
1949,-8.000000
1950,-8.000000
1951,-4.000000
1952,0.000000
1953,20.000000
1954,20.000000
1955,40.000000
1956,-28.000000
1957,0.000000
1958,12.000000
1959,20.000000
1960,28.000000
1961,40.000000
1962,-8.000000
1963,-4.000000
1964,4.000000
1965,-28.000000
1966,-8.000000
1967,-64.000000
1968,16.000000
1969,4.000000
1970,16.000000
1971,-28.000000
1972,-4.000000
1973,-52.000000
1974,0.000000
1975,8.000000
1976,24.000000
1977,-32.000000
1978,-28.000000
1979,-8.000000
1980,-40.000000
1981,-12.000000
1982,8.000000
1983,-52.000000
1984,16.000000
1985,16.000000
1986,-4.000000
1987,-8.000000
1988,52.000000
1989,4.000000
1990,-8.000000
1991,32.000000
1992,-24.000000
1993,0.000000
1994,0.000000
1995,8.000000
1996,24.000000
1997,4.000000
1998,4.000000
1999,12.000000
2000,4.000000
2001,24.000000
2002,-20.000000
2003,0.000000
2004,-44.000000
2005,-24.000000
2006,16.000000
2007,-8.000000
2008,16.000000
2009,56.000000
2010,24.000000
2011,28.000000
2012,-8.000000
2013,8.000000
2014,-40.000000
2015,8.000000
2016,-8.000000
2017,0.000000
2018,12.000000
2019,-8.000000
2020,-24.000000
2021,16.000000
2022,-8.000000
2023,-16.000000
2024,-16.000000
2025,-8.000000
2026,0.000000
2027,4.000000
2028,12.000000
2029,28.000000
2030,76.000000
2031,-8.000000
2032,-8.000000
2033,-20.000000
2034,-28.000000
2035,0.000000
2036,0.000000
2037,4.000000
2038,4.000000
2039,-12.000000
2040,4.000000
2041,-16.000000
2042,-20.000000
2043,44.000000
2044,-28.000000
2045,-8.000000
2046,4.000000
2047,-12.000000
2048,-4.000000
2049,28.000000
2050,-32.000000
2051,-48.000000
2052,24.000000
2053,24.000000
2054,-44.000000
2055,60.000000
2056,-12.000000
2057,-32.000000
2058,8.000000
2059,-12.000000
2060,-4.000000
2061,96.000000
2062,-24.000000
2063,-44.000000
2064,-12.000000
2065,-16.000000
2066,-20.000000
2067,16.000000
2068,28.000000
2069,4.000000
2070,-36.000000
2071,-8.000000
2072,64.000000
2073,28.000000
2074,20.000000
2075,12.000000
2076,-16.000000
2077,-4.000000
2078,12.000000
2079,-12.000000
2080,-8.000000
2081,-16.000000
2082,44.000000
2083,-16.000000
2084,-20.000000
2085,-4.000000
2086,0.000000
2087,16.000000
2088,16.000000
2089,32.000000
2090,-28.000000
2091,-12.000000
2092,-8.000000
2093,12.000000
2094,-4.000000
2095,0.000000
2096,4.000000
2097,-40.000000
2098,-12.000000
2099,-20.000000
2100,-16.000000
2101,28.000000
2102,-16.000000
2103,-40.000000
2104,0.000000
2105,-20.000000
2106,8.000000
2107,-8.000000
2108,20.000000
2109,-32.000000
2110,-36.000000
2111,8.000000
2112,8.000000
2113,-12.000000
2114,-32.000000
2115,-28.000000
2116,-8.000000
2117,-4.000000
2118,20.000000
2119,-20.000000
2120,-20.000000
2121,-8.000000
2122,-12.000000
2123,12.000000
2124,-68.000000
2125,44.000000
2126,40.000000
2127,-44.000000
2128,4.000000
2129,20.000000
2130,52.000000
2131,-64.000000
2132,16.000000
2133,8.000000
2134,8.000000
2135,-8.000000
2136,-32.000000
2137,-16.000000
2138,4.000000
2139,0.000000
2140,8.000000
2141,24.000000
2142,-52.000000
2143,8.000000
2144,-16.000000
2145,-8.000000
2146,-20.000000
2147,-24.000000
2148,-8.000000
2149,16.000000
2150,-8.000000
2151,0.000000
2152,-8.000000
2153,-40.000000
2154,-12.000000
2155,-4.000000
2156,-32.000000
2157,88.000000
2158,-24.000000
2159,-28.000000
2160,4.000000
2161,-36.000000
2162,-40.000000
2163,-24.000000
2164,-8.000000
2165,16.000000
2166,8.000000
2167,-48.000000
2168,-8.000000
2169,-12.000000
2170,-52.000000
2171,-32.000000
2172,-20.000000
2173,48.000000
2174,16.000000
2175,-12.000000
2176,44.000000
2177,68.000000
2178,-24.000000
2179,8.000000
2180,0.000000
2181,-32.000000
2182,-24.000000
2183,-12.000000
2184,-12.000000
2185,12.000000
2186,12.000000
2187,-4.000000
2188,-32.000000
2189,8.000000
2190,52.000000
2191,-56.000000
2192,8.000000
2193,-8.000000
2194,-20.000000
2195,-24.000000
2196,16.000000
2197,12.000000
2198,12.000000
2199,24.000000
2200,0.000000
2201,-16.000000
2202,-16.000000
2203,8.000000
2204,0.000000
2205,-4.000000
2206,20.000000
2207,16.000000
2208,-16.000000
2209,4.000000
2210,-8.000000
2211,4.000000
2212,8.000000
2213,-8.000000
2214,16.000000
2215,-8.000000
2216,0.000000
2217,16.000000
2218,16.000000
2219,44.000000
2220,-20.000000
2221,-20.000000
2222,-20.000000
2223,-4.000000
2224,0.000000
2225,68.000000
2226,44.000000
2227,20.000000
2228,-8.000000
2229,-8.000000
2230,44.000000
2231,-8.000000
2232,0.000000
2233,-20.000000
2234,-16.000000
2235,-8.000000
2236,-8.000000
2237,16.000000
2238,76.000000
2239,-24.000000
2240,0.000000
2241,-12.000000
2242,20.000000
2243,-16.000000
2244,52.000000
2245,8.000000
2246,-60.000000
2247,0.000000
2248,20.000000
2249,-32.000000
2250,-8.000000
2251,-4.000000
2252,4.000000
2253,16.000000
2254,-8.000000
2255,-12.000000
2256,-40.000000
2257,0.000000
2258,-8.000000
2259,52.000000
2260,4.000000
2261,-32.000000
2262,-4.000000
2263,16.000000
2264,76.000000
2265,-8.000000
2266,-8.000000
2267,0.000000
2268,-4.000000
2269,12.000000
2270,-72.000000
2271,-36.000000
2272,-8.000000
2273,-16.000000
2274,-8.000000
2275,-8.000000
2276,-44.000000
2277,4.000000
2278,0.000000
2279,24.000000
2280,-28.000000
2281,-24.000000
2282,-8.000000
2283,-16.000000
2284,16.000000
2285,-44.000000
2286,44.000000
2287,-12.000000
2288,-48.000000
2289,-8.000000
2290,-12.000000
2291,-16.000000
2292,-44.000000
2293,12.000000
2294,20.000000
2295,-24.000000
2296,0.000000
2297,-12.000000
2298,-12.000000
2299,-8.000000
2300,16.000000
2301,28.000000
2302,-12.000000
2303,-20.000000
2304,0.000000
2305,-8.000000
2306,20.000000
2307,-12.000000
2308,16.000000
2309,-24.000000
2310,20.000000
2311,0.000000
2312,-4.000000
2313,-8.000000
2314,20.000000
2315,-8.000000
2316,-8.000000
2317,16.000000
2318,-28.000000
2319,-8.000000
2320,-12.000000
2321,-16.000000
2322,-56.000000
2323,12.000000
2324,-8.000000
2325,-16.000000
2326,-16.000000
2327,0.000000
2328,0.000000
2329,-20.000000
2330,28.000000
2331,52.000000
2332,0.000000
2333,4.000000
2334,4.000000
2335,20.000000
2336,-44.000000
2337,56.000000
2338,-24.000000
2339,20.000000
2340,-20.000000
2341,24.000000
2342,-44.000000
2343,-28.000000
2344,-20.000000
2345,-8.000000
2346,-4.000000
2347,-8.000000
2348,-24.000000
2349,-24.000000
2350,-8.000000
2351,8.000000
2352,-28.000000
2353,-20.000000
2354,-4.000000
2355,-20.000000
2356,-16.000000
2357,-8.000000
2358,-24.000000
2359,60.000000
2360,16.000000
2361,-32.000000
2362,-4.000000
2363,0.000000
2364,-8.000000
2365,4.000000
2366,12.000000
2367,4.000000
2368,12.000000
2369,-28.000000
2370,-28.000000
2371,4.000000
2372,4.000000
2373,-4.000000
2374,16.000000
2375,-8.000000
2376,-4.000000
2377,24.000000
2378,-28.000000
2379,16.000000
2380,16.000000
2381,-8.000000
2382,-4.000000
2383,-20.000000
2384,0.000000
2385,-12.000000
2386,16.000000
2387,4.000000
2388,-12.000000
2389,0.000000
2390,-8.000000
2391,20.000000
2392,-16.000000
2393,16.000000
2394,-8.000000
2395,16.000000
2396,-24.000000
2397,-32.000000
2398,-8.000000
2399,32.000000
2400,-20.000000
2401,8.000000
2402,-16.000000
2403,16.000000
2404,-24.000000
2405,-44.000000
2406,-16.000000
2407,-12.000000
2408,-16.000000
2409,-16.000000
2410,-16.000000
2411,-8.000000
2412,12.000000
2413,-20.000000
2414,0.000000
2415,-44.000000
2416,-36.000000
2417,8.000000
2418,16.000000
2419,-8.000000
2420,-16.000000
2421,16.000000
2422,20.000000
2423,-16.000000
2424,-24.000000
2425,-24.000000
2426,-24.000000
2427,0.000000
2428,0.000000
2429,-32.000000
2430,-8.000000
2431,-24.000000
2432,-28.000000
2433,-8.000000
2434,16.000000
2435,-4.000000
2436,-16.000000
2437,4.000000
2438,4.000000
2439,8.000000
2440,12.000000
2441,-16.000000
2442,-16.000000
2443,56.000000
2444,28.000000
2445,4.000000
2446,-4.000000
2447,-52.000000
2448,-8.000000
2449,-4.000000
2450,44.000000
2451,-8.000000
2452,16.000000
2453,4.000000
2454,4.000000
2455,12.000000
2456,-8.000000
2457,24.000000
2458,4.000000
2459,52.000000
2460,-16.000000
2461,-8.000000
2462,-8.000000
2463,4.000000
2464,0.000000
2465,-16.000000
2466,-20.000000
2467,44.000000
2468,-8.000000
2469,0.000000
2470,20.000000
2471,-8.000000
2472,-8.000000
2473,52.000000
2474,-12.000000
2475,4.000000
2476,0.000000
2477,0.000000
2478,-16.000000
2479,-4.000000
2480,8.000000
2481,8.000000
2482,8.000000
2483,0.000000
2484,0.000000
2485,12.000000
2486,-20.000000
2487,-8.000000
2488,36.000000
2489,-16.000000
2490,40.000000
2491,-40.000000
2492,0.000000
2493,0.000000
2494,0.000000
2495,4.000000
2496,20.000000
2497,-28.000000
2498,4.000000
2499,-24.000000
2500,-20.000000
2501,-8.000000
2502,-16.000000
2503,-28.000000
2504,0.000000
2505,28.000000
2506,-8.000000
2507,0.000000
2508,-28.000000
2509,4.000000
2510,-16.000000
2511,-24.000000
2512,-28.000000
2513,52.000000
2514,-20.000000
2515,-16.000000
2516,-16.000000
2517,0.000000
2518,-16.000000
2519,24.000000
2520,20.000000
2521,-12.000000
2522,-4.000000
2523,-20.000000
2524,-8.000000
2525,24.000000
2526,24.000000
2527,44.000000
2528,-20.000000
2529,-12.000000
2530,-8.000000
2531,-20.000000
2532,12.000000
2533,-28.000000
2534,16.000000
2535,8.000000
2536,-44.000000
2537,-80.000000
2538,24.000000
2539,76.000000
2540,-28.000000
2541,-8.000000
2542,60.000000
2543,40.000000
2544,0.000000
2545,4.000000
2546,-16.000000
2547,0.000000
2548,-40.000000
2549,16.000000
2550,-20.000000
2551,16.000000
2552,60.000000
2553,-16.000000
2554,-16.000000
2555,4.000000
2556,0.000000
2557,-4.000000
2558,-8.000000
2559,36.000000
2560,8.000000
2561,-24.000000
2562,16.000000
2563,0.000000
2564,0.000000
2565,-60.000000
2566,20.000000
2567,-32.000000
2568,-24.000000
2569,0.000000
2570,0.000000
2571,-20.000000
2572,0.000000
2573,0.000000
2574,16.000000
2575,20.000000
2576,20.000000
2577,0.000000
2578,-28.000000
2579,-48.000000
2580,-32.000000
2581,-16.000000
2582,-16.000000
2583,-8.000000
2584,56.000000
2585,-12.000000
2586,12.000000
2587,-8.000000
2588,-12.000000
2589,-8.000000
2590,4.000000
2591,-8.000000
2592,-8.000000
2593,16.000000
2594,4.000000
2595,-8.000000
2596,-4.000000
2597,-8.000000
2598,64.000000
2599,0.000000
2600,24.000000
2601,0.000000
2602,-16.000000
2603,0.000000
2604,52.000000
2605,-40.000000
2606,-16.000000
2607,64.000000
2608,-16.000000
2609,8.000000
2610,8.000000
2611,20.000000
2612,12.000000
2613,-12.000000
2614,4.000000
2615,-12.000000
2616,8.000000
2617,16.000000
2618,-4.000000
2619,-16.000000
2620,-8.000000
2621,-8.000000
2622,44.000000
2623,44.000000
2624,-8.000000
2625,-24.000000
2626,0.000000
2627,40.000000
2628,0.000000
2629,0.000000
2630,28.000000
2631,-8.000000
2632,68.000000
2633,4.000000
2634,0.000000
2635,4.000000
2636,4.000000
2637,-8.000000
2638,-32.000000
2639,-20.000000
2640,8.000000
2641,0.000000
2642,-16.000000
2643,0.000000
2644,40.000000
2645,-28.000000
2646,-28.000000
2647,-16.000000
2648,64.000000
2649,4.000000
2650,-20.000000
2651,0.000000
2652,0.000000
2653,-48.000000
2654,4.000000
2655,-76.000000
2656,-8.000000
2657,0.000000
2658,0.000000
2659,-24.000000
2660,-24.000000
2661,-16.000000
2662,-20.000000
2663,-40.000000
2664,40.000000
2665,-8.000000
2666,8.000000
2667,16.000000
2668,8.000000
2669,-72.000000
2670,-60.000000
2671,-20.000000
2672,0.000000
2673,0.000000
2674,-4.000000
2675,-8.000000
2676,-4.000000
2677,0.000000
2678,56.000000
2679,-44.000000
2680,-12.000000
2681,-24.000000
2682,20.000000
2683,12.000000
2684,0.000000
2685,8.000000
2686,0.000000
2687,-8.000000
2688,-24.000000
2689,-16.000000
2690,-28.000000
2691,-24.000000
2692,52.000000
2693,16.000000
2694,32.000000
2695,-4.000000
2696,-8.000000
2697,0.000000
2698,-8.000000
2699,8.000000
2700,12.000000
2701,12.000000
2702,12.000000
2703,8.000000
2704,-8.000000
2705,4.000000
2706,4.000000
2707,0.000000
2708,8.000000
2709,8.000000
2710,16.000000
2711,28.000000
2712,12.000000
2713,-16.000000
2714,44.000000
2715,16.000000
2716,-20.000000
2717,-8.000000
2718,0.000000
2719,-4.000000
2720,-40.000000
2721,-40.000000
2722,28.000000
2723,8.000000
2724,-12.000000
2725,-52.000000
2726,8.000000
2727,60.000000
2728,16.000000
2729,-20.000000
2730,-16.000000
2731,4.000000
2732,8.000000
2733,-12.000000
2734,24.000000
2735,-8.000000
2736,-4.000000
2737,12.000000
2738,8.000000
2739,4.000000
2740,-88.000000
2741,-12.000000
2742,-36.000000
2743,-32.000000
2744,20.000000
2745,16.000000
2746,-24.000000
2747,-4.000000
2748,-8.000000
2749,28.000000
2750,-28.000000
2751,0.000000
2752,16.000000
2753,-24.000000
2754,12.000000
2755,-4.000000
2756,0.000000
2757,-52.000000
2758,0.000000
2759,52.000000
2760,-8.000000
2761,-36.000000
2762,-52.000000
2763,44.000000
2764,-28.000000
2765,-8.000000
2766,-28.000000
2767,-8.000000
2768,-4.000000
2769,-4.000000
2770,4.000000
2771,-4.000000
2772,-8.000000
2773,-60.000000
2774,16.000000
2775,-28.000000
2776,-4.000000
2777,40.000000
2778,-20.000000
2779,-4.000000
2780,-4.000000
2781,4.000000
2782,-28.000000
2783,-16.000000
2784,-16.000000
2785,0.000000
2786,-60.000000
2787,-8.000000
2788,-8.000000
2789,-20.000000
2790,4.000000
2791,0.000000
2792,-36.000000
2793,12.000000
2794,8.000000
2795,-8.000000
2796,20.000000
2797,52.000000
2798,-8.000000
2799,-16.000000
2800,12.000000
2801,20.000000
2802,16.000000
2803,12.000000
2804,12.000000
2805,80.000000
2806,-20.000000
2807,12.000000
2808,4.000000
2809,20.000000
2810,24.000000
2811,-16.000000
2812,-8.000000
2813,16.000000
2814,-8.000000
2815,0.000000
2816,-8.000000
2817,4.000000
2818,16.000000
2819,0.000000
2820,4.000000
2821,-8.000000
2822,-12.000000
2823,16.000000
2824,-20.000000
2825,8.000000
2826,-72.000000
2827,52.000000
2828,-32.000000
2829,52.000000
2830,16.000000
2831,-8.000000
2832,0.000000
2833,-16.000000
2834,20.000000
2835,16.000000
2836,-20.000000
2837,-20.000000
2838,12.000000
2839,-4.000000
2840,44.000000
2841,-16.000000
2842,12.000000
2843,-8.000000
2844,-52.000000
2845,52.000000
2846,-16.000000
2847,8.000000
2848,12.000000
2849,-44.000000
2850,-40.000000
2851,-8.000000
2852,-12.000000
2853,8.000000
2854,-8.000000
2855,-8.000000
2856,48.000000
2857,-28.000000
2858,-12.000000
2859,16.000000
2860,12.000000
2861,8.000000
2862,52.000000
2863,-20.000000
2864,-8.000000
2865,40.000000
2866,0.000000
2867,-8.000000
2868,28.000000
2869,40.000000
2870,4.000000
2871,8.000000
2872,-8.000000
2873,-16.000000
2874,0.000000
2875,12.000000
2876,0.000000
2877,4.000000
2878,4.000000
2879,-4.000000
2880,-4.000000
2881,-16.000000
2882,-8.000000
2883,-36.000000
2884,0.000000
2885,44.000000
2886,0.000000
2887,-20.000000
2888,8.000000
2889,-8.000000
2890,-4.000000
2891,-28.000000
2892,0.000000
2893,0.000000
2894,-8.000000
2895,0.000000
2896,-52.000000
2897,0.000000
2898,-4.000000
2899,-4.000000
2900,-4.000000
2901,0.000000
2902,12.000000
2903,-8.000000
2904,-44.000000
2905,12.000000
2906,0.000000
2907,-20.000000
2908,-8.000000
2909,-8.000000
2910,-8.000000
2911,0.000000
2912,-60.000000
2913,44.000000
2914,28.000000
2915,20.000000
2916,-12.000000
2917,-12.000000
2918,0.000000
2919,4.000000
2920,-32.000000
2921,0.000000
2922,12.000000
2923,-8.000000
2924,20.000000
2925,0.000000
2926,-60.000000
2927,12.000000
2928,0.000000
2929,-28.000000
2930,104.000000
2931,-8.000000
2932,-8.000000
2933,20.000000
2934,12.000000
2935,28.000000
2936,-8.000000
2937,-4.000000
2938,-16.000000
2939,-28.000000
2940,-8.000000
2941,12.000000
2942,-16.000000
2943,44.000000
2944,-28.000000
2945,0.000000
2946,64.000000
2947,-12.000000
2948,-40.000000
2949,4.000000
2950,-52.000000
2951,20.000000
2952,-4.000000
2953,-4.000000
2954,-8.000000
2955,72.000000
2956,-8.000000
2957,12.000000
2958,-12.000000
2959,-4.000000
2960,-4.000000
2961,16.000000
2962,60.000000
2963,-12.000000
2964,-8.000000
2965,52.000000
2966,-28.000000
2967,-68.000000
2968,-24.000000
2969,-20.000000
2970,4.000000
2971,-4.000000
2972,-8.000000
2973,4.000000
2974,16.000000
2975,-8.000000
2976,40.000000
2977,4.000000
2978,4.000000
2979,12.000000
2980,-12.000000
2981,-20.000000
2982,16.000000
2983,-20.000000
2984,-8.000000
2985,0.000000
2986,-48.000000
2987,24.000000
2988,12.000000
2989,-20.000000
2990,-4.000000
2991,8.000000
2992,20.000000
2993,-8.000000
2994,-8.000000
2995,4.000000
2996,-8.000000
2997,16.000000
2998,16.000000
2999,-8.000000
3000,36.000000
3001,-12.000000
3002,52.000000
3003,0.000000
3004,-12.000000
3005,-4.000000
3006,0.000000
3007,0.000000
3008,-4.000000
3009,-16.000000
3010,-16.000000
3011,0.000000
3012,-20.000000
3013,-16.000000
3014,-16.000000
3015,20.000000
3016,-60.000000
3017,-24.000000
3018,-16.000000
3019,-16.000000
3020,-8.000000
3021,68.000000
3022,-4.000000
3023,-44.000000
3024,24.000000
3025,-20.000000
3026,-16.000000
3027,-8.000000
3028,-8.000000
3029,0.000000
3030,16.000000
3031,-16.000000
3032,-4.000000
3033,12.000000
3034,-24.000000
3035,-28.000000
3036,-28.000000
3037,0.000000
3038,12.000000
3039,16.000000
3040,-60.000000
3041,-8.000000
3042,52.000000
3043,20.000000
3044,-24.000000
3045,-24.000000
3046,0.000000
3047,-72.000000
3048,-20.000000
3049,20.000000
3050,-20.000000
3051,16.000000
3052,20.000000
3053,-12.000000
3054,-12.000000
3055,-16.000000
3056,64.000000
3057,20.000000
3058,-8.000000
3059,28.000000
3060,-8.000000
3061,-32.000000
3062,-52.000000
3063,-4.000000
3064,-8.000000
3065,-16.000000
3066,-16.000000
3067,-16.000000
3068,24.000000
3069,8.000000
3070,-32.000000
3071,-24.000000
3072,20.000000
3073,-24.000000
3074,0.000000
3075,-4.000000
3076,-4.000000
3077,-8.000000
3078,68.000000
3079,-20.000000
3080,-20.000000
3081,-20.000000
3082,0.000000
3083,104.000000
3084,-16.000000
3085,-16.000000
3086,-36.000000
3087,-44.000000
3088,-32.000000
3089,20.000000
3090,-4.000000
3091,4.000000
3092,4.000000
3093,-8.000000
3094,-8.000000
3095,0.000000
3096,0.000000
3097,12.000000
3098,4.000000
3099,0.000000
3100,8.000000
3101,36.000000
3102,-12.000000
3103,-16.000000
3104,-16.000000
3105,-12.000000
3106,-8.000000
3107,-40.000000
3108,16.000000
3109,4.000000
3110,-4.000000
3111,-24.000000
3112,-24.000000
3113,0.000000
3114,0.000000
3115,0.000000
3116,52.000000
3117,44.000000
3118,16.000000
3119,16.000000
3120,20.000000
3121,-40.000000
3122,-32.000000
3123,8.000000
3124,16.000000
3125,20.000000
3126,52.000000
3127,-8.000000
3128,-12.000000
3129,12.000000
3130,-8.000000
3131,-28.000000
3132,-28.000000
3133,0.000000
3134,-32.000000
3135,-16.000000
3136,4.000000
3137,-28.000000
3138,8.000000
3139,-84.000000
3140,0.000000
3141,52.000000
3142,-28.000000
3143,4.000000
3144,-4.000000
3145,0.000000
3146,-8.000000
3147,-8.000000
3148,12.000000
3149,-44.000000
3150,-20.000000
3151,32.000000
3152,8.000000
3153,24.000000
3154,28.000000
3155,-28.000000
3156,0.000000
3157,8.000000
3158,16.000000
3159,0.000000
3160,-4.000000
3161,4.000000
3162,-8.000000
3163,-8.000000
3164,-8.000000
3165,28.000000
3166,44.000000
3167,0.000000
3168,-8.000000
3169,24.000000
3170,32.000000
3171,-16.000000
3172,-12.000000
3173,-20.000000
3174,-56.000000
3175,-28.000000
3176,-8.000000
3177,-40.000000
3178,-4.000000
3179,16.000000
3180,-12.000000
3181,16.000000
3182,-32.000000
3183,-8.000000
3184,-44.000000
3185,20.000000
3186,-12.000000
3187,0.000000
3188,32.000000
3189,4.000000
3190,0.000000
3191,-16.000000
3192,4.000000
3193,64.000000
3194,-8.000000
3195,-12.000000
3196,12.000000
3197,12.000000
3198,-8.000000
3199,36.000000
3200,8.000000
3201,24.000000
3202,-12.000000
3203,24.000000
3204,-36.000000
3205,52.000000
3206,0.000000
3207,44.000000
3208,4.000000
3209,-8.000000
3210,0.000000
3211,-16.000000
3212,12.000000
3213,-8.000000
3214,-12.000000
3215,-8.000000
3216,-12.000000
3217,16.000000
3218,-4.000000
3219,52.000000
3220,52.000000
3221,4.000000
3222,-8.000000
3223,-12.000000
3224,8.000000
3225,-16.000000
3226,12.000000
3227,-8.000000
3228,8.000000
3229,32.000000
3230,12.000000
3231,-28.000000
3232,12.000000
3233,16.000000
3234,-8.000000
3235,20.000000
3236,-32.000000
3237,4.000000
3238,8.000000
3239,20.000000
3240,-8.000000
3241,-16.000000
3242,68.000000
3243,-24.000000
3244,-8.000000
3245,12.000000
3246,76.000000
3247,-12.000000
3248,24.000000
3249,-28.000000
3250,4.000000
3251,-16.000000
3252,-40.000000
3253,40.000000
3254,-16.000000
3255,8.000000
3256,32.000000
3257,60.000000
3258,-28.000000
3259,-20.000000
3260,-4.000000
3261,-8.000000
3262,-12.000000
3263,12.000000
3264,-16.000000
3265,28.000000
3266,-20.000000
3267,-44.000000
3268,8.000000
3269,52.000000
3270,20.000000
3271,-8.000000
3272,20.000000
3273,-12.000000
3274,44.000000
3275,-12.000000
3276,-12.000000
3277,-20.000000
3278,24.000000
3279,-8.000000
3280,-8.000000
3281,-20.000000
3282,-24.000000
3283,-16.000000
3284,44.000000
3285,8.000000
3286,-4.000000
3287,-12.000000
3288,0.000000
3289,-8.000000
3290,52.000000
3291,0.000000
3292,16.000000
3293,-4.000000
3294,-8.000000
3295,16.000000
3296,-8.000000
3297,8.000000
3298,12.000000
3299,-12.000000
3300,16.000000
3301,-4.000000
3302,0.000000
3303,-8.000000
3304,4.000000
3305,24.000000
3306,-8.000000
3307,52.000000
3308,20.000000
3309,16.000000
3310,-8.000000
3311,-8.000000
3312,-4.000000
3313,0.000000
3314,-36.000000
3315,40.000000
3316,8.000000
3317,-8.000000
3318,-32.000000
3319,44.000000
3320,-20.000000
3321,-4.000000
3322,24.000000
3323,44.000000
3324,12.000000
3325,0.000000
3326,-16.000000
3327,0.000000
3328,0.000000
3329,-4.000000
3330,-8.000000
3331,-8.000000
3332,-24.000000
3333,0.000000
3334,-40.000000
3335,16.000000
3336,0.000000
3337,-8.000000
3338,12.000000
3339,-20.000000
3340,-16.000000
3341,-20.000000
3342,-8.000000
3343,-32.000000
3344,0.000000
3345,-32.000000
3346,20.000000
3347,8.000000
3348,-8.000000
3349,24.000000
3350,68.000000
3351,56.000000
3352,20.000000
3353,-4.000000
3354,-40.000000
3355,0.000000
3356,0.000000
3357,0.000000
3358,12.000000
3359,0.000000
3360,-4.000000
3361,-28.000000
3362,12.000000
3363,-8.000000
3364,4.000000
3365,-16.000000
3366,-32.000000
3367,12.000000
3368,0.000000
3369,4.000000
3370,24.000000
3371,-32.000000
3372,0.000000
3373,-60.000000
3374,-28.000000
3375,0.000000
3376,4.000000
3377,-8.000000
3378,64.000000
3379,-8.000000
3380,16.000000
3381,28.000000
3382,20.000000
3383,40.000000
3384,8.000000
3385,-20.000000
3386,28.000000
3387,4.000000
3388,0.000000
3389,-12.000000
3390,28.000000
3391,0.000000
3392,32.000000
3393,-4.000000
3394,28.000000
3395,-8.000000
3396,-12.000000
3397,-12.000000
3398,-12.000000
3399,40.000000
3400,-8.000000
3401,0.000000
3402,8.000000
3403,-4.000000
3404,-60.000000
3405,-16.000000
3406,-16.000000
3407,-8.000000
3408,-24.000000
3409,-8.000000
3410,-4.000000
3411,-8.000000
3412,-16.000000
3413,-48.000000
3414,-12.000000
3415,-8.000000
3416,-12.000000
3417,12.000000
3418,-24.000000
3419,64.000000
3420,-4.000000
3421,44.000000
3422,64.000000
3423,0.000000
3424,20.000000
3425,-48.000000
3426,60.000000
3427,28.000000
3428,-8.000000
3429,0.000000
3430,-8.000000
3431,0.000000
3432,4.000000
3433,16.000000
3434,-8.000000
3435,12.000000
3436,0.000000
3437,-8.000000
3438,-4.000000
3439,-28.000000
3440,0.000000
3441,-32.000000
3442,72.000000
3443,-28.000000
3444,8.000000
3445,-16.000000
3446,8.000000
3447,-12.000000
3448,-12.000000
3449,0.000000
3450,-20.000000
3451,-20.000000
3452,-16.000000
3453,12.000000
3454,8.000000
3455,-12.000000
3456,12.000000
3457,-8.000000
3458,-8.000000
3459,-8.000000
3460,-8.000000
3461,0.000000
3462,-40.000000
3463,8.000000
3464,8.000000
3465,8.000000
3466,-4.000000
3467,-20.000000
3468,-36.000000
3469,0.000000
3470,8.000000
3471,-8.000000
3472,-16.000000
3473,-16.000000
3474,-8.000000
3475,-16.000000
3476,16.000000
3477,4.000000
3478,-40.000000
3479,8.000000
3480,0.000000
3481,-20.000000
3482,-84.000000
3483,-16.000000
3484,8.000000
3485,12.000000
3486,-12.000000
3487,16.000000
3488,-16.000000
3489,8.000000
3490,4.000000
3491,-52.000000
3492,28.000000
3493,4.000000
3494,24.000000
3495,-8.000000
3496,24.000000
3497,8.000000
3498,24.000000
3499,-4.000000
3500,16.000000
3501,4.000000
3502,0.000000
3503,16.000000
3504,-4.000000
3505,0.000000
3506,16.000000
3507,-32.000000
3508,-12.000000
3509,72.000000
3510,-12.000000
3511,-32.000000
3512,-4.000000
3513,-32.000000
3514,-4.000000
3515,-12.000000
3516,20.000000
3517,8.000000
3518,-4.000000
3519,-24.000000
3520,-44.000000
3521,40.000000
3522,-12.000000
3523,40.000000
3524,24.000000
3525,8.000000
3526,0.000000
3527,20.000000
3528,-32.000000
3529,8.000000
3530,4.000000
3531,-8.000000
3532,8.000000
3533,-16.000000
3534,-4.000000
3535,-12.000000
3536,4.000000
3537,-36.000000
3538,52.000000
3539,-4.000000
3540,40.000000
3541,4.000000
3542,-4.000000
3543,52.000000
3544,0.000000
3545,4.000000
3546,4.000000
3547,-4.000000
3548,28.000000
3549,-20.000000
3550,12.000000
3551,0.000000
3552,8.000000
3553,16.000000
3554,8.000000
3555,-4.000000
3556,44.000000
3557,-20.000000
3558,12.000000
3559,-12.000000
3560,20.000000
3561,-44.000000
3562,-44.000000
3563,-20.000000
3564,12.000000
3565,-8.000000
3566,16.000000
3567,-36.000000
3568,-20.000000
3569,-4.000000
3570,-44.000000
3571,-8.000000
3572,-4.000000
3573,-8.000000
3574,-12.000000
3575,-12.000000
3576,60.000000
3577,8.000000
3578,-24.000000
3579,-20.000000
3580,-28.000000
3581,12.000000
3582,8.000000
3583,-28.000000
3584,-4.000000
3585,0.000000
3586,-44.000000
3587,8.000000
3588,-4.000000
3589,-4.000000
3590,4.000000
3591,-12.000000
3592,-8.000000
3593,-44.000000
3594,-8.000000
3595,-60.000000
3596,12.000000
3597,-16.000000
3598,-4.000000
3599,-20.000000
3600,-20.000000
3601,4.000000
3602,4.000000
3603,28.000000
3604,24.000000
3605,12.000000
3606,80.000000
3607,-56.000000
3608,12.000000
3609,12.000000
3610,20.000000
3611,-16.000000
3612,-12.000000
3613,-20.000000
3614,-16.000000
3615,-24.000000
3616,-24.000000
3617,16.000000
3618,24.000000
3619,12.000000
3620,-32.000000
3621,-20.000000
3622,-16.000000
3623,-40.000000
3624,-16.000000
3625,-8.000000
3626,-32.000000
3627,-20.000000
3628,-40.000000
3629,-24.000000
3630,-8.000000
3631,-40.000000
3632,-16.000000
3633,12.000000
3634,52.000000
3635,24.000000
3636,0.000000
3637,-4.000000
3638,-20.000000
3639,-16.000000
3640,8.000000
3641,-24.000000
3642,-28.000000
3643,12.000000
3644,-52.000000
3645,-24.000000
3646,4.000000
3647,12.000000
3648,-8.000000
3649,24.000000
3650,0.000000
3651,0.000000
3652,-60.000000
3653,-8.000000
3654,12.000000
3655,56.000000
3656,20.000000
3657,0.000000
3658,4.000000
3659,0.000000
3660,-24.000000
3661,-36.000000
3662,24.000000
3663,24.000000
3664,68.000000
3665,-8.000000
3666,20.000000
3667,12.000000
3668,-24.000000
3669,4.000000
3670,12.000000
3671,28.000000
3672,0.000000
3673,-8.000000
3674,-8.000000
3675,8.000000
3676,-40.000000
3677,-40.000000
3678,-8.000000
3679,28.000000
3680,-8.000000
3681,-16.000000
3682,-32.000000
3683,-20.000000
3684,0.000000
3685,68.000000
3686,-4.000000
3687,28.000000
3688,-28.000000
3689,-20.000000
3690,0.000000
3691,0.000000
3692,60.000000
3693,4.000000
3694,-40.000000
3695,44.000000
3696,-52.000000
3697,44.000000
3698,-8.000000
3699,20.000000
3700,-8.000000
3701,-20.000000
3702,32.000000
3703,20.000000
3704,52.000000
3705,8.000000
3706,0.000000
3707,8.000000
3708,-16.000000
3709,-28.000000
3710,4.000000
3711,16.000000
3712,-4.000000
3713,-16.000000
3714,-48.000000
3715,16.000000
3716,0.000000
3717,-24.000000
3718,44.000000
3719,-4.000000
3720,-16.000000
3721,-8.000000
3722,-28.000000
3723,-24.000000
3724,-24.000000
3725,0.000000
3726,28.000000
3727,-12.000000
3728,28.000000
3729,12.000000
3730,40.000000
3731,-16.000000
3732,44.000000
3733,-24.000000
3734,-12.000000
3735,44.000000
3736,-12.000000
3737,0.000000
3738,8.000000
3739,0.000000
3740,4.000000
3741,-12.000000
3742,52.000000
3743,-8.000000
3744,12.000000
3745,44.000000
3746,-12.000000
3747,-48.000000
3748,0.000000
3749,-24.000000
3750,8.000000
3751,-28.000000
3752,0.000000
3753,-20.000000
3754,8.000000
3755,20.000000
3756,16.000000
3757,-100.000000
3758,-8.000000
3759,-32.000000
3760,-4.000000
3761,-44.000000
3762,-20.000000
3763,-32.000000
3764,-4.000000
3765,0.000000
3766,20.000000
3767,8.000000
3768,100.000000
3769,20.000000
3770,20.000000
3771,8.000000
3772,12.000000
3773,12.000000
3774,-4.000000
3775,-16.000000
3776,4.000000
3777,-32.000000
3778,-8.000000
3779,-12.000000
3780,24.000000
3781,12.000000
3782,8.000000
3783,-8.000000
3784,12.000000
3785,-8.000000
3786,28.000000
3787,-76.000000
3788,0.000000
3789,-16.000000
3790,-8.000000
3791,0.000000
3792,0.000000
3793,-8.000000
3794,-8.000000
3795,12.000000
3796,44.000000
3797,-24.000000
3798,-64.000000
3799,-8.000000
3800,-12.000000
3801,-8.000000
3802,-12.000000
3803,16.000000
3804,24.000000
3805,-20.000000
3806,8.000000
3807,-12.000000
3808,-48.000000
3809,36.000000
3810,0.000000
3811,-12.000000
3812,-8.000000
3813,8.000000
3814,-28.000000
3815,-28.000000
3816,4.000000
3817,20.000000
3818,-8.000000
3819,28.000000
3820,4.000000
3821,24.000000
3822,8.000000
3823,0.000000
3824,0.000000
3825,-8.000000
3826,-16.000000
3827,0.000000
3828,0.000000
3829,12.000000
3830,0.000000
3831,-12.000000
3832,8.000000
3833,-16.000000
3834,0.000000
3835,16.000000
3836,-8.000000
3837,8.000000
3838,32.000000
3839,-8.000000
3840,0.000000
3841,-12.000000
3842,-12.000000
3843,-12.000000
3844,16.000000
3845,-28.000000
3846,24.000000
3847,-52.000000
3848,-8.000000
3849,-16.000000
3850,-4.000000
3851,-4.000000
3852,4.000000
3853,48.000000
3854,24.000000
3855,4.000000
3856,4.000000
3857,-92.000000
3858,16.000000
3859,-8.000000
3860,56.000000
3861,-24.000000
3862,12.000000
3863,-20.000000
3864,12.000000
3865,-72.000000
3866,-12.000000
3867,-20.000000
3868,0.000000
3869,-12.000000
3870,-24.000000
3871,-8.000000
3872,-8.000000
3873,-16.000000
3874,-32.000000
3875,-4.000000
3876,-8.000000
3877,-28.000000
3878,4.000000
3879,-8.000000
3880,24.000000
3881,12.000000
3882,-40.000000
3883,-44.000000
3884,-28.000000
3885,32.000000
3886,-32.000000
3887,32.000000
3888,-56.000000
3889,24.000000
3890,80.000000
3891,0.000000
3892,0.000000
3893,-8.000000
3894,16.000000
3895,-40.000000
3896,4.000000
3897,-20.000000
3898,-8.000000
3899,-12.000000
3900,-52.000000
3901,0.000000
3902,-44.000000
3903,8.000000
3904,-20.000000
3905,0.000000
3906,-8.000000
3907,68.000000
3908,-16.000000
3909,20.000000
3910,4.000000
3911,12.000000
3912,-8.000000
3913,4.000000
3914,24.000000
3915,-8.000000
3916,-8.000000
3917,-20.000000
3918,-16.000000
3919,-28.000000
3920,-40.000000
3921,52.000000
3922,44.000000
3923,4.000000
3924,-8.000000
3925,-16.000000
3926,-44.000000
3927,-8.000000
3928,-20.000000
3929,-4.000000
3930,-8.000000
3931,-4.000000
3932,-8.000000
3933,-8.000000
3934,24.000000
3935,8.000000
3936,-12.000000
3937,-40.000000
3938,0.000000
3939,-20.000000
3940,-20.000000
3941,-20.000000
3942,12.000000
3943,-40.000000
3944,-12.000000
3945,-36.000000
3946,-32.000000
3947,-88.000000
3948,-4.000000
3949,-16.000000
3950,-24.000000
3951,8.000000
3952,-20.000000
3953,20.000000
3954,8.000000
3955,-28.000000
3956,-44.000000
3957,24.000000
3958,0.000000
3959,0.000000
3960,-8.000000
3961,16.000000
3962,-16.000000
3963,60.000000
3964,-40.000000
3965,-12.000000
3966,0.000000
3967,0.000000
3968,24.000000
3969,56.000000
3970,8.000000
3971,-12.000000
3972,-16.000000
3973,8.000000
3974,8.000000
3975,12.000000
3976,8.000000
3977,-16.000000
3978,-36.000000
3979,24.000000
3980,-8.000000
3981,4.000000
3982,8.000000
3983,-12.000000
3984,-12.000000
3985,-32.000000
3986,-8.000000
3987,0.000000
3988,-32.000000
3989,-28.000000
3990,-28.000000
3991,32.000000
3992,8.000000
3993,-16.000000
3994,0.000000
3995,20.000000
3996,-20.000000
3997,-12.000000
3998,4.000000
3999,4.000000
4000,-16.000000
4001,-28.000000
4002,0.000000
4003,-8.000000
4004,-8.000000
4005,16.000000
4006,-28.000000
4007,-16.000000
4008,-16.000000
4009,4.000000
4010,4.000000
4011,-24.000000
4012,0.000000
4013,-4.000000
4014,-8.000000
4015,20.000000
4016,-12.000000
4017,28.000000
4018,-16.000000
4019,28.000000
4020,-24.000000
4021,0.000000
4022,-48.000000
4023,-8.000000
4024,-8.000000
4025,-32.000000
4026,-28.000000
4027,100.000000
4028,52.000000
4029,24.000000
4030,20.000000
4031,-4.000000
4032,-28.000000
4033,-20.000000
4034,-4.000000
4035,-24.000000
4036,0.000000
4037,-8.000000
4038,-8.000000
4039,60.000000
4040,-8.000000
4041,0.000000
4042,-8.000000
4043,-24.000000
4044,-16.000000
4045,20.000000
4046,-24.000000
4047,52.000000
4048,-24.000000
4049,-44.000000
4050,-12.000000
4051,4.000000
4052,-16.000000
4053,-32.000000
4054,-12.000000
4055,-48.000000
4056,-16.000000
4057,0.000000
4058,-12.000000
4059,68.000000
4060,-20.000000
4061,-4.000000
4062,-8.000000
4063,0.000000
4064,-52.000000
4065,4.000000
4066,-12.000000
4067,24.000000
4068,-8.000000
4069,16.000000
4070,20.000000
4071,24.000000
4072,-76.000000
4073,20.000000
4074,0.000000
4075,-40.000000
4076,72.000000
4077,12.000000
4078,0.000000
4079,4.000000
4080,4.000000
4081,-28.000000
4082,0.000000
4083,-16.000000
4084,0.000000
4085,0.000000
4086,0.000000
4087,0.000000
4088,-12.000000
4089,4.000000
4090,-44.000000
4091,-12.000000
4092,56.000000
4093,56.000000
4094,-44.000000
4095,44.000000
4096,28.000000
4097,0.000000
4098,-12.000000
4099,20.000000
4100,-8.000000
4101,24.000000
4102,-12.000000
4103,12.000000
4104,-20.000000
4105,0.000000
4106,16.000000
4107,-8.000000
4108,20.000000
4109,-20.000000
4110,12.000000
4111,-52.000000
4112,0.000000
4113,-8.000000
4114,-24.000000
4115,0.000000
4116,0.000000
4117,-16.000000
4118,28.000000
4119,-8.000000
4120,-8.000000
4121,-20.000000
4122,-16.000000
4123,-16.000000
4124,-20.000000
4125,-48.000000
4126,24.000000
4127,40.000000
4128,-8.000000
4129,-4.000000
4130,8.000000
4131,-4.000000
4132,-12.000000
4133,28.000000
4134,-4.000000
4135,8.000000
4136,32.000000
4137,-8.000000
4138,60.000000
4139,-28.000000
4140,-4.000000
4141,-32.000000
4142,-8.000000
4143,-20.000000
4144,-32.000000
4145,-16.000000
4146,28.000000
4147,-20.000000
4148,16.000000
4149,-20.000000
4150,36.000000
4151,52.000000
4152,-24.000000
4153,-24.000000
4154,4.000000
4155,-8.000000
4156,-8.000000
4157,-4.000000
4158,-56.000000
4159,40.000000
4160,-8.000000
4161,16.000000
4162,-12.000000
4163,-16.000000
4164,-16.000000
4165,-4.000000
4166,76.000000
4167,-20.000000
4168,12.000000
4169,20.000000
4170,68.000000
4171,0.000000
4172,4.000000
4173,0.000000
4174,-48.000000
4175,-16.000000
4176,12.000000
4177,4.000000
4178,0.000000
4179,16.000000
4180,-16.000000
4181,-4.000000
4182,-40.000000
4183,16.000000
4184,0.000000
4185,16.000000
4186,0.000000
4187,8.000000
4188,0.000000
4189,-36.000000
4190,0.000000
4191,-8.000000
4192,-4.000000
4193,-4.000000
4194,-8.000000
4195,-68.000000
4196,-12.000000
4197,8.000000
4198,16.000000
4199,44.000000
4200,-4.000000
4201,-8.000000
4202,0.000000
4203,12.000000
4204,20.000000
4205,-8.000000
4206,0.000000
4207,64.000000
4208,-28.000000
4209,-8.000000
4210,20.000000
4211,4.000000
4212,16.000000
4213,-16.000000
4214,-48.000000
4215,-24.000000
4216,8.000000
4217,0.000000
4218,44.000000
4219,-8.000000
4220,0.000000
4221,-8.000000
4222,4.000000
4223,-28.000000
4224,-8.000000
4225,4.000000
4226,4.000000
4227,-20.000000
4228,-52.000000
4229,-4.000000
4230,-8.000000
4231,-8.000000
4232,-24.000000
4233,-20.000000
4234,4.000000
4235,20.000000
4236,20.000000
4237,20.000000
4238,-72.000000
4239,64.000000
4240,-8.000000
4241,0.000000
4242,16.000000
4243,-8.000000
4244,-4.000000
4245,-4.000000
4246,-40.000000
4247,-8.000000
4248,-4.000000
4249,-28.000000
4250,-4.000000
4251,-12.000000
4252,4.000000
4253,-8.000000
4254,0.000000
4255,-8.000000
4256,44.000000
4257,4.000000
4258,4.000000
4259,-12.000000
4260,-20.000000
4261,-24.000000
4262,-20.000000
4263,20.000000
4264,-16.000000
4265,16.000000
4266,-16.000000
4267,52.000000
4268,0.000000
4269,40.000000
4270,16.000000
4271,32.000000
4272,16.000000
4273,4.000000
4274,20.000000
4275,4.000000
4276,24.000000
4277,-32.000000
4278,-8.000000
4279,-24.000000
4280,8.000000
4281,-20.000000
4282,4.000000
4283,0.000000
4284,0.000000
4285,0.000000
4286,16.000000
4287,4.000000
4288,-24.000000
4289,-24.000000
4290,-52.000000
4291,-40.000000
4292,-8.000000
4293,0.000000
4294,-20.000000
4295,64.000000
4296,-8.000000
4297,-20.000000
4298,28.000000
4299,-52.000000
4300,0.000000
4301,-24.000000
4302,-52.000000
4303,28.000000
4304,-24.000000
4305,0.000000
4306,40.000000
4307,-52.000000
4308,-8.000000
4309,-16.000000
4310,8.000000
4311,-16.000000
4312,24.000000
4313,-36.000000
4314,0.000000
4315,28.000000
4316,-24.000000
4317,20.000000
4318,-8.000000
4319,28.000000
4320,-8.000000
4321,-24.000000
4322,0.000000
4323,-8.000000
4324,24.000000
4325,12.000000
4326,36.000000
4327,-12.000000
4328,-12.000000
4329,16.000000
4330,28.000000
4331,-20.000000
4332,-28.000000
4333,12.000000
4334,-8.000000
4335,0.000000
4336,32.000000
4337,-8.000000
4338,-36.000000
4339,20.000000
4340,20.000000
4341,-8.000000
4342,0.000000
4343,-16.000000
4344,4.000000
4345,-28.000000
4346,-24.000000
4347,28.000000
4348,8.000000
4349,-8.000000
4350,28.000000
4351,16.000000
4352,-8.000000
4353,24.000000
4354,-4.000000
4355,-20.000000
4356,-24.000000
4357,4.000000
4358,0.000000
4359,-64.000000
4360,-32.000000
4361,-24.000000
4362,-24.000000
4363,12.000000
4364,-8.000000
4365,-12.000000
4366,20.000000
4367,8.000000
4368,-16.000000
4369,-24.000000
4370,0.000000
4371,-24.000000
4372,-8.000000
4373,-12.000000
4374,-32.000000
4375,-32.000000
4376,8.000000
4377,-4.000000
4378,0.000000
4379,-8.000000
4380,-8.000000
4381,-4.000000
4382,16.000000
4383,-8.000000
4384,16.000000
4385,32.000000
4386,-24.000000
4387,-28.000000
4388,0.000000
4389,-4.000000
4390,-12.000000
4391,4.000000
4392,20.000000
4393,20.000000
4394,-4.000000
4395,0.000000
4396,-16.000000
4397,0.000000
4398,-32.000000
4399,-28.000000
4400,-28.000000
4401,0.000000
4402,4.000000
4403,-32.000000
4404,20.000000
4405,20.000000
4406,-8.000000
4407,28.000000
4408,4.000000
4409,32.000000
4410,-44.000000
4411,60.000000
4412,-20.000000
4413,12.000000
4414,-36.000000
4415,16.000000
4416,-8.000000
4417,8.000000
4418,-36.000000
4419,-8.000000
4420,-16.000000
4421,12.000000
4422,0.000000
4423,-36.000000
4424,-32.000000
4425,12.000000
4426,-28.000000
4427,-32.000000
4428,-8.000000
4429,-20.000000
4430,0.000000
4431,-8.000000
4432,12.000000
4433,-28.000000
4434,24.000000
4435,20.000000
4436,4.000000
4437,64.000000
4438,20.000000
4439,12.000000
4440,-4.000000
4441,-20.000000
4442,-24.000000
4443,-8.000000
4444,20.000000
4445,-28.000000
4446,8.000000
4447,4.000000
4448,4.000000
4449,-32.000000
4450,52.000000
4451,-20.000000
4452,-32.000000
4453,32.000000
4454,32.000000
4455,-16.000000
4456,40.000000
4457,60.000000
4458,0.000000
4459,-40.000000
4460,-8.000000
4461,0.000000
4462,12.000000
4463,0.000000
4464,-12.000000
4465,-28.000000
4466,20.000000
4467,8.000000
4468,4.000000
4469,24.000000
4470,-8.000000
4471,8.000000
4472,44.000000
4473,-8.000000
4474,4.000000
4475,0.000000
4476,-4.000000
4477,-12.000000
4478,20.000000
4479,-20.000000
4480,0.000000
4481,-4.000000
4482,20.000000
4483,0.000000
4484,16.000000
4485,-24.000000
4486,52.000000
4487,-4.000000
4488,-48.000000
4489,-20.000000
4490,-20.000000
4491,-8.000000
4492,24.000000
4493,-40.000000
4494,0.000000
4495,-8.000000
4496,8.000000
4497,0.000000
4498,-32.000000
4499,-12.000000
4500,-20.000000
4501,8.000000
4502,44.000000
4503,-4.000000
4504,-4.000000
4505,28.000000
4506,-40.000000
4507,16.000000
4508,0.000000
4509,16.000000
4510,4.000000
4511,72.000000
4512,20.000000
4513,-12.000000
4514,-8.000000
4515,4.000000
4516,-16.000000
4517,0.000000
4518,-24.000000
4519,-8.000000
4520,-8.000000
4521,84.000000
4522,-32.000000
4523,-20.000000
4524,-20.000000
4525,52.000000
4526,-32.000000
4527,8.000000
4528,56.000000
4529,-8.000000
4530,-20.000000
4531,-8.000000
4532,-12.000000
4533,-60.000000
4534,12.000000
4535,0.000000
4536,-8.000000
4537,0.000000
4538,-52.000000
4539,-4.000000
4540,-32.000000
4541,-20.000000
4542,-8.000000
4543,0.000000
4544,32.000000
4545,0.000000
4546,16.000000
4547,-20.000000
4548,-20.000000
4549,-24.000000
4550,-8.000000
4551,0.000000
4552,0.000000
4553,-12.000000
4554,-16.000000
4555,-24.000000
4556,-8.000000
4557,-8.000000
4558,0.000000
4559,0.000000
4560,0.000000
4561,12.000000
4562,-24.000000
4563,0.000000
4564,16.000000
4565,-4.000000
4566,12.000000
4567,0.000000
4568,0.000000
4569,16.000000
4570,-8.000000
4571,-16.000000
4572,0.000000
4573,0.000000
4574,0.000000
4575,-4.000000
4576,0.000000
4577,0.000000
4578,-36.000000
4579,-16.000000
4580,-12.000000
4581,88.000000
4582,72.000000
4583,-20.000000
4584,4.000000
4585,52.000000
4586,-32.000000
4587,-44.000000
4588,20.000000
4589,-12.000000
4590,-12.000000
4591,32.000000
4592,32.000000
4593,-4.000000
4594,-8.000000
4595,8.000000
4596,-12.000000
4597,-28.000000
4598,48.000000
4599,4.000000
4600,0.000000
4601,12.000000
4602,12.000000
4603,-8.000000
4604,-16.000000
4605,8.000000
4606,-20.000000
4607,-4.000000
4608,20.000000
4609,20.000000
4610,20.000000
4611,-52.000000
4612,-8.000000
4613,-52.000000
4614,56.000000
4615,0.000000
4616,0.000000
4617,-32.000000
4618,-36.000000
4619,-4.000000
4620,-20.000000
4621,0.000000
4622,40.000000
4623,4.000000
4624,-20.000000
4625,-8.000000
4626,44.000000
4627,-24.000000
4628,8.000000
4629,-8.000000
4630,-8.000000
4631,20.000000
4632,16.000000
4633,4.000000
4634,-16.000000
4635,-28.000000
4636,-8.000000
4637,-32.000000
4638,-12.000000
4639,4.000000
4640,8.000000
4641,-8.000000
4642,16.000000
4643,-28.000000
4644,-20.000000
4645,44.000000
4646,24.000000
4647,-8.000000
4648,16.000000
4649,16.000000
4650,12.000000
4651,0.000000
4652,-8.000000
4653,-32.000000
4654,84.000000
4655,-8.000000
4656,16.000000
4657,-28.000000
4658,-68.000000
4659,0.000000
4660,4.000000
4661,-32.000000
4662,-4.000000
4663,-8.000000
4664,-52.000000
4665,-16.000000
4666,-4.000000
4667,28.000000
4668,24.000000
4669,-20.000000
4670,-20.000000
4671,4.000000
4672,8.000000
4673,-40.000000
4674,-12.000000
4675,28.000000
4676,-8.000000
4677,-16.000000
4678,-24.000000
4679,16.000000
4680,-28.000000
4681,16.000000
4682,-16.000000
4683,16.000000
4684,20.000000
4685,32.000000
4686,-16.000000
4687,-12.000000
4688,-8.000000
4689,16.000000
4690,-24.000000
4691,-24.000000
4692,-24.000000
4693,-8.000000
4694,20.000000
4695,-8.000000
4696,-8.000000
4697,-4.000000
4698,0.000000
4699,-12.000000
4700,24.000000
4701,-8.000000
4702,64.000000
4703,-32.000000
4704,44.000000
4705,-12.000000
4706,4.000000
4707,24.000000
4708,-12.000000
4709,-12.000000
4710,4.000000
4711,-16.000000
4712,60.000000
4713,-44.000000
4714,0.000000
4715,-40.000000
4716,-8.000000
4717,-84.000000
4718,28.000000
4719,4.000000
4720,12.000000
4721,-16.000000
4722,-4.000000
4723,12.000000
4724,16.000000
4725,8.000000
4726,12.000000
4727,16.000000
4728,-4.000000
4729,16.000000
4730,60.000000
4731,-44.000000
4732,0.000000
4733,12.000000
4734,-24.000000
4735,-8.000000
4736,-4.000000
4737,-52.000000
4738,-28.000000
4739,16.000000
4740,8.000000
4741,8.000000
4742,-8.000000
4743,16.000000
4744,56.000000
4745,32.000000
4746,-16.000000
4747,-8.000000
4748,40.000000
4749,-20.000000
4750,-4.000000
4751,16.000000
4752,24.000000
4753,28.000000
4754,12.000000
4755,24.000000
4756,-16.000000
4757,44.000000
4758,0.000000
4759,96.000000
4760,16.000000
4761,-24.000000
4762,16.000000
4763,8.000000
4764,52.000000
4765,4.000000
4766,-44.000000
4767,4.000000
4768,-32.000000
4769,-20.000000
4770,0.000000
4771,16.000000
4772,24.000000
4773,-8.000000
4774,-8.000000
4775,-4.000000
4776,-28.000000
4777,16.000000
4778,-12.000000
4779,24.000000
4780,12.000000
4781,8.000000
4782,-24.000000
4783,4.000000
4784,4.000000
4785,-16.000000
4786,24.000000
4787,-8.000000
4788,-8.000000
4789,0.000000
4790,0.000000
4791,0.000000
4792,0.000000
4793,-36.000000
4794,-28.000000
4795,-24.000000
4796,-24.000000
4797,12.000000
4798,48.000000
4799,24.000000
4800,0.000000
4801,8.000000
4802,-8.000000
4803,16.000000
4804,20.000000
4805,-16.000000
4806,-8.000000
4807,-16.000000
4808,-16.000000
4809,-16.000000
4810,-12.000000
4811,-32.000000
4812,-32.000000
4813,-12.000000
4814,-8.000000
4815,4.000000
4816,-28.000000
4817,12.000000
4818,4.000000
4819,-8.000000
4820,-12.000000
4821,-8.000000
4822,16.000000
4823,-16.000000
4824,-24.000000
4825,12.000000
4826,8.000000
4827,-16.000000
4828,-20.000000
4829,20.000000
4830,-12.000000
4831,0.000000
4832,-8.000000
4833,0.000000
4834,0.000000
4835,-4.000000
4836,-12.000000
4837,64.000000
4838,16.000000
4839,-8.000000
4840,-8.000000
4841,-8.000000
4842,-16.000000
4843,-12.000000
4844,-24.000000
4845,-28.000000
4846,20.000000
4847,-16.000000
4848,-16.000000
4849,24.000000
4850,-4.000000
4851,12.000000
4852,16.000000
4853,-24.000000
4854,44.000000
4855,44.000000
4856,0.000000
4857,44.000000
4858,44.000000
4859,24.000000
4860,-4.000000
4861,-20.000000
4862,-24.000000
4863,-20.000000
4864,-20.000000
4865,-8.000000
4866,-16.000000
4867,12.000000
4868,20.000000
4869,-60.000000
4870,0.000000
4871,-32.000000
4872,-12.000000
4873,-36.000000
4874,4.000000
4875,-12.000000
4876,8.000000
4877,-8.000000
4878,-20.000000
4879,12.000000
4880,-20.000000
4881,0.000000
4882,48.000000
4883,-8.000000
4884,-8.000000
4885,20.000000
4886,60.000000
4887,-12.000000
4888,52.000000
4889,0.000000
4890,28.000000
4891,28.000000
4892,-8.000000
4893,-12.000000
4894,-12.000000
4895,0.000000
4896,-24.000000
4897,-8.000000
4898,-8.000000
4899,8.000000
4900,-20.000000
4901,44.000000
4902,-12.000000
4903,-24.000000
4904,0.000000
4905,28.000000
4906,28.000000
4907,-28.000000
4908,-32.000000
4909,-60.000000
4910,4.000000
4911,8.000000
4912,-24.000000
4913,20.000000
4914,-8.000000
4915,-8.000000
4916,8.000000
4917,24.000000
4918,28.000000
4919,12.000000
4920,24.000000
4921,-8.000000
4922,-28.000000
4923,-8.000000
4924,16.000000
4925,0.000000
4926,0.000000
4927,-28.000000
4928,-32.000000
4929,12.000000
4930,-64.000000
4931,0.000000
4932,12.000000
4933,28.000000
4934,-8.000000
4935,8.000000
4936,-36.000000
4937,-4.000000
4938,-28.000000
4939,-24.000000
4940,-8.000000
4941,-48.000000
4942,-40.000000
4943,64.000000
4944,0.000000
4945,4.000000
4946,-20.000000
4947,0.000000
4948,40.000000
4949,12.000000
4950,0.000000
4951,4.000000
4952,-12.000000
4953,28.000000
4954,60.000000
4955,44.000000
4956,-8.000000
4957,0.000000
4958,0.000000
4959,40.000000
4960,-24.000000
4961,44.000000
4962,-20.000000
4963,0.000000
4964,-16.000000
4965,-20.000000
4966,-20.000000
4967,-28.000000
4968,-8.000000
4969,20.000000
4970,0.000000
4971,52.000000
4972,0.000000
4973,0.000000
4974,-4.000000
4975,8.000000
4976,-12.000000
4977,-36.000000
4978,-8.000000
4979,16.000000
4980,-8.000000
4981,28.000000
4982,4.000000
4983,16.000000
4984,-8.000000
4985,-28.000000
4986,44.000000
4987,4.000000
4988,4.000000
4989,24.000000
4990,-40.000000
4991,-40.000000
4992,40.000000
4993,-4.000000
4994,-8.000000
4995,-4.000000
4996,-20.000000
4997,-32.000000
4998,12.000000
4999,-28.000000
5000,-40.000000
5001,-32.000000
5002,-16.000000
5003,-8.000000
5004,52.000000
5005,20.000000
5006,4.000000
5007,12.000000
5008,20.000000
5009,40.000000
5010,44.000000
5011,-8.000000
5012,8.000000
5013,-4.000000
5014,12.000000
5015,76.000000
5016,-8.000000
5017,0.000000
5018,20.000000
5019,48.000000
5020,-8.000000
5021,-88.000000
5022,0.000000
5023,-8.000000
5024,24.000000
5025,-16.000000
5026,-16.000000
5027,-56.000000
5028,0.000000
5029,-60.000000
5030,4.000000
5031,0.000000
5032,0.000000
5033,-24.000000
5034,-8.000000
5035,-12.000000
5036,-12.000000
5037,20.000000
5038,-8.000000
5039,-28.000000
5040,-8.000000
5041,4.000000
5042,52.000000
5043,-12.000000
5044,-20.000000
5045,0.000000
5046,-8.000000
5047,20.000000
5048,24.000000
5049,-20.000000
5050,-8.000000
5051,0.000000
5052,-8.000000
5053,-8.000000
5054,16.000000
5055,4.000000
5056,-20.000000
5057,52.000000
5058,0.000000
5059,0.000000
5060,8.000000
5061,-20.000000
5062,-16.000000
5063,-20.000000
5064,60.000000
5065,-16.000000
5066,60.000000
5067,12.000000
5068,4.000000
5069,-8.000000
5070,16.000000
5071,-8.000000
5072,-12.000000
5073,-44.000000
5074,-44.000000
5075,56.000000
5076,-16.000000
5077,0.000000
5078,16.000000
5079,4.000000
5080,8.000000
5081,4.000000
5082,44.000000
5083,8.000000
5084,-24.000000
5085,-32.000000
5086,-8.000000
5087,-52.000000
5088,12.000000
5089,44.000000
5090,16.000000
5091,-52.000000
5092,0.000000
5093,-20.000000
5094,-4.000000
5095,-8.000000
5096,-16.000000
5097,-4.000000
5098,0.000000
5099,0.000000
5100,8.000000
5101,-24.000000
5102,12.000000
5103,16.000000
5104,-4.000000
5105,24.000000
5106,-20.000000
5107,16.000000
5108,16.000000
5109,44.000000
5110,0.000000
5111,-24.000000
5112,-20.000000
5113,-16.000000
5114,-8.000000
5115,-24.000000
5116,-24.000000
5117,-8.000000
5118,-64.000000
5119,0.000000
5120,-24.000000
5121,0.000000
5122,4.000000
5123,0.000000
5124,-28.000000
5125,0.000000
5126,12.000000
5127,0.000000
5128,4.000000
5129,4.000000
5130,-24.000000
5131,8.000000
5132,4.000000
5133,4.000000
5134,-28.000000
5135,4.000000
5136,-8.000000
5137,-4.000000
5138,28.000000
5139,28.000000
5140,28.000000
5141,28.000000
5142,-40.000000
5143,28.000000
5144,76.000000
5145,-12.000000
5146,20.000000
5147,-12.000000
5148,-8.000000
5149,-4.000000
5150,-8.000000
5151,-32.000000
5152,-32.000000
5153,20.000000
5154,-8.000000
5155,0.000000
5156,0.000000
5157,-24.000000
5158,-8.000000
5159,-8.000000
5160,-4.000000
5161,12.000000
5162,-8.000000
5163,-16.000000
5164,-8.000000
5165,-40.000000
5166,0.000000
5167,12.000000
5168,12.000000
5169,4.000000
5170,-36.000000
5171,-56.000000
5172,24.000000
5173,-4.000000
5174,4.000000
5175,52.000000
5176,4.000000
5177,16.000000
5178,-8.000000
5179,-24.000000
5180,8.000000
5181,-8.000000
5182,4.000000
5183,-52.000000
5184,4.000000
5185,-44.000000
5186,0.000000
5187,-12.000000
5188,-12.000000
5189,0.000000
5190,-20.000000
5191,4.000000
5192,0.000000
5193,20.000000
5194,-16.000000
5195,0.000000
5196,-12.000000
5197,8.000000
5198,12.000000
5199,-8.000000
5200,0.000000
5201,32.000000
5202,28.000000
5203,-12.000000
5204,-40.000000
5205,64.000000
5206,-24.000000
5207,-32.000000
5208,4.000000
5209,-8.000000
5210,0.000000
5211,-4.000000
5212,-32.000000
5213,0.000000
5214,-8.000000
5215,-4.000000
5216,-8.000000
5217,-24.000000
5218,-8.000000
5219,8.000000
5220,-24.000000
5221,-8.000000
5222,-4.000000
5223,-32.000000
5224,20.000000
5225,28.000000
5226,8.000000
5227,16.000000
5228,-12.000000
5229,-8.000000
5230,-8.000000
5231,4.000000
5232,-28.000000
5233,16.000000
5234,52.000000
5235,-8.000000
5236,-16.000000
5237,0.000000
5238,44.000000
5239,52.000000
5240,16.000000
5241,-8.000000
5242,-4.000000
5243,-4.000000
5244,-8.000000
5245,-24.000000
5246,-16.000000
5247,-12.000000
5248,4.000000
5249,-60.000000
5250,-20.000000
5251,-12.000000
5252,16.000000
5253,72.000000
5254,-28.000000
5255,-8.000000
5256,24.000000
5257,52.000000
5258,24.000000
5259,44.000000
5260,8.000000
5261,-24.000000
5262,8.000000
5263,0.000000
5264,4.000000
5265,-24.000000
5266,24.000000
5267,-12.000000
5268,-8.000000
5269,-28.000000
5270,-40.000000
5271,4.000000
5272,68.000000
5273,-4.000000
5274,28.000000
5275,0.000000
5276,-12.000000
5277,-20.000000
5278,-8.000000
5279,-8.000000
5280,0.000000
5281,8.000000
5282,-40.000000
5283,4.000000
5284,84.000000
5285,4.000000
5286,0.000000
5287,-12.000000
5288,4.000000
5289,-12.000000
5290,-8.000000
5291,28.000000
5292,-16.000000
5293,-44.000000
5294,32.000000
5295,16.000000
5296,32.000000
5297,32.000000
5298,8.000000
5299,-8.000000
5300,4.000000
5301,-12.000000
5302,44.000000
5303,-44.000000
5304,4.000000
5305,-32.000000
5306,12.000000
5307,60.000000
5308,0.000000
5309,-12.000000
5310,-4.000000
5311,0.000000
5312,4.000000
5313,-4.000000
5314,-92.000000
5315,-20.000000
5316,44.000000
5317,12.000000
5318,8.000000
5319,-4.000000
5320,-20.000000
5321,0.000000
5322,-12.000000
5323,-8.000000
5324,12.000000
5325,-12.000000
5326,-8.000000
5327,-8.000000
5328,0.000000
5329,-60.000000
5330,-12.000000
5331,0.000000
5332,-28.000000
5333,-16.000000
5334,12.000000
5335,4.000000
5336,-8.000000
5337,4.000000
5338,-4.000000
5339,52.000000
5340,-24.000000
5341,-12.000000
5342,-12.000000
5343,-32.000000
5344,-8.000000
5345,24.000000
5346,4.000000
5347,64.000000
5348,12.000000
5349,-8.000000
5350,-44.000000
5351,0.000000
5352,-24.000000
5353,12.000000
5354,-16.000000
5355,24.000000
5356,8.000000
5357,-16.000000
5358,-60.000000
5359,0.000000
5360,-4.000000
5361,12.000000
5362,20.000000
5363,-8.000000
5364,12.000000
5365,-32.000000
5366,20.000000
5367,16.000000
5368,-24.000000
5369,16.000000
5370,16.000000
5371,-32.000000
5372,-12.000000
5373,8.000000
5374,0.000000
5375,-40.000000
5376,0.000000
5377,16.000000
5378,-8.000000
5379,52.000000
5380,-40.000000
5381,4.000000
5382,24.000000
5383,0.000000
5384,-20.000000
5385,12.000000
5386,-8.000000
5387,12.000000
5388,-40.000000
5389,0.000000
5390,0.000000
5391,-8.000000
5392,-12.000000
5393,-16.000000
5394,-4.000000
5395,-12.000000
5396,-8.000000
5397,-20.000000
5398,44.000000
5399,-12.000000
5400,-16.000000
5401,12.000000
5402,-8.000000
5403,0.000000
5404,0.000000
5405,-48.000000
5406,-8.000000
5407,-8.000000
5408,-12.000000
5409,4.000000
5410,16.000000
5411,-4.000000
5412,-8.000000
5413,0.000000
5414,-8.000000
5415,20.000000
5416,44.000000
5417,-56.000000
5418,-28.000000
5419,-28.000000
5420,4.000000
5421,-8.000000
5422,52.000000
5423,-32.000000
5424,16.000000
5425,-32.000000
5426,0.000000
5427,4.000000
5428,-60.000000
5429,8.000000
5430,-16.000000
5431,-28.000000
5432,20.000000
5433,-8.000000
5434,-28.000000
5435,-8.000000
5436,-4.000000
5437,28.000000
5438,32.000000
5439,8.000000
5440,-4.000000
5441,-12.000000
5442,0.000000
5443,12.000000
5444,0.000000
5445,-32.000000
5446,-8.000000
5447,-12.000000
5448,-20.000000
5449,-44.000000
5450,4.000000
5451,-24.000000
5452,-16.000000
5453,-52.000000
5454,24.000000
5455,12.000000
5456,0.000000
5457,0.000000
5458,-20.000000
5459,-8.000000
5460,-12.000000
5461,20.000000
5462,0.000000
5463,-28.000000
5464,-28.000000
5465,44.000000
5466,0.000000
5467,-20.000000
5468,16.000000
5469,-8.000000
5470,-16.000000
5471,0.000000
5472,-12.000000
5473,-4.000000
5474,-4.000000
5475,0.000000
5476,-8.000000
5477,0.000000
5478,0.000000
5479,-8.000000
5480,-4.000000
5481,44.000000
5482,24.000000
5483,-12.000000
5484,-12.000000
5485,8.000000
5486,-12.000000
5487,20.000000
5488,-16.000000
5489,-24.000000
5490,0.000000
5491,8.000000
5492,4.000000
5493,-12.000000
5494,8.000000
5495,-28.000000
5496,24.000000
5497,-4.000000
5498,0.000000
5499,-64.000000
5500,-40.000000
5501,-8.000000
5502,-8.000000
5503,-8.000000
5504,44.000000
5505,4.000000
5506,12.000000
5507,68.000000
5508,-16.000000
5509,-12.000000
5510,-12.000000
5511,-4.000000
5512,52.000000
5513,-20.000000
5514,-40.000000
5515,-28.000000
5516,0.000000
5517,-16.000000
5518,-8.000000
5519,-12.000000
5520,28.000000
5521,-56.000000
5522,-36.000000
5523,16.000000
5524,0.000000
5525,8.000000
5526,12.000000
5527,8.000000
5528,-16.000000
5529,-8.000000
5530,-24.000000
5531,-20.000000
5532,-20.000000
5533,-16.000000
5534,-20.000000
5535,4.000000
5536,-8.000000
5537,-44.000000
5538,-20.000000
5539,-12.000000
5540,32.000000
5541,12.000000
5542,-24.000000
5543,-32.000000
5544,-64.000000
5545,-12.000000
5546,-12.000000
5547,4.000000
5548,4.000000
5549,-8.000000
5550,44.000000
5551,20.000000
5552,-8.000000
5553,-8.000000
5554,-12.000000
5555,-20.000000
5556,-8.000000
5557,-8.000000
5558,-8.000000
5559,-8.000000
5560,-12.000000
5561,0.000000
5562,0.000000
5563,0.000000
5564,-40.000000
5565,-16.000000
5566,-12.000000
5567,12.000000
5568,0.000000
5569,-44.000000
5570,8.000000
5571,0.000000
5572,-8.000000
5573,0.000000
5574,-28.000000
5575,12.000000
5576,0.000000
5577,64.000000
5578,-8.000000
5579,8.000000
5580,16.000000
5581,0.000000
5582,-12.000000
5583,-8.000000
5584,-8.000000
5585,20.000000
5586,24.000000
5587,24.000000
5588,-8.000000
5589,0.000000
5590,-8.000000
5591,0.000000
5592,0.000000
5593,-8.000000
5594,16.000000
5595,12.000000
5596,-16.000000
5597,-4.000000
5598,0.000000
5599,8.000000
5600,-28.000000
5601,20.000000
5602,-8.000000
5603,-16.000000
5604,8.000000
5605,-12.000000
5606,-12.000000
5607,0.000000
5608,-16.000000
5609,-60.000000
5610,12.000000
5611,-8.000000
5612,-8.000000
5613,80.000000
5614,0.000000
5615,24.000000
5616,-40.000000
5617,-8.000000
5618,16.000000
5619,16.000000
5620,16.000000
5621,-8.000000
5622,-12.000000
5623,-16.000000
5624,-16.000000
5625,-12.000000
5626,-12.000000
5627,16.000000
5628,-8.000000
5629,-28.000000
5630,52.000000
5631,4.000000
5632,0.000000
5633,0.000000
5634,-4.000000
5635,-12.000000
5636,-8.000000
5637,76.000000
5638,-28.000000
5639,8.000000
5640,8.000000
5641,-24.000000
5642,-8.000000
5643,40.000000
5644,0.000000
5645,-40.000000
5646,-8.000000
5647,-32.000000
5648,16.000000
5649,-20.000000
5650,4.000000
5651,16.000000
5652,-28.000000
5653,-12.000000
5654,-8.000000
5655,-8.000000
5656,28.000000
5657,4.000000
5658,60.000000
5659,52.000000
5660,0.000000
5661,-24.000000
5662,0.000000
5663,28.000000
5664,-28.000000
5665,4.000000
5666,4.000000
5667,0.000000
5668,-20.000000
5669,12.000000
5670,-8.000000
5671,20.000000
5672,0.000000
5673,-8.000000
5674,-20.000000
5675,-4.000000
5676,-20.000000
5677,0.000000
5678,8.000000
5679,-12.000000
5680,52.000000
5681,4.000000
5682,12.000000
5683,-20.000000
5684,0.000000
5685,64.000000
5686,28.000000
5687,4.000000
5688,-12.000000
5689,-12.000000
5690,8.000000
5691,-4.000000
5692,8.000000
5693,8.000000
5694,0.000000
5695,28.000000
5696,0.000000
5697,44.000000
5698,4.000000
5699,-8.000000
5700,52.000000
5701,-4.000000
5702,28.000000
5703,-8.000000
5704,16.000000
5705,28.000000
5706,8.000000
5707,12.000000
5708,12.000000
5709,-16.000000
5710,-8.000000
5711,4.000000
5712,4.000000
5713,-48.000000
5714,8.000000
5715,12.000000
5716,16.000000
5717,44.000000
5718,-8.000000
5719,-16.000000
5720,16.000000
5721,-16.000000
5722,-32.000000
5723,-8.000000
5724,0.000000
5725,-24.000000
5726,20.000000
5727,-12.000000
5728,-36.000000
5729,20.000000
5730,0.000000
5731,24.000000
5732,-36.000000
5733,0.000000
5734,4.000000
5735,16.000000
5736,-32.000000
5737,16.000000
5738,-24.000000
5739,12.000000
5740,72.000000
5741,-8.000000
5742,4.000000
5743,20.000000
5744,-8.000000
5745,52.000000
5746,-8.000000
5747,16.000000
5748,104.000000
5749,16.000000
5750,-8.000000
5751,28.000000
5752,-16.000000
5753,0.000000
5754,36.000000
5755,12.000000
5756,-8.000000
5757,16.000000
5758,-24.000000
5759,-16.000000
5760,16.000000
5761,-20.000000
5762,20.000000
5763,-28.000000
5764,20.000000
5765,-24.000000
5766,0.000000
5767,12.000000
5768,44.000000
5769,-32.000000
5770,16.000000
5771,20.000000
5772,-28.000000
5773,0.000000
5774,20.000000
5775,-56.000000
5776,0.000000
5777,4.000000
5778,0.000000
5779,-24.000000
5780,52.000000
5781,-8.000000
5782,8.000000
5783,-4.000000
5784,-8.000000
5785,8.000000
5786,8.000000
5787,-20.000000
5788,-8.000000
5789,-20.000000
5790,-28.000000
5791,0.000000
5792,12.000000
5793,-60.000000
5794,-20.000000
5795,-4.000000
5796,-28.000000
5797,32.000000
5798,8.000000
5799,8.000000
5800,-8.000000
5801,-20.000000
5802,12.000000
5803,-12.000000
5804,0.000000
5805,-20.000000
5806,-4.000000
5807,-8.000000
5808,-12.000000
5809,-8.000000
5810,8.000000
5811,4.000000
5812,16.000000
5813,-4.000000
5814,0.000000
5815,-8.000000
5816,24.000000
5817,16.000000
5818,-32.000000
5819,-24.000000
5820,4.000000
5821,-48.000000
5822,-8.000000
5823,-32.000000
5824,-32.000000
5825,32.000000
5826,8.000000
5827,-28.000000
5828,-28.000000
5829,32.000000
5830,36.000000
5831,4.000000
5832,4.000000
5833,-16.000000
5834,68.000000
5835,-8.000000
5836,-8.000000
5837,-36.000000
5838,0.000000
5839,-16.000000
5840,-12.000000
5841,-20.000000
5842,-16.000000
5843,-28.000000
5844,0.000000
5845,-8.000000
5846,16.000000
5847,-12.000000
5848,-8.000000
5849,44.000000
5850,44.000000
5851,0.000000
5852,4.000000
5853,-4.000000
5854,-8.000000
5855,16.000000
5856,-88.000000
5857,-20.000000
5858,16.000000
5859,-4.000000
5860,8.000000
5861,16.000000
5862,-4.000000
5863,-52.000000
5864,0.000000
5865,28.000000
5866,16.000000
5867,4.000000
5868,24.000000
5869,52.000000
5870,24.000000
5871,-24.000000
5872,52.000000
5873,20.000000
5874,24.000000
5875,8.000000
5876,8.000000
5877,-16.000000
5878,0.000000
5879,8.000000
5880,4.000000
5881,0.000000
5882,-28.000000
5883,-16.000000
5884,12.000000
5885,-8.000000
5886,12.000000
5887,40.000000
5888,-44.000000
5889,-8.000000
5890,0.000000
5891,-36.000000
5892,8.000000
5893,4.000000
5894,68.000000
5895,12.000000
5896,-12.000000
5897,-8.000000
5898,28.000000
5899,-20.000000
5900,8.000000
5901,-20.000000
5902,36.000000
5903,-16.000000
5904,4.000000
5905,-20.000000
5906,-20.000000
5907,8.000000
5908,0.000000
5909,12.000000
5910,-20.000000
5911,12.000000
5912,16.000000
5913,16.000000
5914,-12.000000
5915,44.000000
5916,44.000000
5917,-32.000000
5918,-8.000000
5919,-24.000000
5920,-16.000000
5921,44.000000
5922,-12.000000
5923,-24.000000
5924,48.000000
5925,28.000000
5926,-24.000000
5927,4.000000
5928,0.000000
5929,68.000000
5930,-32.000000
5931,0.000000
5932,0.000000
5933,-28.000000
5934,8.000000
5935,0.000000
5936,28.000000
5937,-24.000000
5938,-28.000000
5939,0.000000
5940,-8.000000
5941,24.000000
5942,-40.000000
5943,-4.000000
5944,-40.000000
5945,-64.000000
5946,44.000000
5947,12.000000
5948,-8.000000
5949,-32.000000
5950,-8.000000
5951,-32.000000
5952,8.000000
5953,0.000000
5954,-8.000000
5955,0.000000
5956,-24.000000
5957,-44.000000
5958,-4.000000
5959,0.000000
5960,12.000000
5961,-20.000000
5962,-32.000000
5963,-8.000000
5964,12.000000
5965,28.000000
5966,52.000000
5967,0.000000
5968,-12.000000
5969,-28.000000
5970,0.000000
5971,40.000000
5972,8.000000
5973,-12.000000
5974,-32.000000
5975,-4.000000
5976,-8.000000
5977,0.000000
5978,-60.000000
5979,24.000000
5980,-20.000000
5981,24.000000
5982,-8.000000
5983,-8.000000
5984,-44.000000
5985,8.000000
5986,0.000000
5987,0.000000
5988,4.000000
5989,-8.000000
5990,72.000000
5991,8.000000
5992,4.000000
5993,24.000000
5994,-8.000000
5995,-20.000000
5996,76.000000
5997,8.000000
5998,-72.000000
5999,0.000000
6000,16.000000
6001,4.000000
6002,4.000000
6003,20.000000
6004,24.000000
6005,12.000000
6006,-36.000000
6007,-8.000000
6008,-8.000000
6009,-8.000000
6010,12.000000
6011,16.000000
6012,-52.000000
6013,4.000000
6014,-8.000000
6015,4.000000
6016,-16.000000
6017,4.000000
6018,-8.000000
6019,-4.000000
6020,-40.000000
6021,0.000000
6022,-16.000000
6023,-24.000000
6024,-8.000000
6025,24.000000
6026,-12.000000
6027,20.000000
6028,-8.000000
6029,28.000000
6030,16.000000
6031,-8.000000
6032,-8.000000
6033,16.000000
6034,40.000000
6035,-12.000000
6036,-4.000000
6037,32.000000
6038,-44.000000
6039,24.000000
6040,12.000000
6041,0.000000
6042,16.000000
6043,0.000000
6044,-4.000000
6045,-28.000000
6046,-28.000000
6047,-12.000000
6048,76.000000
6049,0.000000
6050,20.000000
6051,-16.000000
6052,-4.000000
6053,-16.000000
6054,-16.000000
6055,32.000000
6056,-20.000000
6057,-20.000000
6058,-8.000000
6059,0.000000
6060,12.000000
6061,-40.000000
6062,0.000000
6063,-8.000000
6064,-20.000000
6065,28.000000
6066,-16.000000
6067,16.000000
6068,-28.000000
6069,-12.000000
6070,-12.000000
6071,0.000000
6072,-72.000000
6073,12.000000
6074,-16.000000
6075,44.000000
6076,-12.000000
6077,-28.000000
6078,0.000000
6079,16.000000
6080,12.000000
6081,4.000000
6082,4.000000
6083,-20.000000
6084,-20.000000
6085,-12.000000
6086,-28.000000
6087,-48.000000
6088,8.000000
6089,32.000000
6090,0.000000
6091,4.000000
6092,52.000000
6093,4.000000
6094,0.000000
6095,20.000000
6096,16.000000
6097,-8.000000
6098,0.000000
6099,-8.000000
6100,0.000000
6101,-28.000000
6102,-12.000000
6103,4.000000
6104,-44.000000
6105,4.000000
6106,4.000000
6107,32.000000
6108,0.000000
6109,-24.000000
6110,40.000000
6111,20.000000
6112,20.000000
6113,-8.000000
6114,28.000000
6115,4.000000
6116,40.000000
6117,-12.000000
6118,-56.000000
6119,-40.000000
6120,4.000000
6121,-12.000000
6122,28.000000
6123,8.000000
6124,12.000000
6125,-52.000000
6126,-60.000000
6127,44.000000
6128,-40.000000
6129,-12.000000
6130,56.000000
6131,24.000000
6132,-8.000000
6133,20.000000
6134,-52.000000
6135,-36.000000
6136,52.000000
6137,-24.000000
6138,16.000000
6139,-28.000000
6140,-40.000000
6141,-20.000000
6142,-24.000000
6143,0.000000
6144,0.000000
6145,52.000000
6146,-8.000000
6147,0.000000
6148,-4.000000
6149,4.000000
6150,0.000000
6151,-16.000000
6152,24.000000
6153,0.000000
6154,-8.000000
6155,12.000000
6156,-8.000000
6157,20.000000
6158,20.000000
6159,44.000000
6160,4.000000
6161,64.000000
6162,84.000000
6163,16.000000
6164,-12.000000
6165,8.000000
6166,16.000000
6167,0.000000
6168,44.000000
6169,16.000000
6170,52.000000
6171,-52.000000
6172,-16.000000
6173,0.000000
6174,0.000000
6175,4.000000
6176,0.000000
6177,52.000000
6178,52.000000
6179,16.000000
6180,-8.000000
6181,0.000000
6182,-20.000000
6183,-36.000000
6184,48.000000
6185,0.000000
6186,0.000000
6187,16.000000
6188,60.000000
6189,-4.000000
6190,-8.000000
6191,0.000000
6192,-12.000000
6193,12.000000
6194,-16.000000
6195,0.000000
6196,-28.000000
6197,-12.000000
6198,-16.000000
6199,-16.000000
6200,20.000000
6201,-8.000000
6202,0.000000
6203,28.000000
6204,-24.000000
6205,4.000000
6206,-8.000000
6207,-40.000000
6208,-28.000000
6209,-60.000000
6210,24.000000
6211,4.000000
6212,-4.000000
6213,-28.000000
6214,20.000000
6215,4.000000
6216,-36.000000
6217,-8.000000
6218,-32.000000
6219,0.000000
6220,-12.000000
6221,52.000000
6222,-68.000000
6223,-24.000000
6224,-12.000000
6225,-60.000000
6226,-100.000000
6227,-8.000000
6228,-40.000000
6229,8.000000
6230,12.000000
6231,0.000000
6232,-8.000000
6233,-52.000000
6234,0.000000
6235,-72.000000
6236,0.000000
6237,48.000000
6238,-44.000000
6239,0.000000
6240,12.000000
6241,8.000000
6242,64.000000
6243,32.000000
6244,-16.000000
6245,-32.000000
6246,-24.000000
6247,-20.000000
6248,0.000000
6249,0.000000
6250,16.000000
6251,-8.000000
6252,8.000000
6253,-48.000000
6254,-12.000000
6255,16.000000
6256,52.000000
6257,-12.000000
6258,-24.000000
6259,-12.000000
6260,44.000000
6261,-12.000000
6262,-8.000000
6263,-12.000000
6264,-20.000000
6265,16.000000
6266,8.000000
6267,-32.000000
6268,-40.000000
6269,-4.000000
6270,-28.000000
6271,0.000000
6272,0.000000
6273,0.000000
6274,-32.000000
6275,-4.000000
6276,-16.000000
6277,0.000000
6278,0.000000
6279,-20.000000
6280,8.000000
6281,-8.000000
6282,20.000000
6283,-28.000000
6284,28.000000
6285,16.000000
6286,4.000000
6287,-4.000000
6288,-4.000000
6289,-8.000000
6290,-8.000000
6291,-32.000000
6292,36.000000
6293,-8.000000
6294,8.000000
6295,44.000000
6296,-32.000000
6297,4.000000
6298,12.000000
6299,12.000000
6300,-12.000000
6301,-8.000000
6302,-8.000000
6303,-8.000000
6304,72.000000
6305,-20.000000
6306,-24.000000
6307,-20.000000
6308,-16.000000
6309,-8.000000
6310,-24.000000
6311,0.000000
6312,-8.000000
6313,-12.000000
6314,-8.000000
6315,8.000000
6316,12.000000
6317,-8.000000
6318,-4.000000
6319,0.000000
6320,12.000000
6321,12.000000
6322,0.000000
6323,-8.000000
6324,-8.000000
6325,0.000000
6326,8.000000
6327,-8.000000
6328,28.000000
6329,28.000000
6330,-32.000000
6331,-8.000000
6332,52.000000
6333,-76.000000
6334,0.000000
6335,-12.000000
6336,-8.000000
6337,-8.000000
6338,8.000000
6339,-20.000000
6340,16.000000
6341,24.000000
6342,-8.000000
6343,0.000000
6344,12.000000
6345,0.000000
6346,12.000000
6347,-24.000000
6348,-48.000000
6349,-12.000000
6350,-24.000000
6351,-28.000000
6352,-24.000000
6353,12.000000
6354,-40.000000
6355,-20.000000
6356,-24.000000
6357,0.000000
6358,-32.000000
6359,-16.000000
6360,-16.000000
6361,-24.000000
6362,-36.000000
6363,8.000000
6364,-16.000000
6365,-24.000000
6366,-8.000000
6367,4.000000
6368,8.000000
6369,64.000000
6370,8.000000
6371,-16.000000
6372,-8.000000
6373,-8.000000
6374,-4.000000
6375,-20.000000
6376,-8.000000
6377,-12.000000
6378,8.000000
6379,0.000000
6380,8.000000
6381,12.000000
6382,-32.000000
6383,28.000000
6384,-60.000000
6385,4.000000
6386,-40.000000
6387,-16.000000
6388,-8.000000
6389,-24.000000
6390,8.000000
6391,-24.000000
6392,-4.000000
6393,20.000000
6394,16.000000
6395,-12.000000
6396,0.000000
6397,16.000000
6398,-44.000000
6399,8.000000
6400,-36.000000
6401,-12.000000
6402,-8.000000
6403,52.000000
6404,-32.000000
6405,-4.000000
6406,0.000000
6407,60.000000
6408,16.000000
6409,-8.000000
6410,52.000000
6411,-8.000000
6412,52.000000
6413,-4.000000
6414,60.000000
6415,-16.000000
6416,20.000000
6417,0.000000
6418,8.000000
6419,40.000000
6420,-28.000000
6421,-8.000000
6422,12.000000
6423,12.000000
6424,-52.000000
6425,20.000000
6426,20.000000
6427,-24.000000
6428,-24.000000
6429,28.000000
6430,16.000000
6431,-8.000000
6432,-24.000000
6433,8.000000
6434,-4.000000
6435,-12.000000
6436,-12.000000
6437,16.000000
6438,12.000000
6439,0.000000
6440,24.000000
6441,20.000000
6442,-20.000000
6443,12.000000
6444,-44.000000
6445,-32.000000
6446,-8.000000
6447,24.000000
6448,-32.000000
6449,-16.000000
6450,0.000000
6451,12.000000
6452,44.000000
6453,-8.000000
6454,8.000000
6455,-20.000000
6456,-16.000000
6457,-8.000000
6458,-12.000000
6459,-12.000000
6460,-12.000000
6461,20.000000
6462,24.000000
6463,4.000000
6464,0.000000
6465,-12.000000
6466,-8.000000
6467,20.000000
6468,52.000000
6469,0.000000
6470,0.000000
6471,64.000000
6472,16.000000
6473,-20.000000
6474,-36.000000
6475,12.000000
6476,8.000000
6477,24.000000
6478,-4.000000
6479,44.000000
6480,-12.000000
6481,-16.000000
6482,-16.000000
6483,4.000000
6484,0.000000
6485,12.000000
6486,-36.000000
6487,-8.000000
6488,52.000000
6489,8.000000
6490,44.000000
6491,-24.000000
6492,0.000000
6493,8.000000
6494,-4.000000
6495,92.000000
6496,4.000000
6497,-4.000000
6498,-4.000000
6499,-4.000000
6500,-88.000000
6501,-28.000000
6502,28.000000
6503,8.000000
6504,-12.000000
6505,12.000000
6506,8.000000
6507,-12.000000
6508,52.000000
6509,-24.000000
6510,0.000000
6511,24.000000
6512,-8.000000
6513,24.000000
6514,16.000000
6515,-20.000000
6516,-20.000000
6517,8.000000
6518,40.000000
6519,64.000000
6520,-4.000000
6521,-12.000000
6522,-8.000000
6523,-32.000000
6524,-12.000000
6525,16.000000
6526,-4.000000
6527,20.000000
6528,-32.000000
6529,-8.000000
6530,-8.000000
6531,-32.000000
6532,-8.000000
6533,-24.000000
6534,-40.000000
6535,44.000000
6536,-8.000000
6537,16.000000
6538,-4.000000
6539,8.000000
6540,-20.000000
6541,84.000000
6542,-20.000000
6543,28.000000
6544,-8.000000
6545,0.000000
6546,0.000000
6547,24.000000
6548,56.000000
6549,20.000000
6550,-16.000000
6551,-40.000000
6552,-28.000000
6553,8.000000
6554,4.000000
6555,-24.000000
6556,-16.000000
6557,-8.000000
6558,40.000000
6559,-12.000000
6560,-8.000000
6561,-28.000000
6562,-28.000000
6563,52.000000
6564,-8.000000
6565,0.000000
6566,0.000000
6567,-4.000000
6568,28.000000
6569,-8.000000
6570,28.000000
6571,-4.000000
6572,0.000000
6573,-8.000000
6574,8.000000
6575,-8.000000
6576,4.000000
6577,0.000000
6578,-4.000000
6579,12.000000
6580,-36.000000
6581,-8.000000
6582,-16.000000
6583,-24.000000
6584,0.000000
6585,-40.000000
6586,20.000000
6587,-4.000000
6588,-8.000000
6589,12.000000
6590,-44.000000
6591,12.000000
6592,-24.000000
6593,-8.000000
6594,16.000000
6595,-48.000000
6596,-24.000000
6597,-8.000000
6598,44.000000
6599,32.000000
6600,4.000000
6601,0.000000
6602,4.000000
6603,-12.000000
6604,-16.000000
6605,-24.000000
6606,-8.000000
6607,16.000000
6608,-12.000000
6609,44.000000
6610,-8.000000
6611,-16.000000
6612,80.000000
6613,12.000000
6614,-68.000000
6615,16.000000
6616,-52.000000
6617,44.000000
6618,-4.000000
6619,4.000000
6620,0.000000
6621,-28.000000
6622,-60.000000
6623,-32.000000
6624,-8.000000
6625,-8.000000
6626,-8.000000
6627,-12.000000
6628,-44.000000
6629,-4.000000
6630,-20.000000
6631,8.000000
6632,-24.000000
6633,24.000000
6634,-20.000000
6635,4.000000
6636,4.000000
6637,-24.000000
6638,52.000000
6639,-24.000000
6640,0.000000
6641,0.000000
6642,-36.000000
6643,4.000000
6644,0.000000
6645,12.000000
6646,0.000000
6647,16.000000
6648,0.000000
6649,-12.000000
6650,52.000000
6651,12.000000
6652,-32.000000
6653,8.000000
6654,-36.000000
6655,0.000000
6656,-4.000000
6657,-12.000000
6658,24.000000
6659,12.000000
6660,-12.000000
6661,16.000000
6662,8.000000
6663,-12.000000
6664,-36.000000
6665,-8.000000
6666,-16.000000
6667,4.000000
6668,16.000000
6669,-8.000000
6670,-8.000000
6671,44.000000
6672,28.000000
6673,16.000000
6674,-60.000000
6675,16.000000
6676,0.000000
6677,-4.000000
6678,-4.000000
6679,-28.000000
6680,0.000000
6681,32.000000
6682,-24.000000
6683,-88.000000
6684,16.000000
6685,60.000000
6686,-4.000000
6687,-20.000000
6688,-16.000000
6689,8.000000
6690,-16.000000
6691,4.000000
6692,-20.000000
6693,0.000000
6694,-16.000000
6695,-8.000000
6696,-8.000000
6697,0.000000
6698,20.000000
6699,-20.000000
6700,12.000000
6701,-20.000000
6702,4.000000
6703,52.000000
6704,-16.000000
6705,-4.000000
6706,0.000000
6707,-44.000000
6708,-20.000000
6709,-28.000000
6710,-8.000000
6711,0.000000
6712,-12.000000
6713,-8.000000
6714,64.000000
6715,40.000000
6716,48.000000
6717,-12.000000
6718,-8.000000
6719,-16.000000
6720,-8.000000
6721,24.000000
6722,-36.000000
6723,-24.000000
6724,-16.000000
6725,-4.000000
6726,28.000000
6727,0.000000
6728,-4.000000
6729,-20.000000
6730,44.000000
6731,-12.000000
6732,-40.000000
6733,-24.000000
6734,8.000000
6735,-8.000000
6736,-8.000000
6737,-20.000000
6738,0.000000
6739,-4.000000
6740,-4.000000
6741,-8.000000
6742,24.000000
6743,-28.000000
6744,8.000000
6745,-12.000000
6746,16.000000
6747,-36.000000
6748,-4.000000
6749,44.000000
6750,4.000000
6751,0.000000
6752,0.000000
6753,12.000000
6754,-20.000000
6755,-8.000000
6756,-28.000000
6757,-32.000000
6758,-8.000000
6759,-32.000000
6760,44.000000
6761,16.000000
6762,-60.000000
6763,0.000000
6764,4.000000
6765,16.000000
6766,28.000000
6767,0.000000
6768,-44.000000
6769,4.000000
6770,8.000000
6771,-52.000000
6772,0.000000
6773,-16.000000
6774,-4.000000
6775,-20.000000
6776,-20.000000
6777,8.000000
6778,8.000000
6779,24.000000
6780,-8.000000
6781,-12.000000
6782,-32.000000
6783,24.000000
6784,-4.000000
6785,0.000000
6786,-4.000000
6787,24.000000
6788,24.000000
6789,8.000000
6790,16.000000
6791,-24.000000
6792,8.000000
6793,4.000000
6794,8.000000
6795,-20.000000
6796,16.000000
6797,-12.000000
6798,-8.000000
6799,16.000000
6800,-24.000000
6801,0.000000
6802,-28.000000
6803,52.000000
6804,-4.000000
6805,-28.000000
6806,-8.000000
6807,68.000000
6808,-28.000000
6809,0.000000
6810,-8.000000
6811,-36.000000
6812,-28.000000
6813,-32.000000
6814,20.000000
6815,-16.000000
6816,-8.000000
6817,4.000000
6818,-8.000000
6819,-16.000000
6820,108.000000
6821,4.000000
6822,-16.000000
6823,16.000000
6824,0.000000
6825,44.000000
6826,-20.000000
6827,-8.000000
6828,4.000000
6829,64.000000
6830,-44.000000
6831,44.000000
6832,-8.000000
6833,8.000000
6834,0.000000
6835,52.000000
6836,28.000000
6837,-24.000000
6838,-24.000000
6839,-8.000000
6840,-12.000000
6841,40.000000
6842,8.000000
6843,-20.000000
6844,0.000000
6845,0.000000
6846,-36.000000
6847,8.000000
6848,-4.000000
6849,0.000000
6850,-8.000000
6851,-20.000000
6852,-20.000000
6853,4.000000
6854,-8.000000
6855,-8.000000
6856,40.000000
6857,-4.000000
6858,-8.000000
6859,-8.000000
6860,-8.000000
6861,-28.000000
6862,-24.000000
6863,-8.000000
6864,20.000000
6865,0.000000
6866,8.000000
6867,-12.000000
6868,-8.000000
6869,0.000000
6870,52.000000
6871,-12.000000
6872,0.000000
6873,0.000000
6874,0.000000
6875,28.000000
6876,28.000000
6877,8.000000
6878,24.000000
6879,16.000000
6880,4.000000
6881,-12.000000
6882,-20.000000
6883,12.000000
6884,0.000000
6885,-8.000000
6886,-4.000000
6887,0.000000
6888,20.000000
6889,4.000000
6890,-36.000000
6891,4.000000
6892,-32.000000
6893,-8.000000
6894,8.000000
6895,-20.000000
6896,-12.000000
6897,0.000000
6898,4.000000
6899,12.000000
6900,8.000000
6901,16.000000
6902,-4.000000
6903,0.000000
6904,-8.000000
6905,20.000000
6906,-12.000000
6907,-8.000000
6908,-16.000000
6909,52.000000
6910,28.000000
6911,-20.000000
6912,52.000000
6913,-16.000000
6914,-16.000000
6915,-8.000000
6916,-48.000000
6917,-60.000000
6918,0.000000
6919,-16.000000
6920,-4.000000
6921,64.000000
6922,12.000000
6923,-4.000000
6924,-8.000000
6925,16.000000
6926,24.000000
6927,-28.000000
6928,-32.000000
6929,24.000000
6930,-52.000000
6931,16.000000
6932,-12.000000
6933,0.000000
6934,-24.000000
6935,-36.000000
6936,-24.000000
6937,12.000000
6938,-16.000000
6939,-24.000000
6940,-92.000000
6941,-4.000000
6942,-8.000000
6943,40.000000
6944,-24.000000
6945,0.000000
6946,-12.000000
6947,-24.000000
6948,4.000000
6949,-20.000000
6950,16.000000
6951,-24.000000
6952,44.000000
6953,-16.000000
6954,-20.000000
6955,-8.000000
6956,-8.000000
6957,-8.000000
6958,-8.000000
6959,16.000000
6960,4.000000
6961,0.000000
6962,-40.000000
6963,12.000000
6964,20.000000
6965,16.000000
6966,-4.000000
6967,52.000000
6968,-40.000000
6969,12.000000
6970,-4.000000
6971,16.000000
6972,16.000000
6973,-4.000000
6974,8.000000
6975,4.000000
6976,20.000000
6977,8.000000
6978,-8.000000
6979,-12.000000
6980,-12.000000
6981,0.000000
6982,4.000000
6983,4.000000
6984,4.000000
6985,-4.000000
6986,28.000000
6987,20.000000
6988,32.000000
6989,-20.000000
6990,-4.000000
6991,-8.000000
6992,44.000000
6993,-32.000000
6994,-16.000000
6995,4.000000
6996,-16.000000
6997,-16.000000
6998,44.000000
6999,8.000000
7000,28.000000
7001,-4.000000
7002,-4.000000
7003,44.000000
7004,-12.000000
7005,-52.000000
7006,4.000000
7007,0.000000
7008,0.000000
7009,4.000000
7010,0.000000
7011,-60.000000
7012,44.000000
7013,-16.000000
7014,-8.000000
7015,16.000000
7016,-12.000000
7017,-4.000000
7018,12.000000
7019,8.000000
7020,-8.000000
7021,-12.000000
7022,24.000000
7023,0.000000
7024,32.000000
7025,-8.000000
7026,-20.000000
7027,8.000000
7028,4.000000
7029,-4.000000
7030,52.000000
7031,8.000000
7032,-48.000000
7033,12.000000
7034,-24.000000
7035,16.000000
7036,-4.000000
7037,-24.000000
7038,8.000000
7039,12.000000
7040,0.000000
7041,24.000000
7042,0.000000
7043,-40.000000
7044,-4.000000
7045,52.000000
7046,24.000000
7047,0.000000
7048,-8.000000
7049,-16.000000
7050,-32.000000
7051,4.000000
7052,-32.000000
7053,-8.000000
7054,20.000000
7055,0.000000
7056,-52.000000
7057,-8.000000
7058,-12.000000
7059,52.000000
7060,-4.000000
7061,-40.000000
7062,-20.000000
7063,44.000000
7064,-20.000000
7065,-8.000000
7066,-8.000000
7067,-48.000000
7068,-12.000000
7069,0.000000
7070,-24.000000
7071,-20.000000
7072,-20.000000
7073,-20.000000
7074,24.000000
7075,4.000000
7076,-12.000000
7077,-28.000000
7078,-12.000000
7079,-16.000000
7080,-20.000000
7081,0.000000
7082,-8.000000
7083,-8.000000
7084,0.000000
7085,8.000000
7086,4.000000
7087,-4.000000
7088,-36.000000
7089,-8.000000
7090,-32.000000
7091,0.000000
7092,-8.000000
7093,-4.000000
7094,-8.000000
7095,16.000000
7096,16.000000
7097,-4.000000
7098,-32.000000
7099,8.000000
7100,8.000000
7101,-24.000000
7102,-28.000000
7103,12.000000
7104,12.000000
7105,-24.000000
7106,16.000000
7107,-16.000000
7108,-12.000000
7109,-12.000000
7110,0.000000
7111,20.000000
7112,-24.000000
7113,44.000000
7114,-16.000000
7115,16.000000
7116,0.000000
7117,28.000000
7118,52.000000
7119,-24.000000
7120,-28.000000
7121,-24.000000
7122,20.000000
7123,-12.000000
7124,24.000000
7125,4.000000
7126,8.000000
7127,8.000000
7128,-20.000000
7129,-32.000000
7130,-72.000000
7131,16.000000
7132,-32.000000
7133,4.000000
7134,-8.000000
7135,-32.000000
7136,-4.000000
7137,16.000000
7138,-8.000000
7139,-8.000000
7140,-4.000000
7141,-32.000000
7142,-40.000000
7143,-8.000000
7144,8.000000
7145,-8.000000
7146,16.000000
7147,56.000000
7148,8.000000
7149,-28.000000
7150,-12.000000
7151,24.000000
7152,8.000000
7153,-8.000000
7154,-8.000000
7155,-8.000000
7156,-32.000000
7157,24.000000
7158,-4.000000
7159,-8.000000
7160,-8.000000
7161,-4.000000
7162,-20.000000
7163,0.000000
7164,-24.000000
7165,12.000000
7166,20.000000
7167,40.000000
7168,-4.000000
7169,-36.000000
7170,-20.000000
7171,-8.000000
7172,40.000000
7173,-12.000000
7174,12.000000
7175,-4.000000
7176,0.000000
7177,4.000000
7178,-24.000000
7179,-32.000000
7180,52.000000
7181,-44.000000
7182,-44.000000
7183,-4.000000
7184,12.000000
7185,0.000000
7186,-20.000000
7187,-32.000000
7188,52.000000
7189,0.000000
7190,12.000000
7191,64.000000
7192,56.000000
7193,-12.000000
7194,32.000000
7195,-52.000000
7196,-44.000000
7197,4.000000
7198,4.000000
7199,-4.000000
7200,-8.000000
7201,16.000000
7202,-8.000000
7203,-8.000000
7204,-20.000000
7205,-44.000000
7206,16.000000
7207,-32.000000
7208,4.000000
7209,16.000000
7210,-8.000000
7211,-8.000000
7212,-32.000000
7213,-28.000000
7214,-8.000000
7215,-16.000000
7216,-16.000000
7217,-4.000000
7218,0.000000
7219,32.000000
7220,0.000000
7221,-8.000000
7222,8.000000
7223,52.000000
7224,20.000000
7225,28.000000
7226,-16.000000
7227,8.000000
7228,-12.000000
7229,0.000000
7230,-8.000000
7231,-4.000000
7232,44.000000
7233,-28.000000
7234,-28.000000
7235,-24.000000
7236,-48.000000
7237,-20.000000
7238,12.000000
7239,-60.000000
7240,16.000000
7241,-20.000000
7242,0.000000
7243,-32.000000
7244,-8.000000
7245,44.000000
7246,16.000000
7247,-20.000000
7248,0.000000
7249,-16.000000
7250,-8.000000
7251,-12.000000
7252,-4.000000
7253,-8.000000
7254,8.000000
7255,-24.000000
7256,0.000000
7257,-8.000000
7258,-28.000000
7259,-36.000000
7260,0.000000
7261,16.000000
7262,24.000000
7263,-4.000000
7264,-24.000000
7265,28.000000
7266,-12.000000
7267,12.000000
7268,-12.000000
7269,-24.000000
7270,4.000000
7271,0.000000
7272,-4.000000
7273,28.000000
7274,-16.000000
7275,0.000000
7276,0.000000
7277,4.000000
7278,4.000000
7279,-12.000000
7280,60.000000
7281,0.000000
7282,0.000000
7283,12.000000
7284,12.000000
7285,8.000000
7286,16.000000
7287,52.000000
7288,16.000000
7289,8.000000
7290,28.000000
7291,-4.000000
7292,-8.000000
7293,-52.000000
7294,8.000000
7295,-8.000000
7296,-44.000000
7297,-4.000000
7298,-12.000000
7299,-4.000000
7300,0.000000
7301,-8.000000
7302,40.000000
7303,0.000000
7304,16.000000
7305,-8.000000
7306,-4.000000
7307,4.000000
7308,28.000000
7309,28.000000
7310,4.000000
7311,8.000000
7312,52.000000
7313,60.000000
7314,-8.000000
7315,-12.000000
7316,12.000000
7317,-24.000000
7318,0.000000
7319,-16.000000
7320,12.000000
7321,-40.000000
7322,-8.000000
7323,0.000000
7324,-20.000000
7325,-8.000000
7326,-52.000000
7327,-24.000000
7328,20.000000
7329,-12.000000
7330,-16.000000
7331,24.000000
7332,-36.000000
7333,4.000000
7334,-20.000000
7335,-4.000000
7336,28.000000
7337,-20.000000
7338,-4.000000
7339,-20.000000
7340,24.000000
7341,12.000000
7342,16.000000
7343,-16.000000
7344,-4.000000
7345,20.000000
7346,-28.000000
7347,-4.000000
7348,8.000000
7349,28.000000
7350,-8.000000
7351,0.000000
7352,52.000000
7353,12.000000
7354,4.000000
7355,0.000000
7356,32.000000
7357,44.000000
7358,-28.000000
7359,20.000000
7360,-4.000000
7361,52.000000
7362,-8.000000
7363,16.000000
7364,-24.000000
7365,-8.000000
7366,0.000000
7367,0.000000
7368,-12.000000
7369,48.000000
7370,8.000000
7371,8.000000
7372,-12.000000
7373,-16.000000
7374,-8.000000
7375,12.000000
7376,44.000000
7377,0.000000
7378,16.000000
7379,12.000000
7380,8.000000
7381,-28.000000
7382,16.000000
7383,8.000000
7384,32.000000
7385,-8.000000
7386,-12.000000
7387,-8.000000
7388,16.000000
7389,-12.000000
7390,24.000000
7391,-28.000000
7392,-28.000000
7393,-28.000000
7394,-16.000000
7395,24.000000
7396,60.000000
7397,-20.000000
7398,-32.000000
7399,16.000000
7400,-4.000000
7401,0.000000
7402,0.000000
7403,0.000000
7404,-72.000000
7405,-8.000000
7406,-28.000000
7407,-32.000000
7408,-24.000000
7409,-8.000000
7410,12.000000
7411,24.000000
7412,40.000000
7413,-20.000000
7414,8.000000
7415,-40.000000
7416,0.000000
7417,20.000000
7418,0.000000
7419,24.000000
7420,-48.000000
7421,-4.000000
7422,0.000000
7423,4.000000
7424,4.000000
7425,-8.000000
7426,12.000000
7427,-28.000000
7428,-28.000000
7429,-20.000000
7430,4.000000
7431,24.000000
7432,40.000000
7433,-52.000000
7434,0.000000
7435,16.000000
7436,-28.000000
7437,16.000000
7438,20.000000
7439,-16.000000
7440,-16.000000
7441,4.000000
7442,24.000000
7443,8.000000
7444,-8.000000
7445,-20.000000
7446,-24.000000
7447,-8.000000
7448,68.000000
7449,12.000000
7450,-8.000000
7451,12.000000
7452,-28.000000
7453,-8.000000
7454,-16.000000
7455,8.000000
7456,-8.000000
7457,44.000000
7458,44.000000
7459,24.000000
7460,60.000000
7461,4.000000
7462,44.000000
7463,12.000000
7464,44.000000
7465,-4.000000
7466,-8.000000
7467,16.000000
7468,-8.000000
7469,0.000000
7470,8.000000
7471,-16.000000
7472,-4.000000
7473,16.000000
7474,52.000000
7475,56.000000
7476,0.000000
7477,-16.000000
7478,20.000000
7479,12.000000
7480,-16.000000
7481,-56.000000
7482,4.000000
7483,4.000000
7484,-20.000000
7485,-8.000000
7486,-12.000000
7487,-24.000000
7488,0.000000
7489,0.000000
7490,4.000000
7491,-52.000000
7492,-44.000000
7493,8.000000
7494,52.000000
7495,-28.000000
7496,-36.000000
7497,44.000000
7498,-16.000000
7499,12.000000
7500,-36.000000
7501,108.000000
7502,-24.000000
7503,16.000000
7504,16.000000
7505,-4.000000
7506,-4.000000
7507,24.000000
7508,-44.000000
7509,24.000000
7510,-4.000000
7511,-4.000000
7512,-28.000000
7513,-64.000000
7514,0.000000
7515,-24.000000
7516,-28.000000
7517,0.000000
7518,16.000000
7519,-24.000000
7520,0.000000
7521,28.000000
7522,-24.000000
7523,4.000000
7524,0.000000
7525,20.000000
7526,-72.000000
7527,-24.000000
7528,4.000000
7529,-20.000000
7530,16.000000
7531,-20.000000
7532,-32.000000
7533,-24.000000
7534,16.000000
7535,-32.000000
7536,-24.000000
7537,12.000000
7538,-20.000000
7539,-12.000000
7540,-12.000000
7541,8.000000
7542,-36.000000
7543,20.000000
7544,-12.000000
7545,32.000000
7546,-36.000000
7547,-64.000000
7548,100.000000
7549,-4.000000
7550,-4.000000
7551,-16.000000
7552,-16.000000
7553,12.000000
7554,16.000000
7555,-36.000000
7556,4.000000
7557,-4.000000
7558,-24.000000
7559,16.000000
7560,-36.000000
7561,44.000000
7562,0.000000
7563,20.000000
7564,12.000000
7565,56.000000
7566,8.000000
7567,16.000000
7568,-20.000000
7569,-8.000000
7570,-8.000000
7571,52.000000
7572,-4.000000
7573,-12.000000
7574,-4.000000
7575,-8.000000
7576,16.000000
7577,-24.000000
7578,-16.000000
7579,0.000000
7580,-20.000000
7581,-8.000000
7582,-8.000000
7583,0.000000
7584,-52.000000
7585,-52.000000
7586,-12.000000
7587,84.000000
7588,-16.000000
7589,8.000000
7590,0.000000
7591,-16.000000
7592,-16.000000
7593,24.000000
7594,-12.000000
7595,-32.000000
7596,24.000000
7597,4.000000
7598,0.000000
7599,0.000000
7600,4.000000
7601,4.000000
7602,-16.000000
7603,-4.000000
7604,44.000000
7605,-12.000000
7606,20.000000
7607,24.000000
7608,16.000000
7609,-28.000000
7610,-28.000000
7611,8.000000
7612,32.000000
7613,-16.000000
7614,8.000000
7615,56.000000
7616,28.000000
7617,4.000000
7618,-8.000000
7619,20.000000
7620,-8.000000
7621,0.000000
7622,-4.000000
7623,-20.000000
7624,-8.000000
7625,0.000000
7626,32.000000
7627,44.000000
7628,-24.000000
7629,0.000000
7630,-60.000000
7631,-12.000000
7632,24.000000
7633,-24.000000
7634,76.000000
7635,12.000000
7636,20.000000
7637,8.000000
7638,20.000000
7639,4.000000
7640,4.000000
7641,0.000000
7642,8.000000
7643,-12.000000
7644,-32.000000
7645,16.000000
7646,-20.000000
7647,-24.000000
7648,72.000000
7649,-24.000000
7650,-20.000000
7651,-4.000000
7652,0.000000
7653,16.000000
7654,100.000000
7655,-8.000000
7656,-8.000000
7657,0.000000
7658,-8.000000
7659,-16.000000
7660,-20.000000
7661,12.000000
7662,-8.000000
7663,20.000000
7664,12.000000
7665,-8.000000
7666,20.000000
7667,-4.000000
7668,-12.000000
7669,-20.000000
7670,20.000000
7671,-36.000000
7672,-28.000000
7673,8.000000
7674,4.000000
7675,-8.000000
7676,-12.000000
7677,0.000000
7678,4.000000
7679,-24.000000
7680,44.000000
7681,-4.000000
7682,-4.000000
7683,-40.000000
7684,-32.000000
7685,-24.000000
7686,0.000000
7687,-8.000000
7688,44.000000
7689,20.000000
7690,-20.000000
7691,4.000000
7692,16.000000
7693,0.000000
7694,32.000000
7695,-8.000000
7696,-8.000000
7697,20.000000
7698,44.000000
7699,-8.000000
7700,0.000000
7701,-52.000000
7702,-20.000000
7703,8.000000
7704,-4.000000
7705,0.000000
7706,-4.000000
7707,4.000000
7708,-44.000000
7709,-8.000000
7710,-20.000000
7711,-8.000000
7712,-8.000000
7713,8.000000
7714,-28.000000
7715,4.000000
7716,52.000000
7717,8.000000
7718,8.000000
7719,4.000000
7720,-8.000000
7721,0.000000
7722,-32.000000
7723,28.000000
7724,-4.000000
7725,16.000000
7726,24.000000
7727,0.000000
7728,40.000000
7729,0.000000
7730,20.000000
7731,28.000000
7732,44.000000
7733,48.000000
7734,24.000000
7735,-40.000000
7736,-16.000000
7737,-4.000000
7738,-52.000000
7739,16.000000
7740,-36.000000
7741,-8.000000
7742,40.000000
7743,-4.000000
7744,-12.000000
7745,100.000000
7746,40.000000
7747,-32.000000
7748,24.000000
7749,0.000000
7750,-8.000000
7751,84.000000
7752,-8.000000
7753,-60.000000
7754,0.000000
7755,0.000000
7756,-24.000000
7757,64.000000
7758,-40.000000
7759,24.000000
7760,28.000000
7761,-24.000000
7762,12.000000
7763,-20.000000
7764,12.000000
7765,44.000000
7766,-4.000000
7767,24.000000
7768,-8.000000
7769,-16.000000
7770,0.000000
7771,16.000000
7772,48.000000
7773,-20.000000
7774,-4.000000
7775,8.000000
7776,-28.000000
7777,-24.000000
7778,-12.000000
7779,-72.000000
7780,28.000000
7781,0.000000
7782,-8.000000
7783,20.000000
7784,-32.000000
7785,0.000000
7786,24.000000
7787,-8.000000
7788,-8.000000
7789,0.000000
7790,32.000000
7791,-44.000000
7792,8.000000
7793,-12.000000
7794,8.000000
7795,44.000000
7796,0.000000
7797,-8.000000
7798,-12.000000
7799,-12.000000
7800,4.000000
7801,0.000000
7802,4.000000
7803,-8.000000
7804,-60.000000
7805,16.000000
7806,-32.000000
7807,-8.000000
7808,28.000000
7809,-8.000000
7810,28.000000
7811,0.000000
7812,-12.000000
7813,-40.000000
7814,0.000000
7815,-8.000000
7816,-8.000000
7817,-12.000000
7818,-32.000000
7819,-12.000000
7820,-8.000000
7821,20.000000
7822,32.000000
7823,8.000000
7824,4.000000
7825,-8.000000
7826,-24.000000
7827,-32.000000
7828,-4.000000
7829,-12.000000
7830,-32.000000
7831,-8.000000
7832,40.000000
7833,-48.000000
7834,0.000000
7835,80.000000
7836,52.000000
7837,0.000000
7838,-8.000000
7839,-12.000000
7840,64.000000
7841,4.000000
7842,-24.000000
7843,-12.000000
7844,-12.000000
7845,4.000000
7846,4.000000
7847,-8.000000
7848,-12.000000
7849,-8.000000
7850,64.000000
7851,-16.000000
7852,-12.000000
7853,44.000000
7854,-8.000000
7855,-28.000000
7856,-8.000000
7857,-24.000000
7858,-8.000000
7859,-48.000000
7860,-24.000000
7861,-8.000000
7862,20.000000
7863,28.000000
7864,28.000000
7865,-8.000000
7866,40.000000
7867,-20.000000
7868,-32.000000
7869,20.000000
7870,0.000000
7871,16.000000
7872,-44.000000
7873,-32.000000
7874,8.000000
7875,-96.000000
7876,60.000000
7877,28.000000
7878,68.000000
7879,76.000000
7880,-4.000000
7881,-52.000000
7882,4.000000
7883,0.000000
7884,-44.000000
7885,-24.000000
7886,-8.000000
7887,4.000000
7888,-40.000000
7889,-8.000000
7890,16.000000
7891,-56.000000
7892,-56.000000
7893,0.000000
7894,-12.000000
7895,-4.000000
7896,-4.000000
7897,12.000000
7898,100.000000
7899,0.000000
7900,20.000000
7901,-8.000000
7902,-36.000000
7903,-44.000000
7904,16.000000
7905,-36.000000
7906,-36.000000
7907,44.000000
7908,16.000000
7909,60.000000
7910,24.000000
7911,0.000000
7912,-4.000000
7913,0.000000
7914,-8.000000
7915,-24.000000
7916,-8.000000
7917,52.000000
7918,-32.000000
7919,60.000000
7920,52.000000
7921,-4.000000
7922,12.000000
7923,0.000000
7924,0.000000
7925,20.000000
7926,72.000000
7927,-8.000000
7928,16.000000
7929,8.000000
7930,-8.000000
7931,0.000000
7932,24.000000
7933,-8.000000
7934,-24.000000
7935,-16.000000
7936,-8.000000
7937,-8.000000
7938,-4.000000
7939,20.000000
7940,4.000000
7941,-8.000000
7942,-28.000000
7943,0.000000
7944,-4.000000
7945,-8.000000
7946,-24.000000
7947,20.000000
7948,16.000000
7949,52.000000
7950,-12.000000
7951,-16.000000
7952,-8.000000
7953,-44.000000
7954,-28.000000
7955,16.000000
7956,4.000000
7957,-28.000000
7958,0.000000
7959,24.000000
7960,-16.000000
7961,40.000000
7962,100.000000
7963,-36.000000
7964,-4.000000
7965,16.000000
7966,24.000000
7967,16.000000
7968,12.000000
7969,0.000000
7970,20.000000
7971,-8.000000
7972,-8.000000
7973,-16.000000
7974,12.000000
7975,4.000000
7976,0.000000
7977,-12.000000
7978,32.000000
7979,16.000000
7980,-16.000000
7981,52.000000
7982,12.000000
7983,12.000000
7984,-8.000000
7985,-32.000000
7986,64.000000
7987,-40.000000
7988,32.000000
7989,0.000000
7990,-8.000000
7991,-32.000000
7992,-72.000000
7993,44.000000
7994,-12.000000
7995,-28.000000
7996,-8.000000
7997,0.000000
7998,24.000000
7999,0.000000
8000,4.000000
8001,24.000000
8002,80.000000
8003,-8.000000
8004,-12.000000
8005,-8.000000
8006,60.000000
8007,0.000000
8008,12.000000
8009,-8.000000
8010,24.000000
8011,-8.000000
8012,20.000000
8013,-8.000000
8014,4.000000
8015,0.000000
8016,16.000000
8017,24.000000
8018,4.000000
8019,32.000000
8020,28.000000
8021,-8.000000
8022,0.000000
8023,44.000000
8024,24.000000
8025,8.000000
8026,-8.000000
8027,-8.000000
8028,-12.000000
8029,8.000000
8030,-12.000000
8031,-36.000000
8032,-24.000000
8033,56.000000
8034,4.000000
8035,4.000000
8036,0.000000
8037,-8.000000
8038,44.000000
8039,-4.000000
8040,-8.000000
8041,20.000000
8042,-8.000000
8043,52.000000
8044,-8.000000
8045,-8.000000
8046,52.000000
8047,-8.000000
8048,-4.000000
8049,-8.000000
8050,52.000000
8051,-16.000000
8052,20.000000
8053,68.000000
8054,44.000000
8055,24.000000
8056,28.000000
8057,12.000000
8058,-16.000000
8059,28.000000
8060,16.000000
8061,-32.000000
8062,-8.000000
8063,-24.000000
8064,-64.000000
8065,4.000000
8066,0.000000
8067,12.000000
8068,8.000000
8069,68.000000
8070,-4.000000
8071,-16.000000
8072,-28.000000
8073,-8.000000
8074,0.000000
8075,-8.000000
8076,-40.000000
8077,-8.000000
8078,16.000000
8079,-44.000000
8080,16.000000
8081,0.000000
8082,-32.000000
8083,-16.000000
8084,28.000000
8085,-28.000000
8086,16.000000
8087,8.000000
8088,12.000000
8089,4.000000
8090,-20.000000
8091,-8.000000
8092,-40.000000
8093,8.000000
8094,-16.000000
8095,-16.000000
8096,-24.000000
8097,-24.000000
8098,40.000000
8099,-24.000000
8100,-8.000000
8101,0.000000
8102,0.000000
8103,16.000000
8104,0.000000
8105,8.000000
8106,-44.000000
8107,-20.000000
8108,0.000000
8109,-96.000000
8110,-8.000000
8111,0.000000
8112,-20.000000
8113,-8.000000
8114,28.000000
8115,-16.000000
8116,-40.000000
8117,52.000000
8118,-12.000000
8119,-12.000000
8120,-20.000000
8121,-4.000000
8122,-8.000000
8123,0.000000
8124,32.000000
8125,12.000000
8126,0.000000
8127,16.000000
8128,12.000000
8129,12.000000
8130,-4.000000
8131,-8.000000
8132,-8.000000
8133,-64.000000
8134,0.000000
8135,-8.000000
8136,-4.000000
8137,-32.000000
8138,-44.000000
8139,-12.000000
8140,-8.000000
8141,4.000000
8142,-20.000000
8143,-56.000000
8144,0.000000
8145,-8.000000
8146,-4.000000
8147,12.000000
8148,-8.000000
8149,4.000000
8150,0.000000
8151,8.000000
8152,12.000000
8153,-8.000000
8154,-24.000000
8155,4.000000
8156,-20.000000
8157,-20.000000
8158,-20.000000
8159,32.000000
8160,24.000000
8161,44.000000
8162,-8.000000
8163,-32.000000
8164,-12.000000
8165,-4.000000
8166,8.000000
8167,8.000000
8168,-28.000000
8169,-12.000000
8170,24.000000
8171,16.000000
8172,-28.000000
8173,-28.000000
8174,-44.000000
8175,-16.000000
8176,20.000000
8177,-4.000000
8178,-8.000000
8179,24.000000
8180,-68.000000
8181,28.000000
8182,8.000000
8183,0.000000
8184,-72.000000
8185,-28.000000
8186,8.000000
8187,-28.000000
8188,16.000000
8189,-8.000000
8190,-4.000000
8191,84.000000
8192,-12.000000
8193,-12.000000
8194,20.000000
8195,16.000000
8196,-40.000000
8197,0.000000
8198,0.000000
8199,-24.000000
8200,-8.000000
8201,-20.000000
8202,12.000000
8203,40.000000
8204,-16.000000
8205,16.000000
8206,-16.000000
8207,-16.000000
8208,-8.000000
8209,-8.000000
8210,0.000000
8211,0.000000
8212,-12.000000
8213,16.000000
8214,16.000000
8215,-32.000000
8216,-32.000000
8217,20.000000
8218,-12.000000
8219,16.000000
8220,16.000000
8221,-20.000000
8222,52.000000
8223,-4.000000
8224,0.000000
8225,0.000000
8226,0.000000
8227,-4.000000
8228,24.000000
8229,0.000000
8230,-4.000000
8231,16.000000
8232,48.000000
8233,8.000000
8234,-8.000000
8235,12.000000
8236,-8.000000
8237,20.000000
8238,24.000000
8239,-4.000000
8240,4.000000
8241,12.000000
8242,-20.000000
8243,-24.000000
8244,28.000000
8245,0.000000
8246,0.000000
8247,-16.000000
8248,0.000000
8249,16.000000
8250,40.000000
8251,4.000000
8252,28.000000
8253,-8.000000
8254,-4.000000
8255,20.000000
8256,4.000000
8257,20.000000
8258,4.000000
8259,-12.000000
8260,44.000000
8261,64.000000
8262,-8.000000
8263,12.000000
8264,16.000000
8265,-16.000000
8266,0.000000
8267,-8.000000
8268,-24.000000
8269,-12.000000
8270,16.000000
8271,-20.000000
8272,-8.000000
8273,-20.000000
8274,-4.000000
8275,-12.000000
8276,52.000000
8277,12.000000
8278,52.000000
8279,60.000000
8280,-4.000000
8281,-8.000000
8282,20.000000
8283,-28.000000
8284,28.000000
8285,12.000000
8286,0.000000
8287,8.000000
8288,-8.000000
8289,-8.000000
8290,-8.000000
8291,-12.000000
8292,-8.000000
8293,32.000000
8294,20.000000
8295,12.000000
8296,-12.000000
8297,12.000000
8298,8.000000
8299,4.000000
8300,0.000000
8301,24.000000
8302,-8.000000
8303,20.000000
8304,24.000000
8305,-20.000000
8306,8.000000
8307,-8.000000
8308,-24.000000
8309,4.000000
8310,52.000000
8311,-4.000000
8312,0.000000
8313,12.000000
8314,44.000000
8315,-20.000000
8316,-32.000000
8317,-56.000000
8318,4.000000
8319,-8.000000
8320,0.000000
8321,-4.000000
8322,28.000000
8323,-8.000000
8324,-8.000000
8325,-8.000000
8326,0.000000
8327,-8.000000
8328,-20.000000
8329,-24.000000
8330,0.000000
8331,20.000000
8332,-8.000000
8333,-44.000000
8334,20.000000
8335,88.000000
8336,-28.000000
8337,4.000000
8338,4.000000
8339,-44.000000
8340,-12.000000
8341,-8.000000
8342,-40.000000
8343,4.000000
8344,0.000000
8345,-16.000000
8346,-8.000000
8347,0.000000
8348,0.000000
8349,24.000000
8350,-12.000000
8351,-12.000000
8352,28.000000
8353,8.000000
8354,-8.000000
8355,52.000000
8356,8.000000
8357,-12.000000
8358,-4.000000
8359,8.000000
8360,12.000000
8361,8.000000
8362,-28.000000
8363,-8.000000
8364,-32.000000
8365,-16.000000
8366,-4.000000
8367,20.000000
8368,56.000000
8369,4.000000
8370,-8.000000
8371,-12.000000
8372,0.000000
8373,4.000000
8374,4.000000
8375,24.000000
8376,12.000000
8377,-12.000000
8378,-12.000000
8379,24.000000
8380,-4.000000
8381,4.000000
8382,-8.000000
8383,4.000000
8384,-12.000000
8385,-40.000000
8386,4.000000
8387,0.000000
8388,0.000000
8389,-16.000000
8390,12.000000
8391,40.000000
8392,-40.000000
8393,8.000000
8394,-8.000000
8395,-32.000000
8396,-32.000000
8397,8.000000
8398,-20.000000
8399,4.000000
8400,-16.000000
8401,4.000000
8402,-40.000000
8403,4.000000
8404,4.000000
8405,-12.000000
8406,0.000000
8407,0.000000
8408,0.000000
8409,-8.000000
8410,-12.000000
8411,8.000000
8412,40.000000
8413,0.000000
8414,-16.000000
8415,16.000000
8416,0.000000
8417,-80.000000
8418,8.000000
8419,16.000000
8420,28.000000
8421,24.000000
8422,-36.000000
8423,-4.000000
8424,44.000000
8425,-8.000000
8426,-8.000000
8427,8.000000
8428,-20.000000
8429,-24.000000
8430,-8.000000
8431,4.000000
8432,4.000000
8433,-60.000000
8434,-72.000000
8435,8.000000
8436,-48.000000
8437,-20.000000
8438,-20.000000
8439,-8.000000
8440,-16.000000
8441,28.000000
8442,4.000000
8443,24.000000
8444,-20.000000
8445,-32.000000
8446,-32.000000
8447,-12.000000
8448,-8.000000
8449,-8.000000
8450,-12.000000
8451,0.000000
8452,16.000000
8453,12.000000
8454,12.000000
8455,-28.000000
8456,-8.000000
8457,-12.000000
8458,0.000000
8459,-8.000000
8460,-8.000000
8461,0.000000
8462,60.000000
8463,8.000000
8464,-40.000000
8465,-8.000000
8466,-8.000000
8467,-24.000000
8468,4.000000
8469,-16.000000
8470,-16.000000
8471,-16.000000
8472,-12.000000
8473,-12.000000
8474,-24.000000
8475,44.000000
8476,-8.000000
8477,0.000000
8478,-8.000000
8479,12.000000
8480,-8.000000
8481,-40.000000
8482,0.000000
8483,-8.000000
8484,-8.000000
8485,-20.000000
8486,0.000000
8487,76.000000
8488,-20.000000
8489,-12.000000
8490,4.000000
8491,-20.000000
8492,-12.000000
8493,12.000000
8494,-8.000000
8495,8.000000
8496,-4.000000
8497,28.000000
8498,64.000000
8499,-20.000000
8500,-20.000000
8501,-8.000000
8502,-24.000000
8503,-44.000000
8504,-40.000000
8505,-20.000000
8506,-40.000000
8507,12.000000
8508,0.000000
8509,-8.000000
8510,-4.000000
8511,4.000000
8512,0.000000
8513,20.000000
8514,52.000000
8515,-8.000000
8516,-12.000000
8517,4.000000
8518,-8.000000
8519,12.000000
8520,-20.000000
8521,-60.000000
8522,12.000000
8523,-8.000000
8524,40.000000
8525,-4.000000
8526,-24.000000
8527,-4.000000
8528,-24.000000
8529,-12.000000
8530,12.000000
8531,16.000000
8532,0.000000
8533,-8.000000
8534,0.000000
8535,-8.000000
8536,24.000000
8537,-32.000000
8538,-8.000000
8539,4.000000
8540,-16.000000
8541,12.000000
8542,-8.000000
8543,-12.000000
8544,-12.000000
8545,0.000000
8546,16.000000
8547,64.000000
8548,-20.000000
8549,-20.000000
8550,-20.000000
8551,20.000000
8552,-28.000000
8553,8.000000
8554,-4.000000
8555,-24.000000
8556,-28.000000
8557,0.000000
8558,-4.000000
8559,-40.000000
8560,-8.000000
8561,-48.000000
8562,-8.000000
8563,0.000000
8564,-8.000000
8565,12.000000
8566,-28.000000
8567,-8.000000
8568,0.000000
8569,-24.000000
8570,44.000000
8571,4.000000
8572,-52.000000
8573,0.000000
8574,-8.000000
8575,-92.000000
8576,32.000000
8577,0.000000
8578,4.000000
8579,0.000000
8580,-20.000000
8581,52.000000
8582,24.000000
8583,-4.000000
8584,0.000000
8585,-24.000000
8586,-16.000000
8587,12.000000
8588,12.000000
8589,0.000000
8590,-12.000000
8591,-20.000000
8592,-20.000000
8593,28.000000
8594,-8.000000
8595,4.000000
8596,52.000000
8597,-8.000000
8598,-8.000000
8599,-20.000000
8600,12.000000
8601,0.000000
8602,-8.000000
8603,-52.000000
8604,4.000000
8605,20.000000
8606,-8.000000
8607,-4.000000
8608,0.000000
8609,12.000000
8610,-20.000000
8611,-24.000000
8612,-24.000000
8613,-16.000000
8614,-20.000000
8615,-8.000000
8616,-12.000000
8617,-48.000000
8618,-20.000000
8619,-12.000000
8620,0.000000
8621,12.000000
8622,4.000000
8623,0.000000
8624,-4.000000
8625,0.000000
8626,-4.000000
8627,20.000000
8628,16.000000
8629,32.000000
8630,24.000000
8631,-12.000000
8632,4.000000
8633,-12.000000
8634,0.000000
8635,-32.000000
8636,24.000000
8637,-40.000000
8638,12.000000
8639,0.000000
8640,-32.000000
8641,-8.000000
8642,-8.000000
8643,-20.000000
8644,-20.000000
8645,-4.000000
8646,52.000000
8647,-40.000000
8648,-32.000000
8649,-8.000000
8650,0.000000
8651,16.000000
8652,0.000000
8653,-36.000000
8654,-12.000000
8655,-8.000000
8656,-28.000000
8657,-12.000000
8658,-12.000000
8659,-16.000000
8660,12.000000
8661,0.000000
8662,-28.000000
8663,-20.000000
8664,0.000000
8665,20.000000
8666,12.000000
8667,0.000000
8668,-44.000000
8669,-8.000000
8670,-12.000000
8671,-28.000000
8672,-24.000000
8673,16.000000
8674,-16.000000
8675,-20.000000
8676,-24.000000
8677,16.000000
8678,4.000000
8679,0.000000
8680,-8.000000
8681,4.000000
8682,-72.000000
8683,20.000000
8684,-28.000000
8685,-8.000000
8686,-24.000000
8687,72.000000
8688,-80.000000
8689,-24.000000
8690,0.000000
8691,-28.000000
8692,-20.000000
8693,4.000000
8694,28.000000
8695,-20.000000
8696,76.000000
8697,12.000000
8698,-24.000000
8699,-12.000000
8700,16.000000
8701,0.000000
8702,64.000000
8703,-40.000000
8704,-12.000000
8705,-28.000000
8706,52.000000
8707,-4.000000
8708,-4.000000
8709,-12.000000
8710,-8.000000
8711,16.000000
8712,24.000000
8713,8.000000
8714,-12.000000
8715,-12.000000
8716,0.000000
8717,-8.000000
8718,-16.000000
8719,-8.000000
8720,-4.000000
8721,-4.000000
8722,24.000000
8723,12.000000
8724,16.000000
8725,-24.000000
8726,24.000000
8727,-8.000000
8728,-8.000000
8729,-8.000000
8730,-8.000000
8731,-16.000000
8732,-12.000000
8733,-4.000000
8734,-48.000000
8735,-8.000000
8736,4.000000
8737,0.000000
8738,-40.000000
8739,0.000000
8740,-8.000000
8741,-8.000000
8742,-16.000000
8743,-48.000000
8744,-24.000000
8745,60.000000
8746,-8.000000
8747,12.000000
8748,-12.000000
8749,12.000000
8750,-4.000000
8751,-40.000000
8752,0.000000
8753,-60.000000
8754,12.000000
8755,0.000000
8756,-40.000000
8757,-8.000000
8758,-8.000000
8759,-16.000000
8760,-52.000000
8761,12.000000
8762,-16.000000
8763,36.000000
8764,-12.000000
8765,16.000000
8766,24.000000
8767,-4.000000
8768,-8.000000
8769,0.000000
8770,12.000000
8771,0.000000
8772,-48.000000
8773,16.000000
8774,-8.000000
8775,24.000000
8776,-16.000000
8777,52.000000
8778,-12.000000
8779,-4.000000
8780,-8.000000
8781,72.000000
8782,-56.000000
8783,40.000000
8784,-20.000000
8785,4.000000
8786,-12.000000
8787,12.000000
8788,4.000000
8789,-8.000000
8790,-32.000000
8791,4.000000
8792,4.000000
8793,8.000000
8794,24.000000
8795,28.000000
8796,-92.000000
8797,-4.000000
8798,80.000000
8799,-12.000000
8800,0.000000
8801,-8.000000
8802,-8.000000
8803,4.000000
8804,0.000000
8805,24.000000
8806,-28.000000
8807,0.000000
8808,12.000000
8809,20.000000
8810,16.000000
8811,24.000000
8812,20.000000
8813,-24.000000
8814,16.000000
8815,16.000000
8816,-12.000000
8817,20.000000
8818,-36.000000
8819,-12.000000
8820,8.000000
8821,68.000000
8822,-16.000000
8823,-4.000000
8824,32.000000
8825,-8.000000
8826,64.000000
8827,68.000000
8828,8.000000
8829,0.000000
8830,16.000000
8831,0.000000
8832,0.000000
8833,-20.000000
8834,4.000000
8835,52.000000
8836,-28.000000
8837,12.000000
8838,44.000000
8839,24.000000
8840,4.000000
8841,-24.000000
8842,8.000000
8843,-12.000000
8844,-20.000000
8845,4.000000
8846,-44.000000
8847,0.000000
8848,0.000000
8849,-16.000000
8850,-4.000000
8851,0.000000
8852,-40.000000
8853,64.000000
8854,64.000000
8855,64.000000
8856,52.000000
8857,-32.000000
8858,-8.000000
8859,8.000000
8860,-24.000000
8861,4.000000
8862,32.000000
8863,44.000000
8864,4.000000
8865,4.000000
8866,4.000000
8867,12.000000
8868,28.000000
8869,-4.000000
8870,-28.000000
8871,20.000000
8872,0.000000
8873,-8.000000
8874,-44.000000
8875,-8.000000
8876,-24.000000
8877,-8.000000
8878,44.000000
8879,-40.000000
8880,52.000000
8881,0.000000
8882,-24.000000
8883,-4.000000
8884,-52.000000
8885,-12.000000
8886,-12.000000
8887,-20.000000
8888,12.000000
8889,-32.000000
8890,-8.000000
8891,-28.000000
8892,16.000000
8893,8.000000
8894,-12.000000
8895,-40.000000
8896,-16.000000
8897,-8.000000
8898,0.000000
8899,28.000000
8900,-8.000000
8901,-24.000000
8902,-16.000000
8903,0.000000
8904,8.000000
8905,-16.000000
8906,24.000000
8907,-32.000000
8908,100.000000
8909,8.000000
8910,0.000000
8911,12.000000
8912,0.000000
8913,4.000000
8914,-20.000000
8915,16.000000
8916,-32.000000
8917,-12.000000
8918,-12.000000
8919,-8.000000
8920,-12.000000
8921,16.000000
8922,12.000000
8923,8.000000
8924,-16.000000
8925,-8.000000
8926,-8.000000
8927,-4.000000
8928,4.000000
8929,-4.000000
8930,12.000000
8931,0.000000
8932,-20.000000
8933,-32.000000
8934,-20.000000
8935,20.000000
8936,24.000000
8937,-24.000000
8938,-24.000000
8939,64.000000
8940,-16.000000
8941,-16.000000
8942,-20.000000
8943,-12.000000
8944,4.000000
8945,-12.000000
8946,20.000000
8947,8.000000
8948,8.000000
8949,0.000000
8950,12.000000
8951,-8.000000
8952,8.000000
8953,-8.000000
8954,-12.000000
8955,24.000000
8956,-8.000000
8957,16.000000
8958,24.000000
8959,0.000000
8960,-20.000000
8961,-12.000000
8962,-12.000000
8963,28.000000
8964,0.000000
8965,-28.000000
8966,-4.000000
8967,-8.000000
8968,-24.000000
8969,-12.000000
8970,-12.000000
8971,-24.000000
8972,-24.000000
8973,-12.000000
8974,0.000000
8975,8.000000
8976,-16.000000
8977,60.000000
8978,-32.000000
8979,40.000000
8980,4.000000
8981,12.000000
8982,52.000000
8983,20.000000
8984,24.000000
8985,12.000000
8986,36.000000
8987,4.000000
8988,-56.000000
8989,4.000000
8990,0.000000
8991,-8.000000
8992,-8.000000
8993,-44.000000
8994,-16.000000
8995,0.000000
8996,64.000000
8997,8.000000
8998,20.000000
8999,-4.000000
9000,44.000000
9001,0.000000
9002,0.000000
9003,-8.000000
9004,-8.000000
9005,-20.000000
9006,-24.000000
9007,0.000000
9008,60.000000
9009,12.000000
9010,4.000000
9011,-4.000000
9012,-8.000000
9013,-8.000000
9014,-8.000000
9015,28.000000
9016,56.000000
9017,-28.000000
9018,-12.000000
9019,84.000000
9020,-20.000000
9021,-16.000000
9022,-12.000000
9023,-4.000000
9024,4.000000
9025,-8.000000
9026,28.000000
9027,0.000000
9028,8.000000
9029,8.000000
9030,4.000000
9031,-8.000000
9032,-24.000000
9033,-4.000000
9034,-32.000000
9035,-8.000000
9036,-8.000000
9037,8.000000
9038,20.000000
9039,0.000000
9040,8.000000
9041,-12.000000
9042,-36.000000
9043,44.000000
9044,44.000000
9045,8.000000
9046,-44.000000
9047,-40.000000
9048,-16.000000
9049,-12.000000
9050,-12.000000
9051,24.000000
9052,-8.000000
9053,-12.000000
9054,-32.000000
9055,0.000000
9056,8.000000
9057,4.000000
9058,0.000000
9059,-8.000000
9060,-24.000000
9061,0.000000
9062,-12.000000
9063,-12.000000
9064,0.000000
9065,-24.000000
9066,-8.000000
9067,-8.000000
9068,-8.000000
9069,-64.000000
9070,-44.000000
9071,-36.000000
9072,24.000000
9073,0.000000
9074,4.000000
9075,0.000000
9076,-16.000000
9077,4.000000
9078,-12.000000
9079,-12.000000
9080,0.000000
9081,-4.000000
9082,0.000000
9083,24.000000
9084,-24.000000
9085,0.000000
9086,8.000000
9087,0.000000
9088,52.000000
9089,-8.000000
9090,28.000000
9091,16.000000
9092,-20.000000
9093,-32.000000
9094,-8.000000
9095,-12.000000
9096,52.000000
9097,4.000000
9098,-4.000000
9099,-16.000000
9100,-16.000000
9101,-8.000000
9102,-24.000000
9103,-4.000000
9104,-20.000000
9105,-8.000000
9106,-8.000000
9107,24.000000
9108,-20.000000
9109,-20.000000
9110,-16.000000
9111,20.000000
9112,20.000000
9113,8.000000
9114,8.000000
9115,16.000000
9116,8.000000
9117,52.000000
9118,44.000000
9119,-20.000000
9120,-52.000000
9121,4.000000
9122,-8.000000
9123,-8.000000
9124,24.000000
9125,-8.000000
9126,24.000000
9127,12.000000
9128,0.000000
9129,12.000000
9130,60.000000
9131,8.000000
9132,-44.000000
9133,-12.000000
9134,-24.000000
9135,8.000000
9136,8.000000
9137,-8.000000
9138,40.000000
9139,-64.000000
9140,4.000000
9141,-8.000000
9142,-24.000000
9143,-8.000000
9144,16.000000
9145,4.000000
9146,4.000000
9147,-28.000000
9148,-40.000000
9149,-44.000000
9150,4.000000
9151,8.000000
9152,0.000000
9153,8.000000
9154,0.000000
9155,-44.000000
9156,-20.000000
9157,-36.000000
9158,0.000000
9159,-8.000000
9160,-16.000000
9161,0.000000
9162,-24.000000
9163,-4.000000
9164,-8.000000
9165,28.000000
9166,12.000000
9167,-36.000000
9168,12.000000
9169,-64.000000
9170,4.000000
9171,-8.000000
9172,0.000000
9173,8.000000
9174,8.000000
9175,0.000000
9176,16.000000
9177,0.000000
9178,0.000000
9179,-8.000000
9180,12.000000
9181,0.000000
9182,-44.000000
9183,-32.000000
9184,0.000000
9185,-28.000000
9186,52.000000
9187,0.000000
9188,20.000000
9189,28.000000
9190,-16.000000
9191,-8.000000
9192,72.000000
9193,52.000000
9194,8.000000
9195,-8.000000
9196,-16.000000
9197,8.000000
9198,-60.000000
9199,-32.000000
9200,-16.000000
9201,-24.000000
9202,-108.000000
9203,72.000000
9204,-8.000000
9205,-28.000000
9206,0.000000
9207,4.000000
9208,-8.000000
9209,16.000000
9210,8.000000
9211,28.000000
9212,-4.000000
9213,-8.000000
9214,-32.000000
9215,44.000000
9216,-4.000000
9217,44.000000
9218,-8.000000
9219,16.000000
9220,12.000000
9221,24.000000
9222,0.000000
9223,24.000000
9224,-12.000000
9225,28.000000
9226,44.000000
9227,8.000000
9228,0.000000
9229,-20.000000
9230,68.000000
9231,-20.000000
9232,-8.000000
9233,8.000000
9234,-16.000000
9235,-16.000000
9236,0.000000
9237,-32.000000
9238,-20.000000
9239,52.000000
9240,-12.000000
9241,-44.000000
9242,4.000000
9243,24.000000
9244,16.000000
9245,16.000000
9246,-8.000000
9247,-28.000000
9248,-8.000000
9249,-12.000000
9250,-8.000000
9251,-8.000000
9252,24.000000
9253,8.000000
9254,-40.000000
9255,16.000000
9256,20.000000
9257,24.000000
9258,-32.000000
9259,-24.000000
9260,-4.000000
9261,8.000000
9262,12.000000
9263,-28.000000
9264,-32.000000
9265,-16.000000
9266,-8.000000
9267,-28.000000
9268,-16.000000
9269,28.000000
9270,44.000000
9271,-88.000000
9272,8.000000
9273,-12.000000
9274,0.000000
9275,20.000000
9276,-24.000000
9277,-28.000000
9278,-24.000000
9279,16.000000
9280,16.000000
9281,-16.000000
9282,-20.000000
9283,-8.000000
9284,-8.000000
9285,-8.000000
9286,-28.000000
9287,32.000000
9288,12.000000
9289,-8.000000
9290,44.000000
9291,-20.000000
9292,-24.000000
9293,8.000000
9294,-4.000000
9295,20.000000
9296,-32.000000
9297,-20.000000
9298,20.000000
9299,8.000000
9300,0.000000
9301,20.000000
9302,0.000000
9303,-24.000000
9304,-24.000000
9305,52.000000
9306,-16.000000
9307,-12.000000
9308,-48.000000
9309,-12.000000
9310,-56.000000
9311,-20.000000
9312,-8.000000
9313,16.000000
9314,-4.000000
9315,-24.000000
9316,-16.000000
9317,-28.000000
9318,-40.000000
9319,-4.000000
9320,8.000000
9321,8.000000
9322,-20.000000
9323,4.000000
9324,-4.000000
9325,-32.000000
9326,4.000000
9327,-28.000000
9328,12.000000
9329,0.000000
9330,8.000000
9331,-28.000000
9332,60.000000
9333,0.000000
9334,-20.000000
9335,0.000000
9336,-4.000000
9337,-8.000000
9338,16.000000
9339,0.000000
9340,28.000000
9341,-8.000000
9342,24.000000
9343,-8.000000
9344,-8.000000
9345,-8.000000
9346,-12.000000
9347,-12.000000
9348,4.000000
9349,-32.000000
9350,-8.000000
9351,-28.000000
9352,0.000000
9353,0.000000
9354,-20.000000
9355,-8.000000
9356,-8.000000
9357,0.000000
9358,44.000000
9359,12.000000
9360,-12.000000
9361,16.000000
9362,0.000000
9363,-68.000000
9364,4.000000
9365,44.000000
9366,8.000000
9367,-4.000000
9368,-16.000000
9369,-8.000000
9370,20.000000
9371,-20.000000
9372,-8.000000
9373,0.000000
9374,16.000000
9375,-8.000000
9376,64.000000
9377,0.000000
9378,-16.000000
9379,-8.000000
9380,-88.000000
9381,-12.000000
9382,-16.000000
9383,-48.000000
9384,-8.000000
9385,-4.000000
9386,0.000000
9387,-20.000000
9388,-8.000000
9389,-8.000000
9390,-12.000000
9391,-4.000000
9392,-44.000000
9393,-4.000000
9394,-52.000000
9395,-32.000000
9396,-8.000000
9397,-24.000000
9398,0.000000
9399,20.000000
9400,4.000000
9401,-20.000000
9402,-8.000000
9403,-4.000000
9404,-8.000000
9405,40.000000
9406,4.000000
9407,-4.000000
9408,-28.000000
9409,64.000000
9410,-8.000000
9411,-12.000000
9412,4.000000
9413,8.000000
9414,-20.000000
9415,4.000000
9416,-12.000000
9417,20.000000
9418,28.000000
9419,16.000000
9420,-32.000000
9421,-36.000000
9422,20.000000
9423,40.000000
9424,0.000000
9425,-4.000000
9426,-16.000000
9427,0.000000
9428,-16.000000
9429,16.000000
9430,-8.000000
9431,-8.000000
9432,-12.000000
9433,40.000000
9434,20.000000
9435,0.000000
9436,-28.000000
9437,-24.000000
9438,-12.000000
9439,8.000000
9440,4.000000
9441,-4.000000
9442,4.000000
9443,-12.000000
9444,-12.000000
9445,-24.000000
9446,28.000000
9447,-4.000000
9448,40.000000
9449,-4.000000
9450,20.000000
9451,8.000000
9452,0.000000
9453,24.000000
9454,-8.000000
9455,0.000000
9456,0.000000
9457,-32.000000
9458,-24.000000
9459,24.000000
9460,16.000000
9461,0.000000
9462,4.000000
9463,-20.000000
9464,-20.000000
9465,-24.000000
9466,0.000000
9467,-40.000000
9468,0.000000
9469,0.000000
9470,28.000000
9471,-8.000000
9472,-60.000000
9473,-52.000000
9474,-8.000000
9475,24.000000
9476,0.000000
9477,0.000000
9478,-4.000000
9479,24.000000
9480,-32.000000
9481,-8.000000
9482,72.000000
9483,-4.000000
9484,44.000000
9485,56.000000
9486,16.000000
9487,-4.000000
9488,-8.000000
9489,-16.000000
9490,-8.000000
9491,-8.000000
9492,68.000000
9493,-28.000000
9494,-8.000000
9495,4.000000
9496,8.000000
9497,-12.000000
9498,-52.000000
9499,0.000000
9500,-4.000000
9501,-28.000000
9502,0.000000
9503,16.000000
9504,4.000000
9505,-20.000000
9506,-8.000000
9507,8.000000
9508,8.000000
9509,-40.000000
9510,-48.000000
9511,-12.000000
9512,0.000000
9513,-12.000000
9514,0.000000
9515,-36.000000
9516,0.000000
9517,0.000000
9518,36.000000
9519,-28.000000
9520,-20.000000
9521,12.000000
9522,0.000000
9523,4.000000
9524,4.000000
9525,-12.000000
9526,0.000000
9527,-12.000000
9528,-24.000000
9529,-8.000000
9530,4.000000
9531,0.000000
9532,-52.000000
9533,-24.000000
9534,-4.000000
9535,-40.000000
9536,-8.000000
9537,0.000000
9538,20.000000
9539,68.000000
9540,-8.000000
9541,-24.000000
9542,16.000000
9543,4.000000
9544,-8.000000
9545,-8.000000
9546,-8.000000
9547,0.000000
9548,-28.000000
9549,24.000000
9550,0.000000
9551,60.000000
9552,-20.000000
9553,-8.000000
9554,4.000000
9555,-8.000000
9556,-24.000000
9557,-20.000000
9558,-8.000000
9559,16.000000
9560,8.000000
9561,16.000000
9562,-24.000000
9563,4.000000
9564,-24.000000
9565,-12.000000
9566,8.000000
9567,8.000000
9568,-8.000000
9569,-44.000000
9570,-20.000000
9571,0.000000
9572,28.000000
9573,44.000000
9574,12.000000
9575,-24.000000
9576,8.000000
9577,12.000000
9578,-8.000000
9579,44.000000
9580,-12.000000
9581,52.000000
9582,-8.000000
9583,0.000000
9584,-8.000000
9585,-20.000000
9586,-24.000000
9587,-28.000000
9588,-8.000000
9589,-8.000000
9590,-8.000000
9591,-8.000000
9592,-8.000000
9593,24.000000
9594,-12.000000
9595,0.000000
9596,0.000000
9597,-28.000000
9598,-24.000000
9599,0.000000
9600,16.000000
9601,-40.000000
9602,28.000000
9603,12.000000
9604,-28.000000
9605,-40.000000
9606,12.000000
9607,-8.000000
9608,-8.000000
9609,16.000000
9610,-8.000000
9611,-28.000000
9612,-32.000000
9613,0.000000
9614,4.000000
9615,36.000000
9616,-4.000000
9617,44.000000
9618,0.000000
9619,-40.000000
9620,8.000000
9621,0.000000
9622,16.000000
9623,-36.000000
9624,8.000000
9625,-28.000000
9626,-4.000000
9627,0.000000
9628,12.000000
9629,4.000000
9630,8.000000
9631,-16.000000
9632,8.000000
9633,24.000000
9634,72.000000
9635,0.000000
9636,44.000000
9637,4.000000
9638,-20.000000
9639,-12.000000
9640,8.000000
9641,-4.000000
9642,-8.000000
9643,-8.000000
9644,8.000000
9645,0.000000
9646,-4.000000
9647,-16.000000
9648,-44.000000
9649,-12.000000
9650,0.000000
9651,-4.000000
9652,12.000000
9653,8.000000
9654,8.000000
9655,-16.000000
9656,20.000000
9657,-12.000000
9658,4.000000
9659,4.000000
9660,-12.000000
9661,-28.000000
9662,8.000000
9663,60.000000
9664,-28.000000
9665,-28.000000
9666,-32.000000
9667,-16.000000
9668,44.000000
9669,-8.000000
9670,-16.000000
9671,20.000000
9672,40.000000
9673,20.000000
9674,-24.000000
9675,-8.000000
9676,8.000000
9677,4.000000
9678,4.000000
9679,68.000000
9680,4.000000
9681,-12.000000
9682,0.000000
9683,-28.000000
9684,-44.000000
9685,-12.000000
9686,-16.000000
9687,4.000000
9688,-12.000000
9689,0.000000
9690,0.000000
9691,52.000000
9692,-8.000000
9693,4.000000
9694,-32.000000
9695,-60.000000
9696,8.000000
9697,-16.000000
9698,-20.000000
9699,-8.000000
9700,-12.000000
9701,-16.000000
9702,-32.000000
9703,12.000000
9704,-8.000000
9705,36.000000
9706,16.000000
9707,-12.000000
9708,-60.000000
9709,-24.000000
9710,0.000000
9711,-8.000000
9712,28.000000
9713,-8.000000
9714,40.000000
9715,0.000000
9716,4.000000
9717,0.000000
9718,0.000000
9719,-48.000000
9720,-4.000000
9721,-12.000000
9722,-16.000000
9723,0.000000
9724,0.000000
9725,-8.000000
9726,-8.000000
9727,8.000000
9728,-36.000000
9729,-8.000000
9730,8.000000
9731,-4.000000
9732,-52.000000
9733,44.000000
9734,12.000000
9735,40.000000
9736,24.000000
9737,60.000000
9738,24.000000
9739,-4.000000
9740,4.000000
9741,44.000000
9742,16.000000
9743,-8.000000
9744,-8.000000
9745,12.000000
9746,0.000000
9747,0.000000
9748,4.000000
9749,4.000000
9750,-32.000000
9751,-40.000000
9752,-8.000000
9753,40.000000
9754,-16.000000
9755,24.000000
9756,-32.000000
9757,-16.000000
9758,4.000000
9759,16.000000
9760,4.000000
9761,0.000000
9762,4.000000
9763,12.000000
9764,16.000000
9765,-24.000000
9766,-28.000000
9767,16.000000
9768,-36.000000
9769,20.000000
9770,12.000000
9771,64.000000
9772,-8.000000
9773,40.000000
9774,-8.000000
9775,68.000000
9776,-16.000000
9777,-72.000000
9778,-28.000000
9779,-8.000000
9780,-44.000000
9781,16.000000
9782,40.000000
9783,-12.000000
9784,56.000000
9785,-24.000000
9786,-24.000000
9787,-12.000000
9788,-8.000000
9789,-24.000000
9790,-60.000000
9791,24.000000
9792,-24.000000
9793,-8.000000
9794,12.000000
9795,-8.000000
9796,-8.000000
9797,-12.000000
9798,-8.000000
9799,-16.000000
9800,52.000000
9801,8.000000
9802,-52.000000
9803,12.000000
9804,8.000000
9805,44.000000
9806,-8.000000
9807,48.000000
9808,-32.000000
9809,-8.000000
9810,-8.000000
9811,8.000000
9812,48.000000
9813,0.000000
9814,-4.000000
9815,16.000000
9816,8.000000
9817,-24.000000
9818,-24.000000
9819,0.000000
9820,-32.000000
9821,0.000000
9822,-8.000000
9823,-8.000000
9824,12.000000
9825,52.000000
9826,4.000000
9827,44.000000
9828,-28.000000
9829,-8.000000
9830,0.000000
9831,60.000000
9832,-8.000000
9833,24.000000
9834,0.000000
9835,0.000000
9836,-8.000000
9837,-20.000000
9838,-32.000000
9839,-24.000000
9840,4.000000
9841,-12.000000
9842,52.000000
9843,-28.000000
9844,-20.000000
9845,12.000000
9846,-16.000000
9847,16.000000
9848,-88.000000
9849,12.000000
9850,-20.000000
9851,-32.000000
9852,-28.000000
9853,12.000000
9854,-12.000000
9855,-28.000000
9856,-8.000000
9857,-48.000000
9858,-8.000000
9859,-28.000000
9860,-32.000000
9861,0.000000
9862,-8.000000
9863,28.000000
9864,-20.000000
9865,-8.000000
9866,-8.000000
9867,4.000000
9868,0.000000
9869,-8.000000
9870,-20.000000
9871,24.000000
9872,-4.000000
9873,-8.000000
9874,12.000000
9875,4.000000
9876,4.000000
9877,0.000000
9878,-20.000000
9879,24.000000
9880,-52.000000
9881,24.000000
9882,16.000000
9883,-8.000000
9884,56.000000
9885,12.000000
9886,12.000000
9887,-12.000000
9888,0.000000
9889,-4.000000
9890,4.000000
9891,-16.000000
9892,-68.000000
9893,68.000000
9894,-8.000000
9895,-48.000000
9896,28.000000
9897,-8.000000
9898,24.000000
9899,-8.000000
9900,-24.000000
9901,0.000000
9902,-16.000000
9903,-8.000000
9904,52.000000
9905,0.000000
9906,-16.000000
9907,-12.000000
9908,8.000000
9909,-8.000000
9910,0.000000
9911,-8.000000
9912,-40.000000
9913,-12.000000
9914,20.000000
9915,-8.000000
9916,-8.000000
9917,-36.000000
9918,0.000000
9919,-4.000000
9920,68.000000
9921,-20.000000
9922,-16.000000
9923,-12.000000
9924,32.000000
9925,-36.000000
9926,12.000000
9927,24.000000
9928,20.000000
9929,0.000000
9930,24.000000
9931,4.000000
9932,-60.000000
9933,-16.000000
9934,-20.000000
9935,-16.000000
9936,-20.000000
9937,-40.000000
9938,-20.000000
9939,-16.000000
9940,-32.000000
9941,-24.000000
9942,8.000000
9943,-8.000000
9944,-16.000000
9945,-20.000000
9946,20.000000
9947,-8.000000
9948,44.000000
9949,40.000000
9950,4.000000
9951,40.000000
9952,-12.000000
9953,-16.000000
9954,-12.000000
9955,-12.000000
9956,24.000000
9957,-12.000000
9958,-16.000000
9959,-32.000000
9960,-24.000000
9961,16.000000
9962,76.000000
9963,-12.000000
9964,0.000000
9965,16.000000
9966,12.000000
9967,44.000000
9968,0.000000
9969,-8.000000
9970,-8.000000
9971,-8.000000
9972,52.000000
9973,-4.000000
9974,0.000000
9975,-8.000000
9976,-8.000000
9977,-60.000000
9978,-16.000000
9979,-24.000000
9980,0.000000
9981,12.000000
9982,-32.000000
9983,-8.000000
9984,-12.000000
9985,60.000000
9986,0.000000
9987,0.000000
9988,-8.000000
9989,28.000000
9990,44.000000
9991,-44.000000
9992,-40.000000
9993,0.000000
9994,-28.000000
9995,-8.000000
9996,-24.000000
9997,-8.000000
9998,4.000000
9999,12.000000
10000,-4.000000
