Channel              :,CH1
Frequency            :,  ?
Period               :,  ?
PK-PK                :,2.720V
Probe attenuation    :,10X
Voltage per ADC value:,2.500000mV
Time interval        :,100.00000us

index,CH1_Voltage(mV)
1,400.000000
2,400.000000
3,-80.000000
4,120.000000
5,960.000000
6,80.000000
7,-200.000000
8,-280.000000
9,80.000000
10,40.000000
11,-80.000000
12,40.000000
13,80.000000
14,120.000000
15,-200.000000
16,-80.000000
17,120.000000
18,-40.000000
19,-80.000000
20,200.000000
21,200.000000
22,560.000000
23,240.000000
24,-240.000000
25,-40.000000
26,-200.000000
27,-400.000000
28,40.000000
29,-520.000000
30,0.000000
31,-200.000000
32,40.000000
33,80.000000
34,240.000000
35,0.000000
36,160.000000
37,-80.000000
38,-80.000000
39,40.000000
40,-120.000000
41,-160.000000
42,840.000000
43,40.000000
44,200.000000
45,0.000000
46,-160.000000
47,-120.000000
48,-320.000000
49,-600.000000
50,-40.000000
51,120.000000
52,120.000000
53,40.000000
54,-40.000000
55,0.000000
56,-320.000000
57,440.000000
58,-80.000000
59,-80.000000
60,-480.000000
61,-80.000000
62,-80.000000
63,-160.000000
64,-80.000000
65,-80.000000
66,-80.000000
67,-120.000000
68,80.000000
69,160.000000
70,80.000000
71,0.000000
72,120.000000
73,0.000000
74,0.000000
75,-120.000000
76,-80.000000
77,-40.000000
78,-120.000000
79,-600.000000
80,400.000000
81,-80.000000
82,80.000000
83,-200.000000
84,-120.000000
85,-80.000000
86,-400.000000
87,80.000000
88,160.000000
89,40.000000
90,-240.000000
91,-160.000000
92,-40.000000
93,-200.000000
94,760.000000
95,-120.000000
96,-120.000000
97,440.000000
98,-120.000000
99,0.000000
100,240.000000
101,-160.000000
102,-200.000000
103,0.000000
104,-520.000000
105,40.000000
106,40.000000
107,-200.000000
108,-120.000000
109,40.000000
110,-80.000000
111,-160.000000
112,-600.000000
113,-600.000000
114,0.000000
115,-360.000000
116,120.000000
117,-80.000000
118,840.000000
119,-120.000000
120,160.000000
121,0.000000
122,-560.000000
123,40.000000
124,-240.000000
125,160.000000
126,-160.000000
127,-40.000000
128,-160.000000
129,-80.000000
130,160.000000
131,-280.000000
132,-240.000000
133,120.000000
134,-480.000000
135,-280.000000
136,80.000000
137,-120.000000
138,0.000000
139,0.000000
140,160.000000
141,-120.000000
142,-200.000000
143,-240.000000
144,-320.000000
145,160.000000
146,-520.000000
147,-400.000000
148,40.000000
149,-120.000000
150,0.000000
151,760.000000
152,-40.000000
153,-80.000000
154,160.000000
155,160.000000
156,-160.000000
157,-440.000000
158,-40.000000
159,320.000000
160,-120.000000
161,-120.000000
162,120.000000
163,-120.000000
164,120.000000
165,0.000000
166,960.000000
167,-240.000000
168,320.000000
169,-240.000000
170,-240.000000
171,0.000000
172,-240.000000
173,160.000000
174,-80.000000
175,400.000000
176,-80.000000
177,200.000000
178,0.000000
179,-400.000000
180,40.000000
181,-280.000000
182,-200.000000
183,160.000000
184,760.000000
185,-640.000000
186,80.000000
187,-320.000000
188,-240.000000
189,-240.000000
190,-80.000000
191,200.000000
192,-280.000000
193,-160.000000
194,160.000000
195,-280.000000
196,-80.000000
197,-80.000000
198,-640.000000
199,-320.000000
200,-280.000000
201,-160.000000
202,-80.000000
203,-240.000000
204,-200.000000
205,-240.000000
206,-80.000000
207,40.000000
208,120.000000
209,-80.000000
210,-120.000000
211,-40.000000
212,240.000000
213,-40.000000
214,0.000000
215,120.000000
216,-80.000000
217,120.000000
218,-320.000000
219,-480.000000
220,-240.000000
221,-160.000000
222,200.000000
223,160.000000
224,0.000000
225,-160.000000
226,-520.000000
227,-80.000000
228,-120.000000
229,0.000000
230,-160.000000
231,160.000000
232,-240.000000
233,-120.000000
234,0.000000
235,-520.000000
236,-80.000000
237,160.000000
238,0.000000
239,-200.000000
240,520.000000
241,-80.000000
242,-320.000000
243,80.000000
244,-160.000000
245,-40.000000
246,240.000000
247,360.000000
248,-200.000000
249,-80.000000
250,40.000000
251,80.000000
252,0.000000
253,-80.000000
254,-80.000000
255,-160.000000
256,-40.000000
257,-40.000000
258,160.000000
259,160.000000
260,160.000000
261,-760.000000
262,-80.000000
263,0.000000
264,-160.000000
265,-40.000000
266,-80.000000
267,-80.000000
268,-80.000000
269,160.000000
270,-200.000000
271,-440.000000
272,-120.000000
273,120.000000
274,-240.000000
275,-120.000000
276,-80.000000
277,-80.000000
278,-120.000000
279,240.000000
280,160.000000
281,40.000000
282,280.000000
283,-160.000000
284,-160.000000
285,-320.000000
286,-280.000000
287,280.000000
288,0.000000
289,-40.000000
290,0.000000
291,-200.000000
292,-280.000000
293,-160.000000
294,-40.000000
295,0.000000
296,-120.000000
297,-120.000000
298,-200.000000
299,-480.000000
300,-240.000000
301,0.000000
302,-40.000000
303,-40.000000
304,80.000000
305,80.000000
306,120.000000
307,80.000000
308,-160.000000
309,-160.000000
310,40.000000
311,0.000000
312,240.000000
313,-120.000000
314,80.000000
315,-40.000000
316,40.000000
317,200.000000
318,0.000000
319,-80.000000
320,40.000000
321,-240.000000
322,-120.000000
323,-160.000000
324,0.000000
325,40.000000
326,0.000000
327,-80.000000
328,-80.000000
329,160.000000
330,520.000000
331,440.000000
332,-80.000000
333,-80.000000
334,40.000000
335,240.000000
336,-280.000000
337,80.000000
338,-40.000000
339,-80.000000
340,160.000000
341,360.000000
342,-120.000000
343,-240.000000
344,440.000000
345,240.000000
346,40.000000
347,0.000000
348,280.000000
349,-440.000000
350,-80.000000
351,-40.000000
352,120.000000
353,-120.000000
354,0.000000
355,160.000000
356,120.000000
357,-480.000000
358,-160.000000
359,40.000000
360,120.000000
361,80.000000
362,-160.000000
363,-280.000000
364,120.000000
365,160.000000
366,400.000000
367,-80.000000
368,280.000000
369,-280.000000
370,-280.000000
371,-560.000000
372,120.000000
373,0.000000
374,0.000000
375,400.000000
376,-120.000000
377,-40.000000
378,-40.000000
379,600.000000
380,440.000000
381,-120.000000
382,0.000000
383,-120.000000
384,0.000000
385,-40.000000
386,-80.000000
387,-240.000000
388,-80.000000
389,200.000000
390,440.000000
391,-80.000000
392,240.000000
393,40.000000
394,-440.000000
395,-120.000000
396,240.000000
397,-80.000000
398,-280.000000
399,0.000000
400,0.000000
401,-280.000000
402,-120.000000
403,-80.000000
404,160.000000
405,200.000000
406,-40.000000
407,-360.000000
408,40.000000
409,-200.000000
410,80.000000
411,-40.000000
412,320.000000
413,-360.000000
414,400.000000
415,-160.000000
416,0.000000
417,160.000000
418,40.000000
419,0.000000
420,160.000000
421,-80.000000
422,0.000000
423,0.000000
424,0.000000
425,0.000000
426,720.000000
427,-40.000000
428,-120.000000
429,120.000000
430,640.000000
431,320.000000
432,80.000000
433,160.000000
434,-440.000000
435,-40.000000
436,-40.000000
437,200.000000
438,280.000000
439,-320.000000
440,240.000000
441,-40.000000
442,160.000000
443,-160.000000
444,0.000000
445,-120.000000
446,-160.000000
447,40.000000
448,80.000000
449,400.000000
450,-360.000000
451,0.000000
452,-200.000000
453,80.000000
454,640.000000
455,-160.000000
456,-120.000000
457,80.000000
458,-200.000000
459,-240.000000
460,200.000000
461,200.000000
462,-320.000000
463,160.000000
464,-80.000000
465,-80.000000
466,760.000000
467,-80.000000
468,-520.000000
469,160.000000
470,-280.000000
471,-280.000000
472,-40.000000
473,-160.000000
474,-80.000000
475,-200.000000
476,-200.000000
477,0.000000
478,-40.000000
479,840.000000
480,-120.000000
481,40.000000
482,480.000000
483,-520.000000
484,520.000000
485,160.000000
486,-240.000000
487,0.000000
488,120.000000
489,80.000000
490,40.000000
491,-80.000000
492,-240.000000
493,-80.000000
494,-400.000000
495,-520.000000
496,0.000000
497,-280.000000
498,-360.000000
499,-200.000000
500,-360.000000
501,160.000000
502,-80.000000
503,40.000000
504,440.000000
505,40.000000
506,40.000000
507,0.000000
508,-400.000000
509,-120.000000
510,-440.000000
511,240.000000
512,-240.000000
513,160.000000
514,200.000000
515,-120.000000
516,-40.000000
517,-440.000000
518,-80.000000
519,120.000000
520,-360.000000
521,200.000000
522,-80.000000
523,-240.000000
524,120.000000
525,-240.000000
526,0.000000
527,0.000000
528,-120.000000
529,840.000000
530,80.000000
531,0.000000
532,-40.000000
533,-80.000000
534,400.000000
535,0.000000
536,-240.000000
537,200.000000
538,-80.000000
539,200.000000
540,-80.000000
541,-600.000000
542,-160.000000
543,-440.000000
544,120.000000
545,160.000000
546,0.000000
547,0.000000
548,200.000000
549,320.000000
550,-80.000000
551,-80.000000
552,40.000000
553,-200.000000
554,0.000000
555,-160.000000
556,40.000000
557,320.000000
558,40.000000
559,-80.000000
560,80.000000
561,-160.000000
562,0.000000
563,-360.000000
564,-80.000000
565,120.000000
566,-40.000000
567,80.000000
568,-80.000000
569,160.000000
570,120.000000
571,80.000000
572,-480.000000
573,-480.000000
574,-200.000000
575,-80.000000
576,-80.000000
577,-160.000000
578,0.000000
579,-320.000000
580,200.000000
581,80.000000
582,-80.000000
583,-80.000000
584,-240.000000
585,200.000000
586,240.000000
587,-280.000000
588,-120.000000
589,-40.000000
590,-80.000000
591,-160.000000
592,-160.000000
593,0.000000
594,0.000000
595,40.000000
596,-200.000000
597,120.000000
598,160.000000
599,-200.000000
600,200.000000
601,160.000000
602,160.000000
603,-400.000000
604,120.000000
605,-80.000000
606,-200.000000
607,-320.000000
608,-360.000000
609,200.000000
610,-160.000000
611,0.000000
612,160.000000
613,-80.000000
614,40.000000
615,-80.000000
616,-80.000000
617,-480.000000
618,40.000000
619,80.000000
620,-120.000000
621,0.000000
622,40.000000
623,-80.000000
624,-80.000000
625,-120.000000
626,40.000000
627,-240.000000
628,120.000000
629,120.000000
630,80.000000
631,120.000000
632,120.000000
633,-240.000000
634,-200.000000
635,-280.000000
636,-80.000000
637,520.000000
638,0.000000
639,-80.000000
640,-440.000000
641,40.000000
642,320.000000
643,-240.000000
644,-80.000000
645,-240.000000
646,-240.000000
647,-200.000000
648,-200.000000
649,280.000000
650,0.000000
651,520.000000
652,-400.000000
653,-360.000000
654,0.000000
655,440.000000
656,240.000000
657,-520.000000
658,160.000000
659,-40.000000
660,0.000000
661,0.000000
662,-200.000000
663,-240.000000
664,-160.000000
665,-40.000000
666,-120.000000
667,-40.000000
668,120.000000
669,-320.000000
670,520.000000
671,-80.000000
672,40.000000
673,0.000000
674,120.000000
675,0.000000
676,200.000000
677,-320.000000
678,80.000000
679,120.000000
680,-320.000000
681,0.000000
682,-240.000000
683,-80.000000
684,-280.000000
685,-40.000000
686,-560.000000
687,-80.000000
688,40.000000
689,-360.000000
690,120.000000
691,400.000000
692,-280.000000
693,-200.000000
694,240.000000
695,280.000000
696,-440.000000
697,-240.000000
698,80.000000
699,760.000000
700,-200.000000
701,-360.000000
702,-80.000000
703,120.000000
704,-80.000000
705,-80.000000
706,120.000000
707,120.000000
708,40.000000
709,-280.000000
710,-360.000000
711,0.000000
712,-280.000000
713,-440.000000
714,0.000000
715,-280.000000
716,160.000000
717,-160.000000
718,-200.000000
719,-120.000000
720,-80.000000
721,200.000000
722,160.000000
723,-160.000000
724,-40.000000
725,-80.000000
726,-120.000000
727,-80.000000
728,-80.000000
729,-120.000000
730,0.000000
731,160.000000
732,0.000000
733,-80.000000
734,680.000000
735,-320.000000
736,280.000000
737,-80.000000
738,-160.000000
739,-240.000000
740,240.000000
741,280.000000
742,-40.000000
743,-320.000000
744,0.000000
745,-40.000000
746,240.000000
747,280.000000
748,0.000000
749,-160.000000
750,-120.000000
751,0.000000
752,-120.000000
753,240.000000
754,160.000000
755,-280.000000
756,-120.000000
757,0.000000
758,-80.000000
759,-40.000000
760,0.000000
761,-240.000000
762,-240.000000
763,80.000000
764,-80.000000
765,-80.000000
766,-40.000000
767,-320.000000
768,-120.000000
769,200.000000
770,-80.000000
771,-320.000000
772,-80.000000
773,-120.000000
774,0.000000
775,280.000000
776,160.000000
777,0.000000
778,-320.000000
779,520.000000
780,280.000000
781,0.000000
782,320.000000
783,-360.000000
784,-40.000000
785,-80.000000
786,40.000000
787,40.000000
788,-200.000000
789,80.000000
790,-160.000000
791,-80.000000
792,-280.000000
793,-80.000000
794,80.000000
795,-440.000000
796,-80.000000
797,-200.000000
798,0.000000
799,-80.000000
800,-40.000000
801,200.000000
802,520.000000
803,0.000000
804,80.000000
805,80.000000
806,440.000000
807,400.000000
808,240.000000
809,-40.000000
810,240.000000
811,-320.000000
812,-40.000000
813,-80.000000
814,120.000000
815,240.000000
816,280.000000
817,-160.000000
818,-120.000000
819,-120.000000
820,160.000000
821,-320.000000
822,120.000000
823,-40.000000
824,40.000000
825,-1240.000000
826,-280.000000
827,160.000000
828,-280.000000
829,-80.000000
830,-320.000000
831,-160.000000
832,-240.000000
833,-160.000000
834,-320.000000
835,-80.000000
836,80.000000
837,-160.000000
838,0.000000
839,-240.000000
840,160.000000
841,560.000000
842,0.000000
843,-200.000000
844,320.000000
845,-360.000000
846,40.000000
847,0.000000
848,-120.000000
849,-480.000000
850,520.000000
851,-120.000000
852,-80.000000
853,-360.000000
854,0.000000
855,-240.000000
856,-160.000000
857,-120.000000
858,-200.000000
859,80.000000
860,-240.000000
861,-320.000000
862,40.000000
863,40.000000
864,120.000000
865,120.000000
866,0.000000
867,-40.000000
868,520.000000
869,520.000000
870,-120.000000
871,-480.000000
872,40.000000
873,0.000000
874,0.000000
875,0.000000
876,-40.000000
877,80.000000
878,440.000000
879,-80.000000
880,-440.000000
881,80.000000
882,-40.000000
883,-240.000000
884,120.000000
885,0.000000
886,-80.000000
887,-480.000000
888,0.000000
889,0.000000
890,80.000000
891,-80.000000
892,120.000000
893,-160.000000
894,80.000000
895,-80.000000
896,-40.000000
897,0.000000
898,640.000000
899,-80.000000
900,240.000000
901,240.000000
902,0.000000
903,0.000000
904,40.000000
905,-360.000000
906,-200.000000
907,160.000000
908,720.000000
909,560.000000
910,-520.000000
911,80.000000
912,240.000000
913,-160.000000
914,120.000000
915,0.000000
916,-80.000000
917,-120.000000
918,-160.000000
919,520.000000
920,-440.000000
921,-80.000000
922,40.000000
923,-160.000000
924,-80.000000
925,-40.000000
926,-200.000000
927,-320.000000
928,-80.000000
929,-80.000000
930,160.000000
931,-80.000000
932,840.000000
933,80.000000
934,-120.000000
935,-360.000000
936,-600.000000
937,80.000000
938,-80.000000
939,240.000000
940,-280.000000
941,-280.000000
942,-80.000000
943,-120.000000
944,40.000000
945,120.000000
946,160.000000
947,-40.000000
948,-80.000000
949,-200.000000
950,-120.000000
951,-520.000000
952,40.000000
953,240.000000
954,-720.000000
955,40.000000
956,-440.000000
957,240.000000
958,-320.000000
959,240.000000
960,-40.000000
961,400.000000
962,-160.000000
963,-160.000000
964,-80.000000
965,-120.000000
966,-40.000000
967,-40.000000
968,240.000000
969,80.000000
970,240.000000
971,-320.000000
972,600.000000
973,0.000000
974,120.000000
975,80.000000
976,-160.000000
977,160.000000
978,-120.000000
979,40.000000
980,0.000000
981,0.000000
982,-80.000000
983,240.000000
984,-320.000000
985,-200.000000
986,120.000000
987,0.000000
988,-160.000000
989,-80.000000
990,-200.000000
991,0.000000
992,-40.000000
993,0.000000
994,160.000000
995,-200.000000
996,0.000000
997,320.000000
998,760.000000
999,40.000000
1000,-120.000000
1001,280.000000
1002,-200.000000
1003,-440.000000
1004,-160.000000
1005,0.000000
1006,80.000000
1007,-640.000000
1008,-80.000000
1009,-400.000000
1010,-240.000000
1011,-80.000000
1012,40.000000
1013,0.000000
1014,80.000000
1015,40.000000
1016,0.000000
1017,-120.000000
1018,-120.000000
1019,-240.000000
1020,0.000000
1021,-160.000000
1022,-80.000000
1023,-400.000000
1024,0.000000
1025,-400.000000
1026,-120.000000
1027,80.000000
1028,0.000000
1029,-120.000000
1030,-240.000000
1031,-160.000000
1032,0.000000
1033,40.000000
1034,160.000000
1035,-360.000000
1036,-80.000000
1037,-40.000000
1038,-240.000000
1039,80.000000
1040,-160.000000
1041,0.000000
1042,-120.000000
1043,-200.000000
1044,0.000000
1045,-40.000000
1046,0.000000
1047,-440.000000
1048,80.000000
1049,-80.000000
1050,-280.000000
1051,-280.000000
1052,-200.000000
1053,0.000000
1054,280.000000
1055,0.000000
1056,200.000000
1057,-80.000000
1058,-160.000000
1059,-240.000000
1060,-200.000000
1061,-360.000000
1062,-240.000000
1063,-80.000000
1064,920.000000
1065,440.000000
1066,440.000000
1067,240.000000
1068,880.000000
1069,-80.000000
1070,0.000000
1071,200.000000
1072,0.000000
1073,-400.000000
1074,440.000000
1075,-80.000000
1076,40.000000
1077,40.000000
1078,-720.000000
1079,480.000000
1080,-40.000000
1081,0.000000
1082,760.000000
1083,280.000000
1084,-520.000000
1085,-40.000000
1086,-280.000000
1087,120.000000
1088,160.000000
1089,-40.000000
1090,0.000000
1091,-80.000000
1092,-520.000000
1093,80.000000
1094,0.000000
1095,40.000000
1096,0.000000
1097,0.000000
1098,-120.000000
1099,240.000000
1100,0.000000
1101,-160.000000
1102,440.000000
1103,-320.000000
1104,-720.000000
1105,160.000000
1106,80.000000
1107,520.000000
1108,0.000000
1109,-120.000000
1110,80.000000
1111,-160.000000
1112,160.000000
1113,1120.000000
1114,240.000000
1115,-80.000000
1116,-120.000000
1117,-200.000000
1118,240.000000
1119,-240.000000
1120,40.000000
1121,-200.000000
1122,-400.000000
1123,-160.000000
1124,-80.000000
1125,160.000000
1126,80.000000
1127,-600.000000
1128,-520.000000
1129,120.000000
1130,-520.000000
1131,0.000000
1132,40.000000
1133,-240.000000
1134,0.000000
1135,280.000000
1136,-280.000000
1137,0.000000
1138,-160.000000
1139,40.000000
1140,-160.000000
1141,120.000000
1142,120.000000
1143,80.000000
1144,-80.000000
1145,-80.000000
1146,120.000000
1147,-120.000000
1148,320.000000
1149,-120.000000
1150,440.000000
1151,-160.000000
1152,80.000000
1153,80.000000
1154,80.000000
1155,120.000000
1156,520.000000
1157,840.000000
1158,-120.000000
1159,640.000000
1160,0.000000
1161,160.000000
1162,-200.000000
1163,40.000000
1164,0.000000
1165,120.000000
1166,120.000000
1167,-80.000000
1168,440.000000
1169,440.000000
1170,-320.000000
1171,200.000000
1172,680.000000
1173,0.000000
1174,-160.000000
1175,-160.000000
1176,320.000000
1177,-280.000000
1178,-80.000000
1179,-40.000000
1180,440.000000
1181,-80.000000
1182,160.000000
1183,-80.000000
1184,-80.000000
1185,0.000000
1186,-320.000000
1187,-200.000000
1188,160.000000
1189,200.000000
1190,-280.000000
1191,160.000000
1192,-80.000000
1193,40.000000
1194,200.000000
1195,-320.000000
1196,-280.000000
1197,-120.000000
1198,120.000000
1199,80.000000
1200,0.000000
1201,160.000000
1202,40.000000
1203,-80.000000
1204,0.000000
1205,160.000000
1206,-120.000000
1207,0.000000
1208,-40.000000
1209,80.000000
1210,-160.000000
1211,0.000000
1212,-440.000000
1213,80.000000
1214,0.000000
1215,-120.000000
1216,-120.000000
1217,40.000000
1218,-80.000000
1219,240.000000
1220,-40.000000
1221,440.000000
1222,0.000000
1223,-320.000000
1224,40.000000
1225,80.000000
1226,80.000000
1227,320.000000
1228,-200.000000
1229,200.000000
1230,40.000000
1231,0.000000
1232,0.000000
1233,200.000000
1234,0.000000
1235,160.000000
1236,-120.000000
1237,-120.000000
1238,-80.000000
1239,-400.000000
1240,-360.000000
1241,40.000000
1242,200.000000
1243,0.000000
1244,-520.000000
1245,0.000000
1246,-240.000000
1247,0.000000
1248,560.000000
1249,-40.000000
1250,40.000000
1251,0.000000
1252,-280.000000
1253,40.000000
1254,-160.000000
1255,0.000000
1256,-280.000000
1257,640.000000
1258,320.000000
1259,240.000000
1260,40.000000
1261,160.000000
1262,80.000000
1263,80.000000
1264,160.000000
1265,-160.000000
1266,40.000000
1267,80.000000
1268,-80.000000
1269,-520.000000
1270,-160.000000
1271,-160.000000
1272,880.000000
1273,-160.000000
1274,-160.000000
1275,-280.000000
1276,0.000000
1277,-440.000000
1278,-40.000000
1279,0.000000
1280,40.000000
1281,40.000000
1282,-80.000000
1283,-120.000000
1284,-120.000000
1285,0.000000
1286,-400.000000
1287,-120.000000
1288,0.000000
1289,-200.000000
1290,-80.000000
1291,200.000000
1292,-440.000000
1293,0.000000
1294,160.000000
1295,160.000000
1296,120.000000
1297,-320.000000
1298,80.000000
1299,120.000000
1300,-160.000000
1301,40.000000
1302,-80.000000
1303,-40.000000
1304,440.000000
1305,0.000000
1306,280.000000
1307,-80.000000
1308,-40.000000
1309,-80.000000
1310,0.000000
1311,0.000000
1312,-160.000000
1313,520.000000
1314,0.000000
1315,0.000000
1316,320.000000
1317,-200.000000
1318,-360.000000
1319,-80.000000
1320,-400.000000
1321,440.000000
1322,0.000000
1323,-680.000000
1324,-240.000000
1325,320.000000
1326,-160.000000
1327,760.000000
1328,-120.000000
1329,40.000000
1330,-200.000000
1331,40.000000
1332,40.000000
1333,-520.000000
1334,160.000000
1335,80.000000
1336,0.000000
1337,-80.000000
1338,80.000000
1339,0.000000
1340,240.000000
1341,-80.000000
1342,0.000000
1343,-240.000000
1344,-80.000000
1345,-40.000000
1346,-80.000000
1347,640.000000
1348,-400.000000
1349,-120.000000
1350,0.000000
1351,160.000000
1352,-80.000000
1353,-120.000000
1354,120.000000
1355,0.000000
1356,640.000000
1357,840.000000
1358,200.000000
1359,-80.000000
1360,-800.000000
1361,560.000000
1362,1440.000000
1363,0.000000
1364,80.000000
1365,-160.000000
1366,-360.000000
1367,-720.000000
1368,-720.000000
1369,-440.000000
1370,200.000000
1371,680.000000
1372,-120.000000
1373,-400.000000
1374,-240.000000
1375,-40.000000
1376,80.000000
1377,160.000000
1378,160.000000
1379,120.000000
1380,-1520.000000
1381,-1520.000000
1382,-1520.000000
1383,-1520.000000
1384,-1520.000000
1385,-1520.000000
1386,-1480.000000
1387,-1480.000000
1388,-1440.000000
1389,-1440.000000
1390,-1440.000000
1391,-1400.000000
1392,-1360.000000
1393,-1360.000000
1394,-1360.000000
1395,-1360.000000
1396,-1400.000000
1397,-1400.000000
1398,-1400.000000
1399,-1400.000000
1400,-1360.000000
1401,-1400.000000
1402,-1280.000000
1403,-1280.000000
1404,-1320.000000
1405,-1200.000000
1406,-1120.000000
1407,-1040.000000
1408,-920.000000
1409,-800.000000
1410,-680.000000
1411,-600.000000
1412,-480.000000
1413,-440.000000
1414,-280.000000
1415,-80.000000
1416,0.000000
1417,80.000000
1418,120.000000
1419,40.000000
1420,360.000000
1421,360.000000
1422,320.000000
1423,400.000000
1424,480.000000
1425,480.000000
1426,680.000000
1427,640.000000
1428,120.000000
1429,0.000000
1430,-600.000000
1431,160.000000
1432,-480.000000
1433,280.000000
1434,-80.000000
1435,-320.000000
1436,0.000000
1437,240.000000
1438,-280.000000
1439,-80.000000
1440,120.000000
1441,-80.000000
1442,-120.000000
1443,0.000000
1444,-80.000000
1445,-440.000000
1446,640.000000
1447,520.000000
1448,160.000000
1449,-240.000000
1450,-200.000000
1451,40.000000
1452,-160.000000
1453,0.000000
1454,0.000000
1455,-120.000000
1456,40.000000
1457,40.000000
1458,160.000000
1459,160.000000
1460,-160.000000
1461,-520.000000
1462,-80.000000
1463,240.000000
1464,240.000000
1465,0.000000
1466,80.000000
1467,0.000000
1468,-160.000000
1469,120.000000
1470,560.000000
1471,40.000000
1472,-200.000000
1473,80.000000
1474,-80.000000
1475,-80.000000
1476,-160.000000
1477,-80.000000
1478,520.000000
1479,80.000000
1480,-200.000000
1481,-80.000000
1482,0.000000
1483,280.000000
1484,-160.000000
1485,880.000000
1486,40.000000
1487,80.000000
1488,0.000000
1489,-120.000000
1490,-120.000000
1491,440.000000
1492,160.000000
1493,-160.000000
1494,560.000000
1495,-40.000000
1496,-120.000000
1497,-40.000000
1498,-280.000000
1499,-280.000000
1500,-160.000000
1501,-200.000000
1502,0.000000
1503,-240.000000
1504,-360.000000
1505,-280.000000
1506,-440.000000
1507,-640.000000
1508,-200.000000
1509,-640.000000
1510,240.000000
1511,-80.000000
1512,0.000000
1513,0.000000
1514,-240.000000
1515,240.000000
1516,80.000000
1517,80.000000
1518,-360.000000
1519,-320.000000
1520,200.000000
1521,160.000000
1522,-80.000000
1523,0.000000
1524,-80.000000
1525,200.000000
1526,-1000.000000
1527,-120.000000
1528,-560.000000
1529,-160.000000
1530,40.000000
1531,160.000000
1532,0.000000
1533,80.000000
1534,-200.000000
1535,400.000000
1536,40.000000
1537,40.000000
1538,-120.000000
1539,0.000000
1540,80.000000
1541,80.000000
1542,120.000000
1543,-160.000000
1544,80.000000
1545,0.000000
1546,-80.000000
1547,-80.000000
1548,0.000000
1549,120.000000
1550,-200.000000
1551,-120.000000
1552,-200.000000
1553,-320.000000
1554,440.000000
1555,520.000000
1556,120.000000
1557,0.000000
1558,80.000000
1559,80.000000
1560,0.000000
1561,80.000000
1562,-120.000000
1563,240.000000
1564,840.000000
1565,-200.000000
1566,-280.000000
1567,-240.000000
1568,-320.000000
1569,-120.000000
1570,-440.000000
1571,-40.000000
1572,440.000000
1573,160.000000
1574,0.000000
1575,-80.000000
1576,-120.000000
1577,-520.000000
1578,-80.000000
1579,-40.000000
1580,-40.000000
1581,320.000000
1582,320.000000
1583,160.000000
1584,-160.000000
1585,-200.000000
1586,80.000000
1587,80.000000
1588,-440.000000
1589,160.000000
1590,40.000000
1591,-120.000000
1592,-200.000000
1593,-80.000000
1594,-160.000000
1595,-120.000000
1596,640.000000
1597,240.000000
1598,0.000000
1599,120.000000
1600,-200.000000
1601,-200.000000
1602,-720.000000
1603,440.000000
1604,120.000000
1605,-200.000000
1606,640.000000
1607,440.000000
1608,0.000000
1609,-80.000000
1610,80.000000
1611,-200.000000
1612,-80.000000
1613,160.000000
1614,-200.000000
1615,0.000000
1616,-160.000000
1617,-80.000000
1618,-80.000000
1619,-40.000000
1620,-280.000000
1621,40.000000
1622,-80.000000
1623,-320.000000
1624,0.000000
1625,0.000000
1626,320.000000
1627,-200.000000
1628,80.000000
1629,120.000000
1630,240.000000
1631,-160.000000
1632,-400.000000
1633,200.000000
1634,-80.000000
1635,-80.000000
1636,-40.000000
1637,40.000000
1638,40.000000
1639,-200.000000
1640,-440.000000
1641,120.000000
1642,-200.000000
1643,600.000000
1644,40.000000
1645,-160.000000
1646,440.000000
1647,-160.000000
1648,-160.000000
1649,-120.000000
1650,0.000000
1651,40.000000
1652,-40.000000
1653,520.000000
1654,120.000000
1655,80.000000
1656,120.000000
1657,-160.000000
1658,80.000000
1659,-560.000000
1660,200.000000
1661,-280.000000
1662,-280.000000
1663,240.000000
1664,-80.000000
1665,-600.000000
1666,40.000000
1667,120.000000
1668,-320.000000
1669,280.000000
1670,80.000000
1671,-440.000000
1672,-120.000000
1673,-120.000000
1674,-160.000000
1675,-160.000000
1676,-160.000000
1677,-80.000000
1678,-80.000000
1679,-80.000000
1680,-80.000000
1681,-480.000000
1682,-80.000000
1683,-40.000000
1684,-80.000000
1685,-160.000000
1686,-120.000000
1687,40.000000
1688,120.000000
1689,80.000000
1690,120.000000
1691,-80.000000
1692,40.000000
1693,-40.000000
1694,-120.000000
1695,-320.000000
1696,0.000000
1697,-200.000000
1698,-120.000000
1699,-80.000000
1700,0.000000
1701,-80.000000
1702,-320.000000
1703,160.000000
1704,40.000000
1705,400.000000
1706,-200.000000
1707,120.000000
1708,0.000000
1709,0.000000
1710,160.000000
1711,-360.000000
1712,-320.000000
1713,240.000000
1714,80.000000
1715,-80.000000
1716,-80.000000
1717,-80.000000
1718,120.000000
1719,-120.000000
1720,-80.000000
1721,40.000000
1722,160.000000
1723,-320.000000
1724,-280.000000
1725,-280.000000
1726,680.000000
1727,-160.000000
1728,280.000000
1729,440.000000
1730,-40.000000
1731,-480.000000
1732,-200.000000
1733,-80.000000
1734,-40.000000
1735,240.000000
1736,280.000000
1737,0.000000
1738,80.000000
1739,240.000000
1740,-40.000000
1741,-160.000000
1742,-560.000000
1743,-80.000000
1744,280.000000
1745,-320.000000
1746,-80.000000
1747,-120.000000
1748,-80.000000
1749,-80.000000
1750,-80.000000
1751,-120.000000
1752,-80.000000
1753,-320.000000
1754,40.000000
1755,40.000000
1756,-280.000000
1757,160.000000
1758,-600.000000
1759,240.000000
1760,-80.000000
1761,-120.000000
1762,-360.000000
1763,-360.000000
1764,0.000000
1765,-80.000000
1766,-440.000000
1767,200.000000
1768,-440.000000
1769,-240.000000
1770,120.000000
1771,400.000000
1772,40.000000
1773,-200.000000
1774,-80.000000
1775,-40.000000
1776,80.000000
1777,520.000000
1778,0.000000
1779,0.000000
1780,560.000000
1781,-920.000000
1782,40.000000
1783,-80.000000
1784,200.000000
1785,-120.000000
1786,-40.000000
1787,-80.000000
1788,-80.000000
1789,-200.000000
1790,200.000000
1791,80.000000
1792,80.000000
1793,80.000000
1794,40.000000
1795,200.000000
1796,240.000000
1797,-160.000000
1798,-80.000000
1799,40.000000
1800,-240.000000
1801,40.000000
1802,-120.000000
1803,-600.000000
1804,0.000000
1805,40.000000
1806,240.000000
1807,-160.000000
1808,320.000000
1809,120.000000
1810,0.000000
1811,-200.000000
1812,-880.000000
1813,80.000000
1814,440.000000
1815,560.000000
1816,200.000000
1817,200.000000
1818,-200.000000
1819,80.000000
1820,-120.000000
1821,560.000000
1822,-80.000000
1823,-80.000000
1824,-240.000000
1825,40.000000
1826,200.000000
1827,200.000000
1828,160.000000
1829,200.000000
1830,320.000000
1831,200.000000
1832,-80.000000
1833,-160.000000
1834,-200.000000
1835,-240.000000
1836,0.000000
1837,40.000000
1838,-160.000000
1839,-440.000000
1840,360.000000
1841,120.000000
1842,120.000000
1843,80.000000
1844,0.000000
1845,160.000000
1846,-120.000000
1847,-40.000000
1848,200.000000
1849,120.000000
1850,-160.000000
1851,-320.000000
1852,0.000000
1853,-80.000000
1854,-120.000000
1855,-160.000000
1856,-400.000000
1857,600.000000
1858,160.000000
1859,-40.000000
1860,40.000000
1861,680.000000
1862,-80.000000
1863,160.000000
1864,160.000000
1865,160.000000
1866,520.000000
1867,-80.000000
1868,160.000000
1869,440.000000
1870,-120.000000
1871,0.000000
1872,0.000000
1873,80.000000
1874,-40.000000
1875,-320.000000
1876,-560.000000
1877,40.000000
1878,80.000000
1879,-80.000000
1880,0.000000
1881,0.000000
1882,40.000000
1883,-520.000000
1884,200.000000
1885,-80.000000
1886,-160.000000
1887,0.000000
1888,40.000000
1889,0.000000
1890,160.000000
1891,-600.000000
1892,160.000000
1893,-80.000000
1894,-400.000000
1895,760.000000
1896,120.000000
1897,-280.000000
1898,-80.000000
1899,600.000000
1900,-160.000000
1901,400.000000
1902,600.000000
1903,440.000000
1904,-120.000000
1905,0.000000
1906,-160.000000
1907,360.000000
1908,-80.000000
1909,-80.000000
1910,-240.000000
1911,-240.000000
1912,-120.000000
1913,120.000000
1914,40.000000
1915,200.000000
1916,-200.000000
1917,280.000000
1918,0.000000
1919,-40.000000
1920,120.000000
1921,80.000000
1922,-160.000000
1923,440.000000
1924,-80.000000
1925,0.000000
1926,-200.000000
1927,80.000000
1928,-80.000000
1929,-200.000000
1930,-400.000000
1931,-40.000000
1932,-320.000000
1933,-80.000000
1934,40.000000
1935,-280.000000
1936,160.000000
1937,-120.000000
1938,240.000000
1939,160.000000
1940,80.000000
1941,0.000000
1942,0.000000
1943,-520.000000
1944,200.000000
1945,-80.000000
1946,-40.000000
1947,-160.000000
1948,160.000000
1949,-240.000000
1950,440.000000
1951,-240.000000
1952,0.000000
1953,-120.000000
1954,-160.000000
1955,-40.000000
1956,280.000000
1957,440.000000
1958,-320.000000
1959,200.000000
1960,440.000000
1961,-1080.000000
1962,160.000000
1963,-280.000000
1964,-200.000000
1965,-200.000000
1966,160.000000
1967,-40.000000
1968,-80.000000
1969,-120.000000
1970,-320.000000
1971,-80.000000
1972,240.000000
1973,0.000000
1974,40.000000
1975,-80.000000
1976,-200.000000
1977,0.000000
1978,0.000000
1979,-160.000000
1980,-400.000000
1981,280.000000
1982,-120.000000
1983,440.000000
1984,-200.000000
1985,0.000000
1986,0.000000
1987,0.000000
1988,240.000000
1989,520.000000
1990,160.000000
1991,240.000000
1992,160.000000
1993,0.000000
1994,-120.000000
1995,-120.000000
1996,-120.000000
1997,440.000000
1998,-120.000000
1999,-120.000000
2000,0.000000
2001,40.000000
2002,720.000000
2003,-160.000000
2004,0.000000
2005,-160.000000
2006,240.000000
2007,160.000000
2008,200.000000
2009,-120.000000
2010,-240.000000
2011,-240.000000
2012,-200.000000
2013,-200.000000
2014,40.000000
2015,-360.000000
2016,40.000000
2017,-400.000000
2018,520.000000
2019,-160.000000
2020,40.000000
2021,80.000000
2022,-400.000000
2023,-280.000000
2024,-560.000000
2025,-440.000000
2026,80.000000
2027,560.000000
2028,-120.000000
2029,0.000000
2030,-240.000000
2031,-120.000000
2032,120.000000
2033,-80.000000
2034,0.000000
2035,440.000000
2036,40.000000
2037,-680.000000
2038,0.000000
2039,80.000000
2040,-80.000000
2041,280.000000
2042,-200.000000
2043,-200.000000
2044,40.000000
2045,-80.000000
2046,240.000000
2047,-80.000000
2048,-240.000000
2049,400.000000
2050,120.000000
2051,520.000000
2052,440.000000
2053,-160.000000
2054,-160.000000
2055,240.000000
2056,200.000000
2057,-160.000000
2058,-200.000000
2059,120.000000
2060,40.000000
2061,0.000000
2062,-560.000000
2063,120.000000
2064,-280.000000
2065,80.000000
2066,80.000000
2067,-360.000000
2068,-40.000000
2069,-160.000000
2070,320.000000
2071,80.000000
2072,240.000000
2073,200.000000
2074,-120.000000
2075,640.000000
2076,-80.000000
2077,-240.000000
2078,160.000000
2079,-280.000000
2080,-160.000000
2081,-40.000000
2082,40.000000
2083,80.000000
2084,80.000000
2085,80.000000
2086,-80.000000
2087,480.000000
2088,280.000000
2089,0.000000
2090,-400.000000
2091,-200.000000
2092,160.000000
2093,-360.000000
2094,0.000000
2095,0.000000
2096,160.000000
2097,280.000000
2098,560.000000
2099,-80.000000
2100,-160.000000
2101,120.000000
2102,-200.000000
2103,280.000000
2104,-120.000000
2105,-80.000000
2106,120.000000
2107,0.000000
2108,-80.000000
2109,40.000000
2110,80.000000
2111,-440.000000
2112,560.000000
2113,160.000000
2114,280.000000
2115,600.000000
2116,280.000000
2117,-320.000000
2118,-40.000000
2119,0.000000
2120,0.000000
2121,-160.000000
2122,-80.000000
2123,440.000000
2124,-360.000000
2125,240.000000
2126,-160.000000
2127,-200.000000
2128,-280.000000
2129,-200.000000
2130,-200.000000
2131,-80.000000
2132,-160.000000
2133,-120.000000
2134,80.000000
2135,0.000000
2136,40.000000
2137,-80.000000
2138,80.000000
2139,320.000000
2140,-80.000000
2141,40.000000
2142,120.000000
2143,120.000000
2144,0.000000
2145,0.000000
2146,-240.000000
2147,160.000000
2148,-120.000000
2149,520.000000
2150,-80.000000
2151,440.000000
2152,-80.000000
2153,40.000000
2154,-120.000000
2155,-40.000000
2156,-120.000000
2157,-480.000000
2158,-440.000000
2159,40.000000
2160,40.000000
2161,-80.000000
2162,-280.000000
2163,600.000000
2164,0.000000
2165,-80.000000
2166,-120.000000
2167,-40.000000
2168,40.000000
2169,40.000000
2170,-80.000000
2171,-120.000000
2172,-160.000000
2173,-640.000000
2174,-120.000000
2175,-80.000000
2176,120.000000
2177,-120.000000
2178,-80.000000
2179,-240.000000
2180,0.000000
2181,-120.000000
2182,240.000000
2183,-320.000000
2184,240.000000
2185,-80.000000
2186,320.000000
2187,80.000000
2188,440.000000
2189,-320.000000
2190,120.000000
2191,-280.000000
2192,320.000000
2193,-320.000000
2194,80.000000
2195,200.000000
2196,-240.000000
2197,-120.000000
2198,-80.000000
2199,520.000000
2200,-80.000000
2201,-120.000000
2202,40.000000
2203,0.000000
2204,120.000000
2205,120.000000
2206,520.000000
2207,-240.000000
2208,-240.000000
2209,-120.000000
2210,-80.000000
2211,160.000000
2212,120.000000
2213,-240.000000
2214,-40.000000
2215,-120.000000
2216,0.000000
2217,120.000000
2218,200.000000
2219,-40.000000
2220,-520.000000
2221,80.000000
2222,-200.000000
2223,-80.000000
2224,-40.000000
2225,120.000000
2226,0.000000
2227,360.000000
2228,-240.000000
2229,160.000000
2230,-160.000000
2231,0.000000
2232,200.000000
2233,0.000000
2234,-120.000000
2235,-160.000000
2236,-40.000000
2237,0.000000
2238,80.000000
2239,120.000000
2240,0.000000
2241,-200.000000
2242,440.000000
2243,-40.000000
2244,-80.000000
2245,-80.000000
2246,-40.000000
2247,160.000000
2248,0.000000
2249,0.000000
2250,-520.000000
2251,40.000000
2252,-80.000000
2253,-240.000000
2254,-120.000000
2255,240.000000
2256,80.000000
2257,0.000000
2258,200.000000
2259,-440.000000
2260,-440.000000
2261,0.000000
2262,-280.000000
2263,-360.000000
2264,-40.000000
2265,-80.000000
2266,240.000000
2267,-200.000000
2268,-80.000000
2269,-400.000000
2270,-320.000000
2271,200.000000
2272,720.000000
2273,520.000000
2274,720.000000
2275,-240.000000
2276,-120.000000
2277,-160.000000
2278,-80.000000
2279,-440.000000
2280,-160.000000
2281,160.000000
2282,200.000000
2283,-160.000000
2284,-520.000000
2285,160.000000
2286,-120.000000
2287,440.000000
2288,-120.000000
2289,440.000000
2290,120.000000
2291,80.000000
2292,-40.000000
2293,0.000000
2294,-80.000000
2295,-80.000000
2296,-160.000000
2297,240.000000
2298,-200.000000
2299,-80.000000
2300,0.000000
2301,160.000000
2302,-80.000000
2303,-120.000000
2304,200.000000
2305,200.000000
2306,520.000000
2307,-160.000000
2308,-40.000000
2309,0.000000
2310,-160.000000
2311,-240.000000
2312,-160.000000
2313,600.000000
2314,40.000000
2315,-40.000000
2316,-160.000000
2317,40.000000
2318,240.000000
2319,200.000000
2320,440.000000
2321,-40.000000
2322,-80.000000
2323,-320.000000
2324,0.000000
2325,-80.000000
2326,240.000000
2327,-80.000000
2328,-80.000000
2329,520.000000
2330,120.000000
2331,-80.000000
2332,160.000000
2333,200.000000
2334,40.000000
2335,0.000000
2336,-600.000000
2337,80.000000
2338,40.000000
2339,280.000000
2340,-200.000000
2341,-120.000000
2342,120.000000
2343,0.000000
2344,240.000000
2345,-40.000000
2346,80.000000
2347,-320.000000
2348,-200.000000
2349,-200.000000
2350,-320.000000
2351,-200.000000
2352,-640.000000
2353,40.000000
2354,-80.000000
2355,120.000000
2356,-80.000000
2357,-40.000000
2358,120.000000
2359,160.000000
2360,240.000000
2361,400.000000
2362,80.000000
2363,40.000000
2364,-40.000000
2365,-40.000000
2366,280.000000
2367,-120.000000
2368,0.000000
2369,-320.000000
2370,-160.000000
2371,-280.000000
2372,120.000000
2373,240.000000
2374,-120.000000
2375,160.000000
2376,360.000000
2377,120.000000
2378,-240.000000
2379,40.000000
2380,-240.000000
2381,120.000000
2382,40.000000
2383,520.000000
2384,200.000000
2385,-80.000000
2386,-160.000000
2387,-80.000000
2388,-240.000000
2389,440.000000
2390,-720.000000
2391,560.000000
2392,200.000000
2393,40.000000
2394,120.000000
2395,-240.000000
2396,-80.000000
2397,-80.000000
2398,0.000000
2399,0.000000
2400,0.000000
2401,-120.000000
2402,120.000000
2403,-80.000000
2404,0.000000
2405,-40.000000
2406,120.000000
2407,160.000000
2408,240.000000
2409,-240.000000
2410,400.000000
2411,240.000000
2412,0.000000
2413,0.000000
2414,-120.000000
2415,-80.000000
2416,-320.000000
2417,40.000000
2418,-120.000000
2419,280.000000
2420,160.000000
2421,-520.000000
2422,0.000000
2423,0.000000
2424,-400.000000
2425,80.000000
2426,-80.000000
2427,280.000000
2428,-200.000000
2429,0.000000
2430,0.000000
2431,-40.000000
2432,-80.000000
2433,-80.000000
2434,80.000000
2435,0.000000
2436,80.000000
2437,200.000000
2438,0.000000
2439,40.000000
2440,-80.000000
2441,-80.000000
2442,0.000000
2443,160.000000
2444,80.000000
2445,400.000000
2446,-120.000000
2447,-320.000000
2448,880.000000
2449,-160.000000
2450,-40.000000
2451,-200.000000
2452,320.000000
2453,80.000000
2454,-80.000000
2455,-40.000000
2456,-80.000000
2457,400.000000
2458,40.000000
2459,120.000000
2460,-320.000000
2461,0.000000
2462,240.000000
2463,-240.000000
2464,520.000000
2465,-40.000000
2466,-80.000000
2467,120.000000
2468,160.000000
2469,0.000000
2470,440.000000
2471,-120.000000
2472,-80.000000
2473,520.000000
2474,-80.000000
2475,-360.000000
2476,0.000000
2477,-80.000000
2478,120.000000
2479,-400.000000
2480,-40.000000
2481,-920.000000
2482,-40.000000
2483,-80.000000
2484,200.000000
2485,600.000000
2486,-80.000000
2487,-400.000000
2488,0.000000
2489,280.000000
2490,-200.000000
2491,-160.000000
2492,-80.000000
2493,160.000000
2494,-40.000000
2495,440.000000
2496,0.000000
2497,-160.000000
2498,520.000000
2499,-80.000000
2500,-480.000000
2501,520.000000
2502,40.000000
2503,40.000000
2504,160.000000
2505,-320.000000
2506,40.000000
2507,0.000000
2508,0.000000
2509,280.000000
2510,0.000000
2511,-80.000000
2512,0.000000
2513,-400.000000
2514,280.000000
2515,-80.000000
2516,-400.000000
2517,120.000000
2518,-120.000000
2519,-640.000000
2520,400.000000
2521,-240.000000
2522,-240.000000
2523,-160.000000
2524,-400.000000
2525,160.000000
2526,-160.000000
2527,-560.000000
2528,-120.000000
2529,40.000000
2530,-280.000000
2531,40.000000
2532,120.000000
2533,80.000000
2534,160.000000
2535,240.000000
2536,-200.000000
2537,-80.000000
2538,-400.000000
2539,-120.000000
2540,-400.000000
2541,0.000000
2542,0.000000
2543,0.000000
2544,-40.000000
2545,40.000000
2546,280.000000
2547,520.000000
2548,0.000000
2549,-80.000000
2550,-280.000000
2551,-240.000000
2552,0.000000
2553,-160.000000
2554,400.000000
2555,160.000000
2556,160.000000
2557,-120.000000
2558,0.000000
2559,0.000000
2560,40.000000
2561,200.000000
2562,-160.000000
2563,160.000000
2564,600.000000
2565,-200.000000
2566,40.000000
2567,80.000000
2568,-280.000000
2569,-160.000000
2570,-280.000000
2571,-160.000000
2572,280.000000
2573,-120.000000
2574,440.000000
2575,80.000000
2576,-80.000000
2577,-200.000000
2578,80.000000
2579,80.000000
2580,-120.000000
2581,-80.000000
2582,0.000000
2583,-80.000000
2584,-120.000000
2585,240.000000
2586,-40.000000
2587,-80.000000
2588,80.000000
2589,80.000000
2590,440.000000
2591,-280.000000
2592,-240.000000
2593,40.000000
2594,-240.000000
2595,160.000000
2596,280.000000
2597,-80.000000
2598,0.000000
2599,-560.000000
2600,-80.000000
2601,-40.000000
2602,280.000000
2603,-120.000000
2604,-80.000000
2605,-80.000000
2606,120.000000
2607,-520.000000
2608,160.000000
2609,-600.000000
2610,-200.000000
2611,160.000000
2612,-80.000000
2613,-600.000000
2614,0.000000
2615,0.000000
2616,-80.000000
2617,-40.000000
2618,80.000000
2619,240.000000
2620,80.000000
2621,440.000000
2622,-160.000000
2623,0.000000
2624,760.000000
2625,-80.000000
2626,-80.000000
2627,-520.000000
2628,120.000000
2629,-200.000000
2630,480.000000
2631,-80.000000
2632,-80.000000
2633,200.000000
2634,40.000000
2635,160.000000
2636,160.000000
2637,200.000000
2638,480.000000
2639,80.000000
2640,-360.000000
2641,80.000000
2642,-80.000000
2643,-400.000000
2644,-360.000000
2645,40.000000
2646,200.000000
2647,200.000000
2648,280.000000
2649,-80.000000
2650,-480.000000
2651,-40.000000
2652,0.000000
2653,-80.000000
2654,-200.000000
2655,-200.000000
2656,-80.000000
2657,-120.000000
2658,-80.000000
2659,-400.000000
2660,200.000000
2661,360.000000
2662,-120.000000
2663,-320.000000
2664,40.000000
2665,520.000000
2666,-80.000000
2667,280.000000
2668,-40.000000
2669,80.000000
2670,280.000000
2671,-160.000000
2672,680.000000
2673,0.000000
2674,160.000000
2675,240.000000
2676,-120.000000
2677,80.000000
2678,80.000000
2679,-240.000000
2680,40.000000
2681,-120.000000
2682,40.000000
2683,-40.000000
2684,0.000000
2685,-320.000000
2686,120.000000
2687,760.000000
2688,120.000000
2689,0.000000
2690,40.000000
2691,80.000000
2692,-240.000000
2693,0.000000
2694,-160.000000
2695,-120.000000
2696,-160.000000
2697,40.000000
2698,480.000000
2699,0.000000
2700,160.000000
2701,280.000000
2702,-360.000000
2703,240.000000
2704,-80.000000
2705,-80.000000
2706,-360.000000
2707,120.000000
2708,-160.000000
2709,-160.000000
2710,80.000000
2711,-320.000000
2712,-80.000000
2713,200.000000
2714,80.000000
2715,-280.000000
2716,-280.000000
2717,0.000000
2718,-280.000000
2719,-440.000000
2720,400.000000
2721,520.000000
2722,-80.000000
2723,-520.000000
2724,-120.000000
2725,120.000000
2726,-440.000000
2727,-320.000000
2728,40.000000
2729,160.000000
2730,0.000000
2731,-240.000000
2732,-320.000000
2733,-80.000000
2734,-280.000000
2735,0.000000
2736,200.000000
2737,-80.000000
2738,-200.000000
2739,-160.000000
2740,80.000000
2741,-520.000000
2742,-360.000000
2743,280.000000
2744,-80.000000
2745,-80.000000
2746,0.000000
2747,40.000000
2748,160.000000
2749,-160.000000
2750,0.000000
2751,160.000000
2752,840.000000
2753,160.000000
2754,-200.000000
2755,-440.000000
2756,520.000000
2757,80.000000
2758,200.000000
2759,-80.000000
2760,160.000000
2761,-240.000000
2762,120.000000
2763,160.000000
2764,-280.000000
2765,160.000000
2766,-200.000000
2767,-80.000000
2768,-160.000000
2769,80.000000
2770,-80.000000
2771,-80.000000
2772,-120.000000
2773,80.000000
2774,80.000000
2775,-160.000000
2776,-40.000000
2777,0.000000
2778,80.000000
2779,80.000000
2780,40.000000
2781,-320.000000
2782,-360.000000
2783,-440.000000
2784,-280.000000
2785,-240.000000
2786,-80.000000
2787,-160.000000
2788,-120.000000
2789,-160.000000
2790,200.000000
2791,-80.000000
2792,-440.000000
2793,0.000000
2794,-240.000000
2795,280.000000
2796,0.000000
2797,-40.000000
2798,-120.000000
2799,520.000000
2800,-520.000000
2801,-40.000000
2802,440.000000
2803,-200.000000
2804,0.000000
2805,-400.000000
2806,440.000000
2807,-40.000000
2808,-80.000000
2809,-160.000000
2810,-200.000000
2811,-200.000000
2812,0.000000
2813,-40.000000
2814,40.000000
2815,40.000000
2816,-120.000000
2817,40.000000
2818,80.000000
2819,-520.000000
2820,160.000000
2821,-120.000000
2822,640.000000
2823,-240.000000
2824,-80.000000
2825,0.000000
2826,-40.000000
2827,-80.000000
2828,40.000000
2829,0.000000
2830,-80.000000
2831,120.000000
2832,80.000000
2833,-280.000000
2834,-40.000000
2835,-520.000000
2836,40.000000
2837,40.000000
2838,40.000000
2839,0.000000
2840,-120.000000
2841,-200.000000
2842,520.000000
2843,-80.000000
2844,0.000000
2845,-80.000000
2846,0.000000
2847,200.000000
2848,-80.000000
2849,-40.000000
2850,440.000000
2851,-600.000000
2852,40.000000
2853,0.000000
2854,-200.000000
2855,400.000000
2856,-120.000000
2857,240.000000
2858,-80.000000
2859,-80.000000
2860,-160.000000
2861,-40.000000
2862,-280.000000
2863,-200.000000
2864,200.000000
2865,-80.000000
2866,-520.000000
2867,80.000000
2868,-80.000000
2869,120.000000
2870,-240.000000
2871,-40.000000
2872,-320.000000
2873,-120.000000
2874,120.000000
2875,80.000000
2876,80.000000
2877,0.000000
2878,120.000000
2879,-240.000000
2880,160.000000
2881,320.000000
2882,-40.000000
2883,120.000000
2884,0.000000
2885,520.000000
2886,120.000000
2887,80.000000
2888,200.000000
2889,240.000000
2890,-120.000000
2891,-600.000000
2892,-320.000000
2893,80.000000
2894,240.000000
2895,400.000000
2896,-200.000000
2897,-440.000000
2898,-480.000000
2899,-160.000000
2900,-200.000000
2901,-240.000000
2902,40.000000
2903,0.000000
2904,240.000000
2905,-200.000000
2906,-80.000000
2907,280.000000
2908,-80.000000
2909,-120.000000
2910,0.000000
2911,-880.000000
2912,40.000000
2913,80.000000
2914,0.000000
2915,200.000000
2916,80.000000
2917,-160.000000
2918,-200.000000
2919,0.000000
2920,240.000000
2921,-80.000000
2922,40.000000
2923,240.000000
2924,-320.000000
2925,0.000000
2926,800.000000
2927,-240.000000
2928,0.000000
2929,0.000000
2930,-80.000000
2931,160.000000
2932,80.000000
2933,0.000000
2934,-120.000000
2935,200.000000
2936,-80.000000
2937,80.000000
2938,40.000000
2939,320.000000
2940,-160.000000
2941,-40.000000
2942,-440.000000
2943,-440.000000
2944,-120.000000
2945,440.000000
2946,240.000000
2947,0.000000
2948,-200.000000
2949,-320.000000
2950,160.000000
2951,-560.000000
2952,-80.000000
2953,-120.000000
2954,0.000000
2955,0.000000
2956,320.000000
2957,80.000000
2958,400.000000
2959,-120.000000
2960,-240.000000
2961,280.000000
2962,120.000000
2963,-360.000000
2964,-120.000000
2965,-240.000000
2966,-360.000000
2967,40.000000
2968,-80.000000
2969,-80.000000
2970,40.000000
2971,-400.000000
2972,0.000000
2973,-240.000000
2974,-280.000000
2975,-200.000000
2976,80.000000
2977,-520.000000
2978,80.000000
2979,-200.000000
2980,-160.000000
2981,0.000000
2982,440.000000
2983,-40.000000
2984,-200.000000
2985,-80.000000
2986,-80.000000
2987,-80.000000
2988,160.000000
2989,-160.000000
2990,-80.000000
2991,0.000000
2992,440.000000
2993,-80.000000
2994,80.000000
2995,200.000000
2996,-280.000000
2997,440.000000
2998,-440.000000
2999,0.000000
3000,240.000000
3001,-480.000000
3002,520.000000
3003,-480.000000
3004,0.000000
3005,-120.000000
3006,-320.000000
3007,-120.000000
3008,240.000000
3009,-120.000000
3010,0.000000
3011,520.000000
3012,-400.000000
3013,240.000000
3014,160.000000
3015,-320.000000
3016,-360.000000
3017,-80.000000
3018,-80.000000
3019,200.000000
3020,-40.000000
3021,440.000000
3022,120.000000
3023,-80.000000
3024,400.000000
3025,-200.000000
3026,-200.000000
3027,-320.000000
3028,0.000000
3029,240.000000
3030,40.000000
3031,80.000000
3032,-160.000000
3033,80.000000
3034,-160.000000
3035,80.000000
3036,-120.000000
3037,-120.000000
3038,-840.000000
3039,0.000000
3040,-160.000000
3041,0.000000
3042,0.000000
3043,360.000000
3044,40.000000
3045,40.000000
3046,0.000000
3047,-160.000000
3048,-200.000000
3049,-40.000000
3050,-240.000000
3051,0.000000
3052,80.000000
3053,160.000000
3054,40.000000
3055,0.000000
3056,-240.000000
3057,80.000000
3058,0.000000
3059,40.000000
3060,-80.000000
3061,200.000000
3062,-240.000000
3063,-40.000000
3064,80.000000
3065,40.000000
3066,-80.000000
3067,-200.000000
3068,-40.000000
3069,160.000000
3070,-240.000000
3071,-320.000000
3072,80.000000
3073,-200.000000
3074,0.000000
3075,0.000000
3076,640.000000
3077,-280.000000
3078,-600.000000
3079,200.000000
3080,-120.000000
3081,-160.000000
3082,-320.000000
3083,-120.000000
3084,-40.000000
3085,-600.000000
3086,-280.000000
3087,-200.000000
3088,-680.000000
3089,-440.000000
3090,-40.000000
3091,160.000000
3092,-80.000000
3093,520.000000
3094,0.000000
3095,440.000000
3096,-120.000000
3097,-320.000000
3098,0.000000
3099,-120.000000
3100,-240.000000
3101,-280.000000
3102,-320.000000
3103,-80.000000
3104,120.000000
3105,0.000000
3106,-360.000000
3107,0.000000
3108,120.000000
3109,120.000000
3110,-240.000000
3111,-160.000000
3112,320.000000
3113,400.000000
3114,-80.000000
3115,-40.000000
3116,-400.000000
3117,80.000000
3118,40.000000
3119,-200.000000
3120,120.000000
3121,-40.000000
3122,-200.000000
3123,-200.000000
3124,560.000000
3125,240.000000
3126,80.000000
3127,-200.000000
3128,200.000000
3129,160.000000
3130,200.000000
3131,80.000000
3132,-80.000000
3133,-40.000000
3134,440.000000
3135,-80.000000
3136,240.000000
3137,-80.000000
3138,80.000000
3139,0.000000
3140,-40.000000
3141,0.000000
3142,120.000000
3143,0.000000
3144,160.000000
3145,-120.000000
3146,760.000000
3147,600.000000
3148,-40.000000
3149,0.000000
3150,440.000000
3151,160.000000
3152,320.000000
3153,240.000000
3154,-520.000000
3155,120.000000
3156,-80.000000
3157,160.000000
3158,-280.000000
3159,80.000000
3160,-80.000000
3161,-120.000000
3162,-240.000000
3163,-80.000000
3164,-80.000000
3165,-40.000000
3166,280.000000
3167,-240.000000
3168,80.000000
3169,40.000000
3170,-80.000000
3171,-40.000000
3172,-240.000000
3173,-280.000000
3174,-80.000000
3175,200.000000
3176,-40.000000
3177,-240.000000
3178,200.000000
3179,-120.000000
3180,200.000000
3181,240.000000
3182,-40.000000
3183,120.000000
3184,320.000000
3185,-240.000000
3186,-200.000000
3187,-40.000000
3188,-40.000000
3189,160.000000
3190,-160.000000
3191,-40.000000
3192,-280.000000
3193,-160.000000
3194,-600.000000
3195,0.000000
3196,440.000000
3197,520.000000
3198,40.000000
3199,40.000000
3200,520.000000
3201,0.000000
3202,-40.000000
3203,-80.000000
3204,160.000000
3205,-40.000000
3206,-80.000000
3207,0.000000
3208,-520.000000
3209,-440.000000
3210,0.000000
3211,-360.000000
3212,-280.000000
3213,120.000000
3214,0.000000
3215,-40.000000
3216,0.000000
3217,-280.000000
3218,240.000000
3219,-160.000000
3220,80.000000
3221,80.000000
3222,-80.000000
3223,160.000000
3224,120.000000
3225,-80.000000
3226,0.000000
3227,-400.000000
3228,-160.000000
3229,440.000000
3230,-120.000000
3231,0.000000
3232,-240.000000
3233,-120.000000
3234,-120.000000
3235,-240.000000
3236,-120.000000
3237,-80.000000
3238,-520.000000
3239,-560.000000
3240,-280.000000
3241,40.000000
3242,200.000000
3243,200.000000
3244,160.000000
3245,-80.000000
3246,0.000000
3247,40.000000
3248,0.000000
3249,0.000000
3250,120.000000
3251,-80.000000
3252,-280.000000
3253,-80.000000
3254,40.000000
3255,-320.000000
3256,-160.000000
3257,-160.000000
3258,120.000000
3259,120.000000
3260,80.000000
3261,0.000000
3262,240.000000
3263,-40.000000
3264,320.000000
3265,-40.000000
3266,120.000000
3267,160.000000
3268,-200.000000
3269,-320.000000
3270,0.000000
3271,-520.000000
3272,-520.000000
3273,480.000000
3274,-600.000000
3275,80.000000
3276,-200.000000
3277,440.000000
3278,80.000000
3279,-40.000000
3280,-360.000000
3281,200.000000
3282,0.000000
3283,320.000000
3284,320.000000
3285,-80.000000
3286,40.000000
3287,-320.000000
3288,-80.000000
3289,0.000000
3290,-240.000000
3291,160.000000
3292,0.000000
3293,-520.000000
3294,-80.000000
3295,-40.000000
3296,-80.000000
3297,-80.000000
3298,-320.000000
3299,40.000000
3300,0.000000
3301,320.000000
3302,-200.000000
3303,0.000000
3304,0.000000
3305,160.000000
3306,0.000000
3307,40.000000
3308,-120.000000
3309,0.000000
3310,520.000000
3311,-120.000000
3312,80.000000
3313,0.000000
3314,0.000000
3315,-80.000000
3316,-80.000000
3317,0.000000
3318,-520.000000
3319,400.000000
3320,-240.000000
3321,-200.000000
3322,0.000000
3323,0.000000
3324,-80.000000
3325,440.000000
3326,-120.000000
3327,-80.000000
3328,40.000000
3329,-320.000000
3330,-80.000000
3331,440.000000
3332,0.000000
3333,440.000000
3334,-80.000000
3335,-80.000000
3336,-320.000000
3337,-200.000000
3338,40.000000
3339,40.000000
3340,240.000000
3341,200.000000
3342,520.000000
3343,-40.000000
3344,80.000000
3345,-120.000000
3346,-40.000000
3347,-160.000000
3348,160.000000
3349,840.000000
3350,40.000000
3351,920.000000
3352,-440.000000
3353,80.000000
3354,-320.000000
3355,200.000000
3356,-240.000000
3357,-440.000000
3358,280.000000
3359,40.000000
3360,-120.000000
3361,-320.000000
3362,40.000000
3363,-200.000000
3364,-120.000000
3365,200.000000
3366,80.000000
3367,0.000000
3368,-80.000000
3369,0.000000
3370,-80.000000
3371,520.000000
3372,-120.000000
3373,80.000000
3374,-320.000000
3375,-520.000000
3376,640.000000
3377,160.000000
3378,-120.000000
3379,0.000000
3380,120.000000
3381,-120.000000
3382,-240.000000
3383,-240.000000
3384,280.000000
3385,-120.000000
3386,560.000000
3387,0.000000
3388,-80.000000
3389,520.000000
3390,160.000000
3391,-240.000000
3392,-200.000000
3393,240.000000
3394,200.000000
3395,-80.000000
3396,-40.000000
3397,-160.000000
3398,-160.000000
3399,-80.000000
3400,120.000000
3401,-120.000000
3402,160.000000
3403,160.000000
3404,280.000000
3405,-80.000000
3406,200.000000
3407,-160.000000
3408,-280.000000
3409,-400.000000
3410,-240.000000
3411,-240.000000
3412,-240.000000
3413,0.000000
3414,120.000000
3415,240.000000
3416,40.000000
3417,-200.000000
3418,0.000000
3419,-120.000000
3420,600.000000
3421,80.000000
3422,-80.000000
3423,440.000000
3424,-320.000000
3425,-240.000000
3426,-600.000000
3427,-440.000000
3428,-80.000000
3429,-240.000000
3430,-80.000000
3431,-80.000000
3432,160.000000
3433,-80.000000
3434,-720.000000
3435,40.000000
3436,-120.000000
3437,-80.000000
3438,-80.000000
3439,200.000000
3440,-40.000000
3441,-80.000000
3442,-80.000000
3443,0.000000
3444,-80.000000
3445,520.000000
3446,320.000000
3447,280.000000
3448,120.000000
3449,-280.000000
3450,-440.000000
3451,120.000000
3452,-240.000000
3453,-640.000000
3454,-40.000000
3455,-240.000000
3456,-280.000000
3457,40.000000
3458,-120.000000
3459,720.000000
3460,-40.000000
3461,-360.000000
3462,-80.000000
3463,-120.000000
3464,120.000000
3465,-80.000000
3466,80.000000
3467,-440.000000
3468,40.000000
3469,-120.000000
3470,-80.000000
3471,0.000000
3472,0.000000
3473,0.000000
3474,-160.000000
3475,-200.000000
3476,-240.000000
3477,-80.000000
3478,-120.000000
3479,200.000000
3480,40.000000
3481,440.000000
3482,-40.000000
3483,120.000000
3484,-80.000000
3485,-120.000000
3486,160.000000
3487,-80.000000
3488,-40.000000
3489,-200.000000
3490,160.000000
3491,-120.000000
3492,160.000000
3493,-40.000000
3494,240.000000
3495,240.000000
3496,-160.000000
3497,-640.000000
3498,-80.000000
3499,-440.000000
3500,400.000000
3501,-560.000000
3502,-80.000000
3503,280.000000
3504,-320.000000
3505,0.000000
3506,80.000000
3507,-440.000000
3508,40.000000
3509,40.000000
3510,0.000000
3511,-360.000000
3512,-80.000000
3513,-200.000000
3514,160.000000
3515,0.000000
3516,-200.000000
3517,160.000000
3518,-80.000000
3519,0.000000
3520,-240.000000
3521,-160.000000
3522,-320.000000
3523,-80.000000
3524,200.000000
3525,-120.000000
3526,120.000000
3527,-80.000000
3528,-120.000000
3529,-80.000000
3530,160.000000
3531,-200.000000
3532,-80.000000
3533,40.000000
3534,80.000000
3535,-80.000000
3536,-280.000000
3537,-120.000000
3538,-80.000000
3539,-40.000000
3540,-200.000000
3541,-600.000000
3542,-320.000000
3543,-240.000000
3544,-80.000000
3545,-40.000000
3546,0.000000
3547,-120.000000
3548,-40.000000
3549,160.000000
3550,-320.000000
3551,160.000000
3552,-80.000000
3553,-160.000000
3554,280.000000
3555,-200.000000
3556,-40.000000
3557,40.000000
3558,-40.000000
3559,40.000000
3560,-160.000000
3561,-120.000000
3562,200.000000
3563,0.000000
3564,40.000000
3565,-520.000000
3566,-240.000000
3567,-320.000000
3568,-200.000000
3569,1000.000000
3570,-240.000000
3571,-80.000000
3572,80.000000
3573,-440.000000
3574,-80.000000
3575,-160.000000
3576,0.000000
3577,160.000000
3578,-40.000000
3579,-40.000000
3580,160.000000
3581,240.000000
3582,-160.000000
3583,80.000000
3584,240.000000
3585,640.000000
3586,0.000000
3587,-160.000000
3588,0.000000
3589,-80.000000
3590,-160.000000
3591,520.000000
3592,-200.000000
3593,40.000000
3594,-320.000000
3595,-40.000000
3596,-80.000000
3597,-400.000000
3598,-320.000000
3599,-40.000000
3600,120.000000
3601,80.000000
3602,0.000000
3603,0.000000
3604,-80.000000
3605,640.000000
3606,40.000000
3607,-160.000000
3608,-320.000000
3609,160.000000
3610,0.000000
3611,280.000000
3612,120.000000
3613,160.000000
3614,-240.000000
3615,600.000000
3616,-560.000000
3617,440.000000
3618,-400.000000
3619,880.000000
3620,-160.000000
3621,-160.000000
3622,0.000000
3623,0.000000
3624,40.000000
3625,40.000000
3626,80.000000
3627,80.000000
3628,-240.000000
3629,-280.000000
3630,320.000000
3631,200.000000
3632,280.000000
3633,-120.000000
3634,120.000000
3635,0.000000
3636,160.000000
3637,-40.000000
3638,400.000000
3639,200.000000
3640,240.000000
3641,-120.000000
3642,200.000000
3643,400.000000
3644,160.000000
3645,-480.000000
3646,160.000000
3647,-160.000000
3648,-40.000000
3649,-160.000000
3650,40.000000
3651,-120.000000
3652,120.000000
3653,440.000000
3654,-320.000000
3655,240.000000
3656,-240.000000
3657,440.000000
3658,-80.000000
3659,440.000000
3660,640.000000
3661,-80.000000
3662,-160.000000
3663,-320.000000
3664,-280.000000
3665,0.000000
3666,280.000000
3667,40.000000
3668,440.000000
3669,120.000000
3670,-200.000000
3671,-560.000000
3672,0.000000
3673,160.000000
3674,-40.000000
3675,-160.000000
3676,-120.000000
3677,640.000000
3678,0.000000
3679,-120.000000
3680,440.000000
3681,-160.000000
3682,-240.000000
3683,-120.000000
3684,-80.000000
3685,0.000000
3686,560.000000
3687,520.000000
3688,-320.000000
3689,-120.000000
3690,-240.000000
3691,-120.000000
3692,280.000000
3693,-200.000000
3694,440.000000
3695,0.000000
3696,40.000000
3697,-80.000000
3698,80.000000
3699,0.000000
3700,280.000000
3701,-80.000000
3702,120.000000
3703,0.000000
3704,40.000000
3705,920.000000
3706,40.000000
3707,-200.000000
3708,-120.000000
3709,-600.000000
3710,200.000000
3711,-160.000000
3712,0.000000
3713,-1200.000000
3714,-80.000000
3715,0.000000
3716,-160.000000
3717,-160.000000
3718,0.000000
3719,-120.000000
3720,280.000000
3721,-40.000000
3722,-280.000000
3723,0.000000
3724,40.000000
3725,200.000000
3726,-40.000000
3727,-120.000000
3728,-520.000000
3729,-80.000000
3730,-80.000000
3731,760.000000
3732,-80.000000
3733,-200.000000
3734,120.000000
3735,-160.000000
3736,-240.000000
3737,-80.000000
3738,-200.000000
3739,-200.000000
3740,200.000000
3741,-80.000000
3742,-160.000000
3743,0.000000
3744,280.000000
3745,-80.000000
3746,0.000000
3747,-80.000000
3748,120.000000
3749,40.000000
3750,240.000000
3751,-40.000000
3752,-120.000000
3753,0.000000
3754,-40.000000
3755,-240.000000
3756,160.000000
3757,0.000000
3758,-80.000000
3759,-120.000000
3760,-280.000000
3761,-280.000000
3762,240.000000
3763,200.000000
3764,280.000000
3765,200.000000
3766,-120.000000
3767,0.000000
3768,40.000000
3769,440.000000
3770,-120.000000
3771,-160.000000
3772,520.000000
3773,40.000000
3774,-80.000000
3775,0.000000
3776,-320.000000
3777,-600.000000
3778,-200.000000
3779,80.000000
3780,520.000000
3781,-80.000000
3782,-160.000000
3783,40.000000
3784,-280.000000
3785,-40.000000
3786,-160.000000
3787,-160.000000
3788,200.000000
3789,-280.000000
3790,520.000000
3791,520.000000
3792,-600.000000
3793,-440.000000
3794,-80.000000
3795,0.000000
3796,440.000000
3797,-80.000000
3798,0.000000
3799,40.000000
3800,-80.000000
3801,120.000000
3802,0.000000
3803,-80.000000
3804,-80.000000
3805,-240.000000
3806,-80.000000
3807,-80.000000
3808,0.000000
3809,-200.000000
3810,-480.000000
3811,80.000000
3812,0.000000
3813,-80.000000
3814,-80.000000
3815,-200.000000
3816,-240.000000
3817,-40.000000
3818,200.000000
3819,240.000000
3820,160.000000
3821,-160.000000
3822,-40.000000
3823,-200.000000
3824,-80.000000
3825,-480.000000
3826,-520.000000
3827,80.000000
3828,-320.000000
3829,-360.000000
3830,80.000000
3831,-240.000000
3832,40.000000
3833,-120.000000
3834,40.000000
3835,0.000000
3836,-200.000000
3837,0.000000
3838,-480.000000
3839,-160.000000
3840,-400.000000
3841,-120.000000
3842,160.000000
3843,-160.000000
3844,0.000000
3845,0.000000
3846,-240.000000
3847,40.000000
3848,440.000000
3849,40.000000
3850,-440.000000
3851,-600.000000
3852,-80.000000
3853,-40.000000
3854,-80.000000
3855,160.000000
3856,-80.000000
3857,120.000000
3858,240.000000
3859,-80.000000
3860,0.000000
3861,80.000000
3862,40.000000
3863,-160.000000
3864,-80.000000
3865,-40.000000
3866,200.000000
3867,0.000000
3868,280.000000
3869,280.000000
3870,-200.000000
3871,200.000000
3872,-240.000000
3873,440.000000
3874,440.000000
3875,-80.000000
3876,120.000000
3877,-200.000000
3878,-80.000000
3879,240.000000
3880,-80.000000
3881,-160.000000
3882,280.000000
3883,-80.000000
3884,-80.000000
3885,280.000000
3886,-200.000000
3887,-200.000000
3888,-120.000000
3889,-200.000000
3890,-40.000000
3891,-40.000000
3892,-120.000000
3893,40.000000
3894,0.000000
3895,-80.000000
3896,280.000000
3897,-120.000000
3898,-440.000000
3899,80.000000
3900,440.000000
3901,0.000000
3902,640.000000
3903,-40.000000
3904,0.000000
3905,0.000000
3906,-120.000000
3907,40.000000
3908,80.000000
3909,-520.000000
3910,-240.000000
3911,160.000000
3912,280.000000
3913,-40.000000
3914,-200.000000
3915,-240.000000
3916,0.000000
3917,160.000000
3918,-200.000000
3919,0.000000
3920,-280.000000
3921,0.000000
3922,-120.000000
3923,-40.000000
3924,-480.000000
3925,-120.000000
3926,-600.000000
3927,160.000000
3928,-200.000000
3929,200.000000
3930,40.000000
3931,440.000000
3932,840.000000
3933,520.000000
3934,0.000000
3935,0.000000
3936,-160.000000
3937,240.000000
3938,240.000000
3939,-440.000000
3940,-40.000000
3941,-240.000000
3942,-80.000000
3943,160.000000
3944,-40.000000
3945,-40.000000
3946,280.000000
3947,-120.000000
3948,-80.000000
3949,-40.000000
3950,-240.000000
3951,-80.000000
3952,440.000000
3953,-320.000000
3954,-480.000000
3955,200.000000
3956,160.000000
3957,240.000000
3958,520.000000
3959,0.000000
3960,-280.000000
3961,160.000000
3962,-280.000000
3963,-280.000000
3964,-80.000000
3965,-280.000000
3966,160.000000
3967,-80.000000
3968,-200.000000
3969,360.000000
3970,-280.000000
3971,600.000000
3972,-120.000000
3973,520.000000
3974,0.000000
3975,40.000000
3976,0.000000
3977,40.000000
3978,0.000000
3979,0.000000
3980,-160.000000
3981,-200.000000
3982,-160.000000
3983,-480.000000
3984,40.000000
3985,40.000000
3986,0.000000
3987,-240.000000
3988,640.000000
3989,240.000000
3990,-80.000000
3991,-280.000000
3992,160.000000
3993,-120.000000
3994,-200.000000
3995,0.000000
3996,80.000000
3997,-240.000000
3998,240.000000
3999,280.000000
4000,600.000000
4001,-520.000000
4002,-40.000000
4003,760.000000
4004,0.000000
4005,-80.000000
4006,40.000000
4007,-320.000000
4008,-80.000000
4009,80.000000
4010,-200.000000
4011,-200.000000
4012,-40.000000
4013,-200.000000
4014,160.000000
4015,440.000000
4016,-120.000000
4017,-120.000000
4018,-280.000000
4019,-120.000000
4020,-400.000000
4021,-400.000000
4022,560.000000
4023,120.000000
4024,120.000000
4025,40.000000
4026,440.000000
4027,160.000000
4028,-80.000000
4029,160.000000
4030,-40.000000
4031,-320.000000
4032,280.000000
4033,160.000000
4034,-200.000000
4035,-280.000000
4036,-80.000000
4037,0.000000
4038,440.000000
4039,-200.000000
4040,160.000000
4041,280.000000
4042,640.000000
4043,-280.000000
4044,-280.000000
4045,200.000000
4046,40.000000
4047,240.000000
4048,-80.000000
4049,-40.000000
4050,-320.000000
4051,-120.000000
4052,200.000000
4053,-240.000000
4054,-80.000000
4055,-160.000000
4056,0.000000
4057,160.000000
4058,-120.000000
4059,-200.000000
4060,80.000000
4061,-80.000000
4062,120.000000
4063,-200.000000
4064,-520.000000
4065,320.000000
4066,0.000000
4067,40.000000
4068,80.000000
4069,-440.000000
4070,80.000000
4071,80.000000
4072,120.000000
4073,-120.000000
4074,-480.000000
4075,-120.000000
4076,-320.000000
4077,-520.000000
4078,-40.000000
4079,440.000000
4080,40.000000
4081,-80.000000
4082,-160.000000
4083,0.000000
4084,80.000000
4085,240.000000
4086,480.000000
4087,40.000000
4088,-160.000000
4089,-400.000000
4090,0.000000
4091,0.000000
4092,0.000000
4093,-80.000000
4094,160.000000
4095,-600.000000
4096,-120.000000
4097,80.000000
4098,-80.000000
4099,280.000000
4100,-200.000000
4101,440.000000
4102,0.000000
4103,-280.000000
4104,-200.000000
4105,-80.000000
4106,0.000000
4107,0.000000
4108,-80.000000
4109,-40.000000
4110,160.000000
4111,0.000000
4112,-80.000000
4113,-160.000000
4114,-160.000000
4115,-480.000000
4116,-80.000000
4117,-200.000000
4118,120.000000
4119,-200.000000
4120,160.000000
4121,120.000000
4122,200.000000
4123,120.000000
4124,160.000000
4125,0.000000
4126,0.000000
4127,-280.000000
4128,-80.000000
4129,40.000000
4130,-520.000000
4131,80.000000
4132,200.000000
4133,160.000000
4134,160.000000
4135,-120.000000
4136,120.000000
4137,160.000000
4138,160.000000
4139,-80.000000
4140,160.000000
4141,-440.000000
4142,-80.000000
4143,40.000000
4144,-120.000000
4145,440.000000
4146,120.000000
4147,-80.000000
4148,-200.000000
4149,-120.000000
4150,-80.000000
4151,-80.000000
4152,-200.000000
4153,280.000000
4154,-80.000000
4155,-120.000000
4156,40.000000
4157,40.000000
4158,80.000000
4159,80.000000
4160,-120.000000
4161,-240.000000
4162,-320.000000
4163,-160.000000
4164,-120.000000
4165,-120.000000
4166,560.000000
4167,40.000000
4168,-320.000000
4169,80.000000
4170,-240.000000
4171,120.000000
4172,120.000000
4173,0.000000
4174,0.000000
4175,-240.000000
4176,-40.000000
4177,-120.000000
4178,-280.000000
4179,-240.000000
4180,-440.000000
4181,-440.000000
4182,-200.000000
4183,-40.000000
4184,-120.000000
4185,0.000000
4186,240.000000
4187,-200.000000
4188,-40.000000
4189,-160.000000
4190,-120.000000
4191,-80.000000
4192,-240.000000
4193,-160.000000
4194,120.000000
4195,0.000000
4196,160.000000
4197,240.000000
4198,-240.000000
4199,-280.000000
4200,0.000000
4201,0.000000
4202,80.000000
4203,80.000000
4204,200.000000
4205,0.000000
4206,80.000000
4207,-560.000000
4208,-280.000000
4209,-40.000000
4210,440.000000
4211,-120.000000
4212,240.000000
4213,0.000000
4214,-80.000000
4215,-40.000000
4216,-160.000000
4217,440.000000
4218,80.000000
4219,120.000000
4220,80.000000
4221,-400.000000
4222,160.000000
4223,-40.000000
4224,-240.000000
4225,160.000000
4226,-80.000000
4227,0.000000
4228,0.000000
4229,-200.000000
4230,-120.000000
4231,-120.000000
4232,200.000000
4233,-440.000000
4234,-40.000000
4235,280.000000
4236,0.000000
4237,-200.000000
4238,-120.000000
4239,520.000000
4240,-40.000000
4241,160.000000
4242,-200.000000
4243,160.000000
4244,-240.000000
4245,0.000000
4246,-440.000000
4247,80.000000
4248,160.000000
4249,-240.000000
4250,280.000000
4251,-160.000000
4252,280.000000
4253,80.000000
4254,-80.000000
4255,-80.000000
4256,80.000000
4257,80.000000
4258,0.000000
4259,-240.000000
4260,280.000000
4261,0.000000
4262,-80.000000
4263,-80.000000
4264,-280.000000
4265,40.000000
4266,-80.000000
4267,680.000000
4268,-200.000000
4269,-240.000000
4270,120.000000
4271,120.000000
4272,160.000000
4273,0.000000
4274,280.000000
4275,-80.000000
4276,120.000000
4277,80.000000
4278,-160.000000
4279,240.000000
4280,80.000000
4281,0.000000
4282,-280.000000
4283,0.000000
4284,0.000000
4285,0.000000
4286,-40.000000
4287,-200.000000
4288,-240.000000
4289,-200.000000
4290,320.000000
4291,0.000000
4292,-200.000000
4293,0.000000
4294,-200.000000
4295,0.000000
4296,480.000000
4297,-40.000000
4298,-120.000000
4299,-40.000000
4300,0.000000
4301,-280.000000
4302,-200.000000
4303,520.000000
4304,-80.000000
4305,40.000000
4306,-160.000000
4307,-200.000000
4308,0.000000
4309,120.000000
4310,240.000000
4311,680.000000
4312,80.000000
4313,80.000000
4314,0.000000
4315,-80.000000
4316,0.000000
4317,-320.000000
4318,80.000000
4319,520.000000
4320,160.000000
4321,920.000000
4322,-120.000000
4323,-240.000000
4324,120.000000
4325,120.000000
4326,160.000000
4327,-80.000000
4328,-120.000000
4329,-440.000000
4330,0.000000
4331,0.000000
4332,120.000000
4333,80.000000
4334,-120.000000
4335,-80.000000
4336,80.000000
4337,-80.000000
4338,-40.000000
4339,0.000000
4340,0.000000
4341,-80.000000
4342,-40.000000
4343,80.000000
4344,-80.000000
4345,0.000000
4346,40.000000
4347,160.000000
4348,0.000000
4349,160.000000
4350,0.000000
4351,-200.000000
4352,-40.000000
4353,0.000000
4354,80.000000
4355,-160.000000
4356,-240.000000
4357,-160.000000
4358,80.000000
4359,120.000000
4360,-40.000000
4361,-240.000000
4362,240.000000
4363,-40.000000
4364,280.000000
4365,-80.000000
4366,40.000000
4367,-440.000000
4368,0.000000
4369,-200.000000
4370,-520.000000
4371,-320.000000
4372,-320.000000
4373,160.000000
4374,-200.000000
4375,-240.000000
4376,160.000000
4377,-440.000000
4378,-240.000000
4379,200.000000
4380,0.000000
4381,0.000000
4382,160.000000
4383,-40.000000
4384,160.000000
4385,0.000000
4386,320.000000
4387,-40.000000
4388,400.000000
4389,-80.000000
4390,-40.000000
4391,160.000000
4392,440.000000
4393,-240.000000
4394,-80.000000
4395,-80.000000
4396,600.000000
4397,-120.000000
4398,200.000000
4399,-80.000000
4400,0.000000
4401,80.000000
4402,-80.000000
4403,200.000000
4404,-200.000000
4405,-80.000000
4406,-280.000000
4407,-320.000000
4408,120.000000
4409,-40.000000
4410,-40.000000
4411,0.000000
4412,-360.000000
4413,-40.000000
4414,40.000000
4415,-80.000000
4416,-80.000000
4417,120.000000
4418,-160.000000
4419,-80.000000
4420,-200.000000
4421,40.000000
4422,-320.000000
4423,-280.000000
4424,0.000000
4425,-80.000000
4426,760.000000
4427,-320.000000
4428,-120.000000
4429,-120.000000
4430,280.000000
4431,280.000000
4432,-120.000000
4433,-120.000000
4434,-320.000000
4435,160.000000
4436,-160.000000
4437,0.000000
4438,-320.000000
4439,400.000000
4440,-160.000000
4441,-240.000000
4442,200.000000
4443,0.000000
4444,360.000000
4445,-80.000000
4446,-360.000000
4447,40.000000
4448,-80.000000
4449,-80.000000
4450,200.000000
4451,80.000000
4452,160.000000
4453,-240.000000
4454,160.000000
4455,-200.000000
4456,-360.000000
4457,-440.000000
4458,-280.000000
4459,320.000000
4460,40.000000
4461,40.000000
4462,40.000000
4463,-160.000000
4464,-40.000000
4465,160.000000
4466,-840.000000
4467,40.000000
4468,-280.000000
4469,-40.000000
4470,-400.000000
4471,280.000000
4472,-80.000000
4473,-40.000000
4474,40.000000
4475,-440.000000
4476,120.000000
4477,120.000000
4478,-120.000000
4479,40.000000
4480,240.000000
4481,0.000000
4482,-160.000000
4483,-160.000000
4484,-280.000000
4485,-80.000000
4486,-160.000000
4487,520.000000
4488,-80.000000
4489,0.000000
4490,120.000000
4491,-80.000000
4492,-160.000000
4493,520.000000
4494,-520.000000
4495,-80.000000
4496,-80.000000
4497,0.000000
4498,-160.000000
4499,240.000000
4500,-200.000000
4501,40.000000
4502,0.000000
4503,160.000000
4504,200.000000
4505,640.000000
4506,240.000000
4507,200.000000
4508,-80.000000
4509,440.000000
4510,240.000000
4511,40.000000
4512,-80.000000
4513,-80.000000
4514,0.000000
4515,-160.000000
4516,-160.000000
4517,-160.000000
4518,-120.000000
4519,-80.000000
4520,120.000000
4521,-80.000000
4522,-40.000000
4523,-120.000000
4524,-80.000000
4525,-40.000000
4526,240.000000
4527,-80.000000
4528,-80.000000
4529,-720.000000
4530,-440.000000
4531,160.000000
4532,80.000000
4533,120.000000
4534,160.000000
4535,-160.000000
4536,-320.000000
4537,-160.000000
4538,-440.000000
4539,120.000000
4540,-120.000000
4541,-120.000000
4542,40.000000
4543,-200.000000
4544,-160.000000
4545,-160.000000
4546,-120.000000
4547,-120.000000
4548,-440.000000
4549,-200.000000
4550,120.000000
4551,280.000000
4552,-40.000000
4553,680.000000
4554,320.000000
4555,-400.000000
4556,-120.000000
4557,-40.000000
4558,-240.000000
4559,40.000000
4560,520.000000
4561,-40.000000
4562,40.000000
4563,120.000000
4564,200.000000
4565,40.000000
4566,-120.000000
4567,-80.000000
4568,-200.000000
4569,-160.000000
4570,200.000000
4571,-80.000000
4572,-80.000000
4573,-120.000000
4574,-920.000000
4575,-80.000000
4576,-160.000000
4577,-120.000000
4578,0.000000
4579,-240.000000
4580,0.000000
4581,-200.000000
4582,0.000000
4583,120.000000
4584,200.000000
4585,120.000000
4586,80.000000
4587,80.000000
4588,280.000000
4589,-280.000000
4590,760.000000
4591,-320.000000
4592,640.000000
4593,80.000000
4594,0.000000
4595,-80.000000
4596,160.000000
4597,-80.000000
4598,40.000000
4599,-120.000000
4600,-240.000000
4601,-240.000000
4602,160.000000
4603,-80.000000
4604,-160.000000
4605,-160.000000
4606,440.000000
4607,200.000000
4608,0.000000
4609,40.000000
4610,0.000000
4611,0.000000
4612,200.000000
4613,200.000000
4614,-320.000000
4615,160.000000
4616,-160.000000
4617,280.000000
4618,240.000000
4619,0.000000
4620,160.000000
4621,-200.000000
4622,520.000000
4623,240.000000
4624,-80.000000
4625,-280.000000
4626,0.000000
4627,0.000000
4628,40.000000
4629,40.000000
4630,-200.000000
4631,160.000000
4632,120.000000
4633,200.000000
4634,360.000000
4635,-200.000000
4636,-200.000000
4637,40.000000
4638,0.000000
4639,280.000000
4640,-440.000000
4641,80.000000
4642,-80.000000
4643,520.000000
4644,-80.000000
4645,-80.000000
4646,320.000000
4647,400.000000
4648,-240.000000
4649,0.000000
4650,-80.000000
4651,-80.000000
4652,-80.000000
4653,-80.000000
4654,280.000000
4655,240.000000
4656,-160.000000
4657,-40.000000
4658,80.000000
4659,-120.000000
4660,-160.000000
4661,-240.000000
4662,200.000000
4663,160.000000
4664,-240.000000
4665,-120.000000
4666,-560.000000
4667,-80.000000
4668,-200.000000
4669,120.000000
4670,0.000000
4671,-200.000000
4672,-160.000000
4673,80.000000
4674,-440.000000
4675,40.000000
4676,0.000000
4677,-80.000000
4678,-120.000000
4679,-200.000000
4680,0.000000
4681,-80.000000
4682,520.000000
4683,-200.000000
4684,-400.000000
4685,0.000000
4686,-80.000000
4687,-80.000000
4688,-600.000000
4689,-200.000000
4690,440.000000
4691,440.000000
4692,200.000000
4693,240.000000
4694,-200.000000
4695,-80.000000
4696,120.000000
4697,40.000000
4698,240.000000
4699,0.000000
4700,-320.000000
4701,-200.000000
4702,-160.000000
4703,-160.000000
4704,-80.000000
4705,40.000000
4706,-40.000000
4707,-320.000000
4708,-400.000000
4709,200.000000
4710,40.000000
4711,-240.000000
4712,-80.000000
4713,-80.000000
4714,240.000000
4715,-200.000000
4716,120.000000
4717,0.000000
4718,80.000000
4719,-160.000000
4720,-760.000000
4721,160.000000
4722,0.000000
4723,0.000000
4724,200.000000
4725,320.000000
4726,40.000000
4727,-240.000000
4728,160.000000
4729,-40.000000
4730,-80.000000
4731,200.000000
4732,160.000000
4733,-80.000000
4734,-280.000000
4735,-280.000000
4736,-160.000000
4737,-80.000000
4738,-280.000000
4739,-320.000000
4740,40.000000
4741,-280.000000
4742,-360.000000
4743,-400.000000
4744,40.000000
4745,40.000000
4746,-400.000000
4747,80.000000
4748,-120.000000
4749,520.000000
4750,-120.000000
4751,-320.000000
4752,-280.000000
4753,40.000000
4754,40.000000
4755,200.000000
4756,0.000000
4757,0.000000
4758,0.000000
4759,40.000000
4760,40.000000
4761,0.000000
4762,40.000000
4763,120.000000
4764,-200.000000
4765,-40.000000
4766,200.000000
4767,-320.000000
4768,120.000000
4769,80.000000
4770,0.000000
4771,-360.000000
4772,720.000000
4773,-80.000000
4774,0.000000
4775,-200.000000
4776,160.000000
4777,160.000000
4778,-80.000000
4779,-40.000000
4780,520.000000
4781,-80.000000
4782,680.000000
4783,-80.000000
4784,80.000000
4785,-240.000000
4786,-80.000000
4787,160.000000
4788,120.000000
4789,-200.000000
4790,-80.000000
4791,120.000000
4792,0.000000
4793,80.000000
4794,-80.000000
4795,-80.000000
4796,40.000000
4797,-80.000000
4798,440.000000
4799,40.000000
4800,-240.000000
4801,240.000000
4802,-160.000000
4803,-80.000000
4804,0.000000
4805,-240.000000
4806,-600.000000
4807,160.000000
4808,-240.000000
4809,-120.000000
4810,0.000000
4811,520.000000
4812,-280.000000
4813,-440.000000
4814,-40.000000
4815,160.000000
4816,120.000000
4817,-120.000000
4818,-280.000000
4819,-120.000000
4820,120.000000
4821,120.000000
4822,-120.000000
4823,-200.000000
4824,-520.000000
4825,120.000000
4826,40.000000
4827,-200.000000
4828,-320.000000
4829,640.000000
4830,280.000000
4831,-120.000000
4832,40.000000
4833,-40.000000
4834,-80.000000
4835,240.000000
4836,520.000000
4837,200.000000
4838,-440.000000
4839,-440.000000
4840,0.000000
4841,840.000000
4842,40.000000
4843,-120.000000
4844,-80.000000
4845,200.000000
4846,680.000000
4847,640.000000
4848,-240.000000
4849,0.000000
4850,-80.000000
4851,-40.000000
4852,40.000000
4853,0.000000
4854,-80.000000
4855,-80.000000
4856,280.000000
4857,-200.000000
4858,480.000000
4859,-120.000000
4860,-40.000000
4861,40.000000
4862,120.000000
4863,160.000000
4864,760.000000
4865,160.000000
4866,240.000000
4867,40.000000
4868,-320.000000
4869,-80.000000
4870,80.000000
4871,80.000000
4872,-160.000000
4873,120.000000
4874,-160.000000
4875,-80.000000
4876,-280.000000
4877,-40.000000
4878,80.000000
4879,120.000000
4880,-40.000000
4881,-40.000000
4882,-80.000000
4883,-80.000000
4884,-120.000000
4885,520.000000
4886,80.000000
4887,80.000000
4888,40.000000
4889,40.000000
4890,-80.000000
4891,0.000000
4892,-200.000000
4893,160.000000
4894,-160.000000
4895,-40.000000
4896,-120.000000
4897,200.000000
4898,80.000000
4899,-40.000000
4900,-80.000000
4901,80.000000
4902,40.000000
4903,-80.000000
4904,0.000000
4905,0.000000
4906,-40.000000
4907,160.000000
4908,160.000000
4909,-120.000000
4910,-80.000000
4911,-440.000000
4912,0.000000
4913,0.000000
4914,-360.000000
4915,-80.000000
4916,80.000000
4917,240.000000
4918,-80.000000
4919,-80.000000
4920,0.000000
4921,40.000000
4922,240.000000
4923,-160.000000
4924,40.000000
4925,-440.000000
4926,-80.000000
4927,-80.000000
4928,-320.000000
4929,-80.000000
4930,-80.000000
4931,280.000000
4932,160.000000
4933,40.000000
4934,-480.000000
4935,-200.000000
4936,0.000000
4937,0.000000
4938,160.000000
4939,720.000000
4940,200.000000
4941,280.000000
4942,-80.000000
4943,-40.000000
4944,40.000000
4945,120.000000
4946,-240.000000
4947,-80.000000
4948,200.000000
4949,280.000000
4950,240.000000
4951,-440.000000
4952,-200.000000
4953,-120.000000
4954,0.000000
4955,-200.000000
4956,0.000000
4957,0.000000
4958,160.000000
4959,160.000000
4960,240.000000
4961,-80.000000
4962,-40.000000
4963,40.000000
4964,40.000000
4965,240.000000
4966,-200.000000
4967,120.000000
4968,320.000000
4969,160.000000
4970,-120.000000
4971,-240.000000
4972,0.000000
4973,-40.000000
4974,240.000000
4975,80.000000
4976,-160.000000
4977,-120.000000
4978,200.000000
4979,-80.000000
4980,-40.000000
4981,320.000000
4982,-80.000000
4983,-40.000000
4984,160.000000
4985,120.000000
4986,-200.000000
4987,0.000000
4988,240.000000
4989,-320.000000
4990,-80.000000
4991,160.000000
4992,-120.000000
4993,0.000000
4994,-120.000000
4995,80.000000
4996,320.000000
4997,0.000000
4998,-120.000000
4999,120.000000
5000,160.000000
5001,0.000000
5002,-120.000000
5003,560.000000
5004,-160.000000
5005,-200.000000
5006,-600.000000
5007,0.000000
5008,520.000000
5009,-160.000000
5010,-480.000000
5011,-80.000000
5012,320.000000
5013,80.000000
5014,80.000000
5015,-80.000000
5016,120.000000
5017,-360.000000
5018,-240.000000
5019,200.000000
5020,-80.000000
5021,-320.000000
5022,40.000000
5023,80.000000
5024,0.000000
5025,-80.000000
5026,80.000000
5027,40.000000
5028,160.000000
5029,200.000000
5030,-240.000000
5031,-240.000000
5032,80.000000
5033,320.000000
5034,-40.000000
5035,0.000000
5036,0.000000
5037,0.000000
5038,40.000000
5039,0.000000
5040,-120.000000
5041,-80.000000
5042,80.000000
5043,-120.000000
5044,-280.000000
5045,640.000000
5046,440.000000
5047,-320.000000
5048,280.000000
5049,-160.000000
5050,-40.000000
5051,40.000000
5052,0.000000
5053,0.000000
5054,120.000000
5055,40.000000
5056,40.000000
5057,-240.000000
5058,200.000000
5059,-200.000000
5060,40.000000
5061,-120.000000
5062,-240.000000
5063,160.000000
5064,160.000000
5065,0.000000
5066,-240.000000
5067,0.000000
5068,-120.000000
5069,-80.000000
5070,-120.000000
5071,-40.000000
5072,-400.000000
5073,-120.000000
5074,-200.000000
5075,80.000000
5076,80.000000
5077,520.000000
5078,-120.000000
5079,200.000000
5080,40.000000
5081,40.000000
5082,0.000000
5083,-80.000000
5084,-400.000000
5085,520.000000
5086,40.000000
5087,40.000000
5088,-160.000000
5089,-120.000000
5090,-720.000000
5091,-440.000000
5092,520.000000
5093,-80.000000
5094,40.000000
5095,-280.000000
5096,440.000000
5097,-120.000000
5098,-120.000000
5099,160.000000
5100,280.000000
5101,0.000000
5102,-560.000000
5103,-200.000000
5104,80.000000
5105,-320.000000
5106,160.000000
5107,640.000000
5108,280.000000
5109,-80.000000
5110,280.000000
5111,-160.000000
5112,-400.000000
5113,-80.000000
5114,-240.000000
5115,-40.000000
5116,120.000000
5117,-480.000000
5118,-160.000000
5119,-160.000000
5120,0.000000
5121,-200.000000
5122,-80.000000
5123,-280.000000
5124,-120.000000
5125,-80.000000
5126,240.000000
5127,200.000000
5128,200.000000
5129,200.000000
5130,-120.000000
5131,80.000000
5132,-80.000000
5133,-80.000000
5134,200.000000
5135,-160.000000
5136,-40.000000
5137,40.000000
5138,-200.000000
5139,0.000000
5140,-120.000000
5141,-80.000000
5142,-320.000000
5143,-720.000000
5144,-120.000000
5145,-40.000000
5146,-240.000000
5147,-40.000000
5148,-160.000000
5149,-200.000000
5150,120.000000
5151,-120.000000
5152,-360.000000
5153,40.000000
5154,-160.000000
5155,240.000000
5156,0.000000
5157,0.000000
5158,40.000000
5159,160.000000
5160,-40.000000
5161,-160.000000
5162,-320.000000
5163,-600.000000
5164,160.000000
5165,-120.000000
5166,-240.000000
5167,-80.000000
5168,-400.000000
5169,-80.000000
5170,-160.000000
5171,-120.000000
5172,-400.000000
5173,0.000000
5174,0.000000
5175,0.000000
5176,-320.000000
5177,-160.000000
5178,120.000000
5179,80.000000
5180,-200.000000
5181,-280.000000
5182,520.000000
5183,160.000000
5184,-200.000000
5185,-160.000000
5186,320.000000
5187,-40.000000
5188,-80.000000
5189,120.000000
5190,480.000000
5191,40.000000
5192,0.000000
5193,-320.000000
5194,120.000000
5195,-40.000000
5196,200.000000
5197,-200.000000
5198,-80.000000
5199,160.000000
5200,-160.000000
5201,40.000000
5202,-80.000000
5203,680.000000
5204,400.000000
5205,40.000000
5206,-280.000000
5207,120.000000
5208,240.000000
5209,0.000000
5210,-40.000000
5211,0.000000
5212,-320.000000
5213,-200.000000
5214,-40.000000
5215,440.000000
5216,-400.000000
5217,-80.000000
5218,80.000000
5219,-120.000000
5220,240.000000
5221,-160.000000
5222,0.000000
5223,-80.000000
5224,-160.000000
5225,-160.000000
5226,-280.000000
5227,440.000000
5228,160.000000
5229,-80.000000
5230,-240.000000
5231,-720.000000
5232,-360.000000
5233,0.000000
5234,-160.000000
5235,-160.000000
5236,120.000000
5237,120.000000
5238,-200.000000
5239,520.000000
5240,160.000000
5241,-80.000000
5242,-400.000000
5243,0.000000
5244,-160.000000
5245,40.000000
5246,320.000000
5247,160.000000
5248,-80.000000
5249,-80.000000
5250,0.000000
5251,200.000000
5252,-40.000000
5253,-40.000000
5254,240.000000
5255,-40.000000
5256,-40.000000
5257,520.000000
5258,40.000000
5259,-600.000000
5260,360.000000
5261,-320.000000
5262,640.000000
5263,-80.000000
5264,200.000000
5265,-400.000000
5266,440.000000
5267,40.000000
5268,-120.000000
5269,-80.000000
5270,-80.000000
5271,-360.000000
5272,-120.000000
5273,-320.000000
5274,0.000000
5275,40.000000
5276,0.000000
5277,160.000000
5278,-120.000000
5279,-400.000000
5280,-160.000000
5281,80.000000
5282,160.000000
5283,-200.000000
5284,-40.000000
5285,160.000000
5286,40.000000
5287,40.000000
5288,-80.000000
5289,-80.000000
5290,0.000000
5291,0.000000
5292,-160.000000
5293,320.000000
5294,-80.000000
5295,-80.000000
5296,-200.000000
5297,840.000000
5298,-80.000000
5299,-440.000000
5300,240.000000
5301,160.000000
5302,640.000000
5303,-80.000000
5304,240.000000
5305,200.000000
5306,-80.000000
5307,0.000000
5308,-120.000000
5309,-120.000000
5310,240.000000
5311,-80.000000
5312,0.000000
5313,-80.000000
5314,800.000000
5315,0.000000
5316,-120.000000
5317,-160.000000
5318,160.000000
5319,-320.000000
5320,-120.000000
5321,120.000000
5322,200.000000
5323,-240.000000
5324,-200.000000
5325,0.000000
5326,-120.000000
5327,-80.000000
5328,0.000000
5329,0.000000
5330,-80.000000
5331,-80.000000
5332,0.000000
5333,0.000000
5334,80.000000
5335,120.000000
5336,0.000000
5337,160.000000
5338,-80.000000
5339,-120.000000
5340,-400.000000
5341,0.000000
5342,-160.000000
5343,240.000000
5344,-280.000000
5345,120.000000
5346,0.000000
5347,-160.000000
5348,-200.000000
5349,-160.000000
5350,-80.000000
5351,-320.000000
5352,-240.000000
5353,80.000000
5354,80.000000
5355,-120.000000
5356,-40.000000
5357,-80.000000
5358,120.000000
5359,-80.000000
5360,0.000000
5361,-240.000000
5362,-400.000000
5363,-200.000000
5364,-320.000000
5365,-240.000000
5366,520.000000
5367,-160.000000
5368,-200.000000
5369,-280.000000
5370,-240.000000
5371,-80.000000
5372,0.000000
5373,-40.000000
5374,0.000000
5375,-320.000000
5376,-80.000000
5377,40.000000
5378,-520.000000
5379,-120.000000
5380,-80.000000
5381,-40.000000
5382,0.000000
5383,320.000000
5384,-160.000000
5385,0.000000
5386,-120.000000
5387,-80.000000
5388,0.000000
5389,0.000000
5390,200.000000
5391,-80.000000
5392,160.000000
5393,0.000000
5394,80.000000
5395,0.000000
5396,-240.000000
5397,-520.000000
5398,-80.000000
5399,-200.000000
5400,440.000000
5401,-240.000000
5402,320.000000
5403,0.000000
5404,-280.000000
5405,-80.000000
5406,-80.000000
5407,-120.000000
5408,-80.000000
5409,0.000000
5410,0.000000
5411,240.000000
5412,-40.000000
5413,80.000000
5414,40.000000
5415,160.000000
5416,280.000000
5417,-320.000000
5418,0.000000
5419,-160.000000
5420,-480.000000
5421,-40.000000
5422,-80.000000
5423,40.000000
5424,-280.000000
5425,320.000000
5426,200.000000
5427,200.000000
5428,-280.000000
5429,-320.000000
5430,40.000000
5431,40.000000
5432,-240.000000
5433,-240.000000
5434,120.000000
5435,520.000000
5436,-280.000000
5437,-240.000000
5438,120.000000
5439,-240.000000
5440,-80.000000
5441,-80.000000
5442,-160.000000
5443,-80.000000
5444,-80.000000
5445,0.000000
5446,-640.000000
5447,0.000000
5448,280.000000
5449,120.000000
5450,-120.000000
5451,-400.000000
5452,-80.000000
5453,-120.000000
5454,-160.000000
5455,-160.000000
5456,-40.000000
5457,-400.000000
5458,0.000000
5459,40.000000
5460,-160.000000
5461,-80.000000
5462,-80.000000
5463,-160.000000
5464,520.000000
5465,-120.000000
5466,40.000000
5467,-200.000000
5468,-80.000000
5469,-200.000000
5470,-80.000000
5471,-80.000000
5472,200.000000
5473,-80.000000
5474,160.000000
5475,0.000000
5476,-200.000000
5477,-80.000000
5478,40.000000
5479,120.000000
5480,-640.000000
5481,-680.000000
5482,-80.000000
5483,-160.000000
5484,-40.000000
5485,-80.000000
5486,200.000000
5487,40.000000
5488,-520.000000
5489,160.000000
5490,-400.000000
5491,200.000000
5492,40.000000
5493,0.000000
5494,-600.000000
5495,40.000000
5496,-120.000000
5497,-40.000000
5498,240.000000
5499,240.000000
5500,-200.000000
5501,40.000000
5502,-80.000000
5503,520.000000
5504,80.000000
5505,0.000000
5506,0.000000
5507,-480.000000
5508,-120.000000
5509,-120.000000
5510,-200.000000
5511,680.000000
5512,-80.000000
5513,120.000000
5514,120.000000
5515,640.000000
5516,-240.000000
5517,-200.000000
5518,-440.000000
5519,-200.000000
5520,-40.000000
5521,-80.000000
5522,-200.000000
5523,40.000000
5524,600.000000
5525,-200.000000
5526,-80.000000
5527,520.000000
5528,120.000000
5529,640.000000
5530,-80.000000
5531,-80.000000
5532,-160.000000
5533,320.000000
5534,-80.000000
5535,-40.000000
5536,-200.000000
5537,120.000000
5538,-40.000000
5539,0.000000
5540,-280.000000
5541,240.000000
5542,-320.000000
5543,-240.000000
5544,-200.000000
5545,-40.000000
5546,-280.000000
5547,-360.000000
5548,-80.000000
5549,-80.000000
5550,-200.000000
5551,-200.000000
5552,80.000000
5553,-80.000000
5554,-160.000000
5555,-240.000000
5556,120.000000
5557,-160.000000
5558,80.000000
5559,80.000000
5560,0.000000
5561,-240.000000
5562,0.000000
5563,-440.000000
5564,440.000000
5565,120.000000
5566,-360.000000
5567,-240.000000
5568,-80.000000
5569,-120.000000
5570,-240.000000
5571,-80.000000
5572,-240.000000
5573,-240.000000
5574,440.000000
5575,-120.000000
5576,-400.000000
5577,520.000000
5578,-360.000000
5579,-200.000000
5580,-40.000000
5581,200.000000
5582,400.000000
5583,-160.000000
5584,-320.000000
5585,0.000000
5586,-80.000000
5587,-160.000000
5588,-160.000000
5589,40.000000
5590,720.000000
5591,560.000000
5592,-40.000000
5593,80.000000
5594,-280.000000
5595,-360.000000
5596,-80.000000
5597,-80.000000
5598,-80.000000
5599,0.000000
5600,160.000000
5601,-40.000000
5602,200.000000
5603,-120.000000
5604,-40.000000
5605,520.000000
5606,-80.000000
5607,200.000000
5608,160.000000
5609,120.000000
5610,-80.000000
5611,-120.000000
5612,240.000000
5613,-80.000000
5614,-160.000000
5615,-40.000000
5616,80.000000
5617,-120.000000
5618,0.000000
5619,-440.000000
5620,80.000000
5621,-160.000000
5622,440.000000
5623,-520.000000
5624,40.000000
5625,80.000000
5626,-120.000000
5627,-120.000000
5628,120.000000
5629,-80.000000
5630,-520.000000
5631,40.000000
5632,240.000000
5633,-80.000000
5634,80.000000
5635,120.000000
5636,-520.000000
5637,-280.000000
5638,-120.000000
5639,160.000000
5640,-80.000000
5641,0.000000
5642,0.000000
5643,-40.000000
5644,-280.000000
5645,0.000000
5646,-80.000000
5647,600.000000
5648,0.000000
5649,120.000000
5650,0.000000
5651,120.000000
5652,-240.000000
5653,0.000000
5654,-240.000000
5655,-440.000000
5656,-440.000000
5657,120.000000
5658,560.000000
5659,200.000000
5660,-120.000000
5661,-120.000000
5662,-200.000000
5663,280.000000
5664,160.000000
5665,-80.000000
5666,-40.000000
5667,80.000000
5668,0.000000
5669,280.000000
5670,-80.000000
5671,440.000000
5672,0.000000
5673,40.000000
5674,-80.000000
5675,-160.000000
5676,-80.000000
5677,-160.000000
5678,-80.000000
5679,-80.000000
5680,-40.000000
5681,-320.000000
5682,-80.000000
5683,280.000000
5684,280.000000
5685,160.000000
5686,-160.000000
5687,-320.000000
5688,520.000000
5689,-200.000000
5690,-80.000000
5691,240.000000
5692,80.000000
5693,400.000000
5694,-120.000000
5695,-40.000000
5696,280.000000
5697,-200.000000
5698,-80.000000
5699,440.000000
5700,-40.000000
5701,-200.000000
5702,0.000000
5703,-120.000000
5704,40.000000
5705,40.000000
5706,0.000000
5707,520.000000
5708,40.000000
5709,-40.000000
5710,-320.000000
5711,120.000000
5712,-160.000000
5713,440.000000
5714,-80.000000
5715,-120.000000
5716,-120.000000
5717,-160.000000
5718,-80.000000
5719,0.000000
5720,440.000000
5721,240.000000
5722,-480.000000
5723,0.000000
5724,440.000000
5725,160.000000
5726,120.000000
5727,400.000000
5728,40.000000
5729,-120.000000
5730,-40.000000
5731,0.000000
5732,-280.000000
5733,200.000000
5734,440.000000
5735,-200.000000
5736,-120.000000
5737,280.000000
5738,-200.000000
5739,40.000000
5740,280.000000
5741,680.000000
5742,440.000000
5743,-80.000000
5744,120.000000
5745,0.000000
5746,-400.000000
5747,0.000000
5748,40.000000
5749,-80.000000
5750,160.000000
5751,-160.000000
5752,-40.000000
5753,240.000000
5754,0.000000
5755,-280.000000
5756,80.000000
5757,120.000000
5758,-200.000000
5759,-160.000000
5760,0.000000
5761,160.000000
5762,680.000000
5763,-80.000000
5764,80.000000
5765,80.000000
5766,200.000000
5767,-280.000000
5768,-280.000000
5769,-120.000000
5770,40.000000
5771,80.000000
5772,-80.000000
5773,-600.000000
5774,-80.000000
5775,-200.000000
5776,-40.000000
5777,-320.000000
5778,-160.000000
5779,-120.000000
5780,-80.000000
5781,640.000000
5782,520.000000
5783,200.000000
5784,0.000000
5785,0.000000
5786,-40.000000
5787,560.000000
5788,0.000000
5789,-160.000000
5790,40.000000
5791,-160.000000
5792,-80.000000
5793,160.000000
5794,-320.000000
5795,-200.000000
5796,520.000000
5797,160.000000
5798,0.000000
5799,-200.000000
5800,-480.000000
5801,-40.000000
5802,120.000000
5803,160.000000
5804,-120.000000
5805,-40.000000
5806,320.000000
5807,-80.000000
5808,-200.000000
5809,-40.000000
5810,160.000000
5811,160.000000
5812,240.000000
5813,-600.000000
5814,-80.000000
5815,640.000000
5816,560.000000
5817,-240.000000
5818,80.000000
5819,-120.000000
5820,-160.000000
5821,-240.000000
5822,-160.000000
5823,200.000000
5824,-40.000000
5825,-160.000000
5826,40.000000
5827,-360.000000
5828,80.000000
5829,-520.000000
5830,440.000000
5831,-160.000000
5832,240.000000
5833,200.000000
5834,0.000000
5835,640.000000
5836,-240.000000
5837,40.000000
5838,-400.000000
5839,0.000000
5840,-40.000000
5841,760.000000
5842,120.000000
5843,-120.000000
5844,-80.000000
5845,0.000000
5846,-40.000000
5847,-80.000000
5848,-240.000000
5849,-160.000000
5850,80.000000
5851,0.000000
5852,0.000000
5853,40.000000
5854,-280.000000
5855,-40.000000
5856,160.000000
5857,-80.000000
5858,160.000000
5859,400.000000
5860,-360.000000
5861,40.000000
5862,-80.000000
5863,440.000000
5864,-320.000000
5865,-160.000000
5866,-440.000000
5867,40.000000
5868,-80.000000
5869,-120.000000
5870,200.000000
5871,-520.000000
5872,80.000000
5873,320.000000
5874,40.000000
5875,-280.000000
5876,240.000000
5877,-40.000000
5878,80.000000
5879,40.000000
5880,160.000000
5881,840.000000
5882,-80.000000
5883,200.000000
5884,-280.000000
5885,-240.000000
5886,-160.000000
5887,40.000000
5888,320.000000
5889,40.000000
5890,0.000000
5891,0.000000
5892,120.000000
5893,-240.000000
5894,200.000000
5895,-600.000000
5896,-240.000000
5897,320.000000
5898,-400.000000
5899,240.000000
5900,-200.000000
5901,-200.000000
5902,-80.000000
5903,0.000000
5904,280.000000
5905,160.000000
5906,40.000000
5907,80.000000
5908,120.000000
5909,0.000000
5910,-80.000000
5911,-80.000000
5912,-200.000000
5913,0.000000
5914,560.000000
5915,-240.000000
5916,-80.000000
5917,-240.000000
5918,160.000000
5919,-240.000000
5920,-320.000000
5921,0.000000
5922,1080.000000
5923,-160.000000
5924,-520.000000
5925,-80.000000
5926,-40.000000
5927,-120.000000
5928,0.000000
5929,-80.000000
5930,0.000000
5931,-240.000000
5932,0.000000
5933,0.000000
5934,160.000000
5935,160.000000
5936,40.000000
5937,40.000000
5938,160.000000
5939,-80.000000
5940,520.000000
5941,-600.000000
5942,0.000000
5943,-80.000000
5944,-360.000000
5945,80.000000
5946,-360.000000
5947,240.000000
5948,80.000000
5949,0.000000
5950,0.000000
5951,0.000000
5952,-120.000000
5953,40.000000
5954,-120.000000
5955,200.000000
5956,-280.000000
5957,-280.000000
5958,40.000000
5959,40.000000
5960,40.000000
5961,40.000000
5962,-40.000000
5963,-80.000000
5964,-120.000000
5965,-40.000000
5966,400.000000
5967,440.000000
5968,-80.000000
5969,0.000000
5970,80.000000
5971,-40.000000
5972,80.000000
5973,80.000000
5974,560.000000
5975,120.000000
5976,-40.000000
5977,240.000000
5978,120.000000
5979,0.000000
5980,-200.000000
5981,-160.000000
5982,-120.000000
5983,-200.000000
5984,40.000000
5985,-200.000000
5986,-40.000000
5987,0.000000
5988,0.000000
5989,40.000000
5990,0.000000
5991,0.000000
5992,120.000000
5993,-120.000000
5994,120.000000
5995,-200.000000
5996,-120.000000
5997,0.000000
5998,0.000000
5999,-200.000000
6000,-360.000000
6001,-280.000000
6002,520.000000
6003,120.000000
6004,40.000000
6005,40.000000
6006,-440.000000
6007,-120.000000
6008,-200.000000
6009,-80.000000
6010,40.000000
6011,-240.000000
6012,600.000000
6013,-320.000000
6014,-120.000000
6015,-240.000000
6016,80.000000
6017,240.000000
6018,-240.000000
6019,-200.000000
6020,-320.000000
6021,-240.000000
6022,-600.000000
6023,0.000000
6024,-160.000000
6025,-80.000000
6026,-80.000000
6027,-120.000000
6028,-40.000000
6029,440.000000
6030,-160.000000
6031,200.000000
6032,280.000000
6033,-120.000000
6034,-160.000000
6035,0.000000
6036,120.000000
6037,80.000000
6038,80.000000
6039,-80.000000
6040,-520.000000
6041,0.000000
6042,-80.000000
6043,160.000000
6044,-160.000000
6045,-120.000000
6046,240.000000
6047,-240.000000
6048,200.000000
6049,0.000000
6050,80.000000
6051,80.000000
6052,-280.000000
6053,400.000000
6054,160.000000
6055,40.000000
6056,160.000000
6057,160.000000
6058,160.000000
6059,-200.000000
6060,160.000000
6061,-240.000000
6062,80.000000
6063,-320.000000
6064,-200.000000
6065,-160.000000
6066,440.000000
6067,200.000000
6068,-40.000000
6069,240.000000
6070,0.000000
6071,0.000000
6072,-600.000000
6073,-80.000000
6074,520.000000
6075,-160.000000
6076,-40.000000
6077,-80.000000
6078,-160.000000
6079,40.000000
6080,40.000000
6081,0.000000
6082,280.000000
6083,0.000000
6084,80.000000
6085,0.000000
6086,-80.000000
6087,-440.000000
6088,160.000000
6089,160.000000
6090,320.000000
6091,-280.000000
6092,120.000000
6093,-120.000000
6094,40.000000
6095,0.000000
6096,160.000000
6097,40.000000
6098,160.000000
6099,40.000000
6100,40.000000
6101,0.000000
6102,-40.000000
6103,-240.000000
6104,160.000000
6105,-200.000000
6106,-40.000000
6107,-80.000000
6108,80.000000
6109,-360.000000
6110,80.000000
6111,-360.000000
6112,-80.000000
6113,280.000000
6114,160.000000
6115,280.000000
6116,240.000000
6117,0.000000
6118,0.000000
6119,480.000000
6120,-40.000000
6121,0.000000
6122,-160.000000
6123,-80.000000
6124,40.000000
6125,120.000000
6126,-80.000000
6127,640.000000
6128,-80.000000
6129,-80.000000
6130,-80.000000
6131,-200.000000
6132,240.000000
6133,200.000000
6134,-200.000000
6135,-80.000000
6136,-120.000000
6137,-80.000000
6138,-120.000000
6139,0.000000
6140,-40.000000
6141,-80.000000
6142,-480.000000
6143,-40.000000
6144,-160.000000
6145,240.000000
6146,120.000000
6147,0.000000
6148,120.000000
6149,-160.000000
6150,-280.000000
6151,240.000000
6152,-40.000000
6153,-80.000000
6154,-80.000000
6155,-80.000000
6156,40.000000
6157,-520.000000
6158,-40.000000
6159,-40.000000
6160,-240.000000
6161,160.000000
6162,400.000000
6163,-280.000000
6164,-40.000000
6165,760.000000
6166,-80.000000
6167,-200.000000
6168,120.000000
6169,400.000000
6170,0.000000
6171,160.000000
6172,0.000000
6173,-200.000000
6174,-120.000000
6175,-80.000000
6176,-120.000000
6177,40.000000
6178,-240.000000
6179,80.000000
6180,-80.000000
6181,-520.000000
6182,-80.000000
6183,-80.000000
6184,-80.000000
6185,40.000000
6186,120.000000
6187,-240.000000
6188,-80.000000
6189,-120.000000
6190,-80.000000
6191,-80.000000
6192,160.000000
6193,-280.000000
6194,-120.000000
6195,-240.000000
6196,-80.000000
6197,120.000000
6198,-80.000000
6199,0.000000
6200,-80.000000
6201,280.000000
6202,160.000000
6203,80.000000
6204,-320.000000
6205,560.000000
6206,240.000000
6207,240.000000
6208,160.000000
6209,80.000000
6210,640.000000
6211,-240.000000
6212,200.000000
6213,-400.000000
6214,-80.000000
6215,-280.000000
6216,240.000000
6217,640.000000
6218,-240.000000
6219,-160.000000
6220,-520.000000
6221,400.000000
6222,-80.000000
6223,400.000000
6224,-240.000000
6225,-240.000000
6226,40.000000
6227,280.000000
6228,-160.000000
6229,0.000000
6230,-80.000000
6231,160.000000
6232,-320.000000
6233,440.000000
6234,-160.000000
6235,-400.000000
6236,-80.000000
6237,-320.000000
6238,40.000000
6239,440.000000
6240,-40.000000
6241,560.000000
6242,80.000000
6243,-720.000000
6244,120.000000
6245,-120.000000
6246,-160.000000
6247,-160.000000
6248,-80.000000
6249,-40.000000
6250,-80.000000
6251,-80.000000
6252,-80.000000
6253,-80.000000
6254,0.000000
6255,-240.000000
6256,-480.000000
6257,-80.000000
6258,-80.000000
6259,0.000000
6260,-80.000000
6261,440.000000
6262,0.000000
6263,-120.000000
6264,-120.000000
6265,-80.000000
6266,-40.000000
6267,400.000000
6268,-120.000000
6269,120.000000
6270,-320.000000
6271,40.000000
6272,-80.000000
6273,-80.000000
6274,-240.000000
6275,-280.000000
6276,0.000000
6277,-440.000000
6278,440.000000
6279,-280.000000
6280,-240.000000
6281,40.000000
6282,640.000000
6283,-120.000000
6284,-120.000000
6285,-80.000000
6286,520.000000
6287,-160.000000
6288,0.000000
6289,-40.000000
6290,-440.000000
6291,-240.000000
6292,0.000000
6293,360.000000
6294,-80.000000
6295,80.000000
6296,-80.000000
6297,-80.000000
6298,160.000000
6299,-80.000000
6300,440.000000
6301,-240.000000
6302,-240.000000
6303,0.000000
6304,-280.000000
6305,0.000000
6306,240.000000
6307,40.000000
6308,0.000000
6309,-360.000000
6310,160.000000
6311,-600.000000
6312,200.000000
6313,-80.000000
6314,440.000000
6315,-40.000000
6316,120.000000
6317,120.000000
6318,0.000000
6319,120.000000
6320,120.000000
6321,160.000000
6322,-200.000000
6323,440.000000
6324,-240.000000
6325,240.000000
6326,-320.000000
6327,640.000000
6328,40.000000
6329,-80.000000
6330,-160.000000
6331,-80.000000
6332,-80.000000
6333,-400.000000
6334,240.000000
6335,-320.000000
6336,-320.000000
6337,-80.000000
6338,-160.000000
6339,-80.000000
6340,-80.000000
6341,-400.000000
6342,-520.000000
6343,80.000000
6344,-80.000000
6345,-240.000000
6346,400.000000
6347,240.000000
6348,-80.000000
6349,-80.000000
6350,-40.000000
6351,-40.000000
6352,240.000000
6353,440.000000
6354,-320.000000
6355,160.000000
6356,-120.000000
6357,-120.000000
6358,160.000000
6359,-120.000000
6360,-80.000000
6361,200.000000
6362,120.000000
6363,-360.000000
6364,0.000000
6365,120.000000
6366,80.000000
6367,120.000000
6368,160.000000
6369,200.000000
6370,-40.000000
6371,-280.000000
6372,80.000000
6373,1160.000000
6374,-40.000000
6375,160.000000
6376,-80.000000
6377,-280.000000
6378,-40.000000
6379,-80.000000
6380,40.000000
6381,80.000000
6382,-40.000000
6383,-80.000000
6384,0.000000
6385,-120.000000
6386,440.000000
6387,40.000000
6388,80.000000
6389,40.000000
6390,-160.000000
6391,-160.000000
6392,-80.000000
6393,80.000000
6394,-320.000000
6395,0.000000
6396,0.000000
6397,120.000000
6398,-160.000000
6399,-320.000000
6400,-80.000000
6401,-80.000000
6402,-240.000000
6403,-480.000000
6404,-80.000000
6405,-440.000000
6406,-200.000000
6407,-240.000000
6408,-80.000000
6409,-80.000000
6410,-680.000000
6411,280.000000
6412,0.000000
6413,-320.000000
6414,40.000000
6415,-200.000000
6416,0.000000
6417,80.000000
6418,120.000000
6419,160.000000
6420,120.000000
6421,-240.000000
6422,160.000000
6423,-40.000000
6424,40.000000
6425,-520.000000
6426,40.000000
6427,-40.000000
6428,-600.000000
6429,-280.000000
6430,440.000000
6431,160.000000
6432,-240.000000
6433,-160.000000
6434,-160.000000
6435,-40.000000
6436,160.000000
6437,240.000000
6438,280.000000
6439,-240.000000
6440,-80.000000
6441,-120.000000
6442,-160.000000
6443,40.000000
6444,-80.000000
6445,40.000000
6446,-280.000000
6447,0.000000
6448,0.000000
6449,0.000000
6450,-240.000000
6451,80.000000
6452,80.000000
6453,-80.000000
6454,120.000000
6455,240.000000
6456,-80.000000
6457,-200.000000
6458,-40.000000
6459,-80.000000
6460,-200.000000
6461,80.000000
6462,0.000000
6463,-280.000000
6464,-40.000000
6465,-400.000000
6466,40.000000
6467,-120.000000
6468,240.000000
6469,160.000000
6470,0.000000
6471,-120.000000
6472,400.000000
6473,-80.000000
6474,520.000000
6475,280.000000
6476,-360.000000
6477,-280.000000
6478,0.000000
6479,-600.000000
6480,0.000000
6481,40.000000
6482,-280.000000
6483,40.000000
6484,40.000000
6485,40.000000
6486,-240.000000
6487,-40.000000
6488,-80.000000
6489,-160.000000
6490,-320.000000
6491,-80.000000
6492,0.000000
6493,400.000000
6494,-240.000000
6495,-360.000000
6496,160.000000
6497,-760.000000
6498,-80.000000
6499,-120.000000
6500,-80.000000
6501,640.000000
6502,-400.000000
6503,40.000000
6504,160.000000
6505,-160.000000
6506,-280.000000
6507,-280.000000
6508,-80.000000
6509,-120.000000
6510,-320.000000
6511,40.000000
6512,-360.000000
6513,-160.000000
6514,120.000000
6515,-160.000000
6516,-120.000000
6517,-440.000000
6518,-80.000000
6519,560.000000
6520,240.000000
6521,160.000000
6522,160.000000
6523,320.000000
6524,-360.000000
6525,-800.000000
6526,-80.000000
6527,-240.000000
6528,-80.000000
6529,-40.000000
6530,-320.000000
6531,-320.000000
6532,160.000000
6533,200.000000
6534,520.000000
6535,120.000000
6536,-80.000000
6537,280.000000
6538,160.000000
6539,-80.000000
6540,0.000000
6541,560.000000
6542,200.000000
6543,-200.000000
6544,200.000000
6545,-80.000000
6546,-240.000000
6547,-240.000000
6548,0.000000
6549,0.000000
6550,-200.000000
6551,80.000000
6552,-80.000000
6553,-320.000000
6554,160.000000
6555,0.000000
6556,0.000000
6557,-400.000000
6558,200.000000
6559,-80.000000
6560,-40.000000
6561,-200.000000
6562,-40.000000
6563,0.000000
6564,120.000000
6565,-280.000000
6566,-120.000000
6567,160.000000
6568,-440.000000
6569,-600.000000
6570,-320.000000
6571,-80.000000
6572,-320.000000
6573,-120.000000
6574,0.000000
6575,-320.000000
6576,-200.000000
6577,-40.000000
6578,0.000000
6579,-240.000000
6580,40.000000
6581,0.000000
6582,-240.000000
6583,-240.000000
6584,240.000000
6585,0.000000
6586,-280.000000
6587,0.000000
6588,-80.000000
6589,-440.000000
6590,40.000000
6591,40.000000
6592,0.000000
6593,-80.000000
6594,160.000000
6595,0.000000
6596,-80.000000
6597,160.000000
6598,80.000000
6599,-160.000000
6600,-80.000000
6601,120.000000
6602,-80.000000
6603,-80.000000
6604,-400.000000
6605,120.000000
6606,0.000000
6607,-120.000000
6608,-160.000000
6609,-80.000000
6610,40.000000
6611,-200.000000
6612,40.000000
6613,560.000000
6614,120.000000
6615,40.000000
6616,160.000000
6617,600.000000
6618,40.000000
6619,280.000000
6620,-520.000000
6621,-200.000000
6622,-200.000000
6623,80.000000
6624,40.000000
6625,240.000000
6626,0.000000
6627,80.000000
6628,160.000000
6629,40.000000
6630,280.000000
6631,-40.000000
6632,-120.000000
6633,0.000000
6634,0.000000
6635,-1080.000000
6636,-80.000000
6637,-320.000000
6638,120.000000
6639,160.000000
6640,-80.000000
6641,-80.000000
6642,-400.000000
6643,200.000000
6644,-200.000000
6645,-480.000000
6646,-440.000000
6647,-240.000000
6648,-40.000000
6649,0.000000
6650,-160.000000
6651,-280.000000
6652,-280.000000
6653,-400.000000
6654,-120.000000
6655,-80.000000
6656,-80.000000
6657,0.000000
6658,-240.000000
6659,-320.000000
6660,40.000000
6661,0.000000
6662,-80.000000
6663,120.000000
6664,-80.000000
6665,-160.000000
6666,120.000000
6667,120.000000
6668,40.000000
6669,-200.000000
6670,-80.000000
6671,0.000000
6672,440.000000
6673,-80.000000
6674,520.000000
6675,160.000000
6676,0.000000
6677,-360.000000
6678,-80.000000
6679,-80.000000
6680,-40.000000
6681,-40.000000
6682,-80.000000
6683,-160.000000
6684,40.000000
6685,0.000000
6686,80.000000
6687,-80.000000
6688,-280.000000
6689,-40.000000
6690,200.000000
6691,-280.000000
6692,240.000000
6693,-80.000000
6694,-400.000000
6695,-80.000000
6696,40.000000
6697,0.000000
6698,-520.000000
6699,80.000000
6700,0.000000
6701,-40.000000
6702,-80.000000
6703,80.000000
6704,-40.000000
6705,-200.000000
6706,40.000000
6707,320.000000
6708,-200.000000
6709,40.000000
6710,240.000000
6711,-440.000000
6712,200.000000
6713,-240.000000
6714,440.000000
6715,80.000000
6716,440.000000
6717,-400.000000
6718,520.000000
6719,0.000000
6720,-80.000000
6721,80.000000
6722,40.000000
6723,440.000000
6724,-40.000000
6725,0.000000
6726,-160.000000
6727,-120.000000
6728,-200.000000
6729,-200.000000
6730,120.000000
6731,-160.000000
6732,-160.000000
6733,80.000000
6734,-80.000000
6735,160.000000
6736,40.000000
6737,-360.000000
6738,40.000000
6739,-440.000000
6740,-80.000000
6741,-80.000000
6742,280.000000
6743,-240.000000
6744,-120.000000
6745,280.000000
6746,-80.000000
6747,-80.000000
6748,0.000000
6749,-80.000000
6750,80.000000
6751,0.000000
6752,-40.000000
6753,0.000000
6754,40.000000
6755,-200.000000
6756,-200.000000
6757,-40.000000
6758,-400.000000
6759,-40.000000
6760,-440.000000
6761,-920.000000
6762,0.000000
6763,440.000000
6764,-200.000000
6765,-40.000000
6766,-120.000000
6767,120.000000
6768,-40.000000
6769,40.000000
6770,-40.000000
6771,-360.000000
6772,-80.000000
6773,0.000000
6774,0.000000
6775,320.000000
6776,-240.000000
6777,80.000000
6778,-80.000000
6779,40.000000
6780,-200.000000
6781,-80.000000
6782,0.000000
6783,80.000000
6784,-160.000000
6785,-80.000000
6786,-80.000000
6787,320.000000
6788,-40.000000
6789,40.000000
6790,560.000000
6791,-280.000000
6792,-80.000000
6793,200.000000
6794,40.000000
6795,-120.000000
6796,40.000000
6797,-200.000000
6798,40.000000
6799,0.000000
6800,680.000000
6801,280.000000
6802,-520.000000
6803,80.000000
6804,-80.000000
6805,-200.000000
6806,-200.000000
6807,-200.000000
6808,-160.000000
6809,520.000000
6810,80.000000
6811,-80.000000
6812,240.000000
6813,-80.000000
6814,160.000000
6815,-80.000000
6816,-80.000000
6817,-120.000000
6818,-80.000000
6819,120.000000
6820,-280.000000
6821,-280.000000
6822,160.000000
6823,480.000000
6824,640.000000
6825,-240.000000
6826,440.000000
6827,-40.000000
6828,-240.000000
6829,0.000000
6830,-120.000000
6831,160.000000
6832,360.000000
6833,40.000000
6834,0.000000
6835,0.000000
6836,160.000000
6837,-280.000000
6838,-80.000000
6839,0.000000
6840,440.000000
6841,160.000000
6842,120.000000
6843,80.000000
6844,-120.000000
6845,-40.000000
6846,-200.000000
6847,520.000000
6848,0.000000
6849,-440.000000
6850,-80.000000
6851,0.000000
6852,-760.000000
6853,0.000000
6854,-80.000000
6855,440.000000
6856,160.000000
6857,200.000000
6858,520.000000
6859,-80.000000
6860,80.000000
6861,-80.000000
6862,600.000000
6863,-80.000000
6864,-200.000000
6865,-160.000000
6866,-320.000000
6867,440.000000
6868,-360.000000
6869,0.000000
6870,440.000000
6871,-120.000000
6872,160.000000
6873,200.000000
6874,-200.000000
6875,0.000000
6876,80.000000
6877,-160.000000
6878,200.000000
6879,-80.000000
6880,80.000000
6881,80.000000
6882,0.000000
6883,80.000000
6884,-80.000000
6885,-80.000000
6886,-320.000000
6887,120.000000
6888,-80.000000
6889,200.000000
6890,600.000000
6891,120.000000
6892,560.000000
6893,400.000000
6894,-240.000000
6895,-240.000000
6896,-320.000000
6897,120.000000
6898,-160.000000
6899,-240.000000
6900,240.000000
6901,200.000000
6902,-280.000000
6903,-80.000000
6904,120.000000
6905,-120.000000
6906,-80.000000
6907,0.000000
6908,80.000000
6909,-80.000000
6910,80.000000
6911,240.000000
6912,-360.000000
6913,560.000000
6914,-400.000000
6915,0.000000
6916,-80.000000
6917,0.000000
6918,-200.000000
6919,-200.000000
6920,920.000000
6921,-120.000000
6922,0.000000
6923,-360.000000
6924,40.000000
6925,80.000000
6926,-120.000000
6927,40.000000
6928,200.000000
6929,-80.000000
6930,-120.000000
6931,-80.000000
6932,600.000000
6933,280.000000
6934,-80.000000
6935,240.000000
6936,-120.000000
6937,40.000000
6938,-80.000000
6939,-360.000000
6940,-40.000000
6941,-80.000000
6942,-200.000000
6943,-200.000000
6944,-40.000000
6945,-80.000000
6946,-280.000000
6947,-240.000000
6948,-80.000000
6949,40.000000
6950,-200.000000
6951,80.000000
6952,0.000000
6953,-80.000000
6954,-120.000000
6955,-120.000000
6956,-320.000000
6957,80.000000
6958,40.000000
6959,-360.000000
6960,-40.000000
6961,-200.000000
6962,40.000000
6963,0.000000
6964,120.000000
6965,-120.000000
6966,200.000000
6967,-160.000000
6968,440.000000
6969,40.000000
6970,160.000000
6971,40.000000
6972,-80.000000
6973,-80.000000
6974,-360.000000
6975,-240.000000
6976,40.000000
6977,-40.000000
6978,160.000000
6979,280.000000
6980,-80.000000
6981,-80.000000
6982,40.000000
6983,0.000000
6984,40.000000
6985,200.000000
6986,200.000000
6987,-80.000000
6988,-120.000000
6989,-280.000000
6990,0.000000
6991,0.000000
6992,-160.000000
6993,760.000000
6994,200.000000
6995,160.000000
6996,-120.000000
6997,-80.000000
6998,200.000000
6999,-80.000000
7000,-80.000000
7001,40.000000
7002,-400.000000
7003,-40.000000
7004,440.000000
7005,-40.000000
7006,-400.000000
7007,120.000000
7008,-160.000000
7009,-280.000000
7010,120.000000
7011,-160.000000
7012,-400.000000
7013,-80.000000
7014,0.000000
7015,200.000000
7016,-160.000000
7017,-160.000000
7018,-160.000000
7019,320.000000
7020,400.000000
7021,0.000000
7022,120.000000
7023,120.000000
7024,-520.000000
7025,160.000000
7026,160.000000
7027,-40.000000
7028,600.000000
7029,40.000000
7030,-320.000000
7031,160.000000
7032,-240.000000
7033,-40.000000
7034,-160.000000
7035,520.000000
7036,120.000000
7037,160.000000
7038,-80.000000
7039,-80.000000
7040,0.000000
7041,-120.000000
7042,0.000000
7043,440.000000
7044,-80.000000
7045,0.000000
7046,-120.000000
7047,-160.000000
7048,-80.000000
7049,0.000000
7050,-40.000000
7051,0.000000
7052,-80.000000
7053,40.000000
7054,160.000000
7055,200.000000
7056,440.000000
7057,-240.000000
7058,-160.000000
7059,-240.000000
7060,120.000000
7061,-80.000000
7062,40.000000
7063,120.000000
7064,-80.000000
7065,120.000000
7066,-160.000000
7067,-200.000000
7068,40.000000
7069,80.000000
7070,0.000000
7071,240.000000
7072,-120.000000
7073,-80.000000
7074,-240.000000
7075,-280.000000
7076,-200.000000
7077,0.000000
7078,80.000000
7079,40.000000
7080,-280.000000
7081,160.000000
7082,200.000000
7083,200.000000
7084,0.000000
7085,0.000000
7086,320.000000
7087,0.000000
7088,-80.000000
7089,-120.000000
7090,520.000000
7091,-120.000000
7092,-40.000000
7093,-320.000000
7094,-160.000000
7095,280.000000
7096,-80.000000
7097,-40.000000
7098,-80.000000
7099,80.000000
7100,200.000000
7101,-200.000000
7102,-480.000000
7103,-160.000000
7104,-120.000000
7105,-80.000000
7106,-760.000000
7107,0.000000
7108,-80.000000
7109,-80.000000
7110,-120.000000
7111,0.000000
7112,-120.000000
7113,-400.000000
7114,440.000000
7115,40.000000
7116,-80.000000
7117,200.000000
7118,80.000000
7119,-80.000000
7120,440.000000
7121,0.000000
7122,-120.000000
7123,120.000000
7124,-400.000000
7125,-360.000000
7126,40.000000
7127,-120.000000
7128,-40.000000
7129,-440.000000
7130,120.000000
7131,80.000000
7132,240.000000
7133,0.000000
7134,80.000000
7135,-40.000000
7136,40.000000
7137,-120.000000
7138,320.000000
7139,160.000000
7140,360.000000
7141,0.000000
7142,520.000000
7143,-40.000000
7144,320.000000
7145,240.000000
7146,0.000000
7147,-160.000000
7148,0.000000
7149,80.000000
7150,280.000000
7151,0.000000
7152,-40.000000
7153,120.000000
7154,-120.000000
7155,160.000000
7156,-40.000000
7157,-80.000000
7158,-280.000000
7159,80.000000
7160,0.000000
7161,-600.000000
7162,-80.000000
7163,-320.000000
7164,-360.000000
7165,120.000000
7166,-120.000000
7167,-280.000000
7168,-240.000000
7169,-160.000000
7170,-240.000000
7171,-280.000000
7172,400.000000
7173,40.000000
7174,0.000000
7175,-120.000000
7176,-80.000000
7177,-480.000000
7178,80.000000
7179,80.000000
7180,120.000000
7181,-80.000000
7182,240.000000
7183,-80.000000
7184,680.000000
7185,520.000000
7186,-240.000000
7187,0.000000
7188,-120.000000
7189,-40.000000
7190,0.000000
7191,120.000000
7192,-80.000000
7193,40.000000
7194,240.000000
7195,200.000000
7196,-80.000000
7197,0.000000
7198,-400.000000
7199,-80.000000
7200,40.000000
7201,0.000000
7202,-200.000000
7203,-320.000000
7204,-80.000000
7205,40.000000
7206,-320.000000
7207,-280.000000
7208,-240.000000
7209,-80.000000
7210,-440.000000
7211,400.000000
7212,-320.000000
7213,520.000000
7214,-40.000000
7215,0.000000
7216,-80.000000
7217,200.000000
7218,-160.000000
7219,-80.000000
7220,200.000000
7221,-120.000000
7222,-80.000000
7223,-80.000000
7224,160.000000
7225,-200.000000
7226,80.000000
7227,-440.000000
7228,440.000000
7229,-600.000000
7230,80.000000
7231,120.000000
7232,80.000000
7233,80.000000
7234,440.000000
7235,-320.000000
7236,160.000000
7237,0.000000
7238,160.000000
7239,-360.000000
7240,-320.000000
7241,-160.000000
7242,120.000000
7243,0.000000
7244,160.000000
7245,-200.000000
7246,200.000000
7247,80.000000
7248,560.000000
7249,120.000000
7250,-120.000000
7251,320.000000
7252,40.000000
7253,40.000000
7254,160.000000
7255,240.000000
7256,-120.000000
7257,200.000000
7258,-120.000000
7259,0.000000
7260,240.000000
7261,120.000000
7262,-80.000000
7263,-80.000000
7264,0.000000
7265,120.000000
7266,560.000000
7267,-80.000000
7268,240.000000
7269,160.000000
7270,40.000000
7271,40.000000
7272,-40.000000
7273,0.000000
7274,80.000000
7275,440.000000
7276,-400.000000
7277,-120.000000
7278,160.000000
7279,-200.000000
7280,120.000000
7281,-40.000000
7282,-80.000000
7283,160.000000
7284,-80.000000
7285,-200.000000
7286,200.000000
7287,200.000000
7288,-240.000000
7289,120.000000
7290,-240.000000
7291,-280.000000
7292,40.000000
7293,-200.000000
7294,-200.000000
7295,-200.000000
7296,80.000000
7297,320.000000
7298,-200.000000
7299,-200.000000
7300,0.000000
7301,-520.000000
7302,560.000000
7303,-200.000000
7304,160.000000
7305,-160.000000
7306,-120.000000
7307,0.000000
7308,-280.000000
7309,-80.000000
7310,-120.000000
7311,80.000000
7312,-280.000000
7313,0.000000
7314,-600.000000
7315,-440.000000
7316,120.000000
7317,440.000000
7318,0.000000
7319,-160.000000
7320,400.000000
7321,40.000000
7322,-240.000000
7323,40.000000
7324,-80.000000
7325,-80.000000
7326,120.000000
7327,200.000000
7328,400.000000
7329,240.000000
7330,-160.000000
7331,-200.000000
7332,520.000000
7333,240.000000
7334,760.000000
7335,-240.000000
7336,-320.000000
7337,40.000000
7338,0.000000
7339,-160.000000
7340,160.000000
7341,-120.000000
7342,0.000000
7343,-320.000000
7344,-120.000000
7345,0.000000
7346,-120.000000
7347,440.000000
7348,-40.000000
7349,-80.000000
7350,160.000000
7351,320.000000
7352,240.000000
7353,-80.000000
7354,0.000000
7355,-80.000000
7356,400.000000
7357,-120.000000
7358,-80.000000
7359,400.000000
7360,-280.000000
7361,240.000000
7362,-160.000000
7363,-120.000000
7364,-40.000000
7365,0.000000
7366,-120.000000
7367,-600.000000
7368,-120.000000
7369,-320.000000
7370,200.000000
7371,-80.000000
7372,200.000000
7373,-240.000000
7374,-80.000000
7375,120.000000
7376,120.000000
7377,280.000000
7378,40.000000
7379,40.000000
7380,0.000000
7381,440.000000
7382,0.000000
7383,80.000000
7384,0.000000
7385,-240.000000
7386,-80.000000
7387,0.000000
7388,320.000000
7389,480.000000
7390,0.000000
7391,360.000000
7392,-440.000000
7393,0.000000
7394,-400.000000
7395,160.000000
7396,120.000000
7397,-280.000000
7398,-200.000000
7399,320.000000
7400,-160.000000
7401,-160.000000
7402,-120.000000
7403,-200.000000
7404,280.000000
7405,-240.000000
7406,-880.000000
7407,80.000000
7408,-200.000000
7409,-240.000000
7410,240.000000
7411,280.000000
7412,360.000000
7413,-320.000000
7414,560.000000
7415,-120.000000
7416,160.000000
7417,-160.000000
7418,120.000000
7419,-80.000000
7420,0.000000
7421,680.000000
7422,-160.000000
7423,-480.000000
7424,0.000000
7425,-80.000000
7426,880.000000
7427,-240.000000
7428,40.000000
7429,40.000000
7430,-120.000000
7431,-40.000000
7432,80.000000
7433,-160.000000
7434,0.000000
7435,-80.000000
7436,80.000000
7437,0.000000
7438,0.000000
7439,80.000000
7440,80.000000
7441,-200.000000
7442,40.000000
7443,40.000000
7444,80.000000
7445,-80.000000
7446,-320.000000
7447,0.000000
7448,0.000000
7449,0.000000
7450,240.000000
7451,-160.000000
7452,440.000000
7453,-80.000000
7454,320.000000
7455,0.000000
7456,-320.000000
7457,240.000000
7458,280.000000
7459,-400.000000
7460,-80.000000
7461,-280.000000
7462,-440.000000
7463,-400.000000
7464,-80.000000
7465,240.000000
7466,-40.000000
7467,-40.000000
7468,160.000000
7469,0.000000
7470,-400.000000
7471,0.000000
7472,120.000000
7473,-200.000000
7474,-320.000000
7475,-80.000000
7476,-360.000000
7477,-360.000000
7478,-40.000000
7479,-80.000000
7480,-160.000000
7481,-80.000000
7482,-360.000000
7483,-80.000000
7484,-160.000000
7485,-80.000000
7486,-80.000000
7487,-120.000000
7488,240.000000
7489,-40.000000
7490,160.000000
7491,80.000000
7492,-120.000000
7493,160.000000
7494,-200.000000
7495,-160.000000
7496,80.000000
7497,40.000000
7498,-360.000000
7499,-320.000000
7500,-640.000000
7501,-160.000000
7502,-80.000000
7503,280.000000
7504,-120.000000
7505,-120.000000
7506,0.000000
7507,0.000000
7508,-200.000000
7509,0.000000
7510,-440.000000
7511,0.000000
7512,80.000000
7513,-80.000000
7514,400.000000
7515,-120.000000
7516,-120.000000
7517,-80.000000
7518,160.000000
7519,200.000000
7520,120.000000
7521,40.000000
7522,160.000000
7523,520.000000
7524,-40.000000
7525,-80.000000
7526,-120.000000
7527,0.000000
7528,40.000000
7529,720.000000
7530,0.000000
7531,-680.000000
7532,-240.000000
7533,-280.000000
7534,40.000000
7535,-400.000000
7536,240.000000
7537,-320.000000
7538,-80.000000
7539,-160.000000
7540,-360.000000
7541,-280.000000
7542,0.000000
7543,-80.000000
7544,-120.000000
7545,-80.000000
7546,-200.000000
7547,160.000000
7548,560.000000
7549,240.000000
7550,-200.000000
7551,-80.000000
7552,80.000000
7553,-240.000000
7554,-40.000000
7555,-80.000000
7556,-160.000000
7557,-200.000000
7558,-120.000000
7559,-80.000000
7560,0.000000
7561,120.000000
7562,280.000000
7563,-160.000000
7564,520.000000
7565,0.000000
7566,-80.000000
7567,0.000000
7568,80.000000
7569,-80.000000
7570,80.000000
7571,-440.000000
7572,-680.000000
7573,80.000000
7574,120.000000
7575,-40.000000
7576,-80.000000
7577,80.000000
7578,40.000000
7579,120.000000
7580,-80.000000
7581,-80.000000
7582,120.000000
7583,240.000000
7584,240.000000
7585,40.000000
7586,-440.000000
7587,-40.000000
7588,-160.000000
7589,0.000000
7590,120.000000
7591,-80.000000
7592,280.000000
7593,120.000000
7594,160.000000
7595,840.000000
7596,0.000000
7597,-640.000000
7598,80.000000
7599,80.000000
7600,-320.000000
7601,80.000000
7602,40.000000
7603,0.000000
7604,-80.000000
7605,-80.000000
7606,120.000000
7607,-240.000000
7608,-320.000000
7609,80.000000
7610,-80.000000
7611,-160.000000
7612,-600.000000
7613,-440.000000
7614,240.000000
7615,-80.000000
7616,200.000000
7617,-240.000000
7618,440.000000
7619,80.000000
7620,240.000000
7621,-80.000000
7622,-80.000000
7623,-360.000000
7624,40.000000
7625,240.000000
7626,640.000000
7627,-320.000000
7628,-160.000000
7629,440.000000
7630,280.000000
7631,-400.000000
7632,-200.000000
7633,0.000000
7634,440.000000
7635,-40.000000
7636,40.000000
7637,-440.000000
7638,280.000000
7639,240.000000
7640,120.000000
7641,-80.000000
7642,160.000000
7643,-120.000000
7644,-440.000000
7645,480.000000
7646,40.000000
7647,80.000000
7648,120.000000
7649,-160.000000
7650,-200.000000
7651,440.000000
7652,-160.000000
7653,-40.000000
7654,-80.000000
7655,-400.000000
7656,0.000000
7657,-240.000000
7658,0.000000
7659,0.000000
7660,-80.000000
7661,680.000000
7662,-80.000000
7663,520.000000
7664,80.000000
7665,0.000000
7666,-80.000000
7667,-80.000000
7668,-80.000000
7669,-80.000000
7670,-960.000000
7671,560.000000
7672,40.000000
7673,-160.000000
7674,120.000000
7675,0.000000
7676,160.000000
7677,-120.000000
7678,-200.000000
7679,-80.000000
7680,-80.000000
7681,-80.000000
7682,-160.000000
7683,-160.000000
7684,-80.000000
7685,0.000000
7686,120.000000
7687,-240.000000
7688,-240.000000
7689,0.000000
7690,-80.000000
7691,0.000000
7692,-360.000000
7693,40.000000
7694,40.000000
7695,-480.000000
7696,-600.000000
7697,440.000000
7698,-160.000000
7699,440.000000
7700,-80.000000
7701,200.000000
7702,80.000000
7703,160.000000
7704,120.000000
7705,240.000000
7706,280.000000
7707,-80.000000
7708,-200.000000
7709,-240.000000
7710,-40.000000
7711,-120.000000
7712,-280.000000
7713,80.000000
7714,240.000000
7715,0.000000
7716,-200.000000
7717,-160.000000
7718,-320.000000
7719,-80.000000
7720,160.000000
7721,200.000000
7722,-80.000000
7723,-80.000000
7724,120.000000
7725,80.000000
7726,-360.000000
7727,160.000000
7728,-80.000000
7729,-160.000000
7730,-80.000000
7731,-80.000000
7732,-200.000000
7733,-120.000000
7734,40.000000
7735,160.000000
7736,40.000000
7737,160.000000
7738,-80.000000
7739,-80.000000
7740,80.000000
7741,-240.000000
7742,160.000000
7743,-200.000000
7744,40.000000
7745,520.000000
7746,-320.000000
7747,160.000000
7748,520.000000
7749,-120.000000
7750,600.000000
7751,0.000000
7752,-520.000000
7753,80.000000
7754,0.000000
7755,0.000000
7756,40.000000
7757,-80.000000
7758,-40.000000
7759,-200.000000
7760,0.000000
7761,-40.000000
7762,0.000000
7763,-120.000000
7764,-120.000000
7765,40.000000
7766,0.000000
7767,120.000000
7768,-200.000000
7769,600.000000
7770,-200.000000
7771,-440.000000
7772,0.000000
7773,-80.000000
7774,400.000000
7775,0.000000
7776,160.000000
7777,-360.000000
7778,-320.000000
7779,-400.000000
7780,120.000000
7781,-640.000000
7782,160.000000
7783,40.000000
7784,-200.000000
7785,-400.000000
7786,0.000000
7787,200.000000
7788,0.000000
7789,40.000000
7790,400.000000
7791,-640.000000
7792,-320.000000
7793,-160.000000
7794,240.000000
7795,-80.000000
7796,200.000000
7797,120.000000
7798,200.000000
7799,-160.000000
7800,160.000000
7801,0.000000
7802,80.000000
7803,160.000000
7804,440.000000
7805,280.000000
7806,0.000000
7807,-600.000000
7808,40.000000
7809,-80.000000
7810,-240.000000
7811,200.000000
7812,280.000000
7813,-160.000000
7814,-40.000000
7815,-80.000000
7816,-200.000000
7817,320.000000
7818,-80.000000
7819,-240.000000
7820,-40.000000
7821,40.000000
7822,0.000000
7823,-40.000000
7824,0.000000
7825,440.000000
7826,0.000000
7827,320.000000
7828,-200.000000
7829,360.000000
7830,320.000000
7831,-720.000000
7832,600.000000
7833,-80.000000
7834,-200.000000
7835,160.000000
7836,-40.000000
7837,0.000000
7838,-80.000000
7839,-80.000000
7840,-280.000000
7841,-440.000000
7842,-280.000000
7843,-280.000000
7844,120.000000
7845,320.000000
7846,80.000000
7847,-520.000000
7848,-200.000000
7849,-40.000000
7850,-80.000000
7851,-80.000000
7852,-320.000000
7853,-120.000000
7854,-280.000000
7855,-280.000000
7856,-80.000000
7857,-80.000000
7858,-80.000000
7859,-80.000000
7860,-320.000000
7861,640.000000
7862,240.000000
7863,40.000000
7864,160.000000
7865,0.000000
7866,-160.000000
7867,-200.000000
7868,280.000000
7869,-320.000000
7870,560.000000
7871,-80.000000
7872,0.000000
7873,-360.000000
7874,320.000000
7875,120.000000
7876,-160.000000
7877,-440.000000
7878,-360.000000
7879,0.000000
7880,120.000000
7881,-120.000000
7882,-160.000000
7883,0.000000
7884,-200.000000
7885,-80.000000
7886,160.000000
7887,-120.000000
7888,-80.000000
7889,-120.000000
7890,0.000000
7891,-240.000000
7892,-80.000000
7893,40.000000
7894,-200.000000
7895,40.000000
7896,40.000000
7897,40.000000
7898,-120.000000
7899,320.000000
7900,240.000000
7901,-400.000000
7902,80.000000
7903,-80.000000
7904,0.000000
7905,-200.000000
7906,0.000000
7907,280.000000
7908,200.000000
7909,760.000000
7910,-440.000000
7911,40.000000
7912,240.000000
7913,-80.000000
7914,-80.000000
7915,40.000000
7916,-440.000000
7917,-80.000000
7918,0.000000
7919,-80.000000
7920,-40.000000
7921,-600.000000
7922,-240.000000
7923,80.000000
7924,-120.000000
7925,0.000000
7926,-80.000000
7927,-80.000000
7928,-40.000000
7929,160.000000
7930,-120.000000
7931,0.000000
7932,-360.000000
7933,-560.000000
7934,120.000000
7935,0.000000
7936,120.000000
7937,-80.000000
7938,0.000000
7939,280.000000
7940,-280.000000
7941,-160.000000
7942,-400.000000
7943,40.000000
7944,-200.000000
7945,-200.000000
7946,120.000000
7947,-280.000000
7948,-120.000000
7949,-120.000000
7950,80.000000
7951,200.000000
7952,-200.000000
7953,440.000000
7954,-200.000000
7955,440.000000
7956,-80.000000
7957,200.000000
7958,160.000000
7959,-280.000000
7960,-80.000000
7961,-360.000000
7962,80.000000
7963,400.000000
7964,80.000000
7965,200.000000
7966,-40.000000
7967,320.000000
7968,-320.000000
7969,440.000000
7970,80.000000
7971,160.000000
7972,-80.000000
7973,440.000000
7974,40.000000
7975,80.000000
7976,280.000000
7977,-80.000000
7978,-160.000000
7979,0.000000
7980,-280.000000
7981,80.000000
7982,-280.000000
7983,120.000000
7984,-200.000000
7985,-200.000000
7986,-80.000000
7987,-320.000000
7988,0.000000
7989,40.000000
7990,120.000000
7991,-400.000000
7992,-80.000000
7993,-40.000000
7994,-360.000000
7995,0.000000
7996,40.000000
7997,-360.000000
7998,-320.000000
7999,160.000000
8000,280.000000
8001,200.000000
8002,-80.000000
8003,-120.000000
8004,0.000000
8005,200.000000
8006,120.000000
8007,-240.000000
8008,80.000000
8009,-120.000000
8010,-120.000000
8011,240.000000
8012,0.000000
8013,520.000000
8014,0.000000
8015,160.000000
8016,-80.000000
8017,-80.000000
8018,160.000000
8019,0.000000
8020,120.000000
8021,-160.000000
8022,-280.000000
8023,-280.000000
8024,-160.000000
8025,0.000000
8026,80.000000
8027,80.000000
8028,-40.000000
8029,0.000000
8030,240.000000
8031,-280.000000
8032,200.000000
8033,-360.000000
8034,-80.000000
8035,-40.000000
8036,0.000000
8037,-320.000000
8038,280.000000
8039,160.000000
8040,-160.000000
8041,-160.000000
8042,-80.000000
8043,520.000000
8044,-160.000000
8045,-200.000000
8046,-120.000000
8047,440.000000
8048,120.000000
8049,200.000000
8050,-160.000000
8051,-320.000000
8052,-160.000000
8053,-400.000000
8054,-120.000000
8055,-80.000000
8056,0.000000
8057,-720.000000
8058,-160.000000
8059,-40.000000
8060,-200.000000
8061,-400.000000
8062,-280.000000
8063,-120.000000
8064,400.000000
8065,320.000000
8066,-80.000000
8067,0.000000
8068,200.000000
8069,-80.000000
8070,-520.000000
8071,40.000000
8072,-120.000000
8073,-120.000000
8074,-280.000000
8075,-80.000000
8076,40.000000
8077,40.000000
8078,-520.000000
8079,-160.000000
8080,-80.000000
8081,-600.000000
8082,-200.000000
8083,-80.000000
8084,0.000000
8085,-80.000000
8086,160.000000
8087,-280.000000
8088,120.000000
8089,120.000000
8090,0.000000
8091,-80.000000
8092,-40.000000
8093,600.000000
8094,-80.000000
8095,-40.000000
8096,200.000000
8097,160.000000
8098,-360.000000
8099,0.000000
8100,40.000000
8101,-240.000000
8102,0.000000
8103,-80.000000
8104,440.000000
8105,0.000000
8106,0.000000
8107,120.000000
8108,0.000000
8109,-80.000000
8110,-240.000000
8111,-760.000000
8112,-240.000000
8113,240.000000
8114,-320.000000
8115,240.000000
8116,-440.000000
8117,0.000000
8118,-440.000000
8119,0.000000
8120,80.000000
8121,200.000000
8122,-80.000000
8123,0.000000
8124,-120.000000
8125,0.000000
8126,-160.000000
8127,-240.000000
8128,0.000000
8129,440.000000
8130,-120.000000
8131,-80.000000
8132,40.000000
8133,0.000000
8134,160.000000
8135,280.000000
8136,-320.000000
8137,-320.000000
8138,0.000000
8139,160.000000
8140,-80.000000
8141,0.000000
8142,-80.000000
8143,160.000000
8144,-200.000000
8145,120.000000
8146,240.000000
8147,40.000000
8148,160.000000
8149,-80.000000
8150,0.000000
8151,120.000000
8152,-480.000000
8153,-120.000000
8154,200.000000
8155,-40.000000
8156,0.000000
8157,-120.000000
8158,-160.000000
8159,-440.000000
8160,120.000000
8161,160.000000
8162,-40.000000
8163,-120.000000
8164,0.000000
8165,-80.000000
8166,40.000000
8167,-120.000000
8168,240.000000
8169,200.000000
8170,-240.000000
8171,640.000000
8172,-120.000000
8173,80.000000
8174,240.000000
8175,-160.000000
8176,-80.000000
8177,0.000000
8178,40.000000
8179,0.000000
8180,-320.000000
8181,720.000000
8182,440.000000
8183,-40.000000
8184,0.000000
8185,0.000000
8186,-160.000000
8187,-400.000000
8188,-160.000000
8189,200.000000
8190,-120.000000
8191,-240.000000
8192,0.000000
8193,-40.000000
8194,120.000000
8195,-40.000000
8196,40.000000
8197,-320.000000
8198,240.000000
8199,640.000000
8200,-240.000000
8201,-40.000000
8202,0.000000
8203,-80.000000
8204,40.000000
8205,-400.000000
8206,-120.000000
8207,-200.000000
8208,-120.000000
8209,-240.000000
8210,-320.000000
8211,-640.000000
8212,-320.000000
8213,-80.000000
8214,-320.000000
8215,440.000000
8216,400.000000
8217,120.000000
8218,120.000000
8219,-80.000000
8220,200.000000
8221,-80.000000
8222,-80.000000
8223,160.000000
8224,-120.000000
8225,-120.000000
8226,0.000000
8227,0.000000
8228,160.000000
8229,0.000000
8230,0.000000
8231,0.000000
8232,-80.000000
8233,760.000000
8234,-160.000000
8235,-40.000000
8236,0.000000
8237,840.000000
8238,0.000000
8239,400.000000
8240,0.000000
8241,-80.000000
8242,40.000000
8243,-200.000000
8244,-120.000000
8245,-160.000000
8246,-320.000000
8247,0.000000
8248,-160.000000
8249,40.000000
8250,40.000000
8251,-80.000000
8252,-120.000000
8253,-360.000000
8254,-200.000000
8255,-560.000000
8256,440.000000
8257,-320.000000
8258,0.000000
8259,160.000000
8260,-160.000000
8261,-240.000000
8262,-280.000000
8263,280.000000
8264,-520.000000
8265,-200.000000
8266,0.000000
8267,200.000000
8268,-320.000000
8269,640.000000
8270,160.000000
8271,240.000000
8272,120.000000
8273,440.000000
8274,-40.000000
8275,-320.000000
8276,80.000000
8277,-120.000000
8278,120.000000
8279,160.000000
8280,40.000000
8281,0.000000
8282,-280.000000
8283,0.000000
8284,200.000000
8285,280.000000
8286,920.000000
8287,-600.000000
8288,200.000000
8289,160.000000
8290,160.000000
8291,240.000000
8292,-160.000000
8293,-160.000000
8294,-40.000000
8295,240.000000
8296,-320.000000
8297,-80.000000
8298,880.000000
8299,0.000000
8300,-200.000000
8301,-200.000000
8302,160.000000
8303,0.000000
8304,-120.000000
8305,-80.000000
8306,-280.000000
8307,40.000000
8308,-280.000000
8309,0.000000
8310,0.000000
8311,-80.000000
8312,-40.000000
8313,320.000000
8314,160.000000
8315,200.000000
8316,0.000000
8317,240.000000
8318,40.000000
8319,640.000000
8320,160.000000
8321,200.000000
8322,-200.000000
8323,40.000000
8324,0.000000
8325,160.000000
8326,-200.000000
8327,-120.000000
8328,120.000000
8329,40.000000
8330,0.000000
8331,120.000000
8332,-80.000000
8333,400.000000
8334,-400.000000
8335,-280.000000
8336,200.000000
8337,-80.000000
8338,0.000000
8339,0.000000
8340,0.000000
8341,-80.000000
8342,-80.000000
8343,40.000000
8344,280.000000
8345,-120.000000
8346,160.000000
8347,-160.000000
8348,160.000000
8349,-80.000000
8350,0.000000
8351,-400.000000
8352,-120.000000
8353,-160.000000
8354,-320.000000
8355,-200.000000
8356,80.000000
8357,-120.000000
8358,-440.000000
8359,0.000000
8360,200.000000
8361,600.000000
8362,640.000000
8363,-120.000000
8364,40.000000
8365,80.000000
8366,160.000000
8367,-80.000000
8368,-200.000000
8369,-120.000000
8370,40.000000
8371,240.000000
8372,-120.000000
8373,-40.000000
8374,160.000000
8375,-80.000000
8376,-160.000000
8377,320.000000
8378,-80.000000
8379,-240.000000
8380,0.000000
8381,240.000000
8382,200.000000
8383,-40.000000
8384,160.000000
8385,320.000000
8386,0.000000
8387,-80.000000
8388,120.000000
8389,80.000000
8390,-160.000000
8391,80.000000
8392,-80.000000
8393,-80.000000
8394,160.000000
8395,-80.000000
8396,200.000000
8397,120.000000
8398,80.000000
8399,80.000000
8400,-200.000000
8401,-160.000000
8402,-120.000000
8403,-280.000000
8404,-200.000000
8405,-360.000000
8406,-240.000000
8407,0.000000
8408,-240.000000
8409,520.000000
8410,-80.000000
8411,-120.000000
8412,200.000000
8413,-80.000000
8414,440.000000
8415,120.000000
8416,120.000000
8417,600.000000
8418,0.000000
8419,-400.000000
8420,200.000000
8421,0.000000
8422,440.000000
8423,-80.000000
8424,200.000000
8425,160.000000
8426,160.000000
8427,-320.000000
8428,120.000000
8429,280.000000
8430,-400.000000
8431,-200.000000
8432,40.000000
8433,-160.000000
8434,440.000000
8435,-320.000000
8436,-80.000000
8437,0.000000
8438,0.000000
8439,-720.000000
8440,160.000000
8441,-80.000000
8442,-120.000000
8443,880.000000
8444,0.000000
8445,-320.000000
8446,0.000000
8447,-320.000000
8448,0.000000
8449,40.000000
8450,-120.000000
8451,-200.000000
8452,0.000000
8453,0.000000
8454,-240.000000
8455,-280.000000
8456,-160.000000
8457,0.000000
8458,0.000000
8459,0.000000
8460,0.000000
8461,-80.000000
8462,720.000000
8463,-160.000000
8464,-200.000000
8465,40.000000
8466,-80.000000
8467,240.000000
8468,720.000000
8469,440.000000
8470,-200.000000
8471,-360.000000
8472,160.000000
8473,-80.000000
8474,200.000000
8475,-120.000000
8476,-200.000000
8477,0.000000
8478,-400.000000
8479,-80.000000
8480,600.000000
8481,-40.000000
8482,0.000000
8483,-40.000000
8484,-280.000000
8485,0.000000
8486,-120.000000
8487,-480.000000
8488,-280.000000
8489,-200.000000
8490,-240.000000
8491,-320.000000
8492,0.000000
8493,-520.000000
8494,-240.000000
8495,0.000000
8496,160.000000
8497,-120.000000
8498,0.000000
8499,440.000000
8500,0.000000
8501,0.000000
8502,-240.000000
8503,80.000000
8504,-160.000000
8505,-80.000000
8506,-80.000000
8507,40.000000
8508,80.000000
8509,-400.000000
8510,-40.000000
8511,40.000000
8512,0.000000
8513,40.000000
8514,-320.000000
8515,40.000000
8516,-200.000000
8517,440.000000
8518,-40.000000
8519,120.000000
8520,-160.000000
8521,240.000000
8522,520.000000
8523,440.000000
8524,480.000000
8525,200.000000
8526,-40.000000
8527,880.000000
8528,-120.000000
8529,-240.000000
8530,160.000000
8531,40.000000
8532,440.000000
8533,200.000000
8534,40.000000
8535,-160.000000
8536,-200.000000
8537,-80.000000
8538,160.000000
8539,-360.000000
8540,240.000000
8541,200.000000
8542,-160.000000
8543,-280.000000
8544,-440.000000
8545,-360.000000
8546,-360.000000
8547,160.000000
8548,-40.000000
8549,-80.000000
8550,200.000000
8551,280.000000
8552,-200.000000
8553,-80.000000
8554,-440.000000
8555,80.000000
8556,320.000000
8557,-40.000000
8558,160.000000
8559,160.000000
8560,-200.000000
8561,0.000000
8562,120.000000
8563,80.000000
8564,240.000000
8565,160.000000
8566,-880.000000
8567,-600.000000
8568,-120.000000
8569,200.000000
8570,120.000000
8571,-80.000000
8572,-320.000000
8573,-240.000000
8574,120.000000
8575,40.000000
8576,-80.000000
8577,-80.000000
8578,-40.000000
8579,-80.000000
8580,-80.000000
8581,-200.000000
8582,-200.000000
8583,200.000000
8584,-520.000000
8585,-80.000000
8586,0.000000
8587,0.000000
8588,-40.000000
8589,280.000000
8590,-120.000000
8591,-80.000000
8592,120.000000
8593,0.000000
8594,-240.000000
8595,0.000000
8596,520.000000
8597,-80.000000
8598,120.000000
8599,-80.000000
8600,-200.000000
8601,-80.000000
8602,80.000000
8603,400.000000
8604,-40.000000
8605,0.000000
8606,0.000000
8607,-280.000000
8608,0.000000
8609,-80.000000
8610,-80.000000
8611,-80.000000
8612,-120.000000
8613,240.000000
8614,-360.000000
8615,760.000000
8616,-200.000000
8617,-80.000000
8618,160.000000
8619,120.000000
8620,-80.000000
8621,-320.000000
8622,-200.000000
8623,120.000000
8624,640.000000
8625,120.000000
8626,-80.000000
8627,80.000000
8628,-160.000000
8629,-200.000000
8630,-280.000000
8631,520.000000
8632,640.000000
8633,-80.000000
8634,-80.000000
8635,-240.000000
8636,200.000000
8637,0.000000
8638,960.000000
8639,-120.000000
8640,80.000000
8641,-280.000000
8642,320.000000
8643,40.000000
8644,160.000000
8645,-360.000000
8646,-280.000000
8647,120.000000
8648,-80.000000
8649,200.000000
8650,-120.000000
8651,280.000000
8652,200.000000
8653,0.000000
8654,-80.000000
8655,-320.000000
8656,-240.000000
8657,120.000000
8658,40.000000
8659,120.000000
8660,-80.000000
8661,400.000000
8662,120.000000
8663,-320.000000
8664,-280.000000
8665,440.000000
8666,-400.000000
8667,-400.000000
8668,-120.000000
8669,-240.000000
8670,40.000000
8671,-400.000000
8672,-40.000000
8673,-80.000000
8674,-120.000000
8675,-80.000000
8676,0.000000
8677,0.000000
8678,-280.000000
8679,0.000000
8680,-40.000000
8681,-40.000000
8682,640.000000
8683,-320.000000
8684,40.000000
8685,-80.000000
8686,-160.000000
8687,400.000000
8688,520.000000
8689,160.000000
8690,40.000000
8691,-160.000000
8692,600.000000
8693,-320.000000
8694,-120.000000
8695,240.000000
8696,-240.000000
8697,-240.000000
8698,-40.000000
8699,720.000000
8700,-40.000000
8701,-240.000000
8702,520.000000
8703,-80.000000
8704,-40.000000
8705,-160.000000
8706,440.000000
8707,-200.000000
8708,40.000000
8709,-440.000000
8710,-80.000000
8711,280.000000
8712,-520.000000
8713,0.000000
8714,-320.000000
8715,0.000000
8716,440.000000
8717,440.000000
8718,240.000000
8719,0.000000
8720,120.000000
8721,-160.000000
8722,-80.000000
8723,440.000000
8724,240.000000
8725,40.000000
8726,40.000000
8727,440.000000
8728,-280.000000
8729,0.000000
8730,-80.000000
8731,400.000000
8732,-720.000000
8733,-280.000000
8734,120.000000
8735,-80.000000
8736,-80.000000
8737,0.000000
8738,400.000000
8739,120.000000
8740,440.000000
8741,200.000000
8742,0.000000
8743,120.000000
8744,440.000000
8745,120.000000
8746,-80.000000
8747,120.000000
8748,-80.000000
8749,80.000000
8750,40.000000
8751,40.000000
8752,240.000000
8753,200.000000
8754,-320.000000
8755,560.000000
8756,40.000000
8757,-80.000000
8758,160.000000
8759,-40.000000
8760,-80.000000
8761,520.000000
8762,120.000000
8763,120.000000
8764,520.000000
8765,-200.000000
8766,120.000000
8767,200.000000
8768,-120.000000
8769,120.000000
8770,320.000000
8771,-160.000000
8772,160.000000
8773,640.000000
8774,80.000000
8775,-240.000000
8776,200.000000
8777,-400.000000
8778,-240.000000
8779,640.000000
8780,-760.000000
8781,200.000000
8782,-480.000000
8783,160.000000
8784,160.000000
8785,80.000000
8786,-40.000000
8787,-80.000000
8788,-80.000000
8789,-200.000000
8790,280.000000
8791,0.000000
8792,-360.000000
8793,120.000000
8794,400.000000
8795,40.000000
8796,-200.000000
8797,-80.000000
8798,-80.000000
8799,80.000000
8800,-440.000000
8801,120.000000
8802,280.000000
8803,240.000000
8804,400.000000
8805,200.000000
8806,120.000000
8807,-160.000000
8808,-80.000000
8809,40.000000
8810,240.000000
8811,0.000000
8812,160.000000
8813,-160.000000
8814,200.000000
8815,0.000000
8816,0.000000
8817,-80.000000
8818,-80.000000
8819,-80.000000
8820,640.000000
8821,-160.000000
8822,-80.000000
8823,40.000000
8824,-80.000000
8825,-280.000000
8826,-120.000000
8827,0.000000
8828,0.000000
8829,-440.000000
8830,-280.000000
8831,-320.000000
8832,-320.000000
8833,-80.000000
8834,0.000000
8835,80.000000
8836,-320.000000
8837,-280.000000
8838,440.000000
8839,-320.000000
8840,-280.000000
8841,-240.000000
8842,-80.000000
8843,160.000000
8844,-360.000000
8845,-120.000000
8846,-80.000000
8847,-40.000000
8848,0.000000
8849,-200.000000
8850,0.000000
8851,-160.000000
8852,0.000000
8853,320.000000
8854,40.000000
8855,-120.000000
8856,-80.000000
8857,-200.000000
8858,120.000000
8859,120.000000
8860,0.000000
8861,-240.000000
8862,40.000000
8863,-80.000000
8864,-320.000000
8865,-80.000000
8866,-200.000000
8867,120.000000
8868,160.000000
8869,200.000000
8870,-120.000000
8871,440.000000
8872,-120.000000
8873,-120.000000
8874,0.000000
8875,-40.000000
8876,-200.000000
8877,240.000000
8878,440.000000
8879,-320.000000
8880,-160.000000
8881,-80.000000
8882,-160.000000
8883,-320.000000
8884,0.000000
8885,200.000000
8886,200.000000
8887,-120.000000
8888,-240.000000
8889,-240.000000
8890,80.000000
8891,-600.000000
8892,200.000000
8893,-80.000000
8894,-80.000000
8895,-120.000000
8896,-440.000000
8897,-80.000000
8898,-40.000000
8899,0.000000
8900,-400.000000
8901,200.000000
8902,160.000000
8903,-80.000000
8904,-400.000000
8905,280.000000
8906,-120.000000
8907,-80.000000
8908,440.000000
8909,0.000000
8910,-40.000000
8911,-80.000000
8912,-80.000000
8913,-40.000000
8914,-520.000000
8915,-320.000000
8916,-80.000000
8917,320.000000
8918,0.000000
8919,-80.000000
8920,0.000000
8921,0.000000
8922,-80.000000
8923,280.000000
8924,-400.000000
8925,-40.000000
8926,40.000000
8927,400.000000
8928,-160.000000
8929,40.000000
8930,-120.000000
8931,280.000000
8932,-80.000000
8933,0.000000
8934,-280.000000
8935,160.000000
8936,160.000000
8937,440.000000
8938,440.000000
8939,400.000000
8940,0.000000
8941,-280.000000
8942,0.000000
8943,400.000000
8944,120.000000
8945,440.000000
8946,-80.000000
8947,-120.000000
8948,240.000000
8949,440.000000
8950,80.000000
8951,-600.000000
8952,-80.000000
8953,-80.000000
8954,0.000000
8955,320.000000
8956,200.000000
8957,80.000000
8958,200.000000
8959,0.000000
8960,80.000000
8961,160.000000
8962,280.000000
8963,-280.000000
8964,-80.000000
8965,-240.000000
8966,-120.000000
8967,80.000000
8968,120.000000
8969,-240.000000
8970,-80.000000
8971,-280.000000
8972,120.000000
8973,0.000000
8974,-80.000000
8975,160.000000
8976,120.000000
8977,40.000000
8978,0.000000
8979,-40.000000
8980,120.000000
8981,-320.000000
8982,-320.000000
8983,720.000000
8984,-280.000000
8985,0.000000
8986,40.000000
8987,-280.000000
8988,-120.000000
8989,560.000000
8990,240.000000
8991,-360.000000
8992,40.000000
8993,-400.000000
8994,280.000000
8995,-520.000000
8996,0.000000
8997,-240.000000
8998,-240.000000
8999,-240.000000
9000,-160.000000
9001,440.000000
9002,-200.000000
9003,-240.000000
9004,440.000000
9005,-240.000000
9006,-200.000000
9007,-240.000000
9008,-200.000000
9009,-280.000000
9010,-120.000000
9011,-440.000000
9012,-160.000000
9013,-80.000000
9014,-240.000000
9015,200.000000
9016,240.000000
9017,-80.000000
9018,600.000000
9019,40.000000
9020,0.000000
9021,-160.000000
9022,520.000000
9023,440.000000
9024,640.000000
9025,0.000000
9026,440.000000
9027,-80.000000
9028,-400.000000
9029,-160.000000
9030,600.000000
9031,-200.000000
9032,160.000000
9033,-80.000000
9034,0.000000
9035,-40.000000
9036,-120.000000
9037,-160.000000
9038,280.000000
9039,-40.000000
9040,80.000000
9041,80.000000
9042,-200.000000
9043,280.000000
9044,760.000000
9045,-320.000000
9046,-120.000000
9047,0.000000
9048,240.000000
9049,0.000000
9050,80.000000
9051,-80.000000
9052,160.000000
9053,-400.000000
9054,40.000000
9055,40.000000
9056,-360.000000
9057,240.000000
9058,-160.000000
9059,80.000000
9060,-160.000000
9061,440.000000
9062,160.000000
9063,-200.000000
9064,-160.000000
9065,-200.000000
9066,0.000000
9067,-200.000000
9068,-200.000000
9069,-80.000000
9070,-200.000000
9071,-520.000000
9072,-320.000000
9073,-80.000000
9074,240.000000
9075,200.000000
9076,-80.000000
9077,-80.000000
9078,-200.000000
9079,200.000000
9080,-280.000000
9081,160.000000
9082,240.000000
9083,400.000000
9084,-80.000000
9085,-120.000000
9086,240.000000
9087,40.000000
9088,-520.000000
9089,160.000000
9090,160.000000
9091,-80.000000
9092,-80.000000
9093,-160.000000
9094,-160.000000
9095,280.000000
9096,-120.000000
9097,-120.000000
9098,-120.000000
9099,-120.000000
9100,-240.000000
9101,0.000000
9102,80.000000
9103,-120.000000
9104,240.000000
9105,-80.000000
9106,0.000000
9107,80.000000
9108,160.000000
9109,40.000000
9110,-40.000000
9111,280.000000
9112,0.000000
9113,160.000000
9114,-520.000000
9115,320.000000
9116,40.000000
9117,80.000000
9118,-320.000000
9119,-240.000000
9120,320.000000
9121,-440.000000
9122,-120.000000
9123,-80.000000
9124,40.000000
9125,80.000000
9126,80.000000
9127,0.000000
9128,0.000000
9129,0.000000
9130,-600.000000
9131,40.000000
9132,-280.000000
9133,-280.000000
9134,80.000000
9135,80.000000
9136,200.000000
9137,-440.000000
9138,-440.000000
9139,80.000000
9140,-120.000000
9141,-40.000000
9142,-80.000000
9143,-80.000000
9144,120.000000
9145,120.000000
9146,200.000000
9147,-440.000000
9148,-80.000000
9149,40.000000
9150,-40.000000
9151,-160.000000
9152,80.000000
9153,80.000000
9154,40.000000
9155,240.000000
9156,200.000000
9157,-120.000000
9158,-160.000000
9159,520.000000
9160,-80.000000
9161,0.000000
9162,160.000000
9163,120.000000
9164,0.000000
9165,520.000000
9166,0.000000
9167,40.000000
9168,-120.000000
9169,-320.000000
9170,0.000000
9171,-120.000000
9172,-80.000000
9173,-80.000000
9174,0.000000
9175,-200.000000
9176,0.000000
9177,-200.000000
9178,120.000000
9179,-80.000000
9180,0.000000
9181,-400.000000
9182,-200.000000
9183,0.000000
9184,440.000000
9185,200.000000
9186,-120.000000
9187,40.000000
9188,-80.000000
9189,0.000000
9190,0.000000
9191,0.000000
9192,40.000000
9193,-40.000000
9194,-280.000000
9195,240.000000
9196,-160.000000
9197,0.000000
9198,240.000000
9199,-240.000000
9200,120.000000
9201,-120.000000
9202,-360.000000
9203,160.000000
9204,-240.000000
9205,80.000000
9206,-80.000000
9207,-160.000000
9208,0.000000
9209,40.000000
9210,-200.000000
9211,-200.000000
9212,440.000000
9213,0.000000
9214,200.000000
9215,0.000000
9216,0.000000
9217,-40.000000
9218,-120.000000
9219,-120.000000
9220,120.000000
9221,-280.000000
9222,-400.000000
9223,-200.000000
9224,-280.000000
9225,80.000000
9226,280.000000
9227,-160.000000
9228,280.000000
9229,600.000000
9230,120.000000
9231,-80.000000
9232,-80.000000
9233,-80.000000
9234,-400.000000
9235,0.000000
9236,-240.000000
9237,-240.000000
9238,-240.000000
9239,0.000000
9240,-160.000000
9241,200.000000
9242,-160.000000
9243,80.000000
9244,-120.000000
9245,0.000000
9246,-440.000000
9247,-360.000000
9248,-280.000000
9249,160.000000
9250,-80.000000
9251,-40.000000
9252,0.000000
9253,-160.000000
9254,40.000000
9255,-440.000000
9256,-320.000000
9257,-80.000000
9258,-80.000000
9259,160.000000
9260,-280.000000
9261,-440.000000
9262,-200.000000
9263,0.000000
9264,200.000000
9265,160.000000
9266,-80.000000
9267,-240.000000
9268,-80.000000
9269,40.000000
9270,320.000000
9271,80.000000
9272,-120.000000
9273,-200.000000
9274,-320.000000
9275,40.000000
9276,-320.000000
9277,-160.000000
9278,-240.000000
9279,-120.000000
9280,-400.000000
9281,120.000000
9282,320.000000
9283,80.000000
9284,120.000000
9285,80.000000
9286,-80.000000
9287,-40.000000
9288,800.000000
9289,0.000000
9290,0.000000
9291,-80.000000
9292,240.000000
9293,80.000000
9294,80.000000
9295,-160.000000
9296,0.000000
9297,-80.000000
9298,40.000000
9299,0.000000
9300,-80.000000
9301,200.000000
9302,-40.000000
9303,-40.000000
9304,80.000000
9305,40.000000
9306,0.000000
9307,440.000000
9308,-80.000000
9309,-80.000000
9310,-120.000000
9311,0.000000
9312,40.000000
9313,-120.000000
9314,-80.000000
9315,160.000000
9316,-200.000000
9317,160.000000
9318,-360.000000
9319,-800.000000
9320,40.000000
9321,0.000000
9322,-120.000000
9323,600.000000
9324,-80.000000
9325,-80.000000
9326,40.000000
9327,0.000000
9328,440.000000
9329,0.000000
9330,-240.000000
9331,-200.000000
9332,-80.000000
9333,-80.000000
9334,-80.000000
9335,520.000000
9336,40.000000
9337,-160.000000
9338,-400.000000
9339,-160.000000
9340,-240.000000
9341,40.000000
9342,-200.000000
9343,-160.000000
9344,320.000000
9345,120.000000
9346,-80.000000
9347,0.000000
9348,200.000000
9349,200.000000
9350,-400.000000
9351,-560.000000
9352,-120.000000
9353,-80.000000
9354,40.000000
9355,40.000000
9356,0.000000
9357,200.000000
9358,-40.000000
9359,-80.000000
9360,-280.000000
9361,600.000000
9362,40.000000
9363,-520.000000
9364,-80.000000
9365,-320.000000
9366,80.000000
9367,-40.000000
9368,-200.000000
9369,-120.000000
9370,-80.000000
9371,-40.000000
9372,-120.000000
9373,200.000000
9374,520.000000
9375,-80.000000
9376,-320.000000
9377,200.000000
9378,-80.000000
9379,-280.000000
9380,-80.000000
9381,40.000000
9382,-600.000000
9383,-80.000000
9384,280.000000
9385,160.000000
9386,640.000000
9387,200.000000
9388,0.000000
9389,-160.000000
9390,280.000000
9391,-720.000000
9392,0.000000
9393,440.000000
9394,240.000000
9395,-440.000000
9396,240.000000
9397,0.000000
9398,200.000000
9399,-80.000000
9400,440.000000
9401,-600.000000
9402,0.000000
9403,120.000000
9404,160.000000
9405,-80.000000
9406,-320.000000
9407,-440.000000
9408,120.000000
9409,160.000000
9410,-280.000000
9411,-80.000000
9412,-360.000000
9413,40.000000
9414,120.000000
9415,-440.000000
9416,120.000000
9417,80.000000
9418,-360.000000
9419,80.000000
9420,40.000000
9421,-80.000000
9422,40.000000
9423,-440.000000
9424,-80.000000
9425,-320.000000
9426,280.000000
9427,520.000000
9428,160.000000
9429,160.000000
9430,-280.000000
9431,80.000000
9432,-80.000000
9433,-80.000000
9434,120.000000
9435,160.000000
9436,240.000000
9437,440.000000
9438,240.000000
9439,-120.000000
9440,-440.000000
9441,-80.000000
9442,520.000000
9443,200.000000
9444,-80.000000
9445,0.000000
9446,40.000000
9447,320.000000
9448,-320.000000
9449,-80.000000
9450,-40.000000
9451,0.000000
9452,-80.000000
9453,-80.000000
9454,80.000000
9455,-120.000000
9456,80.000000
9457,80.000000
9458,240.000000
9459,-120.000000
9460,160.000000
9461,80.000000
9462,-80.000000
9463,-80.000000
9464,920.000000
9465,0.000000
9466,-240.000000
9467,-240.000000
9468,520.000000
9469,240.000000
9470,120.000000
9471,80.000000
9472,-240.000000
9473,80.000000
9474,160.000000
9475,-80.000000
9476,-160.000000
9477,-40.000000
9478,0.000000
9479,280.000000
9480,80.000000
9481,-200.000000
9482,-240.000000
9483,520.000000
9484,-80.000000
9485,0.000000
9486,-400.000000
9487,280.000000
9488,-400.000000
9489,200.000000
9490,-80.000000
9491,-80.000000
9492,-200.000000
9493,160.000000
9494,-280.000000
9495,-80.000000
9496,-40.000000
9497,440.000000
9498,520.000000
9499,-80.000000
9500,-120.000000
9501,-80.000000
9502,-120.000000
9503,0.000000
9504,-80.000000
9505,-120.000000
9506,160.000000
9507,80.000000
9508,240.000000
9509,-360.000000
9510,-120.000000
9511,-280.000000
9512,0.000000
9513,-240.000000
9514,280.000000
9515,-80.000000
9516,80.000000
9517,80.000000
9518,-280.000000
9519,-80.000000
9520,320.000000
9521,-200.000000
9522,-80.000000
9523,-120.000000
9524,600.000000
9525,-320.000000
9526,0.000000
9527,920.000000
9528,-240.000000
9529,40.000000
9530,-40.000000
9531,120.000000
9532,-440.000000
9533,-160.000000
9534,-280.000000
9535,80.000000
9536,40.000000
9537,240.000000
9538,-320.000000
9539,-360.000000
9540,520.000000
9541,-80.000000
9542,-80.000000
9543,0.000000
9544,-200.000000
9545,40.000000
9546,1000.000000
9547,-160.000000
9548,40.000000
9549,0.000000
9550,-520.000000
9551,120.000000
9552,440.000000
9553,0.000000
9554,0.000000
9555,240.000000
9556,80.000000
9557,240.000000
9558,-560.000000
9559,320.000000
9560,0.000000
9561,40.000000
9562,-160.000000
9563,240.000000
9564,-80.000000
9565,-320.000000
9566,-80.000000
9567,0.000000
9568,-80.000000
9569,0.000000
9570,-280.000000
9571,600.000000
9572,-840.000000
9573,120.000000
9574,240.000000
9575,120.000000
9576,280.000000
9577,-560.000000
9578,320.000000
9579,40.000000
9580,-160.000000
9581,-440.000000
9582,0.000000
9583,-80.000000
9584,-280.000000
9585,-200.000000
9586,0.000000
9587,440.000000
9588,-320.000000
9589,320.000000
9590,560.000000
9591,400.000000
9592,-80.000000
9593,-600.000000
9594,0.000000
9595,-160.000000
9596,-600.000000
9597,-240.000000
9598,-840.000000
9599,40.000000
9600,-80.000000
9601,-40.000000
9602,-40.000000
9603,160.000000
9604,-200.000000
9605,160.000000
9606,600.000000
9607,-280.000000
9608,-400.000000
9609,-80.000000
9610,-120.000000
9611,-160.000000
9612,-80.000000
9613,120.000000
9614,0.000000
9615,-520.000000
9616,-280.000000
9617,80.000000
9618,-320.000000
9619,-40.000000
9620,520.000000
9621,520.000000
9622,0.000000
9623,-160.000000
9624,200.000000
9625,240.000000
9626,0.000000
9627,240.000000
9628,-280.000000
9629,-280.000000
9630,160.000000
9631,440.000000
9632,240.000000
9633,-80.000000
9634,1160.000000
9635,-80.000000
9636,520.000000
9637,160.000000
9638,40.000000
9639,-80.000000
9640,-160.000000
9641,200.000000
9642,-160.000000
9643,-240.000000
9644,0.000000
9645,0.000000
9646,-280.000000
9647,160.000000
9648,40.000000
9649,80.000000
9650,0.000000
9651,160.000000
9652,40.000000
9653,120.000000
9654,120.000000
9655,280.000000
9656,160.000000
9657,-440.000000
9658,80.000000
9659,0.000000
9660,440.000000
9661,0.000000
9662,-160.000000
9663,-40.000000
9664,-80.000000
9665,-400.000000
9666,160.000000
9667,-320.000000
9668,-80.000000
9669,-440.000000
9670,-80.000000
9671,-80.000000
9672,160.000000
9673,240.000000
9674,160.000000
9675,-80.000000
9676,40.000000
9677,-80.000000
9678,40.000000
9679,-200.000000
9680,160.000000
9681,80.000000
9682,40.000000
9683,0.000000
9684,-200.000000
9685,-200.000000
9686,40.000000
9687,-240.000000
9688,-160.000000
9689,-320.000000
9690,-400.000000
9691,-280.000000
9692,-120.000000
9693,-160.000000
9694,0.000000
9695,480.000000
9696,120.000000
9697,-200.000000
9698,440.000000
9699,-120.000000
9700,760.000000
9701,-80.000000
9702,640.000000
9703,200.000000
9704,40.000000
9705,80.000000
9706,-80.000000
9707,-160.000000
9708,-280.000000
9709,-240.000000
9710,0.000000
9711,-80.000000
9712,-80.000000
9713,-80.000000
9714,160.000000
9715,240.000000
9716,-400.000000
9717,40.000000
9718,-80.000000
9719,-280.000000
9720,40.000000
9721,40.000000
9722,-240.000000
9723,440.000000
9724,360.000000
9725,120.000000
9726,40.000000
9727,520.000000
9728,-80.000000
9729,600.000000
9730,-120.000000
9731,-200.000000
9732,-240.000000
9733,-160.000000
9734,-320.000000
9735,0.000000
9736,160.000000
9737,200.000000
9738,120.000000
9739,80.000000
9740,120.000000
9741,-80.000000
9742,-240.000000
9743,-240.000000
9744,-360.000000
9745,-200.000000
9746,-200.000000
9747,-280.000000
9748,-240.000000
9749,-80.000000
9750,-80.000000
9751,-120.000000
9752,-80.000000
9753,40.000000
9754,0.000000
9755,0.000000
9756,160.000000
9757,-160.000000
9758,240.000000
9759,200.000000
9760,-240.000000
9761,160.000000
9762,160.000000
9763,80.000000
9764,40.000000
9765,-240.000000
9766,80.000000
9767,40.000000
9768,440.000000
9769,-200.000000
9770,-280.000000
9771,240.000000
9772,200.000000
9773,200.000000
9774,120.000000
9775,200.000000
9776,-160.000000
9777,280.000000
9778,40.000000
9779,240.000000
9780,-80.000000
9781,-120.000000
9782,-80.000000
9783,40.000000
9784,-80.000000
9785,-80.000000
9786,-520.000000
9787,-120.000000
9788,0.000000
9789,200.000000
9790,-120.000000
9791,40.000000
9792,40.000000
9793,40.000000
9794,-80.000000
9795,120.000000
9796,40.000000
9797,-160.000000
9798,-360.000000
9799,-280.000000
9800,200.000000
9801,-360.000000
9802,320.000000
9803,120.000000
9804,40.000000
9805,-120.000000
9806,-320.000000
9807,-80.000000
9808,560.000000
9809,0.000000
9810,440.000000
9811,-40.000000
9812,120.000000
9813,-80.000000
9814,80.000000
9815,120.000000
9816,120.000000
9817,-160.000000
9818,-80.000000
9819,-80.000000
9820,-80.000000
9821,-160.000000
9822,160.000000
9823,440.000000
9824,-280.000000
9825,0.000000
9826,0.000000
9827,-200.000000
9828,200.000000
9829,-240.000000
9830,120.000000
9831,-320.000000
9832,-200.000000
9833,0.000000
9834,-120.000000
9835,-40.000000
9836,80.000000
9837,120.000000
9838,-80.000000
9839,240.000000
9840,200.000000
9841,40.000000
9842,-80.000000
9843,160.000000
9844,400.000000
9845,-80.000000
9846,-80.000000
9847,-40.000000
9848,440.000000
9849,-240.000000
9850,-80.000000
9851,-120.000000
9852,200.000000
9853,-360.000000
9854,0.000000
9855,-440.000000
9856,-40.000000
9857,-120.000000
9858,-80.000000
9859,-240.000000
9860,-320.000000
9861,80.000000
9862,0.000000
9863,-560.000000
9864,-280.000000
9865,-320.000000
9866,240.000000
9867,200.000000
9868,-40.000000
9869,-320.000000
9870,40.000000
9871,-160.000000
9872,-80.000000
9873,-80.000000
9874,40.000000
9875,40.000000
9876,160.000000
9877,-520.000000
9878,40.000000
9879,80.000000
9880,-400.000000
9881,-80.000000
9882,40.000000
9883,-440.000000
9884,80.000000
9885,0.000000
9886,-40.000000
9887,-80.000000
9888,-40.000000
9889,-600.000000
9890,-40.000000
9891,160.000000
9892,40.000000
9893,-80.000000
9894,-640.000000
9895,-160.000000
9896,240.000000
9897,40.000000
9898,0.000000
9899,0.000000
9900,240.000000
9901,40.000000
9902,0.000000
9903,-320.000000
9904,120.000000
9905,-80.000000
9906,0.000000
9907,40.000000
9908,-320.000000
9909,280.000000
9910,-80.000000
9911,200.000000
9912,-200.000000
9913,-160.000000
9914,-200.000000
9915,-80.000000
9916,-120.000000
9917,-120.000000
9918,-120.000000
9919,-440.000000
9920,-120.000000
9921,-320.000000
9922,-320.000000
9923,160.000000
9924,600.000000
9925,-200.000000
9926,-160.000000
9927,-80.000000
9928,80.000000
9929,0.000000
9930,120.000000
9931,80.000000
9932,-160.000000
9933,-120.000000
9934,520.000000
9935,0.000000
9936,-400.000000
9937,120.000000
9938,40.000000
9939,-360.000000
9940,-280.000000
9941,-80.000000
9942,-120.000000
9943,0.000000
9944,-80.000000
9945,-80.000000
9946,200.000000
9947,-120.000000
9948,-240.000000
9949,120.000000
9950,120.000000
9951,120.000000
9952,80.000000
9953,0.000000
9954,-120.000000
9955,80.000000
9956,0.000000
9957,0.000000
9958,0.000000
9959,0.000000
9960,-120.000000
9961,80.000000
9962,0.000000
9963,-120.000000
9964,-80.000000
9965,120.000000
9966,-240.000000
9967,40.000000
9968,40.000000
9969,-680.000000
9970,80.000000
9971,40.000000
9972,-200.000000
9973,200.000000
9974,-80.000000
9975,-120.000000
9976,520.000000
9977,0.000000
9978,0.000000
9979,520.000000
9980,0.000000
9981,-200.000000
9982,80.000000
9983,80.000000
9984,280.000000
9985,-80.000000
9986,-200.000000
9987,-160.000000
9988,240.000000
9989,-600.000000
9990,-240.000000
9991,-240.000000
9992,0.000000
9993,-280.000000
9994,640.000000
9995,600.000000
9996,40.000000
9997,-640.000000
9998,-80.000000
9999,-160.000000
10000,680.000000
