Channel              :,CH1
Frequency            :,13.57Hz
Period               :,73.67ms
PK-PK                :,260.0mV
Probe attenuation    :,1X
Voltage per ADC value:,0.250000mV
Time interval        :,100.00000us

index,CH1_Voltage(mV)
1,-12.000000
2,-12.000000
3,8.000000
4,0.000000
5,24.000000
6,-40.000000
7,8.000000
8,44.000000
9,56.000000
10,12.000000
11,8.000000
12,-4.000000
13,24.000000
14,88.000000
15,12.000000
16,0.000000
17,0.000000
18,16.000000
19,8.000000
20,-12.000000
21,-8.000000
22,20.000000
23,20.000000
24,0.000000
25,-52.000000
26,24.000000
27,-8.000000
28,-12.000000
29,0.000000
30,16.000000
31,-44.000000
32,40.000000
33,8.000000
34,-16.000000
35,4.000000
36,-20.000000
37,-32.000000
38,8.000000
39,4.000000
40,-8.000000
41,0.000000
42,4.000000
43,-8.000000
44,4.000000
45,-56.000000
46,0.000000
47,40.000000
48,20.000000
49,-8.000000
50,-40.000000
51,-4.000000
52,-12.000000
53,0.000000
54,-8.000000
55,0.000000
56,0.000000
57,-20.000000
58,-64.000000
59,-8.000000
60,-28.000000
61,4.000000
62,-16.000000
63,-8.000000
64,12.000000
65,-16.000000
66,24.000000
67,-36.000000
68,28.000000
69,4.000000
70,-28.000000
71,-8.000000
72,-8.000000
73,-16.000000
74,-32.000000
75,-24.000000
76,20.000000
77,-4.000000
78,20.000000
79,-20.000000
80,-48.000000
81,-48.000000
82,-12.000000
83,-20.000000
84,4.000000
85,-8.000000
86,28.000000
87,16.000000
88,-4.000000
89,12.000000
90,-4.000000
91,-16.000000
92,-8.000000
93,24.000000
94,20.000000
95,0.000000
96,0.000000
97,12.000000
98,0.000000
99,20.000000
100,-36.000000
101,-12.000000
102,-16.000000
103,-24.000000
104,32.000000
105,0.000000
106,60.000000
107,-24.000000
108,4.000000
109,-8.000000
110,-40.000000
111,-12.000000
112,4.000000
113,4.000000
114,-44.000000
115,0.000000
116,0.000000
117,8.000000
118,0.000000
119,40.000000
120,44.000000
121,-12.000000
122,0.000000
123,24.000000
124,-20.000000
125,24.000000
126,-8.000000
127,-24.000000
128,20.000000
129,20.000000
130,-24.000000
131,20.000000
132,12.000000
133,4.000000
134,-28.000000
135,-8.000000
136,8.000000
137,8.000000
138,20.000000
139,16.000000
140,-44.000000
141,8.000000
142,0.000000
143,-12.000000
144,-24.000000
145,12.000000
146,20.000000
147,-16.000000
148,-12.000000
149,-20.000000
150,12.000000
151,-20.000000
152,16.000000
153,0.000000
154,-32.000000
155,-20.000000
156,8.000000
157,12.000000
158,-8.000000
159,16.000000
160,-8.000000
161,28.000000
162,-12.000000
163,-4.000000
164,8.000000
165,48.000000
166,0.000000
167,-16.000000
168,24.000000
169,0.000000
170,-24.000000
171,12.000000
172,12.000000
173,-24.000000
174,-24.000000
175,-4.000000
176,16.000000
177,12.000000
178,-12.000000
179,16.000000
180,-24.000000
181,-24.000000
182,0.000000
183,16.000000
184,0.000000
185,0.000000
186,0.000000
187,44.000000
188,-32.000000
189,44.000000
190,-4.000000
191,-32.000000
192,-12.000000
193,-8.000000
194,20.000000
195,-8.000000
196,-32.000000
197,8.000000
198,-16.000000
199,-32.000000
200,16.000000
201,-100.000000
202,0.000000
203,-8.000000
204,-24.000000
205,-8.000000
206,-32.000000
207,4.000000
208,20.000000
209,-36.000000
210,-36.000000
211,20.000000
212,-4.000000
213,0.000000
214,84.000000
215,-32.000000
216,-8.000000
217,-24.000000
218,0.000000
219,-48.000000
220,-28.000000
221,16.000000
222,-20.000000
223,-16.000000
224,-24.000000
225,-8.000000
226,0.000000
227,-16.000000
228,12.000000
229,12.000000
230,-24.000000
231,80.000000
232,20.000000
233,0.000000
234,-8.000000
235,12.000000
236,-8.000000
237,-20.000000
238,-12.000000
239,-16.000000
240,-20.000000
241,4.000000
242,-4.000000
243,12.000000
244,20.000000
245,40.000000
246,44.000000
247,-20.000000
248,-12.000000
249,8.000000
250,-4.000000
251,-8.000000
252,0.000000
253,0.000000
254,16.000000
255,8.000000
256,-8.000000
257,-8.000000
258,-8.000000
259,28.000000
260,-28.000000
261,-4.000000
262,-16.000000
263,-8.000000
264,-16.000000
265,0.000000
266,-32.000000
267,44.000000
268,24.000000
269,-16.000000
270,-24.000000
271,28.000000
272,-8.000000
273,16.000000
274,20.000000
275,-4.000000
276,8.000000
277,-36.000000
278,44.000000
279,8.000000
280,20.000000
281,-12.000000
282,12.000000
283,-8.000000
284,52.000000
285,-48.000000
286,0.000000
287,-44.000000
288,16.000000
289,-32.000000
290,-8.000000
291,-20.000000
292,32.000000
293,4.000000
294,-8.000000
295,-12.000000
296,12.000000
297,-20.000000
298,-12.000000
299,-12.000000
300,-32.000000
301,-28.000000
302,28.000000
303,-20.000000
304,-16.000000
305,-8.000000
306,-4.000000
307,-16.000000
308,-16.000000
309,-32.000000
310,0.000000
311,-28.000000
312,-28.000000
313,-28.000000
314,-40.000000
315,-20.000000
316,4.000000
317,-20.000000
318,4.000000
319,-32.000000
320,-16.000000
321,-12.000000
322,-20.000000
323,4.000000
324,-8.000000
325,-8.000000
326,-40.000000
327,8.000000
328,40.000000
329,4.000000
330,-8.000000
331,-24.000000
332,-36.000000
333,-8.000000
334,-28.000000
335,-24.000000
336,0.000000
337,-16.000000
338,-36.000000
339,68.000000
340,-16.000000
341,-32.000000
342,-16.000000
343,-16.000000
344,24.000000
345,-8.000000
346,-8.000000
347,76.000000
348,4.000000
349,-24.000000
350,12.000000
351,-8.000000
352,12.000000
353,-24.000000
354,28.000000
355,4.000000
356,-20.000000
357,28.000000
358,-24.000000
359,-32.000000
360,24.000000
361,-24.000000
362,0.000000
363,0.000000
364,-8.000000
365,-4.000000
366,-16.000000
367,-12.000000
368,-32.000000
369,-40.000000
370,16.000000
371,12.000000
372,44.000000
373,0.000000
374,-44.000000
375,24.000000
376,0.000000
377,48.000000
378,-36.000000
379,-52.000000
380,24.000000
381,16.000000
382,12.000000
383,-8.000000
384,16.000000
385,16.000000
386,32.000000
387,8.000000
388,-8.000000
389,-52.000000
390,8.000000
391,12.000000
392,8.000000
393,8.000000
394,-28.000000
395,-4.000000
396,40.000000
397,24.000000
398,-44.000000
399,20.000000
400,4.000000
401,-32.000000
402,4.000000
403,-20.000000
404,-8.000000
405,40.000000
406,16.000000
407,-8.000000
408,-28.000000
409,52.000000
410,44.000000
411,24.000000
412,28.000000
413,16.000000
414,-12.000000
415,4.000000
416,-8.000000
417,-4.000000
418,-12.000000
419,-12.000000
420,0.000000
421,4.000000
422,0.000000
423,8.000000
424,4.000000
425,8.000000
426,0.000000
427,-56.000000
428,-48.000000
429,-12.000000
430,-100.000000
431,-16.000000
432,-8.000000
433,16.000000
434,0.000000
435,-12.000000
436,-12.000000
437,4.000000
438,52.000000
439,24.000000
440,12.000000
441,4.000000
442,0.000000
443,-8.000000
444,20.000000
445,-8.000000
446,-8.000000
447,-8.000000
448,-36.000000
449,-12.000000
450,-4.000000
451,-4.000000
452,-32.000000
453,-8.000000
454,4.000000
455,-20.000000
456,28.000000
457,-16.000000
458,40.000000
459,-64.000000
460,12.000000
461,8.000000
462,-8.000000
463,-28.000000
464,-24.000000
465,-32.000000
466,-12.000000
467,52.000000
468,0.000000
469,4.000000
470,-8.000000
471,-4.000000
472,24.000000
473,8.000000
474,8.000000
475,-12.000000
476,-28.000000
477,44.000000
478,4.000000
479,4.000000
480,52.000000
481,-24.000000
482,-24.000000
483,8.000000
484,84.000000
485,-16.000000
486,8.000000
487,-28.000000
488,-40.000000
489,-28.000000
490,-4.000000
491,0.000000
492,20.000000
493,-20.000000
494,-4.000000
495,120.000000
496,-24.000000
497,44.000000
498,20.000000
499,32.000000
500,40.000000
501,32.000000
502,24.000000
503,24.000000
504,-24.000000
505,4.000000
506,8.000000
507,24.000000
508,56.000000
509,-52.000000
510,-28.000000
511,-28.000000
512,-12.000000
513,24.000000
514,-12.000000
515,-28.000000
516,0.000000
517,-12.000000
518,-16.000000
519,-20.000000
520,-8.000000
521,-24.000000
522,16.000000
523,-8.000000
524,44.000000
525,4.000000
526,8.000000
527,-28.000000
528,0.000000
529,36.000000
530,4.000000
531,4.000000
532,56.000000
533,4.000000
534,-8.000000
535,4.000000
536,4.000000
537,16.000000
538,-8.000000
539,-8.000000
540,-16.000000
541,12.000000
542,-24.000000
543,16.000000
544,-12.000000
545,12.000000
546,-60.000000
547,-20.000000
548,-20.000000
549,0.000000
550,0.000000
551,24.000000
552,-24.000000
553,0.000000
554,52.000000
555,8.000000
556,-48.000000
557,-32.000000
558,-40.000000
559,-20.000000
560,4.000000
561,8.000000
562,4.000000
563,4.000000
564,-48.000000
565,16.000000
566,60.000000
567,-24.000000
568,-28.000000
569,28.000000
570,-24.000000
571,8.000000
572,72.000000
573,-48.000000
574,-16.000000
575,-8.000000
576,-8.000000
577,-8.000000
578,-40.000000
579,-4.000000
580,-20.000000
581,0.000000
582,-32.000000
583,-8.000000
584,-24.000000
585,16.000000
586,-12.000000
587,4.000000
588,-16.000000
589,-16.000000
590,-16.000000
591,0.000000
592,-32.000000
593,-32.000000
594,-20.000000
595,-80.000000
596,4.000000
597,52.000000
598,8.000000
599,0.000000
600,-32.000000
601,-28.000000
602,12.000000
603,-12.000000
604,44.000000
605,-32.000000
606,24.000000
607,8.000000
608,-4.000000
609,-24.000000
610,28.000000
611,20.000000
612,12.000000
613,24.000000
614,-32.000000
615,16.000000
616,0.000000
617,-40.000000
618,4.000000
619,-28.000000
620,-8.000000
621,20.000000
622,12.000000
623,8.000000
624,0.000000
625,-8.000000
626,8.000000
627,-32.000000
628,-16.000000
629,-40.000000
630,40.000000
631,-20.000000
632,0.000000
633,0.000000
634,-60.000000
635,-20.000000
636,52.000000
637,-8.000000
638,4.000000
639,28.000000
640,16.000000
641,52.000000
642,0.000000
643,0.000000
644,12.000000
645,8.000000
646,8.000000
647,-28.000000
648,24.000000
649,4.000000
650,-36.000000
651,4.000000
652,20.000000
653,20.000000
654,0.000000
655,-20.000000
656,-52.000000
657,-20.000000
658,44.000000
659,12.000000
660,40.000000
661,4.000000
662,0.000000
663,-40.000000
664,-8.000000
665,-12.000000
666,-60.000000
667,-20.000000
668,0.000000
669,-24.000000
670,-20.000000
671,-16.000000
672,-24.000000
673,4.000000
674,-8.000000
675,-24.000000
676,28.000000
677,-16.000000
678,-32.000000
679,-28.000000
680,68.000000
681,-12.000000
682,72.000000
683,64.000000
684,-32.000000
685,-12.000000
686,-20.000000
687,44.000000
688,0.000000
689,-32.000000
690,-12.000000
691,-20.000000
692,-24.000000
693,4.000000
694,60.000000
695,8.000000
696,-16.000000
697,-12.000000
698,0.000000
699,0.000000
700,0.000000
701,16.000000
702,-8.000000
703,-20.000000
704,-40.000000
705,20.000000
706,-48.000000
707,-40.000000
708,32.000000
709,4.000000
710,-4.000000
711,-28.000000
712,-8.000000
713,32.000000
714,12.000000
715,-8.000000
716,16.000000
717,-8.000000
718,-20.000000
719,0.000000
720,20.000000
721,24.000000
722,28.000000
723,-16.000000
724,16.000000
725,-24.000000
726,16.000000
727,8.000000
728,24.000000
729,20.000000
730,4.000000
731,4.000000
732,0.000000
733,56.000000
734,44.000000
735,-16.000000
736,4.000000
737,24.000000
738,16.000000
739,16.000000
740,-12.000000
741,-20.000000
742,0.000000
743,-32.000000
744,8.000000
745,8.000000
746,24.000000
747,12.000000
748,12.000000
749,32.000000
750,-28.000000
751,12.000000
752,24.000000
753,40.000000
754,20.000000
755,-4.000000
756,-4.000000
757,-12.000000
758,-4.000000
759,-4.000000
760,12.000000
761,-8.000000
762,-8.000000
763,-24.000000
764,16.000000
765,-24.000000
766,-80.000000
767,-8.000000
768,-28.000000
769,-36.000000
770,-20.000000
771,28.000000
772,24.000000
773,-52.000000
774,0.000000
775,0.000000
776,-8.000000
777,0.000000
778,-8.000000
779,-28.000000
780,8.000000
781,-20.000000
782,28.000000
783,-28.000000
784,8.000000
785,4.000000
786,-16.000000
787,-20.000000
788,16.000000
789,-28.000000
790,-24.000000
791,-40.000000
792,-40.000000
793,-16.000000
794,12.000000
795,-12.000000
796,16.000000
797,-8.000000
798,-40.000000
799,-28.000000
800,-4.000000
801,-8.000000
802,-20.000000
803,-20.000000
804,24.000000
805,64.000000
806,16.000000
807,-60.000000
808,-24.000000
809,-56.000000
810,-28.000000
811,-28.000000
812,-32.000000
813,-32.000000
814,-36.000000
815,-36.000000
816,-12.000000
817,-8.000000
818,-8.000000
819,-36.000000
820,-20.000000
821,-20.000000
822,-28.000000
823,-28.000000
824,12.000000
825,-40.000000
826,-28.000000
827,-28.000000
828,-108.000000
829,8.000000
830,20.000000
831,-24.000000
832,-20.000000
833,-28.000000
834,-40.000000
835,-4.000000
836,-12.000000
837,-8.000000
838,20.000000
839,-4.000000
840,-48.000000
841,0.000000
842,16.000000
843,4.000000
844,-20.000000
845,-8.000000
846,4.000000
847,4.000000
848,4.000000
849,-16.000000
850,4.000000
851,-8.000000
852,16.000000
853,-20.000000
854,-36.000000
855,0.000000
856,8.000000
857,-12.000000
858,-16.000000
859,44.000000
860,0.000000
861,52.000000
862,-32.000000
863,-32.000000
864,-12.000000
865,24.000000
866,20.000000
867,-48.000000
868,24.000000
869,0.000000
870,0.000000
871,0.000000
872,-16.000000
873,-8.000000
874,-28.000000
875,-24.000000
876,-12.000000
877,-12.000000
878,0.000000
879,20.000000
880,-8.000000
881,-28.000000
882,-8.000000
883,-4.000000
884,24.000000
885,-16.000000
886,-12.000000
887,-8.000000
888,4.000000
889,4.000000
890,-16.000000
891,64.000000
892,4.000000
893,-32.000000
894,12.000000
895,0.000000
896,-20.000000
897,-20.000000
898,8.000000
899,0.000000
900,28.000000
901,-44.000000
902,-32.000000
903,0.000000
904,8.000000
905,0.000000
906,-4.000000
907,12.000000
908,-44.000000
909,-8.000000
910,-12.000000
911,-12.000000
912,72.000000
913,-20.000000
914,16.000000
915,-8.000000
916,-28.000000
917,-12.000000
918,-28.000000
919,32.000000
920,-20.000000
921,12.000000
922,-8.000000
923,-8.000000
924,-44.000000
925,-4.000000
926,-8.000000
927,-24.000000
928,-4.000000
929,0.000000
930,72.000000
931,-8.000000
932,-24.000000
933,0.000000
934,-28.000000
935,0.000000
936,-16.000000
937,-4.000000
938,-60.000000
939,-32.000000
940,52.000000
941,-20.000000
942,0.000000
943,-12.000000
944,-48.000000
945,-16.000000
946,-36.000000
947,-52.000000
948,-8.000000
949,-8.000000
950,-8.000000
951,-28.000000
952,-20.000000
953,-32.000000
954,-20.000000
955,0.000000
956,4.000000
957,-24.000000
958,24.000000
959,-8.000000
960,8.000000
961,12.000000
962,-8.000000
963,-12.000000
964,4.000000
965,-28.000000
966,0.000000
967,-12.000000
968,-28.000000
969,28.000000
970,-4.000000
971,-24.000000
972,4.000000
973,-20.000000
974,-20.000000
975,-12.000000
976,0.000000
977,32.000000
978,52.000000
979,20.000000
980,-12.000000
981,52.000000
982,-8.000000
983,8.000000
984,0.000000
985,0.000000
986,12.000000
987,4.000000
988,0.000000
989,-72.000000
990,20.000000
991,8.000000
992,-8.000000
993,-16.000000
994,12.000000
995,-44.000000
996,4.000000
997,24.000000
998,20.000000
999,20.000000
1000,32.000000
1001,-20.000000
1002,20.000000
1003,-8.000000
1004,24.000000
1005,0.000000
1006,16.000000
1007,-80.000000
1008,-8.000000
1009,-8.000000
1010,-12.000000
1011,-8.000000
1012,8.000000
1013,-12.000000
1014,12.000000
1015,-4.000000
1016,20.000000
1017,92.000000
1018,12.000000
1019,12.000000
1020,16.000000
1021,20.000000
1022,-32.000000
1023,-8.000000
1024,4.000000
1025,64.000000
1026,4.000000
1027,12.000000
1028,-60.000000
1029,16.000000
1030,-60.000000
1031,12.000000
1032,0.000000
1033,-8.000000
1034,4.000000
1035,24.000000
1036,-12.000000
1037,44.000000
1038,0.000000
1039,-32.000000
1040,28.000000
1041,-12.000000
1042,0.000000
1043,0.000000
1044,-24.000000
1045,-24.000000
1046,-8.000000
1047,-4.000000
1048,-8.000000
1049,-16.000000
1050,8.000000
1051,-24.000000
1052,-8.000000
1053,44.000000
1054,-12.000000
1055,-16.000000
1056,12.000000
1057,-32.000000
1058,-8.000000
1059,-8.000000
1060,-8.000000
1061,-8.000000
1062,0.000000
1063,0.000000
1064,-8.000000
1065,-8.000000
1066,12.000000
1067,-20.000000
1068,-8.000000
1069,-32.000000
1070,-48.000000
1071,-20.000000
1072,-28.000000
1073,-28.000000
1074,-20.000000
1075,-8.000000
1076,-4.000000
1077,-40.000000
1078,-32.000000
1079,-36.000000
1080,-32.000000
1081,-12.000000
1082,-28.000000
1083,-4.000000
1084,-32.000000
1085,-32.000000
1086,-28.000000
1087,-40.000000
1088,16.000000
1089,-16.000000
1090,-8.000000
1091,-8.000000
1092,8.000000
1093,16.000000
1094,4.000000
1095,0.000000
1096,-4.000000
1097,0.000000
1098,-8.000000
1099,-40.000000
1100,-16.000000
1101,64.000000
1102,24.000000
1103,-8.000000
1104,20.000000
1105,16.000000
1106,-8.000000
1107,-8.000000
1108,24.000000
1109,-12.000000
1110,-44.000000
1111,12.000000
1112,60.000000
1113,40.000000
1114,-12.000000
1115,8.000000
1116,-8.000000
1117,76.000000
1118,12.000000
1119,-32.000000
1120,0.000000
1121,20.000000
1122,-8.000000
1123,0.000000
1124,-36.000000
1125,20.000000
1126,12.000000
1127,0.000000
1128,8.000000
1129,-52.000000
1130,12.000000
1131,12.000000
1132,8.000000
1133,0.000000
1134,-28.000000
1135,24.000000
1136,28.000000
1137,0.000000
1138,-20.000000
1139,-16.000000
1140,4.000000
1141,-12.000000
1142,8.000000
1143,24.000000
1144,-40.000000
1145,24.000000
1146,0.000000
1147,-20.000000
1148,-16.000000
1149,0.000000
1150,-52.000000
1151,-60.000000
1152,-8.000000
1153,-44.000000
1154,4.000000
1155,0.000000
1156,-8.000000
1157,-16.000000
1158,44.000000
1159,28.000000
1160,8.000000
1161,-12.000000
1162,-60.000000
1163,-32.000000
1164,-8.000000
1165,-12.000000
1166,12.000000
1167,12.000000
1168,-32.000000
1169,-36.000000
1170,-8.000000
1171,-52.000000
1172,-4.000000
1173,0.000000
1174,44.000000
1175,60.000000
1176,-12.000000
1177,-40.000000
1178,-4.000000
1179,-4.000000
1180,-28.000000
1181,-20.000000
1182,-8.000000
1183,-20.000000
1184,-32.000000
1185,-8.000000
1186,-12.000000
1187,-40.000000
1188,-12.000000
1189,-8.000000
1190,-24.000000
1191,-40.000000
1192,-8.000000
1193,8.000000
1194,-28.000000
1195,84.000000
1196,-20.000000
1197,0.000000
1198,4.000000
1199,16.000000
1200,0.000000
1201,-16.000000
1202,-12.000000
1203,-48.000000
1204,-12.000000
1205,-8.000000
1206,-16.000000
1207,16.000000
1208,-8.000000
1209,-24.000000
1210,-52.000000
1211,-16.000000
1212,-28.000000
1213,-28.000000
1214,20.000000
1215,28.000000
1216,24.000000
1217,-4.000000
1218,-4.000000
1219,16.000000
1220,16.000000
1221,-28.000000
1222,16.000000
1223,4.000000
1224,-28.000000
1225,-24.000000
1226,12.000000
1227,12.000000
1228,-32.000000
1229,-12.000000
1230,16.000000
1231,24.000000
1232,0.000000
1233,-12.000000
1234,-52.000000
1235,-24.000000
1236,48.000000
1237,-12.000000
1238,-8.000000
1239,-8.000000
1240,0.000000
1241,-36.000000
1242,-4.000000
1243,-20.000000
1244,32.000000
1245,-8.000000
1246,44.000000
1247,12.000000
1248,-20.000000
1249,20.000000
1250,96.000000
1251,84.000000
1252,28.000000
1253,20.000000
1254,-20.000000
1255,-36.000000
1256,24.000000
1257,-4.000000
1258,-32.000000
1259,12.000000
1260,24.000000
1261,-44.000000
1262,20.000000
1263,16.000000
1264,-32.000000
1265,0.000000
1266,-44.000000
1267,8.000000
1268,44.000000
1269,-16.000000
1270,-8.000000
1271,32.000000
1272,-36.000000
1273,4.000000
1274,64.000000
1275,-8.000000
1276,0.000000
1277,-8.000000
1278,-36.000000
1279,-52.000000
1280,20.000000
1281,-20.000000
1282,0.000000
1283,-4.000000
1284,-8.000000
1285,4.000000
1286,4.000000
1287,-8.000000
1288,-20.000000
1289,-4.000000
1290,-4.000000
1291,-24.000000
1292,-28.000000
1293,-24.000000
1294,-28.000000
1295,-40.000000
1296,24.000000
1297,-24.000000
1298,44.000000
1299,-32.000000
1300,-8.000000
1301,-8.000000
1302,-28.000000
1303,44.000000
1304,-8.000000
1305,-8.000000
1306,20.000000
1307,-36.000000
1308,-8.000000
1309,0.000000
1310,12.000000
1311,-24.000000
1312,-8.000000
1313,16.000000
1314,-16.000000
1315,4.000000
1316,-24.000000
1317,-8.000000
1318,64.000000
1319,-8.000000
1320,60.000000
1321,28.000000
1322,-8.000000
1323,-16.000000
1324,-16.000000
1325,-60.000000
1326,-28.000000
1327,-28.000000
1328,4.000000
1329,-12.000000
1330,-12.000000
1331,16.000000
1332,-24.000000
1333,8.000000
1334,-4.000000
1335,12.000000
1336,4.000000
1337,4.000000
1338,-8.000000
1339,-24.000000
1340,-4.000000
1341,-20.000000
1342,-28.000000
1343,-24.000000
1344,16.000000
1345,-8.000000
1346,-8.000000
1347,0.000000
1348,0.000000
1349,16.000000
1350,24.000000
1351,4.000000
1352,24.000000
1353,-8.000000
1354,56.000000
1355,52.000000
1356,-8.000000
1357,-32.000000
1358,-12.000000
1359,24.000000
1360,16.000000
1361,16.000000
1362,12.000000
1363,28.000000
1364,32.000000
1365,4.000000
1366,4.000000
1367,44.000000
1368,-8.000000
1369,24.000000
1370,8.000000
1371,0.000000
1372,-16.000000
1373,-8.000000
1374,60.000000
1375,-16.000000
1376,-32.000000
1377,-32.000000
1378,20.000000
1379,-20.000000
1380,0.000000
1381,16.000000
1382,8.000000
1383,4.000000
1384,24.000000
1385,-28.000000
1386,-20.000000
1387,4.000000
1388,-40.000000
1389,-28.000000
1390,4.000000
1391,48.000000
1392,16.000000
1393,-24.000000
1394,-40.000000
1395,12.000000
1396,-8.000000
1397,-8.000000
1398,-44.000000
1399,0.000000
1400,-8.000000
1401,-4.000000
1402,0.000000
1403,24.000000
1404,20.000000
1405,16.000000
1406,60.000000
1407,-8.000000
1408,-28.000000
1409,-36.000000
1410,16.000000
1411,-12.000000
1412,44.000000
1413,-8.000000
1414,8.000000
1415,4.000000
1416,0.000000
1417,0.000000
1418,-8.000000
1419,-24.000000
1420,-16.000000
1421,0.000000
1422,-28.000000
1423,8.000000
1424,-4.000000
1425,-24.000000
1426,-16.000000
1427,-16.000000
1428,-24.000000
1429,-8.000000
1430,-8.000000
1431,-8.000000
1432,-24.000000
1433,12.000000
1434,-8.000000
1435,-52.000000
1436,-16.000000
1437,-20.000000
1438,16.000000
1439,-24.000000
1440,-8.000000
1441,-48.000000
1442,-28.000000
1443,28.000000
1444,-12.000000
1445,-12.000000
1446,-8.000000
1447,-8.000000
1448,-8.000000
1449,-12.000000
1450,28.000000
1451,-8.000000
1452,-8.000000
1453,16.000000
1454,8.000000
1455,-4.000000
1456,16.000000
1457,-52.000000
1458,-16.000000
1459,-24.000000
1460,-12.000000
1461,-40.000000
1462,-8.000000
1463,0.000000
1464,-4.000000
1465,-8.000000
1466,8.000000
1467,8.000000
1468,16.000000
1469,-8.000000
1470,12.000000
1471,28.000000
1472,-8.000000
1473,28.000000
1474,-12.000000
1475,52.000000
1476,-8.000000
1477,12.000000
1478,-72.000000
1479,24.000000
1480,-20.000000
1481,16.000000
1482,8.000000
1483,-52.000000
1484,16.000000
1485,-4.000000
1486,4.000000
1487,4.000000
1488,20.000000
1489,16.000000
1490,68.000000
1491,4.000000
1492,4.000000
1493,-32.000000
1494,0.000000
1495,-8.000000
1496,16.000000
1497,12.000000
1498,32.000000
1499,8.000000
1500,92.000000
1501,-8.000000
1502,-8.000000
1503,-8.000000
1504,-8.000000
1505,-8.000000
1506,12.000000
1507,28.000000
1508,12.000000
1509,-8.000000
1510,-16.000000
1511,-16.000000
1512,32.000000
1513,-12.000000
1514,0.000000
1515,64.000000
1516,-4.000000
1517,-20.000000
1518,-8.000000
1519,-8.000000
1520,-12.000000
1521,12.000000
1522,-16.000000
1523,-8.000000
1524,-24.000000
1525,-28.000000
1526,-28.000000
1527,28.000000
1528,4.000000
1529,-16.000000
1530,-16.000000
1531,-8.000000
1532,-40.000000
1533,4.000000
1534,-4.000000
1535,-12.000000
1536,-8.000000
1537,-20.000000
1538,-12.000000
1539,-16.000000
1540,-40.000000
1541,-8.000000
1542,-100.000000
1543,-8.000000
1544,-12.000000
1545,-8.000000
1546,-24.000000
1547,-68.000000
1548,-12.000000
1549,12.000000
1550,-20.000000
1551,-8.000000
1552,-8.000000
1553,52.000000
1554,-40.000000
1555,20.000000
1556,0.000000
1557,-8.000000
1558,-24.000000
1559,-24.000000
1560,-8.000000
1561,-32.000000
1562,-24.000000
1563,-8.000000
1564,-8.000000
1565,-40.000000
1566,-24.000000
1567,-20.000000
1568,4.000000
1569,-24.000000
1570,-8.000000
1571,-52.000000
1572,-44.000000
1573,-8.000000
1574,-8.000000
1575,-16.000000
1576,-4.000000
1577,-4.000000
1578,-16.000000
1579,44.000000
1580,12.000000
1581,-36.000000
1582,28.000000
1583,-4.000000
1584,-64.000000
1585,-24.000000
1586,0.000000
1587,-20.000000
1588,-24.000000
1589,16.000000
1590,-16.000000
1591,16.000000
1592,12.000000
1593,-28.000000
1594,0.000000
1595,-12.000000
1596,24.000000
1597,0.000000
1598,-28.000000
1599,56.000000
1600,8.000000
1601,-4.000000
1602,-8.000000
1603,-8.000000
1604,-12.000000
1605,32.000000
1606,16.000000
1607,0.000000
1608,-8.000000
1609,-12.000000
1610,4.000000
1611,12.000000
1612,20.000000
1613,28.000000
1614,8.000000
1615,4.000000
1616,20.000000
1617,-16.000000
1618,24.000000
1619,24.000000
1620,24.000000
1621,24.000000
1622,4.000000
1623,4.000000
1624,32.000000
1625,20.000000
1626,40.000000
1627,4.000000
1628,16.000000
1629,-4.000000
1630,28.000000
1631,24.000000
1632,0.000000
1633,-12.000000
1634,24.000000
1635,28.000000
1636,0.000000
1637,-24.000000
1638,20.000000
1639,24.000000
1640,16.000000
1641,20.000000
1642,28.000000
1643,20.000000
1644,8.000000
1645,4.000000
1646,-60.000000
1647,-12.000000
1648,28.000000
1649,-8.000000
1650,40.000000
1651,0.000000
1652,16.000000
1653,-8.000000
1654,40.000000
1655,-8.000000
1656,-16.000000
1657,-8.000000
1658,4.000000
1659,-8.000000
1660,-12.000000
1661,-8.000000
1662,0.000000
1663,-4.000000
1664,-28.000000
1665,4.000000
1666,-40.000000
1667,-8.000000
1668,80.000000
1669,-44.000000
1670,-4.000000
1671,-12.000000
1672,36.000000
1673,8.000000
1674,-32.000000
1675,64.000000
1676,-28.000000
1677,16.000000
1678,-20.000000
1679,112.000000
1680,-88.000000
1681,-16.000000
1682,-44.000000
1683,-40.000000
1684,4.000000
1685,-4.000000
1686,8.000000
1687,8.000000
1688,8.000000
1689,0.000000
1690,-16.000000
1691,-16.000000
1692,-32.000000
1693,-20.000000
1694,-56.000000
1695,-4.000000
1696,-16.000000
1697,8.000000
1698,-16.000000
1699,24.000000
1700,4.000000
1701,20.000000
1702,20.000000
1703,16.000000
1704,52.000000
1705,16.000000
1706,0.000000
1707,24.000000
1708,0.000000
1709,-8.000000
1710,-12.000000
1711,-12.000000
1712,52.000000
1713,-4.000000
1714,32.000000
1715,-44.000000
1716,0.000000
1717,-24.000000
1718,16.000000
1719,0.000000
1720,4.000000
1721,-4.000000
1722,-8.000000
1723,8.000000
1724,12.000000
1725,0.000000
1726,20.000000
1727,24.000000
1728,-20.000000
1729,24.000000
1730,-16.000000
1731,4.000000
1732,12.000000
1733,8.000000
1734,0.000000
1735,32.000000
1736,16.000000
1737,8.000000
1738,12.000000
1739,12.000000
1740,12.000000
1741,-20.000000
1742,0.000000
1743,-12.000000
1744,-12.000000
1745,44.000000
1746,-8.000000
1747,12.000000
1748,-12.000000
1749,8.000000
1750,-12.000000
1751,-44.000000
1752,12.000000
1753,0.000000
1754,12.000000
1755,40.000000
1756,-16.000000
1757,4.000000
1758,0.000000
1759,-16.000000
1760,-24.000000
1761,-8.000000
1762,-8.000000
1763,-52.000000
1764,0.000000
1765,-8.000000
1766,0.000000
1767,68.000000
1768,-28.000000
1769,24.000000
1770,-12.000000
1771,0.000000
1772,8.000000
1773,-8.000000
1774,-8.000000
1775,-4.000000
1776,-52.000000
1777,52.000000
1778,-16.000000
1779,-44.000000
1780,28.000000
1781,-28.000000
1782,-8.000000
1783,28.000000
1784,0.000000
1785,4.000000
1786,32.000000
1787,4.000000
1788,-32.000000
1789,0.000000
1790,-4.000000
1791,0.000000
1792,-16.000000
1793,-20.000000
1794,0.000000
1795,16.000000
1796,-8.000000
1797,-28.000000
1798,-24.000000
1799,-20.000000
1800,0.000000
1801,16.000000
1802,-28.000000
1803,-28.000000
1804,-28.000000
1805,8.000000
1806,-4.000000
1807,-28.000000
1808,-8.000000
1809,28.000000
1810,52.000000
1811,-48.000000
1812,-24.000000
1813,-8.000000
1814,-28.000000
1815,-72.000000
1816,-20.000000
1817,-4.000000
1818,-36.000000
1819,-36.000000
1820,-8.000000
1821,-24.000000
1822,-8.000000
1823,20.000000
1824,-24.000000
1825,-60.000000
1826,72.000000
1827,-4.000000
1828,-16.000000
1829,-28.000000
1830,-12.000000
1831,-60.000000
1832,-16.000000
1833,0.000000
1834,-20.000000
1835,4.000000
1836,-4.000000
1837,24.000000
1838,20.000000
1839,4.000000
1840,0.000000
1841,4.000000
1842,12.000000
1843,36.000000
1844,12.000000
1845,0.000000
1846,-52.000000
1847,8.000000
1848,32.000000
1849,16.000000
1850,-44.000000
1851,-72.000000
1852,36.000000
1853,0.000000
1854,8.000000
1855,8.000000
1856,-4.000000
1857,44.000000
1858,0.000000
1859,8.000000
1860,-4.000000
1861,16.000000
1862,-8.000000
1863,-8.000000
1864,0.000000
1865,0.000000
1866,-28.000000
1867,60.000000
1868,28.000000
1869,28.000000
1870,-28.000000
1871,-24.000000
1872,12.000000
1873,12.000000
1874,-20.000000
1875,-20.000000
1876,-32.000000
1877,56.000000
1878,16.000000
1879,24.000000
1880,8.000000
1881,8.000000
1882,0.000000
1883,52.000000
1884,-24.000000
1885,-24.000000
1886,-4.000000
1887,-32.000000
1888,12.000000
1889,12.000000
1890,-56.000000
1891,8.000000
1892,-8.000000
1893,-8.000000
1894,-4.000000
1895,0.000000
1896,12.000000
1897,44.000000
1898,16.000000
1899,8.000000
1900,0.000000
1901,4.000000
1902,0.000000
1903,-12.000000
1904,-20.000000
1905,-20.000000
1906,-44.000000
1907,0.000000
1908,-12.000000
1909,-8.000000
1910,-40.000000
1911,-8.000000
1912,-20.000000
1913,8.000000
1914,0.000000
1915,-28.000000
1916,-4.000000
1917,-32.000000
1918,8.000000
1919,-8.000000
1920,-8.000000
1921,-8.000000
1922,-32.000000
1923,-12.000000
1924,0.000000
1925,-44.000000
1926,-44.000000
1927,-24.000000
1928,-8.000000
1929,-24.000000
1930,4.000000
1931,28.000000
1932,-12.000000
1933,-88.000000
1934,-60.000000
1935,-44.000000
1936,-24.000000
1937,-48.000000
1938,-4.000000
1939,-4.000000
1940,-24.000000
1941,28.000000
1942,-48.000000
1943,-24.000000
1944,44.000000
1945,-32.000000
1946,-20.000000
1947,-16.000000
1948,-12.000000
1949,-8.000000
1950,0.000000
1951,-20.000000
1952,-12.000000
1953,-60.000000
1954,-44.000000
1955,-92.000000
1956,-8.000000
1957,56.000000
1958,-8.000000
1959,8.000000
1960,-8.000000
1961,28.000000
1962,4.000000
1963,0.000000
1964,24.000000
1965,44.000000
1966,-20.000000
1967,-24.000000
1968,8.000000
1969,8.000000
1970,-8.000000
1971,-8.000000
1972,-20.000000
1973,0.000000
1974,16.000000
1975,0.000000
1976,-16.000000
1977,-8.000000
1978,8.000000
1979,0.000000
1980,-12.000000
1981,16.000000
1982,48.000000
1983,-20.000000
1984,-20.000000
1985,12.000000
1986,-16.000000
1987,0.000000
1988,0.000000
1989,36.000000
1990,64.000000
1991,12.000000
1992,12.000000
1993,16.000000
1994,-12.000000
1995,4.000000
1996,28.000000
1997,-8.000000
1998,0.000000
1999,44.000000
2000,-8.000000
2001,-8.000000
2002,-24.000000
2003,108.000000
2004,20.000000
2005,-44.000000
2006,-20.000000
2007,36.000000
2008,-32.000000
2009,0.000000
2010,0.000000
2011,0.000000
2012,12.000000
2013,44.000000
2014,-28.000000
2015,12.000000
2016,0.000000
2017,-4.000000
2018,0.000000
2019,-60.000000
2020,-44.000000
2021,0.000000
2022,-12.000000
2023,-16.000000
2024,0.000000
2025,-28.000000
2026,-40.000000
2027,8.000000
2028,-8.000000
2029,-4.000000
2030,-4.000000
2031,-20.000000
2032,-32.000000
2033,-68.000000
2034,-16.000000
2035,-20.000000
2036,0.000000
2037,-32.000000
2038,0.000000
2039,8.000000
2040,16.000000
2041,-20.000000
2042,-40.000000
2043,-12.000000
2044,-36.000000
2045,-28.000000
2046,-20.000000
2047,4.000000
2048,4.000000
2049,-48.000000
2050,-12.000000
2051,-36.000000
2052,16.000000
2053,0.000000
2054,-16.000000
2055,-32.000000
2056,-16.000000
2057,-40.000000
2058,0.000000
2059,20.000000
2060,-32.000000
2061,-28.000000
2062,-28.000000
2063,0.000000
2064,-40.000000
2065,12.000000
2066,-24.000000
2067,-32.000000
2068,20.000000
2069,-8.000000
2070,8.000000
2071,-12.000000
2072,0.000000
2073,-28.000000
2074,-8.000000
2075,40.000000
2076,-12.000000
2077,20.000000
2078,-8.000000
2079,-12.000000
2080,0.000000
2081,-60.000000
2082,-40.000000
2083,-8.000000
2084,-16.000000
2085,-8.000000
2086,-16.000000
2087,-20.000000
2088,20.000000
2089,-4.000000
2090,28.000000
2091,4.000000
2092,-52.000000
2093,0.000000
2094,60.000000
2095,-12.000000
2096,28.000000
2097,-8.000000
2098,-16.000000
2099,24.000000
2100,8.000000
2101,44.000000
2102,0.000000
2103,24.000000
2104,28.000000
2105,68.000000
2106,40.000000
2107,8.000000
2108,0.000000
2109,0.000000
2110,-16.000000
2111,16.000000
2112,0.000000
2113,-4.000000
2114,-52.000000
2115,-44.000000
2116,-8.000000
2117,4.000000
2118,0.000000
2119,0.000000
2120,0.000000
2121,0.000000
2122,4.000000
2123,4.000000
2124,8.000000
2125,4.000000
2126,-16.000000
2127,-16.000000
2128,-4.000000
2129,4.000000
2130,0.000000
2131,-8.000000
2132,4.000000
2133,-8.000000
2134,-28.000000
2135,-12.000000
2136,-8.000000
2137,28.000000
2138,-20.000000
2139,24.000000
2140,44.000000
2141,-100.000000
2142,0.000000
2143,-8.000000
2144,0.000000
2145,-16.000000
2146,-16.000000
2147,0.000000
2148,-8.000000
2149,-8.000000
2150,-24.000000
2151,16.000000
2152,0.000000
2153,20.000000
2154,-16.000000
2155,-12.000000
2156,-12.000000
2157,-28.000000
2158,0.000000
2159,8.000000
2160,-36.000000
2161,4.000000
2162,-28.000000
2163,-24.000000
2164,-44.000000
2165,-28.000000
2166,-32.000000
2167,-64.000000
2168,-8.000000
2169,20.000000
2170,-48.000000
2171,12.000000
2172,-12.000000
2173,16.000000
2174,-16.000000
2175,-60.000000
2176,-24.000000
2177,4.000000
2178,-24.000000
2179,-28.000000
2180,-4.000000
2181,-8.000000
2182,8.000000
2183,8.000000
2184,0.000000
2185,-16.000000
2186,8.000000
2187,20.000000
2188,20.000000
2189,-24.000000
2190,0.000000
2191,-4.000000
2192,-8.000000
2193,28.000000
2194,-16.000000
2195,-16.000000
2196,0.000000
2197,-8.000000
2198,4.000000
2199,16.000000
2200,44.000000
2201,-12.000000
2202,24.000000
2203,-16.000000
2204,-44.000000
2205,-8.000000
2206,0.000000
2207,-24.000000
2208,-20.000000
2209,12.000000
2210,52.000000
2211,24.000000
2212,4.000000
2213,-16.000000
2214,0.000000
2215,-24.000000
2216,-12.000000
2217,0.000000
2218,-28.000000
2219,16.000000
2220,-12.000000
2221,24.000000
2222,24.000000
2223,36.000000
2224,12.000000
2225,-20.000000
2226,0.000000
2227,-4.000000
2228,0.000000
2229,-20.000000
2230,-40.000000
2231,-12.000000
2232,80.000000
2233,-12.000000
2234,16.000000
2235,12.000000
2236,-12.000000
2237,0.000000
2238,-4.000000
2239,24.000000
2240,-4.000000
2241,0.000000
2242,0.000000
2243,0.000000
2244,-8.000000
2245,4.000000
2246,32.000000
2247,0.000000
2248,-20.000000
2249,-12.000000
2250,-68.000000
2251,-8.000000
2252,-16.000000
2253,4.000000
2254,-32.000000
2255,-40.000000
2256,-4.000000
2257,20.000000
2258,-12.000000
2259,0.000000
2260,-20.000000
2261,24.000000
2262,8.000000
2263,-16.000000
2264,0.000000
2265,-8.000000
2266,0.000000
2267,-20.000000
2268,12.000000
2269,-24.000000
2270,-16.000000
2271,-8.000000
2272,12.000000
2273,-20.000000
2274,80.000000
2275,-20.000000
2276,-8.000000
2277,-8.000000
2278,12.000000
2279,-16.000000
2280,-28.000000
2281,-28.000000
2282,16.000000
2283,-8.000000
2284,-12.000000
2285,-20.000000
2286,0.000000
2287,-20.000000
2288,4.000000
2289,-4.000000
2290,0.000000
2291,0.000000
2292,12.000000
2293,-24.000000
2294,-28.000000
2295,16.000000
2296,-24.000000
2297,-40.000000
2298,-8.000000
2299,24.000000
2300,-20.000000
2301,-4.000000
2302,-12.000000
2303,-8.000000
2304,-12.000000
2305,-12.000000
2306,0.000000
2307,0.000000
2308,-40.000000
2309,0.000000
2310,28.000000
2311,76.000000
2312,12.000000
2313,-44.000000
2314,-20.000000
2315,-20.000000
2316,44.000000
2317,-16.000000
2318,0.000000
2319,0.000000
2320,52.000000
2321,-16.000000
2322,52.000000
2323,0.000000
2324,-60.000000
2325,4.000000
2326,-4.000000
2327,-4.000000
2328,-12.000000
2329,12.000000
2330,8.000000
2331,0.000000
2332,-8.000000
2333,52.000000
2334,-4.000000
2335,-8.000000
2336,4.000000
2337,44.000000
2338,-4.000000
2339,68.000000
2340,0.000000
2341,12.000000
2342,0.000000
2343,-8.000000
2344,8.000000
2345,-12.000000
2346,0.000000
2347,16.000000
2348,8.000000
2349,32.000000
2350,0.000000
2351,44.000000
2352,-16.000000
2353,-8.000000
2354,8.000000
2355,-12.000000
2356,12.000000
2357,-44.000000
2358,8.000000
2359,4.000000
2360,4.000000
2361,60.000000
2362,24.000000
2363,0.000000
2364,40.000000
2365,12.000000
2366,8.000000
2367,4.000000
2368,-12.000000
2369,0.000000
2370,-20.000000
2371,52.000000
2372,20.000000
2373,24.000000
2374,-4.000000
2375,-8.000000
2376,-32.000000
2377,-8.000000
2378,0.000000
2379,8.000000
2380,24.000000
2381,0.000000
2382,16.000000
2383,-8.000000
2384,0.000000
2385,-28.000000
2386,-28.000000
2387,-16.000000
2388,12.000000
2389,-8.000000
2390,16.000000
2391,-16.000000
2392,-8.000000
2393,60.000000
2394,-16.000000
2395,-24.000000
2396,-24.000000
2397,-24.000000
2398,12.000000
2399,-52.000000
2400,8.000000
2401,0.000000
2402,-32.000000
2403,-24.000000
2404,-8.000000
2405,28.000000
2406,-8.000000
2407,52.000000
2408,52.000000
2409,16.000000
2410,-24.000000
2411,-12.000000
2412,-20.000000
2413,-16.000000
2414,-32.000000
2415,-32.000000
2416,-20.000000
2417,-16.000000
2418,20.000000
2419,8.000000
2420,-20.000000
2421,-12.000000
2422,-4.000000
2423,-52.000000
2424,-8.000000
2425,-8.000000
2426,24.000000
2427,28.000000
2428,-12.000000
2429,-4.000000
2430,12.000000
2431,-20.000000
2432,0.000000
2433,-16.000000
2434,4.000000
2435,32.000000
2436,-12.000000
2437,8.000000
2438,-32.000000
2439,0.000000
2440,4.000000
2441,0.000000
2442,-16.000000
2443,0.000000
2444,20.000000
2445,-16.000000
2446,12.000000
2447,0.000000
2448,0.000000
2449,-4.000000
2450,4.000000
2451,-36.000000
2452,24.000000
2453,0.000000
2454,0.000000
2455,-28.000000
2456,0.000000
2457,24.000000
2458,-8.000000
2459,-8.000000
2460,24.000000
2461,0.000000
2462,64.000000
2463,20.000000
2464,16.000000
2465,16.000000
2466,32.000000
2467,8.000000
2468,-8.000000
2469,-8.000000
2470,12.000000
2471,-8.000000
2472,-4.000000
2473,12.000000
2474,-24.000000
2475,16.000000
2476,4.000000
2477,-8.000000
2478,-20.000000
2479,4.000000
2480,40.000000
2481,4.000000
2482,28.000000
2483,-16.000000
2484,20.000000
2485,20.000000
2486,16.000000
2487,24.000000
2488,-20.000000
2489,32.000000
2490,24.000000
2491,-4.000000
2492,12.000000
2493,-44.000000
2494,40.000000
2495,-28.000000
2496,12.000000
2497,16.000000
2498,8.000000
2499,8.000000
2500,0.000000
2501,-44.000000
2502,-16.000000
2503,-20.000000
2504,-44.000000
2505,4.000000
2506,16.000000
2507,-8.000000
2508,-36.000000
2509,-4.000000
2510,-44.000000
2511,0.000000
2512,-60.000000
2513,-16.000000
2514,-40.000000
2515,0.000000
2516,44.000000
2517,20.000000
2518,-28.000000
2519,-32.000000
2520,44.000000
2521,-12.000000
2522,8.000000
2523,4.000000
2524,-12.000000
2525,-8.000000
2526,0.000000
2527,12.000000
2528,-4.000000
2529,20.000000
2530,-4.000000
2531,-60.000000
2532,-24.000000
2533,4.000000
2534,16.000000
2535,-12.000000
2536,24.000000
2537,-40.000000
2538,-8.000000
2539,-32.000000
2540,-28.000000
2541,-32.000000
2542,-12.000000
2543,40.000000
2544,-24.000000
2545,0.000000
2546,-28.000000
2547,-48.000000
2548,-44.000000
2549,-56.000000
2550,-16.000000
2551,-16.000000
2552,8.000000
2553,-24.000000
2554,-48.000000
2555,40.000000
2556,-96.000000
2557,-24.000000
2558,12.000000
2559,-16.000000
2560,-8.000000
2561,-8.000000
2562,-4.000000
2563,-36.000000
2564,56.000000
2565,24.000000
2566,-40.000000
2567,-4.000000
2568,-8.000000
2569,12.000000
2570,44.000000
2571,-20.000000
2572,-12.000000
2573,12.000000
2574,4.000000
2575,104.000000
2576,-12.000000
2577,-24.000000
2578,0.000000
2579,-12.000000
2580,-64.000000
2581,12.000000
2582,-8.000000
2583,-12.000000
2584,76.000000
2585,16.000000
2586,-24.000000
2587,24.000000
2588,72.000000
2589,-4.000000
2590,-12.000000
2591,-12.000000
2592,28.000000
2593,-8.000000
2594,-12.000000
2595,-20.000000
2596,-8.000000
2597,-8.000000
2598,20.000000
2599,-8.000000
2600,-36.000000
2601,28.000000
2602,0.000000
2603,44.000000
2604,-64.000000
2605,24.000000
2606,-12.000000
2607,0.000000
2608,12.000000
2609,16.000000
2610,24.000000
2611,-8.000000
2612,76.000000
2613,12.000000
2614,0.000000
2615,-8.000000
2616,-64.000000
2617,8.000000
2618,24.000000
2619,4.000000
2620,28.000000
2621,40.000000
2622,-32.000000
2623,4.000000
2624,-4.000000
2625,-4.000000
2626,12.000000
2627,0.000000
2628,0.000000
2629,0.000000
2630,8.000000
2631,20.000000
2632,-8.000000
2633,4.000000
2634,-60.000000
2635,-12.000000
2636,4.000000
2637,4.000000
2638,-8.000000
2639,-32.000000
2640,8.000000
2641,0.000000
2642,-24.000000
2643,-28.000000
2644,16.000000
2645,-32.000000
2646,16.000000
2647,-8.000000
2648,-24.000000
2649,-28.000000
2650,16.000000
2651,-12.000000
2652,0.000000
2653,-20.000000
2654,-20.000000
2655,-8.000000
2656,-20.000000
2657,-60.000000
2658,-28.000000
2659,-8.000000
2660,0.000000
2661,-12.000000
2662,-12.000000
2663,-8.000000
2664,-8.000000
2665,28.000000
2666,0.000000
2667,-12.000000
2668,-12.000000
2669,-32.000000
2670,0.000000
2671,-28.000000
2672,-32.000000
2673,76.000000
2674,-44.000000
2675,-44.000000
2676,-60.000000
2677,20.000000
2678,-8.000000
2679,16.000000
2680,-72.000000
2681,-20.000000
2682,-4.000000
2683,0.000000
2684,0.000000
2685,-20.000000
2686,0.000000
2687,-48.000000
2688,-16.000000
2689,4.000000
2690,24.000000
2691,-4.000000
2692,-24.000000
2693,16.000000
2694,-24.000000
2695,12.000000
2696,8.000000
2697,4.000000
2698,0.000000
2699,20.000000
2700,28.000000
2701,-4.000000
2702,4.000000
2703,-8.000000
2704,8.000000
2705,4.000000
2706,8.000000
2707,-28.000000
2708,20.000000
2709,24.000000
2710,16.000000
2711,-8.000000
2712,16.000000
2713,20.000000
2714,52.000000
2715,-8.000000
2716,32.000000
2717,20.000000
2718,24.000000
2719,-8.000000
2720,-24.000000
2721,20.000000
2722,0.000000
2723,-24.000000
2724,24.000000
2725,24.000000
2726,-4.000000
2727,80.000000
2728,-44.000000
2729,12.000000
2730,0.000000
2731,0.000000
2732,-8.000000
2733,-16.000000
2734,-20.000000
2735,-8.000000
2736,-8.000000
2737,8.000000
2738,16.000000
2739,32.000000
2740,-4.000000
2741,8.000000
2742,4.000000
2743,16.000000
2744,32.000000
2745,-24.000000
2746,4.000000
2747,4.000000
2748,-12.000000
2749,-8.000000
2750,-32.000000
2751,-8.000000
2752,0.000000
2753,-52.000000
2754,12.000000
2755,12.000000
2756,-20.000000
2757,-20.000000
2758,-28.000000
2759,80.000000
2760,-8.000000
2761,-12.000000
2762,24.000000
2763,-20.000000
2764,24.000000
2765,-48.000000
2766,-24.000000
2767,-20.000000
2768,-24.000000
2769,-8.000000
2770,4.000000
2771,-36.000000
2772,-8.000000
2773,-4.000000
2774,-8.000000
2775,-36.000000
2776,-44.000000
2777,-36.000000
2778,-16.000000
2779,-16.000000
2780,-32.000000
2781,-8.000000
2782,-28.000000
2783,-28.000000
2784,-8.000000
2785,-4.000000
2786,-28.000000
2787,0.000000
2788,-32.000000
2789,-44.000000
2790,-32.000000
2791,-16.000000
2792,-8.000000
2793,20.000000
2794,-24.000000
2795,52.000000
2796,-8.000000
2797,-36.000000
2798,-16.000000
2799,-16.000000
2800,24.000000
2801,-36.000000
2802,0.000000
2803,-24.000000
2804,-4.000000
2805,64.000000
2806,12.000000
2807,60.000000
2808,20.000000
2809,-16.000000
2810,-8.000000
2811,-8.000000
2812,20.000000
2813,0.000000
2814,8.000000
2815,24.000000
2816,-36.000000
2817,16.000000
2818,-24.000000
2819,-8.000000
2820,4.000000
2821,-16.000000
2822,12.000000
2823,-12.000000
2824,12.000000
2825,20.000000
2826,4.000000
2827,8.000000
2828,24.000000
2829,24.000000
2830,-28.000000
2831,-4.000000
2832,-12.000000
2833,40.000000
2834,16.000000
2835,44.000000
2836,12.000000
2837,0.000000
2838,12.000000
2839,52.000000
2840,20.000000
2841,-40.000000
2842,12.000000
2843,16.000000
2844,20.000000
2845,24.000000
2846,0.000000
2847,52.000000
2848,12.000000
2849,56.000000
2850,8.000000
2851,36.000000
2852,8.000000
2853,24.000000
2854,-8.000000
2855,-16.000000
2856,36.000000
2857,-12.000000
2858,-8.000000
2859,52.000000
2860,32.000000
2861,36.000000
2862,-36.000000
2863,60.000000
2864,0.000000
2865,4.000000
2866,-28.000000
2867,8.000000
2868,12.000000
2869,12.000000
2870,-28.000000
2871,32.000000
2872,-20.000000
2873,12.000000
2874,-8.000000
2875,12.000000
2876,-8.000000
2877,0.000000
2878,0.000000
2879,-12.000000
2880,24.000000
2881,24.000000
2882,4.000000
2883,-32.000000
2884,16.000000
2885,-8.000000
2886,-4.000000
2887,0.000000
2888,0.000000
2889,-8.000000
2890,-16.000000
2891,0.000000
2892,24.000000
2893,-8.000000
2894,16.000000
2895,-20.000000
2896,-24.000000
2897,28.000000
2898,-8.000000
2899,-8.000000
2900,0.000000
2901,-60.000000
2902,-8.000000
2903,-40.000000
2904,-4.000000
2905,0.000000
2906,12.000000
2907,-8.000000
2908,12.000000
2909,12.000000
2910,-24.000000
2911,-40.000000
2912,56.000000
2913,-8.000000
2914,-8.000000
2915,4.000000
2916,4.000000
2917,20.000000
2918,-24.000000
2919,-44.000000
2920,-12.000000
2921,-12.000000
2922,-16.000000
2923,-16.000000
2924,4.000000
2925,-4.000000
2926,-8.000000
2927,-4.000000
2928,-32.000000
2929,-32.000000
2930,4.000000
2931,-20.000000
2932,-16.000000
2933,-8.000000
2934,16.000000
2935,0.000000
2936,-8.000000
2937,-8.000000
2938,-28.000000
2939,-16.000000
2940,0.000000
2941,20.000000
2942,12.000000
2943,12.000000
2944,4.000000
2945,4.000000
2946,-4.000000
2947,44.000000
2948,8.000000
2949,-4.000000
2950,12.000000
2951,8.000000
2952,-32.000000
2953,4.000000
2954,4.000000
2955,-12.000000
2956,-12.000000
2957,-60.000000
2958,12.000000
2959,4.000000
2960,16.000000
2961,24.000000
2962,-28.000000
2963,40.000000
2964,24.000000
2965,0.000000
2966,24.000000
2967,16.000000
2968,-20.000000
2969,-16.000000
2970,-12.000000
2971,-12.000000
2972,-20.000000
2973,0.000000
2974,4.000000
2975,0.000000
2976,16.000000
2977,-8.000000
2978,52.000000
2979,16.000000
2980,20.000000
2981,16.000000
2982,-4.000000
2983,12.000000
2984,0.000000
2985,44.000000
2986,-64.000000
2987,76.000000
2988,44.000000
2989,0.000000
2990,0.000000
2991,16.000000
2992,52.000000
2993,-16.000000
2994,16.000000
2995,8.000000
2996,16.000000
2997,24.000000
2998,20.000000
2999,-16.000000
3000,-16.000000
3001,-60.000000
3002,40.000000
3003,0.000000
3004,24.000000
3005,-16.000000
3006,68.000000
3007,-8.000000
3008,0.000000
3009,16.000000
3010,24.000000
3011,-20.000000
3012,-44.000000
3013,-12.000000
3014,-12.000000
3015,-36.000000
3016,0.000000
3017,0.000000
3018,-20.000000
3019,-8.000000
3020,0.000000
3021,-16.000000
3022,-28.000000
3023,44.000000
3024,20.000000
3025,12.000000
3026,4.000000
3027,-28.000000
3028,-16.000000
3029,-20.000000
3030,0.000000
3031,-44.000000
3032,-4.000000
3033,-12.000000
3034,-24.000000
3035,-24.000000
3036,-44.000000
3037,0.000000
3038,-12.000000
3039,-4.000000
3040,-24.000000
3041,4.000000
3042,-16.000000
3043,-8.000000
3044,60.000000
3045,-64.000000
3046,-8.000000
3047,-8.000000
3048,20.000000
3049,16.000000
3050,-12.000000
3051,8.000000
3052,-24.000000
3053,-4.000000
3054,-20.000000
3055,-20.000000
3056,-8.000000
3057,8.000000
3058,24.000000
3059,0.000000
3060,-8.000000
3061,-8.000000
3062,20.000000
3063,-16.000000
3064,-8.000000
3065,-8.000000
3066,16.000000
3067,20.000000
3068,-16.000000
3069,-16.000000
3070,24.000000
3071,4.000000
3072,-16.000000
3073,16.000000
3074,-8.000000
3075,28.000000
3076,16.000000
3077,20.000000
3078,-44.000000
3079,20.000000
3080,16.000000
3081,-8.000000
3082,0.000000
3083,-20.000000
3084,32.000000
3085,84.000000
3086,16.000000
3087,0.000000
3088,-52.000000
3089,0.000000
3090,-16.000000
3091,24.000000
3092,20.000000
3093,16.000000
3094,-8.000000
3095,-8.000000
3096,-16.000000
3097,-24.000000
3098,0.000000
3099,4.000000
3100,16.000000
3101,12.000000
3102,20.000000
3103,-40.000000
3104,-20.000000
3105,12.000000
3106,28.000000
3107,24.000000
3108,44.000000
3109,44.000000
3110,-20.000000
3111,-16.000000
3112,0.000000
3113,-32.000000
3114,-8.000000
3115,-52.000000
3116,24.000000
3117,-8.000000
3118,-8.000000
3119,-12.000000
3120,-4.000000
3121,-8.000000
3122,-12.000000
3123,16.000000
3124,-16.000000
3125,56.000000
3126,-16.000000
3127,-4.000000
3128,-8.000000
3129,8.000000
3130,-8.000000
3131,-4.000000
3132,-8.000000
3133,-40.000000
3134,-12.000000
3135,-16.000000
3136,-8.000000
3137,-20.000000
3138,-8.000000
3139,-12.000000
3140,-24.000000
3141,-8.000000
3142,4.000000
3143,-8.000000
3144,-12.000000
3145,-4.000000
3146,-8.000000
3147,-32.000000
3148,-8.000000
3149,-4.000000
3150,-4.000000
3151,0.000000
3152,-8.000000
3153,-4.000000
3154,-32.000000
3155,-28.000000
3156,-16.000000
3157,-8.000000
3158,-4.000000
3159,-8.000000
3160,-16.000000
3161,12.000000
3162,8.000000
3163,-16.000000
3164,-12.000000
3165,44.000000
3166,-8.000000
3167,-36.000000
3168,-20.000000
3169,20.000000
3170,4.000000
3171,-16.000000
3172,-24.000000
3173,0.000000
3174,-28.000000
3175,-36.000000
3176,-28.000000
3177,-8.000000
3178,-44.000000
3179,-8.000000
3180,0.000000
3181,0.000000
3182,-4.000000
3183,-8.000000
3184,-24.000000
3185,-8.000000
3186,20.000000
3187,-28.000000
3188,-12.000000
3189,20.000000
3190,-4.000000
3191,0.000000
3192,0.000000
3193,-16.000000
3194,0.000000
3195,0.000000
3196,12.000000
3197,52.000000
3198,0.000000
3199,4.000000
3200,12.000000
3201,-8.000000
3202,-48.000000
3203,56.000000
3204,20.000000
3205,-8.000000
3206,20.000000
3207,12.000000
3208,-8.000000
3209,-32.000000
3210,16.000000
3211,56.000000
3212,44.000000
3213,0.000000
3214,12.000000
3215,20.000000
3216,32.000000
3217,16.000000
3218,-24.000000
3219,-40.000000
3220,-8.000000
3221,-8.000000
3222,0.000000
3223,-16.000000
3224,24.000000
3225,-12.000000
3226,0.000000
3227,-16.000000
3228,-20.000000
3229,-12.000000
3230,-8.000000
3231,4.000000
3232,44.000000
3233,-8.000000
3234,4.000000
3235,-28.000000
3236,52.000000
3237,-8.000000
3238,0.000000
3239,24.000000
3240,-24.000000
3241,0.000000
3242,-36.000000
3243,4.000000
3244,20.000000
3245,-36.000000
3246,24.000000
3247,-12.000000
3248,8.000000
3249,12.000000
3250,-20.000000
3251,-44.000000
3252,0.000000
3253,-44.000000
3254,16.000000
3255,4.000000
3256,-12.000000
3257,-8.000000
3258,-32.000000
3259,-4.000000
3260,20.000000
3261,-48.000000
3262,-28.000000
3263,-32.000000
3264,12.000000
3265,-24.000000
3266,16.000000
3267,-8.000000
3268,-20.000000
3269,-64.000000
3270,-24.000000
3271,-24.000000
3272,12.000000
3273,-40.000000
3274,-44.000000
3275,-32.000000
3276,-32.000000
3277,-8.000000
3278,-20.000000
3279,-8.000000
3280,-8.000000
3281,-24.000000
3282,-40.000000
3283,-8.000000
3284,-8.000000
3285,-8.000000
3286,-24.000000
3287,-28.000000
3288,-28.000000
3289,-24.000000
3290,-32.000000
3291,12.000000
3292,-24.000000
3293,-24.000000
3294,-24.000000
3295,-28.000000
3296,-20.000000
3297,0.000000
3298,-28.000000
3299,-32.000000
3300,0.000000
3301,-20.000000
3302,4.000000
3303,-52.000000
3304,-24.000000
3305,-24.000000
3306,-8.000000
3307,-8.000000
3308,-8.000000
3309,-40.000000
3310,-24.000000
3311,8.000000
3312,0.000000
3313,-8.000000
3314,-20.000000
3315,0.000000
3316,40.000000
3317,-48.000000
3318,0.000000
3319,24.000000
3320,-8.000000
3321,12.000000
3322,-4.000000
3323,-4.000000
3324,0.000000
3325,0.000000
3326,-12.000000
3327,16.000000
3328,64.000000
3329,-4.000000
3330,4.000000
3331,4.000000
3332,8.000000
3333,24.000000
3334,0.000000
3335,-36.000000
3336,-8.000000
3337,-4.000000
3338,0.000000
3339,0.000000
3340,-20.000000
3341,-16.000000
3342,0.000000
3343,0.000000
3344,-8.000000
3345,-24.000000
3346,52.000000
3347,0.000000
3348,20.000000
3349,20.000000
3350,4.000000
3351,0.000000
3352,-16.000000
3353,20.000000
3354,-16.000000
3355,4.000000
3356,0.000000
3357,-20.000000
3358,0.000000
3359,0.000000
3360,-12.000000
3361,24.000000
3362,20.000000
3363,-4.000000
3364,-8.000000
3365,-40.000000
3366,-20.000000
3367,24.000000
3368,20.000000
3369,-28.000000
3370,-4.000000
3371,-24.000000
3372,-8.000000
3373,20.000000
3374,4.000000
3375,-28.000000
3376,-20.000000
3377,-20.000000
3378,-8.000000
3379,20.000000
3380,4.000000
3381,8.000000
3382,-24.000000
3383,12.000000
3384,-4.000000
3385,-32.000000
3386,-60.000000
3387,-28.000000
3388,-16.000000
3389,8.000000
3390,12.000000
3391,-16.000000
3392,-28.000000
3393,44.000000
3394,-24.000000
3395,-8.000000
3396,-20.000000
3397,-16.000000
3398,16.000000
3399,-32.000000
3400,-24.000000
3401,-40.000000
3402,-20.000000
3403,-16.000000
3404,-28.000000
3405,-24.000000
3406,20.000000
3407,-24.000000
3408,-28.000000
3409,-28.000000
3410,-28.000000
3411,84.000000
3412,16.000000
3413,-24.000000
3414,-8.000000
3415,40.000000
3416,-12.000000
3417,16.000000
3418,-12.000000
3419,-12.000000
3420,16.000000
3421,-8.000000
3422,8.000000
3423,12.000000
3424,16.000000
3425,-8.000000
3426,44.000000
3427,-12.000000
3428,-16.000000
3429,-44.000000
3430,-20.000000
3431,24.000000
3432,16.000000
3433,-8.000000
3434,16.000000
3435,16.000000
3436,-108.000000
3437,-8.000000
3438,-8.000000
3439,0.000000
3440,52.000000
3441,4.000000
3442,0.000000
3443,4.000000
3444,52.000000
3445,-8.000000
3446,-12.000000
3447,16.000000
3448,48.000000
3449,-36.000000
3450,-20.000000
3451,16.000000
3452,24.000000
3453,-12.000000
3454,20.000000
3455,20.000000
3456,-8.000000
3457,0.000000
3458,12.000000
3459,-44.000000
3460,20.000000
3461,-80.000000
3462,-8.000000
3463,-12.000000
3464,0.000000
3465,0.000000
3466,28.000000
3467,52.000000
3468,-16.000000
3469,-4.000000
3470,8.000000
3471,-16.000000
3472,0.000000
3473,12.000000
3474,-12.000000
3475,52.000000
3476,-44.000000
3477,4.000000
3478,-4.000000
3479,24.000000
3480,-36.000000
3481,-24.000000
3482,-4.000000
3483,-8.000000
3484,28.000000
3485,-12.000000
3486,24.000000
3487,12.000000
3488,16.000000
3489,4.000000
3490,-16.000000
3491,-8.000000
3492,0.000000
3493,-40.000000
3494,0.000000
3495,-4.000000
3496,4.000000
3497,-8.000000
3498,-24.000000
3499,16.000000
3500,24.000000
3501,-28.000000
3502,-20.000000
3503,0.000000
3504,-12.000000
3505,-24.000000
3506,-20.000000
3507,-40.000000
3508,4.000000
3509,24.000000
3510,-32.000000
3511,12.000000
3512,-8.000000
3513,-8.000000
3514,24.000000
3515,-4.000000
3516,40.000000
3517,0.000000
3518,-8.000000
3519,-28.000000
3520,-20.000000
3521,-4.000000
3522,-12.000000
3523,0.000000
3524,-8.000000
3525,20.000000
3526,-24.000000
3527,8.000000
3528,-32.000000
3529,-36.000000
3530,-20.000000
3531,12.000000
3532,16.000000
3533,-20.000000
3534,-36.000000
3535,-28.000000
3536,-40.000000
3537,0.000000
3538,-32.000000
3539,-36.000000
3540,-20.000000
3541,68.000000
3542,-8.000000
3543,-32.000000
3544,-8.000000
3545,-12.000000
3546,12.000000
3547,-32.000000
3548,0.000000
3549,60.000000
3550,0.000000
3551,0.000000
3552,-8.000000
3553,16.000000
3554,-80.000000
3555,-12.000000
3556,-32.000000
3557,-20.000000
3558,4.000000
3559,32.000000
3560,-12.000000
3561,-8.000000
3562,44.000000
3563,8.000000
3564,-24.000000
3565,0.000000
3566,20.000000
3567,40.000000
3568,60.000000
3569,44.000000
3570,0.000000
3571,12.000000
3572,-32.000000
3573,12.000000
3574,40.000000
3575,-24.000000
3576,-8.000000
3577,4.000000
3578,16.000000
3579,24.000000
3580,-20.000000
3581,64.000000
3582,-36.000000
3583,0.000000
3584,0.000000
3585,32.000000
3586,-16.000000
3587,16.000000
3588,-8.000000
3589,52.000000
3590,0.000000
3591,4.000000
3592,-8.000000
3593,-8.000000
3594,-12.000000
3595,0.000000
3596,-40.000000
3597,-8.000000
3598,-28.000000
3599,12.000000
3600,24.000000
3601,-64.000000
3602,-28.000000
3603,-8.000000
3604,0.000000
3605,8.000000
3606,0.000000
3607,0.000000
3608,40.000000
3609,-4.000000
3610,-32.000000
3611,-4.000000
3612,-8.000000
3613,68.000000
3614,0.000000
3615,-40.000000
3616,16.000000
3617,-8.000000
3618,12.000000
3619,0.000000
3620,40.000000
3621,-8.000000
3622,4.000000
3623,68.000000
3624,12.000000
3625,-4.000000
3626,-16.000000
3627,-16.000000
3628,12.000000
3629,-48.000000
3630,16.000000
3631,-20.000000
3632,-28.000000
3633,-36.000000
3634,-32.000000
3635,-52.000000
3636,-8.000000
3637,16.000000
3638,-4.000000
3639,8.000000
3640,-20.000000
3641,-8.000000
3642,0.000000
3643,8.000000
3644,-24.000000
3645,-4.000000
3646,24.000000
3647,-72.000000
3648,20.000000
3649,20.000000
3650,-16.000000
3651,-20.000000
3652,0.000000
3653,-24.000000
3654,-4.000000
3655,-28.000000
3656,-8.000000
3657,-32.000000
3658,-32.000000
3659,16.000000
3660,-8.000000
3661,28.000000
3662,-8.000000
3663,8.000000
3664,-16.000000
3665,0.000000
3666,-44.000000
3667,-24.000000
3668,-12.000000
3669,-8.000000
3670,0.000000
3671,-4.000000
3672,-56.000000
3673,-28.000000
3674,8.000000
3675,4.000000
3676,4.000000
3677,-12.000000
3678,4.000000
3679,0.000000
3680,0.000000
3681,-16.000000
3682,4.000000
3683,32.000000
3684,28.000000
3685,-16.000000
3686,60.000000
3687,52.000000
3688,28.000000
3689,-8.000000
3690,12.000000
3691,8.000000
3692,0.000000
3693,24.000000
3694,0.000000
3695,-4.000000
3696,12.000000
3697,8.000000
3698,-8.000000
3699,4.000000
3700,-16.000000
3701,20.000000
3702,-16.000000
3703,-12.000000
3704,20.000000
3705,24.000000
3706,0.000000
3707,-16.000000
3708,-4.000000
3709,-24.000000
3710,24.000000
3711,-12.000000
3712,0.000000
3713,60.000000
3714,-28.000000
3715,-44.000000
3716,0.000000
3717,4.000000
3718,0.000000
3719,-4.000000
3720,0.000000
3721,8.000000
3722,-20.000000
3723,-20.000000
3724,-36.000000
3725,8.000000
3726,40.000000
3727,0.000000
3728,8.000000
3729,12.000000
3730,32.000000
3731,-44.000000
3732,60.000000
3733,44.000000
3734,40.000000
3735,-8.000000
3736,-8.000000
3737,0.000000
3738,-8.000000
3739,0.000000
3740,16.000000
3741,20.000000
3742,-20.000000
3743,20.000000
3744,-8.000000
3745,-4.000000
3746,56.000000
3747,-12.000000
3748,-12.000000
3749,0.000000
3750,-20.000000
3751,28.000000
3752,-12.000000
3753,-20.000000
3754,-4.000000
3755,4.000000
3756,-16.000000
3757,16.000000
3758,64.000000
3759,0.000000
3760,-8.000000
3761,-4.000000
3762,-16.000000
3763,-40.000000
3764,-12.000000
3765,8.000000
3766,-8.000000
3767,-8.000000
3768,4.000000
3769,-40.000000
3770,-36.000000
3771,-40.000000
3772,-60.000000
3773,-32.000000
3774,-28.000000
3775,44.000000
3776,-4.000000
3777,-36.000000
3778,-12.000000
3779,-48.000000
3780,-28.000000
3781,-8.000000
3782,0.000000
3783,-16.000000
3784,-8.000000
3785,-8.000000
3786,-64.000000
3787,28.000000
3788,16.000000
3789,-16.000000
3790,-8.000000
3791,-8.000000
3792,-24.000000
3793,0.000000
3794,-20.000000
3795,-8.000000
3796,0.000000
3797,8.000000
3798,-20.000000
3799,-16.000000
3800,0.000000
3801,-8.000000
3802,0.000000
3803,-8.000000
3804,28.000000
3805,-32.000000
3806,8.000000
3807,-60.000000
3808,-12.000000
3809,28.000000
3810,-4.000000
3811,16.000000
3812,-8.000000
3813,28.000000
3814,-4.000000
3815,84.000000
3816,52.000000
3817,8.000000
3818,-8.000000
3819,4.000000
3820,0.000000
3821,48.000000
3822,-8.000000
3823,0.000000
3824,4.000000
3825,4.000000
3826,-4.000000
3827,-44.000000
3828,4.000000
3829,8.000000
3830,20.000000
3831,-20.000000
3832,16.000000
3833,44.000000
3834,-24.000000
3835,-8.000000
3836,68.000000
3837,44.000000
3838,4.000000
3839,8.000000
3840,-28.000000
3841,-32.000000
3842,-8.000000
3843,-8.000000
3844,4.000000
3845,-8.000000
3846,0.000000
3847,0.000000
3848,-36.000000
3849,-28.000000
3850,20.000000
3851,16.000000
3852,0.000000
3853,4.000000
3854,-32.000000
3855,0.000000
3856,4.000000
3857,4.000000
3858,-28.000000
3859,20.000000
3860,96.000000
3861,4.000000
3862,20.000000
3863,12.000000
3864,-8.000000
3865,-40.000000
3866,4.000000
3867,-36.000000
3868,-8.000000
3869,16.000000
3870,52.000000
3871,-12.000000
3872,44.000000
3873,-24.000000
3874,-28.000000
3875,-8.000000
3876,-32.000000
3877,64.000000
3878,40.000000
3879,-24.000000
3880,-12.000000
3881,8.000000
3882,-20.000000
3883,24.000000
3884,-12.000000
3885,-8.000000
3886,16.000000
3887,24.000000
3888,12.000000
3889,-8.000000
3890,-20.000000
3891,-16.000000
3892,-16.000000
3893,-8.000000
3894,-32.000000
3895,-8.000000
3896,-8.000000
3897,-12.000000
3898,-24.000000
3899,-20.000000
3900,52.000000
3901,-28.000000
3902,64.000000
3903,28.000000
3904,12.000000
3905,28.000000
3906,44.000000
3907,-44.000000
3908,20.000000
3909,-8.000000
3910,-8.000000
3911,-4.000000
3912,52.000000
3913,-44.000000
3914,-12.000000
3915,-44.000000
3916,8.000000
3917,0.000000
3918,-32.000000
3919,-16.000000
3920,44.000000
3921,-8.000000
3922,16.000000
3923,0.000000
3924,-8.000000
3925,60.000000
3926,-16.000000
3927,44.000000
3928,-20.000000
3929,8.000000
3930,-24.000000
3931,4.000000
3932,-12.000000
3933,24.000000
3934,-4.000000
3935,0.000000
3936,8.000000
3937,4.000000
3938,0.000000
3939,-20.000000
3940,0.000000
3941,8.000000
3942,0.000000
3943,32.000000
3944,4.000000
3945,0.000000
3946,28.000000
3947,0.000000
3948,-24.000000
3949,16.000000
3950,-12.000000
3951,4.000000
3952,-8.000000
3953,0.000000
3954,-8.000000
3955,-32.000000
3956,4.000000
3957,-12.000000
3958,8.000000
3959,64.000000
3960,-16.000000
3961,-8.000000
3962,12.000000
3963,12.000000
3964,4.000000
3965,-20.000000
3966,-12.000000
3967,8.000000
3968,-12.000000
3969,32.000000
3970,24.000000
3971,32.000000
3972,0.000000
3973,-8.000000
3974,-16.000000
3975,-16.000000
3976,-36.000000
3977,8.000000
3978,48.000000
3979,-8.000000
3980,28.000000
3981,28.000000
3982,-28.000000
3983,44.000000
3984,4.000000
3985,-8.000000
3986,-28.000000
3987,-28.000000
3988,0.000000
3989,-24.000000
3990,-40.000000
3991,-32.000000
3992,-12.000000
3993,-12.000000
3994,-16.000000
3995,-36.000000
3996,-8.000000
3997,-44.000000
3998,0.000000
3999,-12.000000
4000,20.000000
4001,-48.000000
4002,-4.000000
4003,-8.000000
4004,-28.000000
4005,-32.000000
4006,-8.000000
4007,-28.000000
4008,-28.000000
4009,-24.000000
4010,-28.000000
4011,-36.000000
4012,-28.000000
4013,-28.000000
4014,-48.000000
4015,24.000000
4016,-8.000000
4017,-40.000000
4018,0.000000
4019,-28.000000
4020,0.000000
4021,-40.000000
4022,-8.000000
4023,12.000000
4024,44.000000
4025,24.000000
4026,8.000000
4027,8.000000
4028,-36.000000
4029,-28.000000
4030,0.000000
4031,-4.000000
4032,-8.000000
4033,-8.000000
4034,-60.000000
4035,40.000000
4036,-28.000000
4037,12.000000
4038,16.000000
4039,52.000000
4040,-20.000000
4041,-16.000000
4042,24.000000
4043,60.000000
4044,-36.000000
4045,-4.000000
4046,0.000000
4047,0.000000
4048,-16.000000
4049,-8.000000
4050,20.000000
4051,-12.000000
4052,-20.000000
4053,44.000000
4054,8.000000
4055,100.000000
4056,8.000000
4057,4.000000
4058,8.000000
4059,-12.000000
4060,12.000000
4061,44.000000
4062,0.000000
4063,0.000000
4064,0.000000
4065,28.000000
4066,8.000000
4067,4.000000
4068,16.000000
4069,0.000000
4070,-8.000000
4071,-4.000000
4072,12.000000
4073,-12.000000
4074,0.000000
4075,44.000000
4076,8.000000
4077,-24.000000
4078,-4.000000
4079,0.000000
4080,8.000000
4081,-36.000000
4082,8.000000
4083,-4.000000
4084,-20.000000
4085,-36.000000
4086,-16.000000
4087,-20.000000
4088,52.000000
4089,-20.000000
4090,16.000000
4091,20.000000
4092,16.000000
4093,12.000000
4094,68.000000
4095,24.000000
4096,-20.000000
4097,8.000000
4098,-8.000000
4099,12.000000
4100,0.000000
4101,-44.000000
4102,24.000000
4103,-40.000000
4104,0.000000
4105,64.000000
4106,4.000000
4107,4.000000
4108,16.000000
4109,-8.000000
4110,-56.000000
4111,-8.000000
4112,44.000000
4113,32.000000
4114,8.000000
4115,0.000000
4116,24.000000
4117,20.000000
4118,-44.000000
4119,0.000000
4120,-24.000000
4121,-12.000000
4122,4.000000
4123,4.000000
4124,-8.000000
4125,52.000000
4126,0.000000
4127,-12.000000
4128,-8.000000
4129,-8.000000
4130,4.000000
4131,12.000000
4132,0.000000
4133,-8.000000
4134,44.000000
4135,-8.000000
4136,-24.000000
4137,-20.000000
4138,32.000000
4139,0.000000
4140,0.000000
4141,20.000000
4142,0.000000
4143,-12.000000
4144,0.000000
4145,-24.000000
4146,40.000000
4147,-8.000000
4148,-12.000000
4149,0.000000
4150,-12.000000
4151,-4.000000
4152,4.000000
4153,0.000000
4154,-16.000000
4155,-20.000000
4156,-8.000000
4157,-4.000000
4158,24.000000
4159,96.000000
4160,0.000000
4161,-4.000000
4162,0.000000
4163,-12.000000
4164,-8.000000
4165,-12.000000
4166,-24.000000
4167,-20.000000
4168,-4.000000
4169,-8.000000
4170,-4.000000
4171,-4.000000
4172,-12.000000
4173,-8.000000
4174,-8.000000
4175,-44.000000
4176,12.000000
4177,76.000000
4178,0.000000
4179,4.000000
4180,16.000000
4181,16.000000
4182,-12.000000
4183,4.000000
4184,8.000000
4185,-20.000000
4186,20.000000
4187,12.000000
4188,4.000000
4189,0.000000
4190,8.000000
4191,8.000000
4192,-8.000000
4193,-8.000000
4194,0.000000
4195,-20.000000
4196,12.000000
4197,20.000000
4198,4.000000
4199,-12.000000
4200,16.000000
4201,-20.000000
4202,-8.000000
4203,-32.000000
4204,-16.000000
4205,12.000000
4206,4.000000
4207,4.000000
4208,-24.000000
4209,-12.000000
4210,8.000000
4211,0.000000
4212,60.000000
4213,8.000000
4214,-8.000000
4215,16.000000
4216,20.000000
4217,0.000000
4218,4.000000
4219,-8.000000
4220,20.000000
4221,-4.000000
4222,24.000000
4223,36.000000
4224,8.000000
4225,8.000000
4226,0.000000
4227,-4.000000
4228,0.000000
4229,0.000000
4230,24.000000
4231,-20.000000
4232,60.000000
4233,0.000000
4234,-40.000000
4235,-8.000000
4236,12.000000
4237,0.000000
4238,-32.000000
4239,20.000000
4240,-44.000000
4241,-4.000000
4242,-16.000000
4243,-20.000000
4244,-12.000000
4245,28.000000
4246,-52.000000
4247,8.000000
4248,-28.000000
4249,-32.000000
4250,0.000000
4251,-8.000000
4252,12.000000
4253,-32.000000
4254,-28.000000
4255,44.000000
4256,-48.000000
4257,8.000000
4258,52.000000
4259,-68.000000
4260,12.000000
4261,-32.000000
4262,20.000000
4263,16.000000
4264,-16.000000
4265,-32.000000
4266,56.000000
4267,-60.000000
4268,-20.000000
4269,-52.000000
4270,-28.000000
4271,24.000000
4272,-20.000000
4273,-16.000000
4274,-12.000000
4275,-12.000000
4276,-24.000000
4277,24.000000
4278,44.000000
4279,16.000000
4280,4.000000
4281,0.000000
4282,0.000000
4283,-8.000000
4284,0.000000
4285,-32.000000
4286,-24.000000
4287,-24.000000
4288,-24.000000
4289,12.000000
4290,52.000000
4291,0.000000
4292,16.000000
4293,-36.000000
4294,16.000000
4295,4.000000
4296,-20.000000
4297,-16.000000
4298,20.000000
4299,-12.000000
4300,0.000000
4301,-12.000000
4302,16.000000
4303,-24.000000
4304,0.000000
4305,16.000000
4306,-8.000000
4307,12.000000
4308,16.000000
4309,-12.000000
4310,12.000000
4311,-80.000000
4312,20.000000
4313,-16.000000
4314,16.000000
4315,-24.000000
4316,-20.000000
4317,-24.000000
4318,-8.000000
4319,4.000000
4320,-28.000000
4321,-28.000000
4322,-12.000000
4323,-4.000000
4324,16.000000
4325,20.000000
4326,12.000000
4327,12.000000
4328,16.000000
4329,60.000000
4330,16.000000
4331,-32.000000
4332,0.000000
4333,0.000000
4334,20.000000
4335,24.000000
4336,24.000000
4337,4.000000
4338,-16.000000
4339,20.000000
4340,28.000000
4341,28.000000
4342,-8.000000
4343,0.000000
4344,0.000000
4345,0.000000
4346,-32.000000
4347,-12.000000
4348,8.000000
4349,8.000000
4350,12.000000
4351,-8.000000
4352,0.000000
4353,8.000000
4354,-20.000000
4355,52.000000
4356,0.000000
4357,4.000000
4358,-8.000000
4359,-60.000000
4360,-60.000000
4361,-44.000000
4362,0.000000
4363,-8.000000
4364,-8.000000
4365,-12.000000
4366,-4.000000
4367,32.000000
4368,0.000000
4369,-8.000000
4370,-24.000000
4371,-8.000000
4372,-8.000000
4373,-24.000000
4374,-24.000000
4375,-28.000000
4376,-16.000000
4377,-8.000000
4378,-40.000000
4379,72.000000
4380,-12.000000
4381,0.000000
4382,-28.000000
4383,-8.000000
4384,44.000000
4385,-40.000000
4386,-28.000000
4387,-8.000000
4388,-12.000000
4389,-16.000000
4390,-24.000000
4391,4.000000
4392,-16.000000
4393,44.000000
4394,28.000000
4395,0.000000
4396,-8.000000
4397,-40.000000
4398,-36.000000
4399,24.000000
4400,4.000000
4401,4.000000
4402,16.000000
4403,-28.000000
4404,-8.000000
4405,0.000000
4406,40.000000
4407,-8.000000
4408,-8.000000
4409,-8.000000
4410,-12.000000
4411,-52.000000
4412,0.000000
4413,-8.000000
4414,-8.000000
4415,16.000000
4416,16.000000
4417,4.000000
4418,16.000000
4419,-12.000000
4420,-32.000000
4421,0.000000
4422,-4.000000
4423,-32.000000
4424,16.000000
4425,0.000000
4426,-32.000000
4427,-12.000000
4428,36.000000
4429,8.000000
4430,48.000000
4431,12.000000
4432,36.000000
4433,0.000000
4434,-4.000000
4435,44.000000
4436,24.000000
4437,-4.000000
4438,-4.000000
4439,8.000000
4440,-44.000000
4441,8.000000
4442,4.000000
4443,-52.000000
4444,4.000000
4445,-4.000000
4446,8.000000
4447,32.000000
4448,20.000000
4449,0.000000
4450,-20.000000
4451,-32.000000
4452,24.000000
4453,-28.000000
4454,12.000000
4455,0.000000
4456,-28.000000
4457,60.000000
4458,-12.000000
4459,-20.000000
4460,-4.000000
4461,-32.000000
4462,-8.000000
4463,44.000000
4464,4.000000
4465,-12.000000
4466,56.000000
4467,-12.000000
4468,0.000000
4469,44.000000
4470,4.000000
4471,-32.000000
4472,0.000000
4473,-8.000000
4474,24.000000
4475,-44.000000
4476,-36.000000
4477,4.000000
4478,-32.000000
4479,-8.000000
4480,-12.000000
4481,24.000000
4482,0.000000
4483,8.000000
4484,52.000000
4485,-48.000000
4486,-52.000000
4487,-8.000000
4488,20.000000
4489,-72.000000
4490,-8.000000
4491,12.000000
4492,-32.000000
4493,-8.000000
4494,-28.000000
4495,-20.000000
4496,-4.000000
4497,-24.000000
4498,-60.000000
4499,-4.000000
4500,-8.000000
4501,-24.000000
4502,-4.000000
4503,-4.000000
4504,-16.000000
4505,-16.000000
4506,-32.000000
4507,0.000000
4508,-40.000000
4509,8.000000
4510,-32.000000
4511,0.000000
4512,-24.000000
4513,-16.000000
4514,-4.000000
4515,28.000000
4516,-52.000000
4517,-52.000000
4518,0.000000
4519,16.000000
4520,-4.000000
4521,8.000000
4522,-8.000000
4523,-16.000000
4524,-24.000000
4525,-24.000000
4526,44.000000
4527,-32.000000
4528,-28.000000
4529,-12.000000
4530,-20.000000
4531,72.000000
4532,12.000000
4533,-8.000000
4534,16.000000
4535,40.000000
4536,-8.000000
4537,-8.000000
4538,24.000000
4539,0.000000
4540,44.000000
4541,28.000000
4542,-32.000000
4543,-36.000000
4544,-12.000000
4545,20.000000
4546,0.000000
4547,48.000000
4548,88.000000
4549,-16.000000
4550,12.000000
4551,56.000000
4552,8.000000
4553,8.000000
4554,16.000000
4555,20.000000
4556,32.000000
4557,4.000000
4558,12.000000
4559,4.000000
4560,-4.000000
4561,-12.000000
4562,4.000000
4563,-32.000000
4564,36.000000
4565,4.000000
4566,4.000000
4567,-44.000000
4568,12.000000
4569,8.000000
4570,0.000000
4571,-20.000000
4572,-8.000000
4573,-8.000000
4574,-4.000000
4575,0.000000
4576,0.000000
4577,0.000000
4578,0.000000
4579,-8.000000
4580,-24.000000
4581,24.000000
4582,-24.000000
4583,-12.000000
4584,-16.000000
4585,0.000000
4586,-20.000000
4587,-20.000000
4588,8.000000
4589,8.000000
4590,0.000000
4591,4.000000
4592,-60.000000
4593,-4.000000
4594,-48.000000
4595,20.000000
4596,-4.000000
4597,-32.000000
4598,-28.000000
4599,-16.000000
4600,-16.000000
4601,0.000000
4602,24.000000
4603,4.000000
4604,-48.000000
4605,-24.000000
4606,-8.000000
4607,-36.000000
4608,-12.000000
4609,24.000000
4610,8.000000
4611,-20.000000
4612,-4.000000
4613,-32.000000
4614,24.000000
4615,-60.000000
4616,16.000000
4617,-24.000000
4618,-64.000000
4619,-20.000000
4620,52.000000
4621,-32.000000
4622,0.000000
4623,-12.000000
4624,12.000000
4625,0.000000
4626,20.000000
4627,-28.000000
4628,-32.000000
4629,-8.000000
4630,-16.000000
4631,-16.000000
4632,-8.000000
4633,-12.000000
4634,-40.000000
4635,-24.000000
4636,36.000000
4637,-32.000000
4638,-40.000000
4639,28.000000
4640,-16.000000
4641,8.000000
4642,-60.000000
4643,-12.000000
4644,-8.000000
4645,8.000000
4646,0.000000
4647,0.000000
4648,-8.000000
4649,8.000000
4650,-24.000000
4651,-16.000000
4652,-4.000000
4653,-8.000000
4654,8.000000
4655,-12.000000
4656,12.000000
4657,-12.000000
4658,-4.000000
4659,24.000000
4660,-4.000000
4661,4.000000
4662,-24.000000
4663,-16.000000
4664,-4.000000
4665,-4.000000
4666,20.000000
4667,68.000000
4668,44.000000
4669,8.000000
4670,-24.000000
4671,12.000000
4672,-4.000000
4673,-4.000000
4674,-16.000000
4675,0.000000
4676,-12.000000
4677,48.000000
4678,12.000000
4679,16.000000
4680,-72.000000
4681,20.000000
4682,40.000000
4683,24.000000
4684,20.000000
4685,-20.000000
4686,0.000000
4687,8.000000
4688,-20.000000
4689,24.000000
4690,-12.000000
4691,-8.000000
4692,0.000000
4693,0.000000
4694,20.000000
4695,-12.000000
4696,28.000000
4697,12.000000
4698,8.000000
4699,4.000000
4700,-8.000000
4701,-32.000000
4702,16.000000
4703,-48.000000
4704,-8.000000
4705,4.000000
4706,4.000000
4707,-16.000000
4708,-8.000000
4709,-4.000000
4710,44.000000
4711,-8.000000
4712,32.000000
4713,28.000000
4714,8.000000
4715,8.000000
4716,-8.000000
4717,-32.000000
4718,20.000000
4719,-60.000000
4720,12.000000
4721,-8.000000
4722,16.000000
4723,20.000000
4724,0.000000
4725,-4.000000
4726,-20.000000
4727,-32.000000
4728,0.000000
4729,-28.000000
4730,84.000000
4731,-32.000000
4732,-4.000000
4733,-4.000000
4734,-16.000000
4735,-8.000000
4736,-8.000000
4737,-8.000000
4738,-8.000000
4739,8.000000
4740,60.000000
4741,8.000000
4742,-44.000000
4743,-40.000000
4744,52.000000
4745,-28.000000
4746,16.000000
4747,16.000000
4748,-52.000000
4749,12.000000
4750,4.000000
4751,4.000000
4752,52.000000
4753,-16.000000
4754,-8.000000
4755,20.000000
4756,-8.000000
4757,-16.000000
4758,44.000000
4759,0.000000
4760,-32.000000
4761,-28.000000
4762,44.000000
4763,-32.000000
4764,-16.000000
4765,-8.000000
4766,16.000000
4767,16.000000
4768,16.000000
4769,-8.000000
4770,-8.000000
4771,-4.000000
4772,-36.000000
4773,-52.000000
4774,0.000000
4775,-4.000000
4776,16.000000
4777,-8.000000
4778,-20.000000
4779,-8.000000
4780,44.000000
4781,-28.000000
4782,-8.000000
4783,0.000000
4784,-12.000000
4785,-24.000000
4786,40.000000
4787,16.000000
4788,-24.000000
4789,52.000000
4790,-8.000000
4791,76.000000
4792,28.000000
4793,52.000000
4794,-16.000000
4795,-44.000000
4796,44.000000
4797,56.000000
4798,-16.000000
4799,4.000000
4800,52.000000
4801,-12.000000
4802,-36.000000
4803,32.000000
4804,48.000000
4805,16.000000
4806,20.000000
4807,-40.000000
4808,-8.000000
4809,52.000000
4810,-8.000000
4811,-4.000000
4812,8.000000
4813,20.000000
4814,-8.000000
4815,4.000000
4816,-20.000000
4817,24.000000
4818,16.000000
4819,0.000000
4820,16.000000
4821,24.000000
4822,-28.000000
4823,-20.000000
4824,24.000000
4825,24.000000
4826,0.000000
4827,36.000000
4828,4.000000
4829,4.000000
4830,8.000000
4831,8.000000
4832,-8.000000
4833,12.000000
4834,12.000000
4835,-32.000000
4836,-12.000000
4837,20.000000
4838,44.000000
4839,-12.000000
4840,4.000000
4841,-64.000000
4842,-24.000000
4843,16.000000
4844,100.000000
4845,-28.000000
4846,12.000000
4847,32.000000
4848,-76.000000
4849,20.000000
4850,4.000000
4851,24.000000
4852,-16.000000
4853,-12.000000
4854,0.000000
4855,-4.000000
4856,16.000000
4857,0.000000
4858,-16.000000
4859,8.000000
4860,-32.000000
4861,-28.000000
4862,-4.000000
4863,-8.000000
4864,-16.000000
4865,12.000000
4866,-60.000000
4867,-32.000000
4868,24.000000
4869,12.000000
4870,24.000000
4871,-16.000000
4872,-32.000000
4873,-8.000000
4874,-8.000000
4875,-12.000000
4876,28.000000
4877,-16.000000
4878,-32.000000
4879,0.000000
4880,-12.000000
4881,-12.000000
4882,-16.000000
4883,40.000000
4884,-24.000000
4885,-16.000000
4886,60.000000
4887,-28.000000
4888,4.000000
4889,-8.000000
4890,-24.000000
4891,-8.000000
4892,0.000000
4893,0.000000
4894,16.000000
4895,44.000000
4896,-8.000000
4897,-8.000000
4898,4.000000
4899,12.000000
4900,-48.000000
4901,-20.000000
4902,-28.000000
4903,40.000000
4904,-36.000000
4905,16.000000
4906,-24.000000
4907,-8.000000
4908,32.000000
4909,-20.000000
4910,0.000000
4911,0.000000
4912,44.000000
4913,-8.000000
4914,-16.000000
4915,16.000000
4916,-12.000000
4917,4.000000
4918,4.000000
4919,0.000000
4920,20.000000
4921,4.000000
4922,20.000000
4923,16.000000
4924,4.000000
4925,-12.000000
4926,44.000000
4927,24.000000
4928,8.000000
4929,24.000000
4930,-4.000000
4931,0.000000
4932,-20.000000
4933,8.000000
4934,20.000000
4935,-16.000000
4936,4.000000
4937,32.000000
4938,8.000000
4939,-12.000000
4940,-12.000000
4941,-8.000000
4942,-8.000000
4943,0.000000
4944,16.000000
4945,0.000000
4946,-8.000000
4947,4.000000
4948,-4.000000
4949,24.000000
4950,-8.000000
4951,-8.000000
4952,24.000000
4953,-12.000000
4954,28.000000
4955,28.000000
4956,4.000000
4957,4.000000
4958,8.000000
4959,12.000000
4960,4.000000
4961,0.000000
4962,8.000000
4963,8.000000
4964,16.000000
4965,-8.000000
4966,0.000000
4967,0.000000
4968,-8.000000
4969,60.000000
4970,24.000000
4971,40.000000
4972,0.000000
4973,28.000000
4974,-60.000000
4975,4.000000
4976,68.000000
4977,-4.000000
4978,8.000000
4979,-12.000000
4980,-32.000000
4981,-16.000000
4982,-48.000000
4983,16.000000
4984,-8.000000
4985,-32.000000
4986,-8.000000
4987,-8.000000
4988,16.000000
4989,-8.000000
4990,-36.000000
4991,-44.000000
4992,-52.000000
4993,-24.000000
4994,12.000000
4995,-12.000000
4996,16.000000
4997,-20.000000
4998,0.000000
4999,0.000000
5000,-16.000000
5001,-8.000000
5002,8.000000
5003,0.000000
5004,-12.000000
5005,0.000000
5006,-8.000000
5007,-28.000000
5008,8.000000
5009,-24.000000
5010,-28.000000
5011,-24.000000
5012,-48.000000
5013,-48.000000
5014,-24.000000
5015,8.000000
5016,-28.000000
5017,-8.000000
5018,28.000000
5019,52.000000
5020,-12.000000
5021,-28.000000
5022,-32.000000
5023,-28.000000
5024,-8.000000
5025,-24.000000
5026,-12.000000
5027,-24.000000
5028,-8.000000
5029,-8.000000
5030,-20.000000
5031,-16.000000
5032,-28.000000
5033,-20.000000
5034,0.000000
5035,24.000000
5036,8.000000
5037,-8.000000
5038,-16.000000
5039,76.000000
5040,0.000000
5041,4.000000
5042,4.000000
5043,8.000000
5044,16.000000
5045,-12.000000
5046,-16.000000
5047,12.000000
5048,-28.000000
5049,-28.000000
5050,4.000000
5051,-28.000000
5052,-8.000000
5053,-8.000000
5054,-32.000000
5055,-12.000000
5056,4.000000
5057,-52.000000
5058,24.000000
5059,20.000000
5060,-40.000000
5061,-8.000000
5062,44.000000
5063,16.000000
5064,16.000000
5065,16.000000
5066,20.000000
5067,-8.000000
5068,28.000000
5069,24.000000
5070,-16.000000
5071,0.000000
5072,-12.000000
5073,12.000000
5074,16.000000
5075,-12.000000
5076,44.000000
5077,0.000000
5078,-8.000000
5079,20.000000
5080,12.000000
5081,32.000000
5082,0.000000
5083,-24.000000
5084,12.000000
5085,12.000000
5086,8.000000
5087,16.000000
5088,0.000000
5089,40.000000
5090,-8.000000
5091,16.000000
5092,40.000000
5093,-40.000000
5094,12.000000
5095,28.000000
5096,-52.000000
5097,32.000000
5098,-8.000000
5099,-8.000000
5100,-8.000000
5101,-8.000000
5102,-20.000000
5103,24.000000
5104,-20.000000
5105,-32.000000
5106,16.000000
5107,-52.000000
5108,24.000000
5109,-24.000000
5110,8.000000
5111,52.000000
5112,4.000000
5113,-32.000000
5114,12.000000
5115,-60.000000
5116,-8.000000
5117,-44.000000
5118,-32.000000
5119,20.000000
5120,-24.000000
5121,12.000000
5122,-20.000000
5123,-16.000000
5124,-20.000000
5125,-56.000000
5126,-16.000000
5127,-4.000000
5128,-12.000000
5129,-60.000000
5130,-16.000000
5131,8.000000
5132,-20.000000
5133,-8.000000
5134,0.000000
5135,-36.000000
5136,-28.000000
5137,-28.000000
5138,28.000000
5139,-16.000000
5140,0.000000
5141,52.000000
5142,-32.000000
5143,-8.000000
5144,12.000000
5145,-16.000000
5146,12.000000
5147,12.000000
5148,-8.000000
5149,-16.000000
5150,20.000000
5151,28.000000
5152,16.000000
5153,0.000000
5154,-12.000000
5155,-12.000000
5156,-32.000000
5157,-8.000000
5158,12.000000
5159,-24.000000
5160,12.000000
5161,-32.000000
5162,4.000000
5163,-12.000000
5164,-12.000000
5165,0.000000
5166,16.000000
5167,4.000000
5168,20.000000
5169,0.000000
5170,44.000000
5171,8.000000
5172,0.000000
5173,-8.000000
5174,-12.000000
5175,-32.000000
5176,24.000000
5177,0.000000
5178,0.000000
5179,-44.000000
5180,20.000000
5181,-68.000000
5182,-32.000000
5183,-36.000000
5184,0.000000
5185,4.000000
5186,68.000000
5187,-44.000000
5188,-8.000000
5189,36.000000
5190,4.000000
5191,-60.000000
5192,0.000000
5193,16.000000
5194,4.000000
5195,4.000000
5196,4.000000
5197,4.000000
5198,24.000000
5199,32.000000
5200,28.000000
5201,-4.000000
5202,-8.000000
5203,-32.000000
5204,-32.000000
5205,-56.000000
5206,16.000000
5207,0.000000
5208,-20.000000
5209,-12.000000
5210,84.000000
5211,16.000000
5212,-68.000000
5213,-20.000000
5214,-4.000000
5215,-8.000000
5216,8.000000
5217,-32.000000
5218,12.000000
5219,-32.000000
5220,-16.000000
5221,12.000000
5222,-20.000000
5223,-56.000000
5224,0.000000
5225,-32.000000
5226,-16.000000
5227,-56.000000
5228,-8.000000
5229,4.000000
5230,52.000000
5231,20.000000
5232,-12.000000
5233,-12.000000
5234,-12.000000
5235,-12.000000
5236,-20.000000
5237,12.000000
5238,-16.000000
5239,8.000000
5240,16.000000
5241,-32.000000
5242,-8.000000
5243,0.000000
5244,-8.000000
5245,16.000000
5246,52.000000
5247,-20.000000
5248,24.000000
5249,-60.000000
5250,-16.000000
5251,-12.000000
5252,-8.000000
5253,0.000000
5254,56.000000
5255,-40.000000
5256,-4.000000
5257,-60.000000
5258,-24.000000
5259,-24.000000
5260,-32.000000
5261,-4.000000
5262,-32.000000
5263,-32.000000
5264,24.000000
5265,28.000000
5266,-16.000000
5267,-8.000000
5268,-32.000000
5269,-28.000000
5270,8.000000
5271,12.000000
5272,0.000000
5273,-8.000000
5274,-28.000000
5275,0.000000
5276,4.000000
5277,0.000000
5278,-8.000000
5279,16.000000
5280,0.000000
5281,-48.000000
5282,24.000000
5283,-36.000000
5284,0.000000
5285,-24.000000
5286,4.000000
5287,44.000000
5288,-4.000000
5289,24.000000
5290,0.000000
5291,0.000000
5292,12.000000
5293,12.000000
5294,-8.000000
5295,64.000000
5296,0.000000
5297,-12.000000
5298,8.000000
5299,-44.000000
5300,32.000000
5301,0.000000
5302,-12.000000
5303,68.000000
5304,-24.000000
5305,0.000000
5306,16.000000
5307,44.000000
5308,-8.000000
5309,-24.000000
5310,-40.000000
5311,48.000000
5312,12.000000
5313,8.000000
5314,16.000000
5315,0.000000
5316,4.000000
5317,4.000000
5318,52.000000
5319,-20.000000
5320,8.000000
5321,0.000000
5322,0.000000
5323,32.000000
5324,20.000000
5325,20.000000
5326,44.000000
5327,12.000000
5328,0.000000
5329,0.000000
5330,16.000000
5331,24.000000
5332,-8.000000
5333,-16.000000
5334,12.000000
5335,-28.000000
5336,-32.000000
5337,12.000000
5338,8.000000
5339,20.000000
5340,-16.000000
5341,-24.000000
5342,-32.000000
5343,-44.000000
5344,-4.000000
5345,-12.000000
5346,-8.000000
5347,-24.000000
5348,0.000000
5349,0.000000
5350,16.000000
5351,-8.000000
5352,28.000000
5353,-40.000000
5354,4.000000
5355,-12.000000
5356,-24.000000
5357,4.000000
5358,-8.000000
5359,-8.000000
5360,-4.000000
5361,-24.000000
5362,-24.000000
5363,-8.000000
5364,-4.000000
5365,-24.000000
5366,-32.000000
5367,-20.000000
5368,-8.000000
5369,-12.000000
5370,0.000000
5371,44.000000
5372,-12.000000
5373,-12.000000
5374,0.000000
5375,0.000000
5376,-8.000000
5377,0.000000
5378,-8.000000
5379,-16.000000
5380,44.000000
5381,28.000000
5382,-32.000000
5383,-8.000000
5384,-8.000000
5385,-16.000000
5386,-16.000000
5387,-40.000000
5388,-8.000000
5389,12.000000
5390,-40.000000
5391,-4.000000
5392,0.000000
5393,-8.000000
5394,4.000000
5395,-12.000000
5396,-8.000000
5397,0.000000
5398,-24.000000
5399,12.000000
5400,-4.000000
5401,4.000000
5402,-32.000000
5403,-16.000000
5404,-16.000000
5405,-12.000000
5406,4.000000
5407,0.000000
5408,-8.000000
5409,-20.000000
5410,-8.000000
5411,-12.000000
5412,16.000000
5413,24.000000
5414,24.000000
5415,-4.000000
5416,20.000000
5417,16.000000
5418,16.000000
5419,12.000000
5420,24.000000
5421,8.000000
5422,-8.000000
5423,0.000000
5424,0.000000
5425,-24.000000
5426,-12.000000
5427,12.000000
5428,-8.000000
5429,8.000000
5430,-8.000000
5431,-16.000000
5432,-8.000000
5433,12.000000
5434,-24.000000
5435,12.000000
5436,4.000000
5437,16.000000
5438,-44.000000
5439,28.000000
5440,8.000000
5441,12.000000
5442,-4.000000
5443,0.000000
5444,16.000000
5445,12.000000
5446,8.000000
5447,-20.000000
5448,52.000000
5449,-12.000000
5450,104.000000
5451,4.000000
5452,-64.000000
5453,12.000000
5454,68.000000
5455,16.000000
5456,-12.000000
5457,4.000000
5458,8.000000
5459,20.000000
5460,-60.000000
5461,4.000000
5462,0.000000
5463,12.000000
5464,-4.000000
5465,0.000000
5466,-48.000000
5467,-4.000000
5468,28.000000
5469,64.000000
5470,-44.000000
5471,8.000000
5472,-12.000000
5473,4.000000
5474,-12.000000
5475,28.000000
5476,20.000000
5477,-12.000000
5478,4.000000
5479,-20.000000
5480,-16.000000
5481,-16.000000
5482,-28.000000
5483,-24.000000
5484,-16.000000
5485,-12.000000
5486,72.000000
5487,16.000000
5488,-8.000000
5489,-20.000000
5490,-12.000000
5491,-12.000000
5492,-12.000000
5493,-8.000000
5494,16.000000
5495,-24.000000
5496,-24.000000
5497,-16.000000
5498,-60.000000
5499,0.000000
5500,-16.000000
5501,0.000000
5502,12.000000
5503,20.000000
5504,8.000000
5505,-48.000000
5506,-16.000000
5507,-12.000000
5508,-8.000000
5509,-24.000000
5510,-8.000000
5511,-12.000000
5512,60.000000
5513,4.000000
5514,-8.000000
5515,-4.000000
5516,-8.000000
5517,-68.000000
5518,-32.000000
5519,-40.000000
5520,0.000000
5521,-12.000000
5522,-20.000000
5523,52.000000
5524,-8.000000
5525,-8.000000
5526,4.000000
5527,-12.000000
5528,16.000000
5529,16.000000
5530,28.000000
5531,28.000000
5532,-12.000000
5533,-12.000000
5534,-28.000000
5535,16.000000
5536,72.000000
5537,24.000000
5538,-24.000000
5539,-32.000000
5540,0.000000
5541,0.000000
5542,60.000000
5543,44.000000
5544,8.000000
5545,0.000000
5546,-44.000000
5547,8.000000
5548,68.000000
5549,-12.000000
5550,20.000000
5551,64.000000
5552,4.000000
5553,12.000000
5554,16.000000
5555,20.000000
5556,12.000000
5557,8.000000
5558,16.000000
5559,20.000000
5560,44.000000
5561,-8.000000
5562,16.000000
5563,52.000000
5564,0.000000
5565,-12.000000
5566,-24.000000
5567,4.000000
5568,-44.000000
5569,20.000000
5570,0.000000
5571,24.000000
5572,20.000000
5573,12.000000
5574,-36.000000
5575,20.000000
5576,0.000000
5577,0.000000
5578,0.000000
5579,-40.000000
5580,0.000000
5581,24.000000
5582,28.000000
5583,-8.000000
5584,-32.000000
5585,-4.000000
5586,16.000000
5587,-24.000000
5588,-32.000000
5589,-8.000000
5590,0.000000
5591,-8.000000
5592,60.000000
5593,-68.000000
5594,-8.000000
5595,52.000000
5596,-24.000000
5597,-32.000000
5598,-12.000000
5599,-24.000000
5600,-12.000000
5601,-4.000000
5602,0.000000
5603,0.000000
5604,12.000000
5605,0.000000
5606,44.000000
5607,4.000000
5608,-20.000000
5609,-20.000000
5610,-20.000000
5611,16.000000
5612,0.000000
5613,-12.000000
5614,-20.000000
5615,-20.000000
5616,-32.000000
5617,-28.000000
5618,-8.000000
5619,28.000000
5620,-24.000000
5621,0.000000
5622,-16.000000
5623,4.000000
5624,-16.000000
5625,-24.000000
5626,20.000000
5627,-104.000000
5628,-16.000000
5629,-4.000000
5630,-8.000000
5631,-8.000000
5632,40.000000
5633,-20.000000
5634,-32.000000
5635,-12.000000
5636,-32.000000
5637,-8.000000
5638,4.000000
5639,-48.000000
5640,12.000000
5641,-24.000000
5642,-8.000000
5643,-12.000000
5644,24.000000
5645,-20.000000
5646,0.000000
5647,-24.000000
5648,0.000000
5649,-8.000000
5650,16.000000
5651,40.000000
5652,20.000000
5653,0.000000
5654,20.000000
5655,-16.000000
5656,24.000000
5657,0.000000
5658,8.000000
5659,20.000000
5660,-60.000000
5661,4.000000
5662,4.000000
5663,44.000000
5664,-8.000000
5665,-20.000000
5666,20.000000
5667,20.000000
5668,-4.000000
5669,0.000000
5670,-28.000000
5671,16.000000
5672,-60.000000
5673,56.000000
5674,4.000000
5675,4.000000
5676,44.000000
5677,-12.000000
5678,-20.000000
5679,16.000000
5680,-48.000000
5681,28.000000
5682,12.000000
5683,0.000000
5684,-16.000000
5685,28.000000
5686,-8.000000
5687,-24.000000
5688,8.000000
5689,12.000000
5690,0.000000
5691,20.000000
5692,-24.000000
5693,-8.000000
5694,0.000000
5695,-8.000000
5696,68.000000
5697,-8.000000
5698,-8.000000
5699,0.000000
5700,-72.000000
5701,20.000000
5702,-24.000000
5703,12.000000
5704,-24.000000
5705,68.000000
5706,12.000000
5707,12.000000
5708,-12.000000
5709,-32.000000
5710,28.000000
5711,-12.000000
5712,8.000000
5713,-36.000000
5714,12.000000
5715,8.000000
5716,44.000000
5717,-24.000000
5718,8.000000
5719,4.000000
5720,-16.000000
5721,-8.000000
5722,28.000000
5723,-32.000000
5724,4.000000
5725,4.000000
5726,-8.000000
5727,-40.000000
5728,4.000000
5729,16.000000
5730,52.000000
5731,-24.000000
5732,-100.000000
5733,-32.000000
5734,-36.000000
5735,-4.000000
5736,-52.000000
5737,-32.000000
5738,44.000000
5739,-20.000000
5740,4.000000
5741,-24.000000
5742,12.000000
5743,-20.000000
5744,-8.000000
5745,-4.000000
5746,4.000000
5747,-24.000000
5748,-8.000000
5749,8.000000
5750,-16.000000
5751,-96.000000
5752,-12.000000
5753,-32.000000
5754,-12.000000
5755,4.000000
5756,-24.000000
5757,-48.000000
5758,-24.000000
5759,-40.000000
5760,40.000000
5761,0.000000
5762,20.000000
5763,-8.000000
5764,20.000000
5765,-28.000000
5766,-16.000000
5767,-16.000000
5768,0.000000
5769,4.000000
5770,4.000000
5771,-20.000000
5772,16.000000
5773,8.000000
5774,-8.000000
5775,-4.000000
5776,-8.000000
5777,8.000000
5778,36.000000
5779,36.000000
5780,-28.000000
5781,-28.000000
5782,12.000000
5783,-20.000000
5784,52.000000
5785,8.000000
5786,-12.000000
5787,28.000000
5788,76.000000
5789,16.000000
5790,-8.000000
5791,52.000000
5792,-32.000000
5793,16.000000
5794,52.000000
5795,20.000000
5796,4.000000
5797,0.000000
5798,-24.000000
5799,-32.000000
5800,0.000000
5801,12.000000
5802,64.000000
5803,-24.000000
5804,-4.000000
5805,32.000000
5806,-4.000000
5807,-8.000000
5808,8.000000
5809,-12.000000
5810,8.000000
5811,-16.000000
5812,-60.000000
5813,-20.000000
5814,52.000000
5815,-8.000000
5816,-32.000000
5817,32.000000
5818,4.000000
5819,-12.000000
5820,-12.000000
5821,-12.000000
5822,-8.000000
5823,12.000000
5824,20.000000
5825,-36.000000
5826,0.000000
5827,-64.000000
5828,-8.000000
5829,0.000000
5830,-28.000000
5831,0.000000
5832,8.000000
5833,-8.000000
5834,-12.000000
5835,-40.000000
5836,-36.000000
5837,4.000000
5838,-28.000000
5839,-32.000000
5840,-8.000000
5841,-8.000000
5842,-32.000000
5843,16.000000
5844,-8.000000
5845,12.000000
5846,-16.000000
5847,-20.000000
5848,4.000000
5849,-12.000000
5850,-8.000000
5851,24.000000
5852,-24.000000
5853,-32.000000
5854,-24.000000
5855,-16.000000
5856,-8.000000
5857,-8.000000
5858,-16.000000
5859,-16.000000
5860,-44.000000
5861,-44.000000
5862,-12.000000
5863,4.000000
5864,-20.000000
5865,-8.000000
5866,-4.000000
5867,-8.000000
5868,-8.000000
5869,-12.000000
5870,-4.000000
5871,4.000000
5872,0.000000
5873,-8.000000
5874,-8.000000
5875,-36.000000
5876,-24.000000
5877,60.000000
5878,4.000000
5879,-28.000000
5880,-36.000000
5881,16.000000
5882,52.000000
5883,-36.000000
5884,52.000000
5885,-4.000000
5886,0.000000
5887,-20.000000
5888,8.000000
5889,0.000000
5890,0.000000
5891,-28.000000
5892,8.000000
5893,-4.000000
5894,16.000000
5895,32.000000
5896,16.000000
5897,-72.000000
5898,32.000000
5899,4.000000
5900,-52.000000
5901,8.000000
5902,8.000000
5903,4.000000
5904,16.000000
5905,16.000000
5906,4.000000
5907,-24.000000
5908,8.000000
5909,-8.000000
5910,52.000000
5911,-12.000000
5912,-16.000000
5913,-20.000000
5914,40.000000
5915,60.000000
5916,-24.000000
5917,4.000000
5918,16.000000
5919,20.000000
5920,-12.000000
5921,0.000000
5922,20.000000
5923,20.000000
5924,24.000000
5925,4.000000
5926,-20.000000
5927,44.000000
5928,12.000000
5929,4.000000
5930,16.000000
5931,-12.000000
5932,-52.000000
5933,52.000000
5934,-24.000000
5935,4.000000
5936,32.000000
5937,16.000000
5938,16.000000
5939,-20.000000
5940,4.000000
5941,4.000000
5942,16.000000
5943,-12.000000
5944,12.000000
5945,0.000000
5946,-16.000000
5947,8.000000
5948,-8.000000
5949,20.000000
5950,20.000000
5951,24.000000
5952,12.000000
5953,12.000000
5954,-8.000000
5955,20.000000
5956,4.000000
5957,-36.000000
5958,0.000000
5959,0.000000
5960,-24.000000
5961,20.000000
5962,24.000000
5963,-12.000000
5964,-32.000000
5965,0.000000
5966,20.000000
5967,-8.000000
5968,-8.000000
5969,-8.000000
5970,8.000000
5971,-8.000000
5972,-28.000000
5973,-40.000000
5974,-12.000000
5975,-8.000000
5976,-20.000000
5977,-16.000000
5978,-24.000000
5979,-24.000000
5980,16.000000
5981,-24.000000
5982,-12.000000
5983,12.000000
5984,4.000000
5985,-12.000000
5986,-60.000000
5987,-12.000000
5988,-32.000000
5989,12.000000
5990,-4.000000
5991,0.000000
5992,-52.000000
5993,-40.000000
5994,-24.000000
5995,-16.000000
5996,-20.000000
5997,0.000000
5998,-16.000000
5999,-4.000000
6000,-60.000000
6001,0.000000
6002,12.000000
6003,68.000000
6004,16.000000
6005,-28.000000
6006,4.000000
6007,24.000000
6008,-8.000000
6009,-24.000000
6010,-8.000000
6011,-12.000000
6012,-44.000000
6013,16.000000
6014,-16.000000
6015,-12.000000
6016,20.000000
6017,40.000000
6018,8.000000
6019,-24.000000
6020,4.000000
6021,-16.000000
6022,-8.000000
6023,16.000000
6024,-4.000000
6025,-4.000000
6026,4.000000
6027,0.000000
6028,-20.000000
6029,72.000000
6030,-4.000000
6031,-8.000000
6032,-16.000000
6033,-36.000000
6034,-12.000000
6035,-8.000000
6036,-8.000000
6037,24.000000
6038,32.000000
6039,16.000000
6040,0.000000
6041,0.000000
6042,8.000000
6043,0.000000
6044,32.000000
6045,0.000000
6046,-8.000000
6047,36.000000
6048,-12.000000
6049,24.000000
6050,0.000000
6051,24.000000
6052,0.000000
6053,4.000000
6054,16.000000
6055,-32.000000
6056,16.000000
6057,12.000000
6058,20.000000
6059,-8.000000
6060,12.000000
6061,-20.000000
6062,4.000000
6063,24.000000
6064,32.000000
6065,-4.000000
6066,-32.000000
6067,0.000000
6068,0.000000
6069,-32.000000
6070,16.000000
6071,-24.000000
6072,8.000000
6073,8.000000
6074,0.000000
6075,24.000000
6076,56.000000
6077,-12.000000
6078,24.000000
6079,-24.000000
6080,20.000000
6081,24.000000
6082,-16.000000
6083,28.000000
6084,4.000000
6085,12.000000
6086,-60.000000
6087,12.000000
6088,-36.000000
6089,-12.000000
6090,-8.000000
6091,12.000000
6092,-28.000000
6093,12.000000
6094,-48.000000
6095,-12.000000
6096,-4.000000
6097,-16.000000
6098,-8.000000
6099,24.000000
6100,0.000000
6101,-12.000000
6102,-8.000000
6103,-32.000000
6104,-24.000000
6105,16.000000
6106,-36.000000
6107,-40.000000
6108,-4.000000
6109,16.000000
6110,16.000000
6111,0.000000
6112,-24.000000
6113,-24.000000
6114,20.000000
6115,-28.000000
6116,-4.000000
6117,-32.000000
6118,0.000000
6119,16.000000
6120,-8.000000
6121,-16.000000
6122,-24.000000
6123,-8.000000
6124,-12.000000
6125,-8.000000
6126,20.000000
6127,-16.000000
6128,-24.000000
6129,-20.000000
6130,-44.000000
6131,-4.000000
6132,-36.000000
6133,-36.000000
6134,0.000000
6135,-8.000000
6136,-12.000000
6137,24.000000
6138,-8.000000
6139,68.000000
6140,28.000000
6141,60.000000
6142,16.000000
6143,-24.000000
6144,-8.000000
6145,-20.000000
6146,-8.000000
6147,-12.000000
6148,8.000000
6149,12.000000
6150,52.000000
6151,4.000000
6152,-16.000000
6153,-12.000000
6154,12.000000
6155,8.000000
6156,-60.000000
6157,-8.000000
6158,-20.000000
6159,16.000000
6160,68.000000
6161,4.000000
6162,8.000000
6163,-20.000000
6164,12.000000
6165,12.000000
6166,-32.000000
6167,4.000000
6168,0.000000
6169,0.000000
6170,56.000000
6171,-48.000000
6172,4.000000
6173,24.000000
6174,-12.000000
6175,12.000000
6176,40.000000
6177,40.000000
6178,16.000000
6179,24.000000
6180,-8.000000
6181,-12.000000
6182,0.000000
6183,32.000000
6184,-12.000000
6185,4.000000
6186,16.000000
6187,8.000000
6188,56.000000
6189,-8.000000
6190,24.000000
6191,16.000000
6192,-20.000000
6193,16.000000
6194,0.000000
6195,-12.000000
6196,-8.000000
6197,68.000000
6198,0.000000
6199,-20.000000
6200,0.000000
6201,-20.000000
6202,16.000000
6203,-4.000000
6204,12.000000
6205,-16.000000
6206,-4.000000
6207,-4.000000
6208,-8.000000
6209,-8.000000
6210,16.000000
6211,-4.000000
6212,-28.000000
6213,0.000000
6214,-8.000000
6215,64.000000
6216,24.000000
6217,20.000000
6218,-32.000000
6219,-4.000000
6220,-16.000000
6221,-48.000000
6222,4.000000
6223,-48.000000
6224,-12.000000
6225,36.000000
6226,-12.000000
6227,-8.000000
6228,-20.000000
6229,-40.000000
6230,4.000000
6231,-8.000000
6232,16.000000
6233,-4.000000
6234,-24.000000
6235,-12.000000
6236,-8.000000
6237,-8.000000
6238,-36.000000
6239,-36.000000
6240,20.000000
6241,-24.000000
6242,16.000000
6243,-8.000000
6244,8.000000
6245,-20.000000
6246,-8.000000
6247,84.000000
6248,12.000000
6249,-12.000000
6250,0.000000
6251,0.000000
6252,-24.000000
6253,-20.000000
6254,-36.000000
6255,-36.000000
6256,-24.000000
6257,12.000000
6258,-16.000000
6259,-16.000000
6260,-8.000000
6261,24.000000
6262,20.000000
6263,-12.000000
6264,-16.000000
6265,-16.000000
6266,0.000000
6267,4.000000
6268,-64.000000
6269,-16.000000
6270,-4.000000
6271,-52.000000
6272,-28.000000
6273,0.000000
6274,-40.000000
6275,28.000000
6276,-52.000000
6277,12.000000
6278,-44.000000
6279,-24.000000
6280,0.000000
6281,28.000000
6282,52.000000
6283,-8.000000
6284,-4.000000
6285,8.000000
6286,8.000000
6287,-4.000000
6288,16.000000
6289,20.000000
6290,-4.000000
6291,-4.000000
6292,-24.000000
6293,8.000000
6294,-12.000000
6295,44.000000
6296,-40.000000
6297,8.000000
6298,32.000000
6299,0.000000
6300,-8.000000
6301,-8.000000
6302,-8.000000
6303,-4.000000
6304,-4.000000
6305,12.000000
6306,12.000000
6307,-12.000000
6308,24.000000
6309,28.000000
6310,28.000000
6311,-8.000000
6312,4.000000
6313,4.000000
6314,-12.000000
6315,-8.000000
6316,-20.000000
6317,-44.000000
6318,24.000000
6319,0.000000
6320,-8.000000
6321,-4.000000
6322,52.000000
6323,-4.000000
6324,12.000000
6325,8.000000
6326,24.000000
6327,-4.000000
6328,-12.000000
6329,-4.000000
6330,48.000000
6331,0.000000
6332,20.000000
6333,-8.000000
6334,-12.000000
6335,60.000000
6336,0.000000
6337,-24.000000
6338,-16.000000
6339,-20.000000
6340,0.000000
6341,-28.000000
6342,0.000000
6343,12.000000
6344,-16.000000
6345,0.000000
6346,-12.000000
6347,-8.000000
6348,-12.000000
6349,16.000000
6350,-20.000000
6351,-4.000000
6352,-28.000000
6353,-8.000000
6354,76.000000
6355,-28.000000
6356,0.000000
6357,-36.000000
6358,-20.000000
6359,0.000000
6360,0.000000
6361,-8.000000
6362,-44.000000
6363,-8.000000
6364,-24.000000
6365,-20.000000
6366,-40.000000
6367,-24.000000
6368,-4.000000
6369,-24.000000
6370,-28.000000
6371,-28.000000
6372,-20.000000
6373,-16.000000
6374,-28.000000
6375,-40.000000
6376,-8.000000
6377,-8.000000
6378,24.000000
6379,28.000000
6380,8.000000
6381,-8.000000
6382,-8.000000
6383,-64.000000
6384,-8.000000
6385,-16.000000
6386,-4.000000
6387,0.000000
6388,-4.000000
6389,-8.000000
6390,-12.000000
6391,20.000000
6392,12.000000
6393,8.000000
6394,-28.000000
6395,-12.000000
6396,-20.000000
6397,0.000000
6398,12.000000
6399,44.000000
6400,28.000000
6401,100.000000
6402,4.000000
6403,0.000000
6404,-4.000000
6405,-8.000000
6406,0.000000
6407,-40.000000
6408,-8.000000
6409,12.000000
6410,44.000000
6411,-8.000000
6412,4.000000
6413,-28.000000
6414,20.000000
6415,8.000000
6416,56.000000
6417,-20.000000
6418,8.000000
6419,-12.000000
6420,-24.000000
6421,0.000000
6422,4.000000
6423,56.000000
6424,44.000000
6425,16.000000
6426,-32.000000
6427,-8.000000
6428,-44.000000
6429,24.000000
6430,20.000000
6431,20.000000
6432,44.000000
6433,-44.000000
6434,-8.000000
6435,-32.000000
6436,0.000000
6437,4.000000
6438,-40.000000
6439,-8.000000
6440,4.000000
6441,-16.000000
6442,0.000000
6443,16.000000
6444,4.000000
6445,-8.000000
6446,-12.000000
6447,-12.000000
6448,-44.000000
6449,28.000000
6450,0.000000
6451,64.000000
6452,0.000000
6453,-32.000000
6454,20.000000
6455,-48.000000
6456,-4.000000
6457,-24.000000
6458,-16.000000
6459,24.000000
6460,0.000000
6461,-24.000000
6462,-8.000000
6463,0.000000
6464,-24.000000
6465,-20.000000
6466,-36.000000
6467,-8.000000
6468,-40.000000
6469,24.000000
6470,-8.000000
6471,-16.000000
6472,12.000000
6473,24.000000
6474,-32.000000
6475,4.000000
6476,56.000000
6477,16.000000
6478,-60.000000
6479,52.000000
6480,-92.000000
6481,0.000000
6482,-20.000000
6483,-24.000000
6484,8.000000
6485,-52.000000
6486,28.000000
6487,24.000000
6488,-36.000000
6489,-36.000000
6490,-8.000000
6491,-24.000000
6492,44.000000
6493,8.000000
6494,20.000000
6495,-40.000000
6496,-16.000000
6497,116.000000
6498,16.000000
6499,16.000000
6500,-8.000000
6501,-8.000000
6502,-8.000000
6503,20.000000
6504,24.000000
6505,-28.000000
6506,-68.000000
6507,-28.000000
6508,-8.000000
6509,-32.000000
6510,0.000000
6511,0.000000
6512,-12.000000
6513,4.000000
6514,-12.000000
6515,16.000000
6516,24.000000
6517,-4.000000
6518,32.000000
6519,20.000000
6520,16.000000
6521,-44.000000
6522,-12.000000
6523,-12.000000
6524,16.000000
6525,4.000000
6526,12.000000
6527,0.000000
6528,52.000000
6529,0.000000
6530,-8.000000
6531,-12.000000
6532,-40.000000
6533,-4.000000
6534,-8.000000
6535,-24.000000
6536,12.000000
6537,44.000000
6538,12.000000
6539,40.000000
6540,-16.000000
6541,-8.000000
6542,4.000000
6543,-4.000000
6544,0.000000
6545,-4.000000
6546,12.000000
6547,20.000000
6548,20.000000
6549,28.000000
6550,8.000000
6551,8.000000
6552,40.000000
6553,0.000000
6554,0.000000
6555,16.000000
6556,-8.000000
6557,-12.000000
6558,28.000000
6559,28.000000
6560,40.000000
6561,16.000000
6562,32.000000
6563,8.000000
6564,8.000000
6565,0.000000
6566,-8.000000
6567,-8.000000
6568,-20.000000
6569,0.000000
6570,4.000000
6571,-12.000000
6572,-16.000000
6573,-16.000000
6574,-20.000000
6575,16.000000
6576,-8.000000
6577,32.000000
6578,-8.000000
6579,4.000000
6580,4.000000
6581,-36.000000
6582,-4.000000
6583,36.000000
6584,0.000000
6585,8.000000
6586,-16.000000
6587,-40.000000
6588,-20.000000
6589,-12.000000
6590,24.000000
6591,32.000000
6592,-8.000000
6593,24.000000
6594,-8.000000
6595,16.000000
6596,4.000000
6597,-20.000000
6598,-32.000000
6599,-8.000000
6600,8.000000
6601,-8.000000
6602,-32.000000
6603,-4.000000
6604,16.000000
6605,-36.000000
6606,-32.000000
6607,-8.000000
6608,-8.000000
6609,-8.000000
6610,-28.000000
6611,4.000000
6612,-12.000000
6613,-16.000000
6614,52.000000
6615,-8.000000
6616,0.000000
6617,-20.000000
6618,-40.000000
6619,16.000000
6620,-28.000000
6621,-4.000000
6622,20.000000
6623,-8.000000
6624,-92.000000
6625,0.000000
6626,0.000000
6627,-16.000000
6628,12.000000
6629,-16.000000
6630,-32.000000
6631,8.000000
6632,0.000000
6633,-16.000000
6634,24.000000
6635,-8.000000
6636,-36.000000
6637,24.000000
6638,0.000000
6639,20.000000
6640,20.000000
6641,68.000000
6642,40.000000
6643,-20.000000
6644,-80.000000
6645,4.000000
6646,8.000000
6647,-44.000000
6648,-4.000000
6649,24.000000
6650,20.000000
6651,-8.000000
6652,52.000000
6653,-8.000000
6654,-8.000000
6655,52.000000
6656,-8.000000
6657,-4.000000
6658,-8.000000
6659,52.000000
6660,-16.000000
6661,20.000000
6662,68.000000
6663,44.000000
6664,24.000000
6665,28.000000
6666,12.000000
6667,-16.000000
6668,28.000000
6669,16.000000
6670,-32.000000
6671,-8.000000
6672,-24.000000
6673,-64.000000
6674,4.000000
6675,0.000000
6676,12.000000
6677,8.000000
6678,68.000000
6679,-4.000000
6680,-16.000000
6681,-28.000000
6682,-24.000000
6683,68.000000
6684,-28.000000
6685,-40.000000
6686,16.000000
6687,-12.000000
6688,-12.000000
6689,20.000000
6690,-36.000000
6691,0.000000
6692,-12.000000
6693,8.000000
6694,-8.000000
6695,52.000000
6696,0.000000
6697,-12.000000
6698,8.000000
6699,12.000000
6700,0.000000
6701,16.000000
6702,-4.000000
6703,24.000000
6704,0.000000
6705,16.000000
6706,4.000000
6707,4.000000
6708,8.000000
6709,4.000000
6710,24.000000
6711,8.000000
6712,12.000000
6713,52.000000
6714,0.000000
6715,20.000000
6716,32.000000
6717,0.000000
6718,-36.000000
6719,20.000000
6720,0.000000
6721,16.000000
6722,-24.000000
6723,20.000000
6724,44.000000
6725,44.000000
6726,-24.000000
6727,24.000000
6728,8.000000
6729,16.000000
6730,12.000000
6731,-20.000000
6732,-8.000000
6733,-12.000000
6734,12.000000
6735,-8.000000
6736,-4.000000
6737,4.000000
6738,-20.000000
6739,12.000000
6740,-8.000000
6741,-8.000000
6742,-24.000000
6743,-28.000000
6744,16.000000
6745,40.000000
6746,16.000000
6747,20.000000
6748,8.000000
6749,12.000000
6750,40.000000
6751,20.000000
6752,-12.000000
6753,24.000000
6754,-8.000000
6755,-12.000000
6756,20.000000
6757,-40.000000
6758,-32.000000
6759,-8.000000
6760,8.000000
6761,-8.000000
6762,-16.000000
6763,-20.000000
6764,-16.000000
6765,-12.000000
6766,-32.000000
6767,20.000000
6768,0.000000
6769,-20.000000
6770,-20.000000
6771,-48.000000
6772,-40.000000
6773,-8.000000
6774,0.000000
6775,-108.000000
6776,28.000000
6777,-12.000000
6778,-16.000000
6779,-16.000000
6780,-52.000000
6781,-20.000000
6782,-48.000000
6783,-8.000000
6784,-48.000000
6785,20.000000
6786,-32.000000
6787,-16.000000
6788,28.000000
6789,-32.000000
6790,-44.000000
6791,68.000000
6792,-20.000000
6793,-8.000000
6794,8.000000
6795,-16.000000
6796,-24.000000
6797,-24.000000
6798,0.000000
6799,-16.000000
6800,-8.000000
6801,-16.000000
6802,-4.000000
6803,-8.000000
6804,-4.000000
6805,-16.000000
6806,4.000000
6807,-24.000000
6808,44.000000
6809,84.000000
6810,12.000000
6811,8.000000
6812,24.000000
6813,0.000000
6814,8.000000
6815,-28.000000
6816,84.000000
6817,4.000000
6818,12.000000
6819,4.000000
6820,-28.000000
6821,8.000000
6822,52.000000
6823,-8.000000
6824,28.000000
6825,20.000000
6826,8.000000
6827,-8.000000
6828,-52.000000
6829,0.000000
6830,24.000000
6831,-8.000000
6832,8.000000
6833,-36.000000
6834,8.000000
6835,-28.000000
6836,-4.000000
6837,-8.000000
6838,16.000000
6839,-8.000000
6840,4.000000
6841,-16.000000
6842,8.000000
6843,-16.000000
6844,40.000000
6845,-32.000000
6846,24.000000
6847,-20.000000
6848,-12.000000
6849,0.000000
6850,16.000000
6851,12.000000
6852,-28.000000
6853,-24.000000
6854,-44.000000
6855,-12.000000
6856,4.000000
6857,-8.000000
6858,-28.000000
6859,0.000000
6860,16.000000
6861,-8.000000
6862,-40.000000
6863,16.000000
6864,-12.000000
6865,8.000000
6866,16.000000
6867,-40.000000
6868,-8.000000
6869,-40.000000
6870,16.000000
6871,-32.000000
6872,0.000000
6873,8.000000
6874,-24.000000
6875,-8.000000
6876,-16.000000
6877,-24.000000
6878,0.000000
6879,28.000000
6880,-8.000000
6881,-8.000000
6882,-8.000000
6883,20.000000
6884,4.000000
6885,4.000000
6886,16.000000
6887,-12.000000
6888,20.000000
6889,16.000000
6890,0.000000
6891,24.000000
6892,-52.000000
6893,-8.000000
6894,84.000000
6895,-8.000000
6896,16.000000
6897,0.000000
6898,-8.000000
6899,-8.000000
6900,-16.000000
6901,-16.000000
6902,0.000000
6903,-28.000000
6904,8.000000
6905,-20.000000
6906,-40.000000
6907,0.000000
6908,-20.000000
6909,52.000000
6910,0.000000
6911,-8.000000
6912,-8.000000
6913,-20.000000
6914,12.000000
6915,-20.000000
6916,-12.000000
6917,-12.000000
6918,16.000000
6919,-36.000000
6920,-16.000000
6921,16.000000
6922,-16.000000
6923,-16.000000
6924,12.000000
6925,-28.000000
6926,-16.000000
6927,-12.000000
6928,8.000000
6929,-8.000000
6930,28.000000
6931,16.000000
6932,-20.000000
6933,0.000000
6934,-12.000000
6935,-20.000000
6936,0.000000
6937,-4.000000
6938,8.000000
6939,60.000000
6940,-16.000000
6941,0.000000
6942,0.000000
6943,-32.000000
6944,-28.000000
6945,0.000000
6946,-8.000000
6947,0.000000
6948,0.000000
6949,4.000000
6950,20.000000
6951,-8.000000
6952,8.000000
6953,8.000000
6954,16.000000
6955,0.000000
6956,20.000000
6957,-32.000000
6958,-12.000000
6959,-8.000000
6960,-8.000000
6961,-8.000000
6962,12.000000
6963,8.000000
6964,-16.000000
6965,0.000000
6966,-8.000000
6967,-8.000000
6968,52.000000
6969,0.000000
6970,-32.000000
6971,-32.000000
6972,24.000000
6973,-4.000000
6974,-4.000000
6975,-32.000000
6976,12.000000
6977,16.000000
6978,0.000000
6979,12.000000
6980,12.000000
6981,-36.000000
6982,-20.000000
6983,52.000000
6984,0.000000
6985,-52.000000
6986,-44.000000
6987,56.000000
6988,4.000000
6989,-12.000000
6990,4.000000
6991,-32.000000
6992,-64.000000
6993,0.000000
6994,-16.000000
6995,0.000000
6996,-48.000000
6997,0.000000
6998,64.000000
6999,-12.000000
7000,-8.000000
7001,-28.000000
7002,-32.000000
7003,0.000000
7004,-8.000000
7005,-12.000000
7006,28.000000
7007,-36.000000
7008,-32.000000
7009,-20.000000
7010,-32.000000
7011,-40.000000
7012,24.000000
7013,-8.000000
7014,-24.000000
7015,-24.000000
7016,-32.000000
7017,-32.000000
7018,-40.000000
7019,20.000000
7020,20.000000
7021,-4.000000
7022,-8.000000
7023,-12.000000
7024,-4.000000
7025,-24.000000
7026,0.000000
7027,0.000000
7028,-24.000000
7029,-24.000000
7030,-20.000000
7031,4.000000
7032,-40.000000
7033,-20.000000
7034,-12.000000
7035,-8.000000
7036,-8.000000
7037,-44.000000
7038,-8.000000
7039,-28.000000
7040,-16.000000
7041,-32.000000
7042,-28.000000
7043,-48.000000
7044,52.000000
7045,-40.000000
7046,-8.000000
7047,12.000000
7048,-8.000000
7049,8.000000
7050,-20.000000
7051,8.000000
7052,-52.000000
7053,-8.000000
7054,-4.000000
7055,-16.000000
7056,-4.000000
7057,-8.000000
7058,16.000000
7059,-16.000000
7060,-4.000000
7061,-20.000000
7062,20.000000
7063,16.000000
7064,0.000000
7065,0.000000
7066,12.000000
7067,8.000000
7068,72.000000
7069,52.000000
7070,8.000000
7071,16.000000
7072,-32.000000
7073,20.000000
7074,-8.000000
7075,-4.000000
7076,24.000000
7077,-8.000000
7078,28.000000
7079,-28.000000
7080,16.000000
7081,8.000000
7082,-12.000000
7083,0.000000
7084,-8.000000
7085,-12.000000
7086,-12.000000
7087,-24.000000
7088,-8.000000
7089,16.000000
7090,16.000000
7091,52.000000
7092,-20.000000
7093,16.000000
7094,4.000000
7095,-24.000000
7096,-40.000000
7097,-12.000000
7098,12.000000
7099,-12.000000
7100,-24.000000
7101,-4.000000
7102,8.000000
7103,0.000000
7104,-20.000000
7105,0.000000
7106,-8.000000
7107,20.000000
7108,40.000000
7109,28.000000
7110,0.000000
7111,-36.000000
7112,12.000000
7113,32.000000
7114,12.000000
7115,-24.000000
7116,-32.000000
7117,-28.000000
7118,-24.000000
7119,-12.000000
7120,16.000000
7121,-4.000000
7122,-8.000000
7123,-60.000000
7124,-60.000000
7125,-8.000000
7126,28.000000
7127,-20.000000
7128,-56.000000
7129,-16.000000
7130,-28.000000
7131,-28.000000
7132,12.000000
7133,24.000000
7134,-4.000000
7135,-8.000000
7136,-8.000000
7137,-28.000000
7138,-8.000000
7139,28.000000
7140,-16.000000
7141,-16.000000
7142,-32.000000
7143,-28.000000
7144,-20.000000
7145,-24.000000
7146,-28.000000
7147,-4.000000
7148,-8.000000
7149,-60.000000
7150,-28.000000
7151,-28.000000
7152,-28.000000
7153,-28.000000
7154,20.000000
7155,-8.000000
7156,52.000000
7157,-32.000000
7158,4.000000
7159,-24.000000
7160,-12.000000
7161,0.000000
7162,-16.000000
7163,24.000000
7164,-52.000000
7165,-20.000000
7166,-52.000000
7167,0.000000
7168,0.000000
7169,-20.000000
7170,44.000000
7171,8.000000
7172,64.000000
7173,0.000000
7174,-20.000000
7175,0.000000
7176,12.000000
7177,-56.000000
7178,0.000000
7179,-20.000000
7180,-16.000000
7181,-36.000000
7182,16.000000
7183,-32.000000
7184,20.000000
7185,16.000000
7186,-12.000000
7187,0.000000
7188,16.000000
7189,16.000000
7190,44.000000
7191,28.000000
7192,8.000000
7193,16.000000
7194,12.000000
7195,-24.000000
7196,0.000000
7197,-12.000000
7198,-8.000000
7199,-8.000000
7200,44.000000
7201,-4.000000
7202,20.000000
7203,20.000000
7204,24.000000
7205,8.000000
7206,16.000000
7207,16.000000
7208,0.000000
7209,56.000000
7210,32.000000
7211,-20.000000
7212,8.000000
7213,-36.000000
7214,12.000000
7215,0.000000
7216,12.000000
7217,64.000000
7218,-20.000000
7219,0.000000
7220,16.000000
7221,16.000000
7222,8.000000
7223,12.000000
7224,16.000000
7225,16.000000
7226,20.000000
7227,24.000000
7228,-60.000000
7229,4.000000
7230,8.000000
7231,20.000000
7232,-8.000000
7233,-12.000000
7234,24.000000
7235,24.000000
7236,-36.000000
7237,4.000000
7238,0.000000
7239,-48.000000
7240,20.000000
7241,76.000000
7242,4.000000
7243,-8.000000
7244,0.000000
7245,-12.000000
7246,-8.000000
7247,-8.000000
7248,-28.000000
7249,-16.000000
7250,0.000000
7251,-12.000000
7252,16.000000
7253,-24.000000
7254,12.000000
7255,-32.000000
7256,-28.000000
7257,-56.000000
7258,-20.000000
7259,-16.000000
7260,-8.000000
7261,-32.000000
7262,-28.000000
7263,-32.000000
7264,0.000000
7265,16.000000
7266,0.000000
7267,0.000000
7268,-8.000000
7269,-4.000000
7270,-4.000000
7271,-48.000000
7272,-8.000000
7273,-40.000000
7274,-8.000000
7275,-60.000000
7276,-8.000000
7277,4.000000
7278,-40.000000
7279,-8.000000
7280,12.000000
7281,0.000000
7282,-8.000000
7283,-8.000000
7284,-32.000000
7285,0.000000
7286,-20.000000
7287,28.000000
7288,-20.000000
7289,-32.000000
7290,0.000000
7291,0.000000
7292,-20.000000
7293,0.000000
7294,40.000000
7295,28.000000
7296,-32.000000
7297,12.000000
7298,12.000000
7299,0.000000
7300,16.000000
7301,-12.000000
7302,24.000000
7303,36.000000
7304,-64.000000
7305,-36.000000
7306,-24.000000
7307,12.000000
7308,4.000000
7309,-24.000000
7310,0.000000
7311,0.000000
7312,-8.000000
7313,-44.000000
7314,-24.000000
7315,52.000000
7316,-4.000000
7317,-4.000000
7318,-24.000000
7319,-12.000000
7320,64.000000
7321,8.000000
7322,16.000000
7323,16.000000
7324,-16.000000
7325,-12.000000
7326,20.000000
7327,12.000000
7328,28.000000
7329,16.000000
7330,-12.000000
7331,-12.000000
7332,0.000000
7333,44.000000
7334,24.000000
7335,-8.000000
7336,-8.000000
7337,-8.000000
7338,8.000000
7339,8.000000
7340,16.000000
7341,0.000000
7342,-132.000000
7343,12.000000
7344,72.000000
7345,8.000000
7346,-60.000000
7347,8.000000
7348,-12.000000
7349,-8.000000
7350,-20.000000
7351,4.000000
7352,-16.000000
7353,-20.000000
7354,0.000000
7355,0.000000
7356,-20.000000
7357,-8.000000
7358,-28.000000
7359,-8.000000
7360,-16.000000
7361,8.000000
7362,-12.000000
7363,4.000000
7364,-12.000000
7365,-32.000000
7366,-8.000000
7367,-8.000000
7368,-8.000000
7369,8.000000
7370,0.000000
7371,-20.000000
7372,44.000000
7373,16.000000
7374,-16.000000
7375,-16.000000
7376,44.000000
7377,20.000000
7378,-8.000000
7379,-12.000000
7380,-40.000000
7381,-8.000000
7382,-12.000000
7383,0.000000
7384,-72.000000
7385,-8.000000
7386,0.000000
7387,-8.000000
7388,16.000000
7389,16.000000
7390,-4.000000
7391,-32.000000
7392,8.000000
7393,-20.000000
7394,0.000000
7395,12.000000
7396,4.000000
7397,0.000000
7398,-12.000000
7399,-32.000000
7400,-16.000000
7401,56.000000
7402,-32.000000
7403,-8.000000
7404,-48.000000
7405,-12.000000
7406,-12.000000
7407,-8.000000
7408,-12.000000
7409,-8.000000
7410,-12.000000
7411,-8.000000
7412,-12.000000
7413,-8.000000
7414,-8.000000
7415,-32.000000
7416,12.000000
7417,4.000000
7418,-24.000000
7419,-40.000000
7420,-8.000000
7421,-4.000000
7422,24.000000
7423,0.000000
7424,24.000000
7425,44.000000
7426,44.000000
7427,-8.000000
7428,12.000000
7429,4.000000
7430,-8.000000
7431,-8.000000
7432,20.000000
7433,24.000000
7434,0.000000
7435,16.000000
7436,8.000000
7437,-8.000000
7438,0.000000
7439,-16.000000
7440,8.000000
7441,20.000000
7442,8.000000
7443,24.000000
7444,8.000000
7445,-8.000000
7446,0.000000
7447,8.000000
7448,60.000000
7449,-8.000000
7450,20.000000
7451,20.000000
7452,12.000000
7453,44.000000
7454,68.000000
7455,0.000000
7456,28.000000
7457,-4.000000
7458,8.000000
7459,8.000000
7460,44.000000
7461,-44.000000
7462,-36.000000
7463,-12.000000
7464,-16.000000
7465,16.000000
7466,-28.000000
7467,12.000000
7468,-48.000000
7469,24.000000
7470,0.000000
7471,20.000000
7472,24.000000
7473,20.000000
7474,16.000000
7475,-8.000000
7476,16.000000
7477,-32.000000
7478,8.000000
7479,8.000000
7480,-20.000000
7481,-20.000000
7482,-8.000000
7483,80.000000
7484,8.000000
7485,8.000000
7486,60.000000
7487,-12.000000
7488,-28.000000
7489,-32.000000
7490,28.000000
7491,40.000000
7492,-24.000000
7493,0.000000
7494,28.000000
7495,-32.000000
7496,20.000000
7497,-40.000000
7498,0.000000
7499,-32.000000
7500,-8.000000
7501,-20.000000
7502,44.000000
7503,-20.000000
7504,28.000000
7505,-12.000000
7506,-24.000000
7507,4.000000
7508,-20.000000
7509,-60.000000
7510,-20.000000
7511,-8.000000
7512,-12.000000
7513,-12.000000
7514,28.000000
7515,0.000000
7516,12.000000
7517,0.000000
7518,12.000000
7519,84.000000
7520,-8.000000
7521,-40.000000
7522,-12.000000
7523,-44.000000
7524,16.000000
7525,-24.000000
7526,-8.000000
7527,-28.000000
7528,-8.000000
7529,44.000000
7530,0.000000
7531,40.000000
7532,-20.000000
7533,-4.000000
7534,-12.000000
7535,20.000000
7536,-12.000000
7537,-8.000000
7538,-40.000000
7539,-48.000000
7540,4.000000
7541,-32.000000
7542,24.000000
7543,-8.000000
7544,-8.000000
7545,-12.000000
7546,20.000000
7547,0.000000
7548,8.000000
7549,8.000000
7550,-8.000000
7551,-8.000000
7552,-20.000000
7553,8.000000
7554,-8.000000
7555,8.000000
7556,0.000000
7557,32.000000
7558,12.000000
7559,-8.000000
7560,-36.000000
7561,12.000000
7562,-8.000000
7563,-12.000000
7564,64.000000
7565,44.000000
7566,4.000000
7567,0.000000
7568,-20.000000
7569,-16.000000
7570,4.000000
7571,16.000000
7572,-8.000000
7573,-8.000000
7574,-28.000000
7575,8.000000
7576,76.000000
7577,0.000000
7578,-36.000000
7579,-12.000000
7580,-4.000000
7581,44.000000
7582,36.000000
7583,20.000000
7584,-68.000000
7585,0.000000
7586,-20.000000
7587,-12.000000
7588,4.000000
7589,52.000000
7590,24.000000
7591,16.000000
7592,-44.000000
7593,4.000000
7594,0.000000
7595,16.000000
7596,-8.000000
7597,-8.000000
7598,-4.000000
7599,32.000000
7600,0.000000
7601,0.000000
7602,0.000000
7603,12.000000
7604,-8.000000
7605,40.000000
7606,8.000000
7607,0.000000
7608,-32.000000
7609,-16.000000
7610,8.000000
7611,8.000000
7612,8.000000
7613,40.000000
7614,-32.000000
7615,52.000000
7616,64.000000
7617,0.000000
7618,0.000000
7619,0.000000
7620,0.000000
7621,0.000000
7622,-20.000000
7623,-8.000000
7624,-28.000000
7625,20.000000
7626,-20.000000
7627,52.000000
7628,-8.000000
7629,-32.000000
7630,-20.000000
7631,0.000000
7632,40.000000
7633,20.000000
7634,-20.000000
7635,0.000000
7636,-24.000000
7637,20.000000
7638,-60.000000
7639,-44.000000
7640,-24.000000
7641,-24.000000
7642,-16.000000
7643,-20.000000
7644,-8.000000
7645,-12.000000
7646,8.000000
7647,-56.000000
7648,56.000000
7649,-32.000000
7650,84.000000
7651,-20.000000
7652,-8.000000
7653,-4.000000
7654,-8.000000
7655,0.000000
7656,-16.000000
7657,-20.000000
7658,-12.000000
7659,4.000000
7660,16.000000
7661,20.000000
7662,-16.000000
7663,24.000000
7664,4.000000
7665,-84.000000
7666,-24.000000
7667,-8.000000
7668,-8.000000
7669,20.000000
7670,-16.000000
7671,8.000000
7672,32.000000
7673,4.000000
7674,16.000000
7675,-12.000000
7676,-8.000000
7677,-4.000000
7678,-20.000000
7679,-16.000000
7680,-16.000000
7681,32.000000
7682,16.000000
7683,-8.000000
7684,20.000000
7685,20.000000
7686,-28.000000
7687,-20.000000
7688,28.000000
7689,44.000000
7690,-12.000000
7691,-12.000000
7692,80.000000
7693,-24.000000
7694,0.000000
7695,24.000000
7696,-24.000000
7697,-24.000000
7698,-20.000000
7699,16.000000
7700,-16.000000
7701,40.000000
7702,4.000000
7703,84.000000
7704,-40.000000
7705,12.000000
7706,-4.000000
7707,0.000000
7708,24.000000
7709,-20.000000
7710,20.000000
7711,-12.000000
7712,0.000000
7713,44.000000
7714,-8.000000
7715,0.000000
7716,0.000000
7717,-20.000000
7718,16.000000
7719,4.000000
7720,-4.000000
7721,-4.000000
7722,-12.000000
7723,-48.000000
7724,0.000000
7725,4.000000
7726,-8.000000
7727,24.000000
7728,-20.000000
7729,-8.000000
7730,-8.000000
7731,-4.000000
7732,-52.000000
7733,-56.000000
7734,-4.000000
7735,4.000000
7736,-8.000000
7737,0.000000
7738,-20.000000
7739,12.000000
7740,-16.000000
7741,-32.000000
7742,-40.000000
7743,-24.000000
7744,-28.000000
7745,-40.000000
7746,4.000000
7747,4.000000
7748,0.000000
7749,-64.000000
7750,-4.000000
7751,24.000000
7752,-8.000000
7753,-44.000000
7754,-8.000000
7755,-36.000000
7756,-4.000000
7757,8.000000
7758,12.000000
7759,-32.000000
7760,20.000000
7761,-16.000000
7762,-32.000000
7763,12.000000
7764,-24.000000
7765,-20.000000
7766,-24.000000
7767,-24.000000
7768,-28.000000
7769,-24.000000
7770,-8.000000
7771,-48.000000
7772,0.000000
7773,28.000000
7774,-32.000000
7775,44.000000
7776,0.000000
7777,-44.000000
7778,-20.000000
7779,4.000000
7780,44.000000
7781,20.000000
7782,-32.000000
7783,20.000000
7784,4.000000
7785,0.000000
7786,-32.000000
7787,0.000000
7788,4.000000
7789,0.000000
7790,12.000000
7791,4.000000
7792,-8.000000
7793,0.000000
7794,-4.000000
7795,-24.000000
7796,16.000000
7797,16.000000
7798,0.000000
7799,-4.000000
7800,-32.000000
7801,-8.000000
7802,12.000000
7803,-28.000000
7804,20.000000
7805,-40.000000
7806,16.000000
7807,16.000000
7808,16.000000
7809,-8.000000
7810,-12.000000
7811,16.000000
7812,-8.000000
7813,4.000000
7814,4.000000
7815,-36.000000
7816,20.000000
7817,4.000000
7818,-24.000000
7819,0.000000
7820,44.000000
7821,40.000000
7822,100.000000
7823,-44.000000
7824,64.000000
7825,28.000000
7826,40.000000
7827,4.000000
7828,8.000000
7829,8.000000
7830,-28.000000
7831,0.000000
7832,24.000000
7833,28.000000
7834,0.000000
7835,60.000000
7836,8.000000
7837,-8.000000
7838,32.000000
7839,12.000000
7840,-16.000000
7841,-20.000000
7842,4.000000
7843,0.000000
7844,-20.000000
7845,8.000000
7846,8.000000
7847,12.000000
7848,4.000000
7849,-44.000000
7850,8.000000
7851,0.000000
7852,0.000000
7853,-12.000000
7854,-20.000000
7855,-16.000000
7856,8.000000
7857,8.000000
7858,84.000000
7859,-24.000000
7860,8.000000
7861,8.000000
7862,0.000000
7863,120.000000
7864,24.000000
7865,16.000000
7866,-12.000000
7867,16.000000
7868,-44.000000
7869,-88.000000
7870,16.000000
7871,-12.000000
7872,-8.000000
7873,-8.000000
7874,20.000000
7875,52.000000
7876,8.000000
7877,4.000000
7878,-24.000000
7879,0.000000
7880,4.000000
7881,4.000000
7882,16.000000
7883,-8.000000
7884,8.000000
7885,-8.000000
7886,-28.000000
7887,-8.000000
7888,0.000000
7889,24.000000
7890,-20.000000
7891,44.000000
7892,4.000000
7893,-32.000000
7894,0.000000
7895,40.000000
7896,-20.000000
7897,32.000000
7898,-8.000000
7899,-8.000000
7900,-32.000000
7901,4.000000
7902,52.000000
7903,-4.000000
7904,-24.000000
7905,0.000000
7906,16.000000
7907,-4.000000
7908,-8.000000
7909,-32.000000
7910,8.000000
7911,8.000000
7912,16.000000
7913,24.000000
7914,0.000000
7915,0.000000
7916,16.000000
7917,72.000000
7918,16.000000
7919,4.000000
7920,36.000000
7921,0.000000
7922,0.000000
7923,0.000000
7924,28.000000
7925,76.000000
7926,-16.000000
7927,-4.000000
7928,0.000000
7929,4.000000
7930,20.000000
7931,16.000000
7932,0.000000
7933,-12.000000
7934,-16.000000
7935,24.000000
7936,40.000000
7937,-8.000000
7938,20.000000
7939,16.000000
7940,0.000000
7941,16.000000
7942,-20.000000
7943,20.000000
7944,16.000000
7945,12.000000
7946,8.000000
7947,24.000000
7948,-8.000000
7949,4.000000
7950,20.000000
7951,24.000000
7952,76.000000
7953,-32.000000
7954,-56.000000
7955,-4.000000
7956,-8.000000
7957,12.000000
7958,-12.000000
7959,76.000000
7960,28.000000
7961,16.000000
7962,0.000000
7963,4.000000
7964,44.000000
7965,64.000000
7966,-44.000000
7967,0.000000
7968,-12.000000
7969,24.000000
7970,-48.000000
7971,28.000000
7972,-8.000000
7973,0.000000
7974,-32.000000
7975,52.000000
7976,-16.000000
7977,-12.000000
7978,20.000000
7979,44.000000
7980,16.000000
7981,-8.000000
7982,-8.000000
7983,-8.000000
7984,12.000000
7985,-12.000000
7986,-12.000000
7987,4.000000
7988,0.000000
7989,-52.000000
7990,-32.000000
7991,28.000000
7992,-12.000000
7993,4.000000
7994,52.000000
7995,8.000000
7996,16.000000
7997,-16.000000
7998,-28.000000
7999,-28.000000
8000,-8.000000
8001,-52.000000
8002,-60.000000
8003,-8.000000
8004,8.000000
8005,-8.000000
8006,-40.000000
8007,-16.000000
8008,-20.000000
8009,-8.000000
8010,-8.000000
8011,-12.000000
8012,-40.000000
8013,4.000000
8014,4.000000
8015,-28.000000
8016,-12.000000
8017,-4.000000
8018,16.000000
8019,16.000000
8020,-16.000000
8021,-16.000000
8022,-12.000000
8023,-8.000000
8024,0.000000
8025,-8.000000
8026,-12.000000
8027,-8.000000
8028,-24.000000
8029,-28.000000
8030,0.000000
8031,-16.000000
8032,4.000000
8033,-16.000000
8034,-16.000000
8035,44.000000
8036,-16.000000
8037,-20.000000
8038,-8.000000
8039,-52.000000
8040,28.000000
8041,8.000000
8042,12.000000
8043,28.000000
8044,-24.000000
8045,20.000000
8046,20.000000
8047,0.000000
8048,8.000000
8049,-12.000000
8050,4.000000
8051,-8.000000
8052,12.000000
8053,8.000000
8054,-32.000000
8055,56.000000
8056,-8.000000
8057,-4.000000
8058,56.000000
8059,-32.000000
8060,20.000000
8061,24.000000
8062,-52.000000
8063,4.000000
8064,32.000000
8065,32.000000
8066,52.000000
8067,24.000000
8068,-20.000000
8069,32.000000
8070,0.000000
8071,0.000000
8072,24.000000
8073,4.000000
8074,12.000000
8075,20.000000
8076,-12.000000
8077,-20.000000
8078,8.000000
8079,0.000000
8080,-4.000000
8081,0.000000
8082,-8.000000
8083,0.000000
8084,-8.000000
8085,12.000000
8086,-24.000000
8087,-16.000000
8088,12.000000
8089,-4.000000
8090,-20.000000
8091,-24.000000
8092,-28.000000
8093,8.000000
8094,0.000000
8095,0.000000
8096,-8.000000
8097,52.000000
8098,-12.000000
8099,0.000000
8100,8.000000
8101,32.000000
8102,-8.000000
8103,-4.000000
8104,12.000000
8105,-20.000000
8106,-8.000000
8107,-28.000000
8108,0.000000
8109,20.000000
8110,-8.000000
8111,20.000000
8112,-24.000000
8113,-8.000000
8114,-4.000000
8115,-8.000000
8116,0.000000
8117,-8.000000
8118,28.000000
8119,-20.000000
8120,-16.000000
8121,-28.000000
8122,-8.000000
8123,20.000000
8124,-108.000000
8125,0.000000
8126,-20.000000
8127,44.000000
8128,-20.000000
8129,-20.000000
8130,-16.000000
8131,-16.000000
8132,52.000000
8133,-12.000000
8134,-32.000000
8135,4.000000
8136,-52.000000
8137,8.000000
8138,-8.000000
8139,-16.000000
8140,16.000000
8141,64.000000
8142,-16.000000
8143,-24.000000
8144,12.000000
8145,20.000000
8146,-8.000000
8147,-16.000000
8148,8.000000
8149,16.000000
8150,-16.000000
8151,24.000000
8152,4.000000
8153,4.000000
8154,4.000000
8155,0.000000
8156,52.000000
8157,-12.000000
8158,-12.000000
8159,-8.000000
8160,4.000000
8161,12.000000
8162,-8.000000
8163,24.000000
8164,28.000000
8165,-12.000000
8166,72.000000
8167,-20.000000
8168,-4.000000
8169,8.000000
8170,16.000000
8171,92.000000
8172,16.000000
8173,-40.000000
8174,-8.000000
8175,24.000000
8176,-60.000000
8177,-28.000000
8178,4.000000
8179,-24.000000
8180,-48.000000
8181,16.000000
8182,-8.000000
8183,24.000000
8184,-24.000000
8185,40.000000
8186,-4.000000
8187,28.000000
8188,0.000000
8189,-16.000000
8190,44.000000
8191,-8.000000
8192,32.000000
8193,24.000000
8194,-8.000000
8195,-8.000000
8196,44.000000
8197,16.000000
8198,12.000000
8199,12.000000
8200,44.000000
8201,0.000000
8202,-16.000000
8203,-68.000000
8204,12.000000
8205,16.000000
8206,20.000000
8207,-28.000000
8208,12.000000
8209,0.000000
8210,0.000000
8211,-4.000000
8212,16.000000
8213,24.000000
8214,8.000000
8215,8.000000
8216,16.000000
8217,0.000000
8218,20.000000
8219,20.000000
8220,16.000000
8221,28.000000
8222,-4.000000
8223,0.000000
8224,28.000000
8225,8.000000
8226,0.000000
8227,-36.000000
8228,-24.000000
8229,-20.000000
8230,4.000000
8231,-8.000000
8232,-24.000000
8233,0.000000
8234,-20.000000
8235,16.000000
8236,4.000000
8237,-16.000000
8238,-20.000000
8239,-20.000000
8240,-4.000000
8241,-52.000000
8242,8.000000
8243,-8.000000
8244,-32.000000
8245,-4.000000
8246,-24.000000
8247,0.000000
8248,0.000000
8249,8.000000
8250,-32.000000
8251,-48.000000
8252,8.000000
8253,-36.000000
8254,-52.000000
8255,-56.000000
8256,-44.000000
8257,-8.000000
8258,-16.000000
8259,-8.000000
8260,-24.000000
8261,-24.000000
8262,-16.000000
8263,-16.000000
8264,0.000000
8265,-48.000000
8266,-20.000000
8267,-20.000000
8268,52.000000
8269,-28.000000
8270,-16.000000
8271,-16.000000
8272,-20.000000
8273,-12.000000
8274,8.000000
8275,-28.000000
8276,-12.000000
8277,0.000000
8278,-12.000000
8279,52.000000
8280,20.000000
8281,0.000000
8282,-16.000000
8283,60.000000
8284,16.000000
8285,44.000000
8286,-16.000000
8287,44.000000
8288,-20.000000
8289,-20.000000
8290,12.000000
8291,12.000000
8292,-28.000000
8293,16.000000
8294,-16.000000
8295,-8.000000
8296,4.000000
8297,0.000000
8298,-52.000000
8299,4.000000
8300,-28.000000
8301,16.000000
8302,0.000000
8303,8.000000
8304,16.000000
8305,-12.000000
8306,0.000000
8307,24.000000
8308,-52.000000
8309,-52.000000
8310,20.000000
8311,-32.000000
8312,-40.000000
8313,-8.000000
8314,-32.000000
8315,-8.000000
8316,-8.000000
8317,-24.000000
8318,-16.000000
8319,4.000000
8320,8.000000
8321,32.000000
8322,-8.000000
8323,0.000000
8324,44.000000
8325,-8.000000
8326,-44.000000
8327,8.000000
8328,0.000000
8329,-24.000000
8330,-8.000000
8331,-20.000000
8332,20.000000
8333,0.000000
8334,-8.000000
8335,0.000000
8336,8.000000
8337,4.000000
8338,-8.000000
8339,8.000000
8340,-20.000000
8341,-8.000000
8342,-20.000000
8343,-8.000000
8344,12.000000
8345,-24.000000
8346,24.000000
8347,0.000000
8348,16.000000
8349,-40.000000
8350,-28.000000
8351,0.000000
8352,-8.000000
8353,0.000000
8354,0.000000
8355,-4.000000
8356,24.000000
8357,-8.000000
8358,-20.000000
8359,-16.000000
8360,0.000000
8361,20.000000
8362,-28.000000
8363,12.000000
8364,-20.000000
8365,0.000000
8366,-8.000000
8367,-12.000000
8368,-32.000000
8369,44.000000
8370,12.000000
8371,-12.000000
8372,-4.000000
8373,-4.000000
8374,16.000000
8375,0.000000
8376,-40.000000
8377,-8.000000
8378,-60.000000
8379,52.000000
8380,-8.000000
8381,-32.000000
8382,-24.000000
8383,-20.000000
8384,-8.000000
8385,-32.000000
8386,-8.000000
8387,-8.000000
8388,-44.000000
8389,16.000000
8390,-52.000000
8391,-24.000000
8392,20.000000
8393,-8.000000
8394,16.000000
8395,-32.000000
8396,4.000000
8397,-4.000000
8398,12.000000
8399,-28.000000
8400,-28.000000
8401,-16.000000
8402,-44.000000
8403,-20.000000
8404,12.000000
8405,0.000000
8406,32.000000
8407,4.000000
8408,-8.000000
8409,44.000000
8410,-8.000000
8411,-4.000000
8412,-60.000000
8413,16.000000
8414,44.000000
8415,40.000000
8416,0.000000
8417,-52.000000
8418,-20.000000
8419,-12.000000
8420,-8.000000
8421,0.000000
8422,0.000000
8423,20.000000
8424,-20.000000
8425,24.000000
8426,-16.000000
8427,-12.000000
8428,24.000000
8429,24.000000
8430,0.000000
8431,4.000000
8432,-36.000000
8433,36.000000
8434,-12.000000
8435,16.000000
8436,-16.000000
8437,-28.000000
8438,-16.000000
8439,-24.000000
8440,16.000000
8441,0.000000
8442,-8.000000
8443,-20.000000
8444,-12.000000
8445,20.000000
8446,-4.000000
8447,-20.000000
8448,-24.000000
8449,0.000000
8450,64.000000
8451,-8.000000
8452,52.000000
8453,68.000000
8454,8.000000
8455,-20.000000
8456,20.000000
8457,0.000000
8458,4.000000
8459,4.000000
8460,8.000000
8461,8.000000
8462,-24.000000
8463,0.000000
8464,4.000000
8465,-28.000000
8466,40.000000
8467,-8.000000
8468,-32.000000
8469,0.000000
8470,-8.000000
8471,28.000000
8472,44.000000
8473,-8.000000
8474,-44.000000
8475,-16.000000
8476,20.000000
8477,-8.000000
8478,-12.000000
8479,-12.000000
8480,0.000000
8481,-32.000000
8482,-28.000000
8483,4.000000
8484,-24.000000
8485,-40.000000
8486,-20.000000
8487,4.000000
8488,-28.000000
8489,-20.000000
8490,4.000000
8491,0.000000
8492,-28.000000
8493,28.000000
8494,-56.000000
8495,0.000000
8496,-40.000000
8497,-16.000000
8498,4.000000
8499,-32.000000
8500,20.000000
8501,-8.000000
8502,-28.000000
8503,-36.000000
8504,12.000000
8505,52.000000
8506,-32.000000
8507,0.000000
8508,-12.000000
8509,-32.000000
8510,-20.000000
8511,-16.000000
8512,-20.000000
8513,0.000000
8514,-12.000000
8515,-8.000000
8516,-32.000000
8517,-12.000000
8518,0.000000
8519,0.000000
8520,-16.000000
8521,16.000000
8522,8.000000
8523,-40.000000
8524,-8.000000
8525,-68.000000
8526,76.000000
8527,20.000000
8528,-12.000000
8529,44.000000
8530,-8.000000
8531,-48.000000
8532,-8.000000
8533,-12.000000
8534,0.000000
8535,0.000000
8536,-36.000000
8537,4.000000
8538,-24.000000
8539,-8.000000
8540,-8.000000
8541,-24.000000
8542,-16.000000
8543,8.000000
8544,12.000000
8545,-24.000000
8546,4.000000
8547,8.000000
8548,12.000000
8549,12.000000
8550,16.000000
8551,-8.000000
8552,32.000000
8553,16.000000
8554,12.000000
8555,20.000000
8556,16.000000
8557,8.000000
8558,0.000000
8559,0.000000
8560,-32.000000
8561,-8.000000
8562,4.000000
8563,8.000000
8564,8.000000
8565,-84.000000
8566,16.000000
8567,4.000000
8568,24.000000
8569,16.000000
8570,-44.000000
8571,12.000000
8572,0.000000
8573,0.000000
8574,-12.000000
8575,-44.000000
8576,8.000000
8577,24.000000
8578,16.000000
8579,-36.000000
8580,-8.000000
8581,-24.000000
8582,64.000000
8583,-28.000000
8584,-16.000000
8585,0.000000
8586,-8.000000
8587,-8.000000
8588,-8.000000
8589,-8.000000
8590,52.000000
8591,0.000000
8592,24.000000
8593,-16.000000
8594,-32.000000
8595,0.000000
8596,0.000000
8597,0.000000
8598,-8.000000
8599,16.000000
8600,-8.000000
8601,0.000000
8602,52.000000
8603,12.000000
8604,-28.000000
8605,4.000000
8606,16.000000
8607,52.000000
8608,-20.000000
8609,-4.000000
8610,0.000000
8611,28.000000
8612,-20.000000
8613,16.000000
8614,0.000000
8615,-28.000000
8616,-8.000000
8617,8.000000
8618,-24.000000
8619,-24.000000
8620,-8.000000
8621,-56.000000
8622,0.000000
8623,-40.000000
8624,-16.000000
8625,20.000000
8626,0.000000
8627,-24.000000
8628,-24.000000
8629,4.000000
8630,-20.000000
8631,-16.000000
8632,-8.000000
8633,-4.000000
8634,12.000000
8635,-32.000000
8636,-8.000000
8637,-28.000000
8638,4.000000
8639,-32.000000
8640,-4.000000
8641,16.000000
8642,44.000000
8643,4.000000
8644,-4.000000
8645,-4.000000
8646,-20.000000
8647,28.000000
8648,28.000000
8649,64.000000
8650,-8.000000
8651,44.000000
8652,44.000000
8653,0.000000
8654,-12.000000
8655,-20.000000
8656,20.000000
8657,-8.000000
8658,16.000000
8659,-8.000000
8660,32.000000
8661,32.000000
8662,-28.000000
8663,4.000000
8664,8.000000
8665,12.000000
8666,40.000000
8667,-28.000000
8668,-8.000000
8669,-16.000000
8670,-8.000000
8671,-4.000000
8672,28.000000
8673,24.000000
8674,-8.000000
8675,20.000000
8676,4.000000
8677,-12.000000
8678,-4.000000
8679,-8.000000
8680,-24.000000
8681,-44.000000
8682,20.000000
8683,12.000000
8684,-8.000000
8685,28.000000
8686,8.000000
8687,8.000000
8688,36.000000
8689,-28.000000
8690,12.000000
8691,8.000000
8692,-4.000000
8693,-52.000000
8694,20.000000
8695,-20.000000
8696,12.000000
8697,12.000000
8698,0.000000
8699,-8.000000
8700,52.000000
8701,-8.000000
8702,68.000000
8703,-24.000000
8704,-8.000000
8705,-8.000000
8706,-8.000000
8707,16.000000
8708,28.000000
8709,-24.000000
8710,-16.000000
8711,-16.000000
8712,12.000000
8713,24.000000
8714,-8.000000
8715,-16.000000
8716,-12.000000
8717,-12.000000
8718,-56.000000
8719,-4.000000
8720,-64.000000
8721,0.000000
8722,28.000000
8723,40.000000
8724,8.000000
8725,-32.000000
8726,-16.000000
8727,-8.000000
8728,0.000000
8729,-36.000000
8730,8.000000
8731,36.000000
8732,-8.000000
8733,16.000000
8734,-56.000000
8735,-8.000000
8736,20.000000
8737,52.000000
8738,-8.000000
8739,-8.000000
8740,0.000000
8741,16.000000
8742,-36.000000
8743,-36.000000
8744,-40.000000
8745,-76.000000
8746,-40.000000
8747,60.000000
8748,16.000000
8749,12.000000
8750,-32.000000
8751,24.000000
8752,4.000000
8753,20.000000
8754,-36.000000
8755,-20.000000
8756,-12.000000
8757,12.000000
8758,-8.000000
8759,-16.000000
8760,0.000000
8761,-8.000000
8762,-20.000000
8763,-20.000000
8764,-20.000000
8765,-20.000000
8766,-28.000000
8767,-24.000000
8768,4.000000
8769,24.000000
8770,-12.000000
8771,-12.000000
8772,-8.000000
8773,-16.000000
8774,12.000000
8775,40.000000
8776,-16.000000
8777,-16.000000
8778,20.000000
8779,-4.000000
8780,8.000000
8781,-8.000000
8782,-20.000000
8783,-20.000000
8784,-12.000000
8785,0.000000
8786,4.000000
8787,-8.000000
8788,44.000000
8789,-4.000000
8790,-92.000000
8791,32.000000
8792,-20.000000
8793,-16.000000
8794,56.000000
8795,-8.000000
8796,4.000000
8797,8.000000
8798,-12.000000
8799,16.000000
8800,20.000000
8801,16.000000
8802,-32.000000
8803,32.000000
8804,8.000000
8805,12.000000
8806,4.000000
8807,52.000000
8808,12.000000
8809,0.000000
8810,4.000000
8811,-24.000000
8812,112.000000
8813,-4.000000
8814,20.000000
8815,28.000000
8816,-8.000000
8817,-12.000000
8818,-8.000000
8819,56.000000
8820,-8.000000
8821,-20.000000
8822,4.000000
8823,4.000000
8824,24.000000
8825,-20.000000
8826,0.000000
8827,0.000000
8828,-12.000000
8829,-4.000000
8830,0.000000
8831,-8.000000
8832,-56.000000
8833,0.000000
8834,-32.000000
8835,-8.000000
8836,16.000000
8837,12.000000
8838,4.000000
8839,-8.000000
8840,4.000000
8841,0.000000
8842,-16.000000
8843,40.000000
8844,20.000000
8845,-8.000000
8846,12.000000
8847,0.000000
8848,-16.000000
8849,24.000000
8850,0.000000
8851,8.000000
8852,28.000000
8853,16.000000
8854,-4.000000
8855,-32.000000
8856,-4.000000
8857,8.000000
8858,-12.000000
8859,20.000000
8860,-24.000000
8861,-8.000000
8862,60.000000
8863,16.000000
8864,0.000000
8865,20.000000
8866,8.000000
8867,-16.000000
8868,0.000000
8869,-28.000000
8870,0.000000
8871,-20.000000
8872,-40.000000
8873,-40.000000
8874,-28.000000
8875,-28.000000
8876,16.000000
8877,-20.000000
8878,76.000000
8879,16.000000
8880,24.000000
8881,-28.000000
8882,20.000000
8883,-24.000000
8884,-28.000000
8885,-16.000000
8886,-8.000000
8887,-4.000000
8888,-28.000000
8889,-24.000000
8890,-28.000000
8891,16.000000
8892,0.000000
8893,16.000000
8894,-12.000000
8895,52.000000
8896,-4.000000
8897,-12.000000
8898,52.000000
8899,16.000000
8900,8.000000
8901,-20.000000
8902,4.000000
8903,4.000000
8904,12.000000
8905,-36.000000
8906,-20.000000
8907,0.000000
8908,16.000000
8909,20.000000
8910,12.000000
8911,8.000000
8912,-20.000000
8913,24.000000
8914,20.000000
8915,16.000000
8916,-40.000000
8917,-8.000000
8918,-52.000000
8919,8.000000
8920,0.000000
8921,4.000000
8922,-4.000000
8923,-16.000000
8924,-32.000000
8925,12.000000
8926,-8.000000
8927,0.000000
8928,8.000000
8929,12.000000
8930,24.000000
8931,0.000000
8932,12.000000
8933,-8.000000
8934,-44.000000
8935,-8.000000
8936,-12.000000
8937,40.000000
8938,12.000000
8939,12.000000
8940,-8.000000
8941,-40.000000
8942,-8.000000
8943,16.000000
8944,-20.000000
8945,4.000000
8946,60.000000
8947,0.000000
8948,-12.000000
8949,-12.000000
8950,-20.000000
8951,-20.000000
8952,-24.000000
8953,-16.000000
8954,-20.000000
8955,-8.000000
8956,52.000000
8957,-40.000000
8958,20.000000
8959,-40.000000
8960,44.000000
8961,20.000000
8962,-44.000000
8963,0.000000
8964,-16.000000
8965,-40.000000
8966,8.000000
8967,-8.000000
8968,24.000000
8969,20.000000
8970,-36.000000
8971,-52.000000
8972,-24.000000
8973,-28.000000
8974,-20.000000
8975,-4.000000
8976,16.000000
8977,24.000000
8978,52.000000
8979,-16.000000
8980,44.000000
8981,8.000000
8982,-28.000000
8983,12.000000
8984,8.000000
8985,-16.000000
8986,-52.000000
8987,0.000000
8988,-28.000000
8989,-44.000000
8990,-12.000000
8991,-8.000000
8992,0.000000
8993,-8.000000
8994,-24.000000
8995,4.000000
8996,-52.000000
8997,-24.000000
8998,-8.000000
8999,-28.000000
9000,-28.000000
9001,-24.000000
9002,-12.000000
9003,8.000000
9004,-8.000000
9005,-12.000000
9006,-28.000000
9007,-28.000000
9008,-4.000000
9009,8.000000
9010,28.000000
9011,-8.000000
9012,20.000000
9013,-8.000000
9014,16.000000
9015,-8.000000
9016,-8.000000
9017,8.000000
9018,-32.000000
9019,12.000000
9020,-28.000000
9021,-52.000000
9022,88.000000
9023,-4.000000
9024,8.000000
9025,-52.000000
9026,-8.000000
9027,-44.000000
9028,-24.000000
9029,32.000000
9030,-16.000000
9031,8.000000
9032,-8.000000
9033,-16.000000
9034,-8.000000
9035,60.000000
9036,12.000000
9037,4.000000
9038,4.000000
9039,24.000000
9040,-24.000000
9041,48.000000
9042,-52.000000
9043,8.000000
9044,-20.000000
9045,8.000000
9046,32.000000
9047,0.000000
9048,12.000000
9049,-40.000000
9050,24.000000
9051,0.000000
9052,12.000000
9053,8.000000
9054,32.000000
9055,12.000000
9056,-28.000000
9057,8.000000
9058,12.000000
9059,-8.000000
9060,-8.000000
9061,4.000000
9062,-60.000000
9063,44.000000
9064,16.000000
9065,12.000000
9066,8.000000
9067,-8.000000
9068,-8.000000
9069,-12.000000
9070,12.000000
9071,12.000000
9072,-20.000000
9073,8.000000
9074,20.000000
9075,20.000000
9076,4.000000
9077,-32.000000
9078,-16.000000
9079,-20.000000
9080,52.000000
9081,24.000000
9082,-68.000000
9083,0.000000
9084,-8.000000
9085,-32.000000
9086,20.000000
9087,12.000000
9088,-36.000000
9089,-40.000000
9090,-12.000000
9091,24.000000
9092,20.000000
9093,52.000000
9094,0.000000
9095,-20.000000
9096,-4.000000
9097,20.000000
9098,-16.000000
9099,8.000000
9100,-8.000000
9101,-20.000000
9102,-44.000000
9103,16.000000
9104,20.000000
9105,0.000000
9106,-24.000000
9107,-28.000000
9108,-24.000000
9109,16.000000
9110,-20.000000
9111,28.000000
9112,-16.000000
9113,28.000000
9114,16.000000
9115,28.000000
9116,28.000000
9117,-28.000000
9118,8.000000
9119,-116.000000
9120,-4.000000
9121,-32.000000
9122,-20.000000
9123,12.000000
9124,-24.000000
9125,8.000000
9126,-20.000000
9127,-24.000000
9128,-16.000000
9129,44.000000
9130,12.000000
9131,-8.000000
9132,28.000000
9133,-12.000000
9134,-12.000000
9135,-20.000000
9136,28.000000
9137,-12.000000
9138,-8.000000
9139,-116.000000
9140,-28.000000
9141,-8.000000
9142,-4.000000
9143,-16.000000
9144,-24.000000
9145,-44.000000
9146,0.000000
9147,-16.000000
9148,8.000000
9149,16.000000
9150,16.000000
9151,-16.000000
9152,12.000000
9153,4.000000
9154,-32.000000
9155,4.000000
9156,36.000000
9157,-20.000000
9158,44.000000
9159,4.000000
9160,8.000000
9161,40.000000
9162,24.000000
9163,24.000000
9164,-48.000000
9165,-8.000000
9166,28.000000
9167,0.000000
9168,-36.000000
9169,0.000000
9170,16.000000
9171,4.000000
9172,68.000000
9173,16.000000
9174,-44.000000
9175,16.000000
9176,0.000000
9177,-20.000000
9178,52.000000
9179,52.000000
9180,4.000000
9181,12.000000
9182,12.000000
9183,16.000000
9184,24.000000
9185,-20.000000
9186,12.000000
9187,8.000000
9188,0.000000
9189,4.000000
9190,8.000000
9191,28.000000
9192,-20.000000
9193,52.000000
9194,-8.000000
9195,52.000000
9196,16.000000
9197,20.000000
9198,-24.000000
9199,16.000000
9200,-8.000000
9201,0.000000
9202,4.000000
9203,0.000000
9204,24.000000
9205,-24.000000
9206,-20.000000
9207,0.000000
9208,-40.000000
9209,24.000000
9210,-4.000000
9211,60.000000
9212,-32.000000
9213,-36.000000
9214,40.000000
9215,-12.000000
9216,-28.000000
9217,12.000000
9218,-40.000000
9219,-8.000000
9220,-52.000000
9221,-16.000000
9222,-24.000000
9223,-28.000000
9224,52.000000
9225,-20.000000
9226,44.000000
9227,-8.000000
9228,8.000000
9229,-24.000000
9230,-16.000000
9231,-8.000000
9232,28.000000
9233,-20.000000
9234,-40.000000
9235,8.000000
9236,-40.000000
9237,-28.000000
9238,-48.000000
9239,28.000000
9240,-40.000000
9241,-28.000000
9242,-8.000000
9243,-8.000000
9244,-8.000000
9245,16.000000
9246,-60.000000
9247,-28.000000
9248,-8.000000
9249,-60.000000
9250,16.000000
9251,-20.000000
9252,-28.000000
9253,-28.000000
9254,-8.000000
9255,-24.000000
9256,-24.000000
9257,-44.000000
9258,-24.000000
9259,44.000000
9260,20.000000
9261,-12.000000
9262,24.000000
9263,0.000000
9264,-4.000000
9265,4.000000
9266,-28.000000
9267,-8.000000
9268,16.000000
9269,-24.000000
9270,16.000000
9271,-16.000000
9272,-4.000000
9273,68.000000
9274,12.000000
9275,44.000000
9276,-108.000000
9277,44.000000
9278,0.000000
9279,-40.000000
9280,-8.000000
9281,20.000000
9282,-24.000000
9283,12.000000
9284,-4.000000
9285,-8.000000
9286,-28.000000
9287,68.000000
9288,-40.000000
9289,0.000000
9290,20.000000
9291,64.000000
9292,24.000000
9293,-4.000000
9294,-16.000000
9295,-24.000000
9296,24.000000
9297,-16.000000
9298,8.000000
9299,8.000000
9300,24.000000
9301,56.000000
9302,16.000000
9303,24.000000
9304,28.000000
9305,20.000000
9306,24.000000
9307,-24.000000
9308,-20.000000
9309,0.000000
9310,-20.000000
9311,0.000000
9312,0.000000
9313,-16.000000
9314,24.000000
9315,0.000000
9316,0.000000
9317,8.000000
9318,0.000000
9319,-4.000000
9320,-4.000000
9321,16.000000
9322,0.000000
9323,28.000000
9324,-16.000000
9325,-28.000000
9326,-36.000000
9327,-44.000000
9328,12.000000
9329,24.000000
9330,-8.000000
9331,4.000000
9332,12.000000
9333,8.000000
9334,12.000000
9335,-20.000000
9336,-28.000000
9337,4.000000
9338,44.000000
9339,-28.000000
9340,0.000000
9341,-12.000000
9342,-32.000000
9343,0.000000
9344,-4.000000
9345,44.000000
9346,-4.000000
9347,-8.000000
9348,-24.000000
9349,-20.000000
9350,-12.000000
9351,28.000000
9352,-8.000000
9353,-32.000000
9354,-20.000000
9355,-16.000000
9356,-12.000000
9357,-52.000000
9358,24.000000
9359,-40.000000
9360,-28.000000
9361,-32.000000
9362,-28.000000
9363,-20.000000
9364,12.000000
9365,-4.000000
9366,-20.000000
9367,-16.000000
9368,-8.000000
9369,-16.000000
9370,60.000000
9371,-12.000000
9372,0.000000
9373,-24.000000
9374,16.000000
9375,24.000000
9376,-44.000000
9377,4.000000
9378,68.000000
9379,12.000000
9380,0.000000
9381,0.000000
9382,52.000000
9383,-48.000000
9384,12.000000
9385,52.000000
9386,-8.000000
9387,-4.000000
9388,0.000000
9389,8.000000
9390,-28.000000
9391,-8.000000
9392,-8.000000
9393,44.000000
9394,24.000000
9395,-8.000000
9396,16.000000
9397,-20.000000
9398,32.000000
9399,-12.000000
9400,24.000000
9401,4.000000
9402,8.000000
9403,4.000000
9404,8.000000
9405,12.000000
9406,0.000000
9407,8.000000
9408,-28.000000
9409,-20.000000
9410,-36.000000
9411,48.000000
9412,-44.000000
9413,16.000000
9414,-12.000000
9415,-16.000000
9416,-4.000000
9417,-20.000000
9418,24.000000
9419,0.000000
9420,24.000000
9421,28.000000
9422,16.000000
9423,-12.000000
9424,16.000000
9425,-24.000000
9426,-8.000000
9427,16.000000
9428,4.000000
9429,-32.000000
9430,12.000000
9431,20.000000
9432,60.000000
9433,12.000000
9434,20.000000
9435,16.000000
9436,16.000000
9437,8.000000
9438,8.000000
9439,-4.000000
9440,16.000000
9441,8.000000
9442,-8.000000
9443,-4.000000
9444,-8.000000
9445,0.000000
9446,0.000000
9447,-24.000000
9448,68.000000
9449,68.000000
9450,-36.000000
9451,-28.000000
9452,8.000000
9453,-20.000000
9454,20.000000
9455,-60.000000
9456,-36.000000
9457,52.000000
9458,-16.000000
9459,-16.000000
9460,-28.000000
9461,-40.000000
9462,0.000000
9463,-28.000000
9464,-8.000000
9465,0.000000
9466,-32.000000
9467,-52.000000
9468,-8.000000
9469,-12.000000
9470,16.000000
9471,12.000000
9472,-8.000000
9473,-8.000000
9474,-20.000000
9475,16.000000
9476,-48.000000
9477,0.000000
9478,-16.000000
9479,-16.000000
9480,24.000000
9481,80.000000
9482,8.000000
9483,0.000000
9484,-20.000000
9485,4.000000
9486,-32.000000
9487,0.000000
9488,-4.000000
9489,0.000000
9490,-36.000000
9491,-32.000000
9492,-16.000000
9493,0.000000
9494,-4.000000
9495,-28.000000
9496,-8.000000
9497,-4.000000
9498,-20.000000
9499,-8.000000
9500,-8.000000
9501,-8.000000
9502,0.000000
9503,52.000000
9504,-32.000000
9505,-36.000000
9506,-20.000000
9507,16.000000
9508,0.000000
9509,32.000000
9510,40.000000
9511,4.000000
9512,4.000000
9513,-4.000000
9514,-4.000000
9515,-4.000000
9516,-12.000000
9517,-4.000000
9518,-20.000000
9519,-8.000000
9520,8.000000
9521,-44.000000
9522,16.000000
9523,0.000000
9524,24.000000
9525,-8.000000
9526,8.000000
9527,8.000000
9528,-36.000000
9529,-16.000000
9530,4.000000
9531,40.000000
9532,4.000000
9533,-20.000000
9534,16.000000
9535,0.000000
9536,-28.000000
9537,52.000000
9538,0.000000
9539,0.000000
9540,0.000000
9541,-20.000000
9542,4.000000
9543,4.000000
9544,32.000000
9545,16.000000
9546,-8.000000
9547,0.000000
9548,-36.000000
9549,16.000000
9550,-8.000000
9551,0.000000
9552,52.000000
9553,-8.000000
9554,8.000000
9555,8.000000
9556,0.000000
9557,8.000000
9558,-44.000000
9559,-8.000000
9560,4.000000
9561,0.000000
9562,20.000000
9563,-4.000000
9564,-36.000000
9565,0.000000
9566,-24.000000
9567,20.000000
9568,-8.000000
9569,-8.000000
9570,-16.000000
9571,-32.000000
9572,16.000000
9573,-8.000000
9574,-20.000000
9575,-8.000000
9576,-24.000000
9577,-16.000000
9578,4.000000
9579,-8.000000
9580,-36.000000
9581,16.000000
9582,-8.000000
9583,0.000000
9584,16.000000
9585,52.000000
9586,-4.000000
9587,0.000000
9588,-20.000000
9589,-12.000000
9590,-12.000000
9591,-76.000000
9592,-8.000000
9593,0.000000
9594,-8.000000
9595,-32.000000
9596,-8.000000
9597,12.000000
9598,-8.000000
9599,0.000000
9600,-16.000000
9601,-24.000000
9602,-16.000000
9603,-8.000000
9604,-24.000000
9605,-24.000000
9606,-48.000000
9607,0.000000
9608,-28.000000
9609,-48.000000
9610,-72.000000
9611,0.000000
9612,-16.000000
9613,-8.000000
9614,4.000000
9615,-4.000000
9616,16.000000
9617,-24.000000
9618,-20.000000
9619,-16.000000
9620,-40.000000
9621,-4.000000
9622,4.000000
9623,-20.000000
9624,0.000000
9625,-28.000000
9626,20.000000
9627,12.000000
9628,0.000000
9629,-24.000000
9630,36.000000
9631,-4.000000
9632,-24.000000
9633,4.000000
9634,28.000000
9635,24.000000
9636,68.000000
9637,0.000000
9638,-8.000000
9639,-8.000000
9640,0.000000
9641,-8.000000
9642,-8.000000
9643,28.000000
9644,-8.000000
9645,20.000000
9646,-4.000000
9647,0.000000
9648,-4.000000
9649,-12.000000
9650,0.000000
9651,-16.000000
9652,-8.000000
9653,-8.000000
9654,-8.000000
9655,44.000000
9656,20.000000
9657,20.000000
9658,8.000000
9659,8.000000
9660,16.000000
9661,12.000000
9662,12.000000
9663,32.000000
9664,24.000000
9665,-8.000000
9666,8.000000
9667,20.000000
9668,0.000000
9669,-4.000000
9670,12.000000
9671,44.000000
9672,60.000000
9673,-52.000000
9674,8.000000
9675,8.000000
9676,20.000000
9677,0.000000
9678,0.000000
9679,0.000000
9680,20.000000
9681,-28.000000
9682,20.000000
9683,-24.000000
9684,-52.000000
9685,16.000000
9686,8.000000
9687,44.000000
9688,12.000000
9689,-92.000000
9690,16.000000
9691,76.000000
9692,-24.000000
9693,-36.000000
9694,-8.000000
9695,-8.000000
9696,52.000000
9697,-12.000000
9698,4.000000
9699,0.000000
9700,-20.000000
9701,-16.000000
9702,-20.000000
9703,20.000000
9704,12.000000
9705,96.000000
9706,16.000000
9707,-8.000000
9708,0.000000
9709,4.000000
9710,-24.000000
9711,-16.000000
9712,16.000000
9713,52.000000
9714,12.000000
9715,4.000000
9716,-16.000000
9717,-4.000000
9718,-8.000000
9719,-24.000000
9720,-8.000000
9721,-12.000000
9722,-8.000000
9723,-8.000000
9724,0.000000
9725,-4.000000
9726,-8.000000
9727,20.000000
9728,-60.000000
9729,-16.000000
9730,12.000000
9731,-44.000000
9732,-4.000000
9733,-16.000000
9734,0.000000
9735,0.000000
9736,-12.000000
9737,-4.000000
9738,60.000000
9739,-8.000000
9740,0.000000
9741,-8.000000
9742,-60.000000
9743,-8.000000
9744,-8.000000
9745,-12.000000
9746,60.000000
9747,-24.000000
9748,0.000000
9749,0.000000
9750,0.000000
9751,0.000000
9752,-8.000000
9753,-24.000000
9754,24.000000
9755,-32.000000
9756,-12.000000
9757,24.000000
9758,-8.000000
9759,52.000000
9760,-24.000000
9761,4.000000
9762,-44.000000
9763,-16.000000
9764,4.000000
9765,16.000000
9766,-4.000000
9767,0.000000
9768,-28.000000
9769,-8.000000
9770,-12.000000
9771,12.000000
9772,-16.000000
9773,56.000000
9774,20.000000
9775,4.000000
9776,-4.000000
9777,8.000000
9778,12.000000
9779,-12.000000
9780,16.000000
9781,64.000000
9782,-36.000000
9783,40.000000
9784,0.000000
9785,0.000000
9786,-24.000000
9787,8.000000
9788,12.000000
9789,16.000000
9790,20.000000
9791,-16.000000
9792,20.000000
9793,0.000000
9794,-16.000000
9795,-32.000000
9796,4.000000
9797,-20.000000
9798,32.000000
9799,12.000000
9800,-16.000000
9801,0.000000
9802,4.000000
9803,4.000000
9804,8.000000
9805,4.000000
9806,-92.000000
9807,0.000000
9808,-20.000000
9809,-16.000000
9810,12.000000
9811,-12.000000
9812,0.000000
9813,0.000000
9814,8.000000
9815,-4.000000
9816,-28.000000
9817,-24.000000
9818,20.000000
9819,-48.000000
9820,0.000000
9821,-8.000000
9822,4.000000
9823,-8.000000
9824,-40.000000
9825,0.000000
9826,-40.000000
9827,-12.000000
9828,-8.000000
9829,44.000000
9830,-8.000000
9831,12.000000
9832,-12.000000
9833,-8.000000
9834,-8.000000
9835,-8.000000
9836,-8.000000
9837,20.000000
9838,4.000000
9839,-20.000000
9840,-36.000000
9841,-4.000000
9842,0.000000
9843,-8.000000
9844,-20.000000
9845,12.000000
9846,-24.000000
9847,16.000000
9848,-32.000000
9849,24.000000
9850,-32.000000
9851,16.000000
9852,20.000000
9853,-8.000000
9854,-32.000000
9855,0.000000
9856,-24.000000
9857,-28.000000
9858,-12.000000
9859,-16.000000
9860,-8.000000
9861,-32.000000
9862,-12.000000
9863,52.000000
9864,0.000000
9865,0.000000
9866,-20.000000
9867,-16.000000
9868,0.000000
9869,56.000000
9870,-8.000000
9871,-8.000000
9872,-20.000000
9873,-24.000000
9874,-52.000000
9875,92.000000
9876,-12.000000
9877,-40.000000
9878,4.000000
9879,4.000000
9880,8.000000
9881,-8.000000
9882,0.000000
9883,-12.000000
9884,-36.000000
9885,0.000000
9886,52.000000
9887,0.000000
9888,-44.000000
9889,16.000000
9890,4.000000
9891,32.000000
9892,-36.000000
9893,32.000000
9894,-8.000000
9895,64.000000
9896,20.000000
9897,20.000000
9898,-40.000000
9899,-4.000000
9900,8.000000
9901,32.000000
9902,32.000000
9903,4.000000
9904,-32.000000
9905,0.000000
9906,-60.000000
9907,4.000000
9908,-12.000000
9909,-12.000000
9910,-4.000000
9911,24.000000
9912,28.000000
9913,-20.000000
9914,4.000000
9915,4.000000
9916,24.000000
9917,-8.000000
9918,4.000000
9919,16.000000
9920,0.000000
9921,44.000000
9922,24.000000
9923,24.000000
9924,-8.000000
9925,12.000000
9926,-8.000000
9927,20.000000
9928,16.000000
9929,16.000000
9930,12.000000
9931,16.000000
9932,24.000000
9933,-8.000000
9934,12.000000
9935,0.000000
9936,8.000000
9937,0.000000
9938,-20.000000
9939,8.000000
9940,12.000000
9941,-44.000000
9942,8.000000
9943,0.000000
9944,-16.000000
9945,-16.000000
9946,-12.000000
9947,16.000000
9948,-4.000000
9949,0.000000
9950,32.000000
9951,-32.000000
9952,16.000000
9953,0.000000
9954,-44.000000
9955,-8.000000
9956,16.000000
9957,-28.000000
9958,-24.000000
9959,-28.000000
9960,-12.000000
9961,56.000000
9962,-40.000000
9963,-20.000000
9964,-20.000000
9965,28.000000
9966,0.000000
9967,24.000000
9968,-8.000000
9969,-40.000000
9970,-8.000000
9971,-24.000000
9972,-8.000000
9973,-8.000000
9974,-28.000000
9975,44.000000
9976,-8.000000
9977,4.000000
9978,-20.000000
9979,0.000000
9980,-24.000000
9981,-24.000000
9982,24.000000
9983,-28.000000
9984,-96.000000
9985,-24.000000
9986,-20.000000
9987,-52.000000
9988,-8.000000
9989,-8.000000
9990,-28.000000
9991,-28.000000
9992,-32.000000
9993,0.000000
9994,4.000000
9995,28.000000
9996,12.000000
9997,-8.000000
9998,-12.000000
9999,4.000000
10000,-8.000000
