Channel              :,CH1
Frequency            :,2.639Hz
Period               :,0.379s
PK-PK                :,242.0mV
Probe attenuation    :,1X
Voltage per ADC value:,0.125000mV
Time interval        :,100.00000us

index,CH1_Voltage(mV)
1,30.000000
2,30.000000
3,60.000000
4,-12.000000
5,-68.000000
6,24.000000
7,4.000000
8,-8.000000
9,-6.000000
10,72.000000
11,4.000000
12,-10.000000
13,-36.000000
14,-8.000000
15,2.000000
16,-32.000000
17,-16.000000
18,22.000000
19,-56.000000
20,42.000000
21,0.000000
22,2.000000
23,-16.000000
24,-48.000000
25,10.000000
26,14.000000
27,0.000000
28,0.000000
29,-40.000000
30,-82.000000
31,-4.000000
32,68.000000
33,-40.000000
34,22.000000
35,24.000000
36,10.000000
37,14.000000
38,-56.000000
39,-8.000000
40,-4.000000
41,-22.000000
42,82.000000
43,16.000000
44,-28.000000
45,16.000000
46,28.000000
47,26.000000
48,74.000000
49,-4.000000
50,-4.000000
51,-14.000000
52,-24.000000
53,72.000000
54,72.000000
55,-22.000000
56,22.000000
57,-2.000000
58,12.000000
59,60.000000
60,46.000000
61,2.000000
62,2.000000
63,-22.000000
64,-8.000000
65,-4.000000
66,-6.000000
67,36.000000
68,-28.000000
69,32.000000
70,-4.000000
71,2.000000
72,40.000000
73,-4.000000
74,-10.000000
75,2.000000
76,14.000000
77,-58.000000
78,-30.000000
79,20.000000
80,-18.000000
81,4.000000
82,-26.000000
83,30.000000
84,2.000000
85,2.000000
86,0.000000
87,-32.000000
88,10.000000
89,-2.000000
90,-24.000000
91,-14.000000
92,-20.000000
93,28.000000
94,-12.000000
95,-4.000000
96,-6.000000
97,30.000000
98,38.000000
99,32.000000
100,-84.000000
101,60.000000
102,0.000000
103,-4.000000
104,-20.000000
105,-2.000000
106,42.000000
107,-2.000000
108,10.000000
109,2.000000
110,2.000000
111,0.000000
112,34.000000
113,-36.000000
114,98.000000
115,-34.000000
116,12.000000
117,10.000000
118,-26.000000
119,8.000000
120,-14.000000
121,26.000000
122,-14.000000
123,-24.000000
124,-4.000000
125,2.000000
126,14.000000
127,-12.000000
128,24.000000
129,-26.000000
130,-18.000000
131,-6.000000
132,-10.000000
133,2.000000
134,-8.000000
135,16.000000
136,-50.000000
137,-50.000000
138,-48.000000
139,-10.000000
140,-48.000000
141,-2.000000
142,30.000000
143,-50.000000
144,-8.000000
145,68.000000
146,6.000000
147,-26.000000
148,-2.000000
149,-16.000000
150,64.000000
151,32.000000
152,-4.000000
153,28.000000
154,-28.000000
155,-14.000000
156,10.000000
157,50.000000
158,-22.000000
159,2.000000
160,-30.000000
161,-20.000000
162,-38.000000
163,-8.000000
164,20.000000
165,-8.000000
166,-30.000000
167,6.000000
168,-44.000000
169,4.000000
170,-20.000000
171,14.000000
172,-16.000000
173,-36.000000
174,-8.000000
175,42.000000
176,-30.000000
177,-16.000000
178,54.000000
179,26.000000
180,-4.000000
181,-12.000000
182,-44.000000
183,42.000000
184,-30.000000
185,-24.000000
186,-94.000000
187,-20.000000
188,-60.000000
189,-24.000000
190,2.000000
191,62.000000
192,-46.000000
193,4.000000
194,16.000000
195,34.000000
196,-22.000000
197,12.000000
198,10.000000
199,-14.000000
200,-52.000000
201,-4.000000
202,76.000000
203,-8.000000
204,-8.000000
205,18.000000
206,18.000000
207,6.000000
208,-44.000000
209,82.000000
210,10.000000
211,28.000000
212,26.000000
213,2.000000
214,14.000000
215,0.000000
216,20.000000
217,-18.000000
218,-18.000000
219,14.000000
220,-14.000000
221,-66.000000
222,32.000000
223,10.000000
224,-22.000000
225,18.000000
226,10.000000
227,-12.000000
228,-46.000000
229,-8.000000
230,0.000000
231,12.000000
232,-18.000000
233,-18.000000
234,44.000000
235,-62.000000
236,28.000000
237,16.000000
238,-8.000000
239,-6.000000
240,14.000000
241,-8.000000
242,-6.000000
243,2.000000
244,-32.000000
245,20.000000
246,22.000000
247,-8.000000
248,-8.000000
249,54.000000
250,-30.000000
251,12.000000
252,-16.000000
253,10.000000
254,-4.000000
255,-28.000000
256,14.000000
257,8.000000
258,8.000000
259,-10.000000
260,-4.000000
261,76.000000
262,14.000000
263,10.000000
264,22.000000
265,-12.000000
266,-4.000000
267,14.000000
268,-36.000000
269,20.000000
270,-8.000000
271,46.000000
272,54.000000
273,-12.000000
274,-6.000000
275,-20.000000
276,-20.000000
277,26.000000
278,-16.000000
279,-16.000000
280,12.000000
281,2.000000
282,2.000000
283,-8.000000
284,8.000000
285,-2.000000
286,-28.000000
287,2.000000
288,-22.000000
289,58.000000
290,26.000000
291,10.000000
292,30.000000
293,60.000000
294,16.000000
295,-36.000000
296,68.000000
297,32.000000
298,-34.000000
299,-68.000000
300,18.000000
301,-2.000000
302,-4.000000
303,14.000000
304,54.000000
305,-22.000000
306,-60.000000
307,-10.000000
308,8.000000
309,32.000000
310,-12.000000
311,24.000000
312,14.000000
313,-76.000000
314,-2.000000
315,-54.000000
316,46.000000
317,-2.000000
318,0.000000
319,12.000000
320,-8.000000
321,-42.000000
322,14.000000
323,10.000000
324,-14.000000
325,2.000000
326,-4.000000
327,4.000000
328,0.000000
329,-34.000000
330,14.000000
331,22.000000
332,46.000000
333,-16.000000
334,16.000000
335,-16.000000
336,-26.000000
337,-24.000000
338,74.000000
339,-6.000000
340,0.000000
341,-2.000000
342,-30.000000
343,10.000000
344,-46.000000
345,-2.000000
346,54.000000
347,-14.000000
348,2.000000
349,12.000000
350,-48.000000
351,-54.000000
352,12.000000
353,0.000000
354,-36.000000
355,-16.000000
356,-38.000000
357,-4.000000
358,-20.000000
359,-36.000000
360,0.000000
361,-4.000000
362,-12.000000
363,72.000000
364,-14.000000
365,-38.000000
366,6.000000
367,-4.000000
368,12.000000
369,8.000000
370,50.000000
371,-12.000000
372,-18.000000
373,10.000000
374,-18.000000
375,-16.000000
376,46.000000
377,4.000000
378,2.000000
379,10.000000
380,-32.000000
381,-24.000000
382,40.000000
383,50.000000
384,46.000000
385,-36.000000
386,10.000000
387,-16.000000
388,-16.000000
389,-16.000000
390,-20.000000
391,-64.000000
392,-22.000000
393,10.000000
394,-32.000000
395,12.000000
396,2.000000
397,-24.000000
398,12.000000
399,-2.000000
400,-26.000000
401,-16.000000
402,0.000000
403,22.000000
404,-20.000000
405,-16.000000
406,2.000000
407,-24.000000
408,0.000000
409,-6.000000
410,-6.000000
411,2.000000
412,-12.000000
413,82.000000
414,12.000000
415,10.000000
416,10.000000
417,-30.000000
418,-36.000000
419,-6.000000
420,-30.000000
421,-16.000000
422,16.000000
423,-26.000000
424,62.000000
425,-26.000000
426,-18.000000
427,8.000000
428,2.000000
429,-6.000000
430,78.000000
431,10.000000
432,12.000000
433,28.000000
434,-64.000000
435,-26.000000
436,16.000000
437,22.000000
438,24.000000
439,-16.000000
440,38.000000
441,6.000000
442,10.000000
443,0.000000
444,10.000000
445,-30.000000
446,58.000000
447,-6.000000
448,44.000000
449,14.000000
450,14.000000
451,-38.000000
452,20.000000
453,-44.000000
454,6.000000
455,16.000000
456,-34.000000
457,-34.000000
458,0.000000
459,-4.000000
460,48.000000
461,0.000000
462,0.000000
463,10.000000
464,-32.000000
465,8.000000
466,22.000000
467,86.000000
468,84.000000
469,-26.000000
470,-28.000000
471,-44.000000
472,-40.000000
473,12.000000
474,-6.000000
475,-20.000000
476,32.000000
477,-26.000000
478,56.000000
479,12.000000
480,8.000000
481,8.000000
482,2.000000
483,50.000000
484,22.000000
485,-62.000000
486,14.000000
487,-12.000000
488,-18.000000
489,16.000000
490,-2.000000
491,22.000000
492,14.000000
493,14.000000
494,-18.000000
495,-4.000000
496,40.000000
497,4.000000
498,-18.000000
499,22.000000
500,8.000000
501,16.000000
502,4.000000
503,2.000000
504,-12.000000
505,-6.000000
506,46.000000
507,14.000000
508,-4.000000
509,38.000000
510,48.000000
511,-20.000000
512,14.000000
513,20.000000
514,-26.000000
515,24.000000
516,16.000000
517,0.000000
518,46.000000
519,-30.000000
520,-32.000000
521,10.000000
522,-34.000000
523,10.000000
524,-44.000000
525,54.000000
526,-4.000000
527,-64.000000
528,8.000000
529,10.000000
530,10.000000
531,-54.000000
532,18.000000
533,16.000000
534,2.000000
535,-44.000000
536,14.000000
537,26.000000
538,0.000000
539,32.000000
540,26.000000
541,-30.000000
542,-44.000000
543,-72.000000
544,-20.000000
545,62.000000
546,-4.000000
547,-20.000000
548,-20.000000
549,-48.000000
550,94.000000
551,82.000000
552,0.000000
553,6.000000
554,0.000000
555,-4.000000
556,62.000000
557,-4.000000
558,46.000000
559,-24.000000
560,-6.000000
561,2.000000
562,-4.000000
563,-12.000000
564,0.000000
565,2.000000
566,-40.000000
567,-14.000000
568,-6.000000
569,58.000000
570,-60.000000
571,14.000000
572,20.000000
573,-12.000000
574,40.000000
575,-4.000000
576,-38.000000
577,28.000000
578,6.000000
579,-8.000000
580,38.000000
581,46.000000
582,-4.000000
583,2.000000
584,-26.000000
585,-20.000000
586,2.000000
587,0.000000
588,-30.000000
589,-40.000000
590,-26.000000
591,-30.000000
592,-20.000000
593,0.000000
594,18.000000
595,24.000000
596,-4.000000
597,-12.000000
598,20.000000
599,0.000000
600,-22.000000
601,-14.000000
602,-2.000000
603,-22.000000
604,-4.000000
605,40.000000
606,-24.000000
607,-20.000000
608,2.000000
609,-16.000000
610,94.000000
611,64.000000
612,2.000000
613,14.000000
614,16.000000
615,-26.000000
616,40.000000
617,2.000000
618,-16.000000
619,40.000000
620,-54.000000
621,0.000000
622,0.000000
623,32.000000
624,-8.000000
625,-78.000000
626,20.000000
627,46.000000
628,2.000000
629,14.000000
630,-30.000000
631,-48.000000
632,-32.000000
633,-66.000000
634,-18.000000
635,-26.000000
636,-16.000000
637,-8.000000
638,-54.000000
639,20.000000
640,-16.000000
641,-12.000000
642,-60.000000
643,-22.000000
644,-16.000000
645,-44.000000
646,-16.000000
647,2.000000
648,-30.000000
649,2.000000
650,-10.000000
651,8.000000
652,-26.000000
653,-8.000000
654,2.000000
655,4.000000
656,2.000000
657,-6.000000
658,-6.000000
659,-18.000000
660,10.000000
661,40.000000
662,-14.000000
663,-54.000000
664,-34.000000
665,16.000000
666,16.000000
667,34.000000
668,-22.000000
669,-14.000000
670,26.000000
671,2.000000
672,-16.000000
673,-2.000000
674,12.000000
675,-38.000000
676,2.000000
677,0.000000
678,14.000000
679,14.000000
680,38.000000
681,2.000000
682,-12.000000
683,-4.000000
684,-16.000000
685,-26.000000
686,34.000000
687,46.000000
688,-4.000000
689,10.000000
690,18.000000
691,34.000000
692,-32.000000
693,-48.000000
694,-4.000000
695,54.000000
696,-12.000000
697,-36.000000
698,-60.000000
699,8.000000
700,8.000000
701,0.000000
702,-8.000000
703,-16.000000
704,40.000000
705,18.000000
706,-34.000000
707,8.000000
708,4.000000
709,10.000000
710,8.000000
711,22.000000
712,12.000000
713,-18.000000
714,14.000000
715,26.000000
716,62.000000
717,38.000000
718,8.000000
719,2.000000
720,2.000000
721,-46.000000
722,-64.000000
723,-10.000000
724,-48.000000
725,-14.000000
726,32.000000
727,-20.000000
728,-4.000000
729,-12.000000
730,40.000000
731,2.000000
732,6.000000
733,88.000000
734,26.000000
735,-18.000000
736,-46.000000
737,-18.000000
738,54.000000
739,-28.000000
740,-30.000000
741,-26.000000
742,4.000000
743,14.000000
744,14.000000
745,-26.000000
746,22.000000
747,34.000000
748,8.000000
749,-20.000000
750,-10.000000
751,14.000000
752,40.000000
753,60.000000
754,-86.000000
755,20.000000
756,10.000000
757,-38.000000
758,-22.000000
759,-8.000000
760,32.000000
761,-36.000000
762,2.000000
763,-2.000000
764,38.000000
765,34.000000
766,24.000000
767,0.000000
768,0.000000
769,-12.000000
770,-72.000000
771,-46.000000
772,68.000000
773,-22.000000
774,-86.000000
775,-22.000000
776,20.000000
777,14.000000
778,-12.000000
779,4.000000
780,-30.000000
781,-8.000000
782,24.000000
783,22.000000
784,2.000000
785,-16.000000
786,-50.000000
787,60.000000
788,-16.000000
789,-12.000000
790,-26.000000
791,46.000000
792,-16.000000
793,38.000000
794,-24.000000
795,8.000000
796,-44.000000
797,-22.000000
798,0.000000
799,22.000000
800,-12.000000
801,10.000000
802,22.000000
803,0.000000
804,46.000000
805,18.000000
806,-8.000000
807,24.000000
808,-36.000000
809,8.000000
810,30.000000
811,-16.000000
812,16.000000
813,22.000000
814,12.000000
815,-6.000000
816,0.000000
817,-20.000000
818,-34.000000
819,-38.000000
820,26.000000
821,46.000000
822,6.000000
823,10.000000
824,-4.000000
825,-30.000000
826,-30.000000
827,-36.000000
828,-2.000000
829,-82.000000
830,-8.000000
831,-34.000000
832,-24.000000
833,6.000000
834,78.000000
835,-2.000000
836,22.000000
837,58.000000
838,18.000000
839,40.000000
840,22.000000
841,-56.000000
842,-16.000000
843,0.000000
844,-26.000000
845,10.000000
846,-26.000000
847,4.000000
848,8.000000
849,22.000000
850,20.000000
851,18.000000
852,-4.000000
853,-20.000000
854,34.000000
855,-34.000000
856,12.000000
857,-14.000000
858,12.000000
859,4.000000
860,6.000000
861,2.000000
862,8.000000
863,-18.000000
864,10.000000
865,-4.000000
866,-4.000000
867,-36.000000
868,-86.000000
869,-24.000000
870,-22.000000
871,-4.000000
872,24.000000
873,14.000000
874,-6.000000
875,-10.000000
876,-16.000000
877,-2.000000
878,-4.000000
879,-16.000000
880,-28.000000
881,-2.000000
882,14.000000
883,-16.000000
884,-12.000000
885,-6.000000
886,-12.000000
887,-30.000000
888,64.000000
889,14.000000
890,40.000000
891,10.000000
892,28.000000
893,0.000000
894,26.000000
895,2.000000
896,0.000000
897,58.000000
898,-12.000000
899,60.000000
900,-8.000000
901,-34.000000
902,-6.000000
903,28.000000
904,-30.000000
905,74.000000
906,-24.000000
907,58.000000
908,-8.000000
909,-46.000000
910,-8.000000
911,2.000000
912,12.000000
913,12.000000
914,14.000000
915,0.000000
916,24.000000
917,-22.000000
918,-30.000000
919,-48.000000
920,-12.000000
921,84.000000
922,-18.000000
923,2.000000
924,-50.000000
925,-18.000000
926,-22.000000
927,-58.000000
928,-12.000000
929,34.000000
930,-24.000000
931,0.000000
932,26.000000
933,-22.000000
934,-20.000000
935,14.000000
936,10.000000
937,-30.000000
938,-20.000000
939,2.000000
940,-74.000000
941,-12.000000
942,34.000000
943,24.000000
944,2.000000
945,2.000000
946,20.000000
947,26.000000
948,26.000000
949,-4.000000
950,-30.000000
951,-56.000000
952,-22.000000
953,8.000000
954,-22.000000
955,-4.000000
956,-32.000000
957,-30.000000
958,-16.000000
959,-16.000000
960,38.000000
961,16.000000
962,-8.000000
963,-44.000000
964,-52.000000
965,58.000000
966,40.000000
967,8.000000
968,-48.000000
969,-4.000000
970,8.000000
971,58.000000
972,4.000000
973,-4.000000
974,42.000000
975,24.000000
976,-2.000000
977,4.000000
978,24.000000
979,-36.000000
980,16.000000
981,-76.000000
982,18.000000
983,50.000000
984,-30.000000
985,26.000000
986,40.000000
987,-4.000000
988,84.000000
989,24.000000
990,-6.000000
991,8.000000
992,26.000000
993,-34.000000
994,0.000000
995,-26.000000
996,-6.000000
997,26.000000
998,-12.000000
999,64.000000
1000,-6.000000
1001,-18.000000
1002,4.000000
1003,-14.000000
1004,-4.000000
1005,-8.000000
1006,-8.000000
1007,12.000000
1008,-70.000000
1009,-6.000000
1010,-20.000000
1011,-14.000000
1012,-28.000000
1013,-72.000000
1014,-56.000000
1015,46.000000
1016,-18.000000
1017,4.000000
1018,0.000000
1019,-2.000000
1020,54.000000
1021,-16.000000
1022,-36.000000
1023,-38.000000
1024,-38.000000
1025,18.000000
1026,-36.000000
1027,-24.000000
1028,2.000000
1029,-44.000000
1030,-32.000000
1031,-16.000000
1032,-54.000000
1033,14.000000
1034,-8.000000
1035,-30.000000
1036,-8.000000
1037,24.000000
1038,-26.000000
1039,14.000000
1040,-4.000000
1041,20.000000
1042,62.000000
1043,46.000000
1044,-34.000000
1045,-16.000000
1046,68.000000
1047,10.000000
1048,-4.000000
1049,-38.000000
1050,2.000000
1051,-34.000000
1052,22.000000
1053,10.000000
1054,44.000000
1055,2.000000
1056,28.000000
1057,-22.000000
1058,-2.000000
1059,-14.000000
1060,10.000000
1061,-12.000000
1062,-20.000000
1063,36.000000
1064,32.000000
1065,20.000000
1066,-28.000000
1067,-22.000000
1068,-18.000000
1069,14.000000
1070,-18.000000
1071,-10.000000
1072,34.000000
1073,-4.000000
1074,-36.000000
1075,-40.000000
1076,-46.000000
1077,-24.000000
1078,-12.000000
1079,4.000000
1080,-2.000000
1081,16.000000
1082,16.000000
1083,0.000000
1084,36.000000
1085,38.000000
1086,-4.000000
1087,-12.000000
1088,-50.000000
1089,-16.000000
1090,4.000000
1091,20.000000
1092,-42.000000
1093,-4.000000
1094,-18.000000
1095,28.000000
1096,54.000000
1097,8.000000
1098,-48.000000
1099,22.000000
1100,22.000000
1101,6.000000
1102,-30.000000
1103,-32.000000
1104,14.000000
1105,-8.000000
1106,-4.000000
1107,-8.000000
1108,-4.000000
1109,-4.000000
1110,-4.000000
1111,-4.000000
1112,-4.000000
1113,-32.000000
1114,-32.000000
1115,-34.000000
1116,-34.000000
1117,-34.000000
1118,-34.000000
1119,-32.000000
1120,-32.000000
1121,-32.000000
1122,-32.000000
1123,-32.000000
1124,-32.000000
1125,-34.000000
1126,-34.000000
1127,-34.000000
1128,-34.000000
1129,-32.000000
1130,-32.000000
1131,-32.000000
1132,-32.000000
1133,-32.000000
1134,-32.000000
1135,-32.000000
1136,-32.000000
1137,-32.000000
1138,-32.000000
1139,-34.000000
1140,-34.000000
1141,-34.000000
1142,-34.000000
1143,-32.000000
1144,-32.000000
1145,-34.000000
1146,-34.000000
1147,-32.000000
1148,-32.000000
1149,-34.000000
1150,-34.000000
1151,-34.000000
1152,-34.000000
1153,-34.000000
1154,-34.000000
1155,-32.000000
1156,-32.000000
1157,-34.000000
1158,-34.000000
1159,-32.000000
1160,-32.000000
1161,-32.000000
1162,-32.000000
1163,-34.000000
1164,-34.000000
1165,-34.000000
1166,-34.000000
1167,-34.000000
1168,-34.000000
1169,-64.000000
1170,-26.000000
1171,26.000000
1172,-48.000000
1173,-2.000000
1174,-18.000000
1175,-8.000000
1176,-34.000000
1177,-2.000000
1178,40.000000
1179,10.000000
1180,14.000000
1181,4.000000
1182,2.000000
1183,-12.000000
1184,4.000000
1185,-20.000000
1186,60.000000
1187,-36.000000
1188,10.000000
1189,-4.000000
1190,-30.000000
1191,-24.000000
1192,-4.000000
1193,-40.000000
1194,-58.000000
1195,12.000000
1196,20.000000
1197,14.000000
1198,-8.000000
1199,58.000000
1200,8.000000
1201,-30.000000
1202,-8.000000
1203,-4.000000
1204,8.000000
1205,30.000000
1206,-6.000000
1207,-12.000000
1208,16.000000
1209,22.000000
1210,40.000000
1211,38.000000
1212,14.000000
1213,30.000000
1214,10.000000
1215,10.000000
1216,74.000000
1217,12.000000
1218,-18.000000
1219,-22.000000
1220,14.000000
1221,-4.000000
1222,50.000000
1223,-44.000000
1224,-26.000000
1225,16.000000
1226,-32.000000
1227,98.000000
1228,26.000000
1229,10.000000
1230,-4.000000
1231,-14.000000
1232,-22.000000
1233,-12.000000
1234,42.000000
1235,-26.000000
1236,26.000000
1237,-64.000000
1238,-22.000000
1239,2.000000
1240,4.000000
1241,38.000000
1242,0.000000
1243,0.000000
1244,8.000000
1245,-10.000000
1246,14.000000
1247,-4.000000
1248,-10.000000
1249,-76.000000
1250,-26.000000
1251,24.000000
1252,34.000000
1253,20.000000
1254,50.000000
1255,16.000000
1256,92.000000
1257,2.000000
1258,-32.000000
1259,-12.000000
1260,12.000000
1261,-20.000000
1262,32.000000
1263,-50.000000
1264,8.000000
1265,-8.000000
1266,-62.000000
1267,42.000000
1268,32.000000
1269,-12.000000
1270,16.000000
1271,2.000000
1272,-50.000000
1273,0.000000
1274,-4.000000
1275,-44.000000
1276,-12.000000
1277,58.000000
1278,38.000000
1279,16.000000
1280,-8.000000
1281,-14.000000
1282,-14.000000
1283,12.000000
1284,32.000000
1285,8.000000
1286,60.000000
1287,-36.000000
1288,-56.000000
1289,-14.000000
1290,-30.000000
1291,-12.000000
1292,10.000000
1293,-14.000000
1294,-16.000000
1295,-30.000000
1296,58.000000
1297,-12.000000
1298,46.000000
1299,-30.000000
1300,-16.000000
1301,68.000000
1302,-32.000000
1303,-44.000000
1304,6.000000
1305,-12.000000
1306,-14.000000
1307,-2.000000
1308,16.000000
1309,8.000000
1310,6.000000
1311,18.000000
1312,18.000000
1313,-26.000000
1314,-4.000000
1315,-36.000000
1316,-8.000000
1317,-10.000000
1318,-84.000000
1319,-14.000000
1320,8.000000
1321,34.000000
1322,-24.000000
1323,38.000000
1324,-36.000000
1325,40.000000
1326,2.000000
1327,-20.000000
1328,58.000000
1329,32.000000
1330,-16.000000
1331,6.000000
1332,-38.000000
1333,-14.000000
1334,-22.000000
1335,-26.000000
1336,-12.000000
1337,24.000000
1338,-14.000000
1339,-32.000000
1340,-12.000000
1341,-2.000000
1342,-12.000000
1343,20.000000
1344,-26.000000
1345,8.000000
1346,24.000000
1347,-2.000000
1348,2.000000
1349,30.000000
1350,28.000000
1351,8.000000
1352,-36.000000
1353,16.000000
1354,14.000000
1355,-44.000000
1356,-8.000000
1357,26.000000
1358,-28.000000
1359,6.000000
1360,44.000000
1361,46.000000
1362,38.000000
1363,-2.000000
1364,-44.000000
1365,18.000000
1366,14.000000
1367,-2.000000
1368,4.000000
1369,-8.000000
1370,44.000000
1371,-12.000000
1372,14.000000
1373,10.000000
1374,28.000000
1375,-4.000000
1376,-12.000000
1377,24.000000
1378,14.000000
1379,20.000000
1380,42.000000
1381,-16.000000
1382,-82.000000
1383,-4.000000
1384,24.000000
1385,-22.000000
1386,16.000000
1387,-6.000000
1388,-14.000000
1389,-44.000000
1390,-34.000000
1391,22.000000
1392,16.000000
1393,-4.000000
1394,88.000000
1395,-14.000000
1396,72.000000
1397,-28.000000
1398,46.000000
1399,-14.000000
1400,-12.000000
1401,22.000000
1402,44.000000
1403,6.000000
1404,-44.000000
1405,-22.000000
1406,0.000000
1407,38.000000
1408,-28.000000
1409,-32.000000
1410,18.000000
1411,28.000000
1412,-2.000000
1413,16.000000
1414,-16.000000
1415,18.000000
1416,32.000000
1417,24.000000
1418,-4.000000
1419,16.000000
1420,-48.000000
1421,8.000000
1422,-22.000000
1423,-16.000000
1424,-16.000000
1425,14.000000
1426,-12.000000
1427,14.000000
1428,-90.000000
1429,-38.000000
1430,-4.000000
1431,-32.000000
1432,-18.000000
1433,24.000000
1434,-6.000000
1435,16.000000
1436,2.000000
1437,-8.000000
1438,12.000000
1439,28.000000
1440,2.000000
1441,-44.000000
1442,126.000000
1443,30.000000
1444,22.000000
1445,8.000000
1446,10.000000
1447,16.000000
1448,18.000000
1449,-20.000000
1450,6.000000
1451,40.000000
1452,10.000000
1453,-28.000000
1454,-54.000000
1455,-8.000000
1456,82.000000
1457,-32.000000
1458,12.000000
1459,8.000000
1460,4.000000
1461,-12.000000
1462,0.000000
1463,-2.000000
1464,8.000000
1465,30.000000
1466,24.000000
1467,-12.000000
1468,32.000000
1469,10.000000
1470,-16.000000
1471,26.000000
1472,12.000000
1473,-4.000000
1474,-12.000000
1475,-4.000000
1476,12.000000
1477,-36.000000
1478,-22.000000
1479,-68.000000
1480,-14.000000
1481,-8.000000
1482,-12.000000
1483,-10.000000
1484,8.000000
1485,-12.000000
1486,-8.000000
1487,2.000000
1488,18.000000
1489,-32.000000
1490,6.000000
1491,-22.000000
1492,-34.000000
1493,-4.000000
1494,0.000000
1495,-12.000000
1496,-22.000000
1497,-2.000000
1498,-18.000000
1499,16.000000
1500,8.000000
1501,46.000000
1502,18.000000
1503,34.000000
1504,-12.000000
1505,-12.000000
1506,-20.000000
1507,2.000000
1508,26.000000
1509,8.000000
1510,-20.000000
1511,46.000000
1512,-30.000000
1513,42.000000
1514,8.000000
1515,8.000000
1516,-12.000000
1517,-16.000000
1518,-64.000000
1519,6.000000
1520,4.000000
1521,44.000000
1522,-22.000000
1523,-2.000000
1524,22.000000
1525,12.000000
1526,-2.000000
1527,-6.000000
1528,-16.000000
1529,38.000000
1530,-24.000000
1531,-22.000000
1532,-58.000000
1533,-22.000000
1534,20.000000
1535,22.000000
1536,14.000000
1537,-48.000000
1538,-6.000000
1539,-12.000000
1540,2.000000
1541,26.000000
1542,54.000000
1543,-48.000000
1544,6.000000
1545,-8.000000
1546,-8.000000
1547,10.000000
1548,46.000000
1549,24.000000
1550,-16.000000
1551,-2.000000
1552,-46.000000
1553,-20.000000
1554,-20.000000
1555,6.000000
1556,-28.000000
1557,0.000000
1558,-20.000000
1559,0.000000
1560,24.000000
1561,2.000000
1562,44.000000
1563,22.000000
1564,54.000000
1565,-10.000000
1566,-10.000000
1567,-12.000000
1568,-50.000000
1569,-12.000000
1570,30.000000
1571,2.000000
1572,-4.000000
1573,0.000000
1574,2.000000
1575,68.000000
1576,-4.000000
1577,50.000000
1578,-14.000000
1579,-36.000000
1580,-76.000000
1581,4.000000
1582,-12.000000
1583,-20.000000
1584,10.000000
1585,-4.000000
1586,-8.000000
1587,68.000000
1588,-68.000000
1589,22.000000
1590,-42.000000
1591,-26.000000
1592,0.000000
1593,-54.000000
1594,-4.000000
1595,-18.000000
1596,-16.000000
1597,-56.000000
1598,-20.000000
1599,34.000000
1600,-4.000000
1601,32.000000
1602,-4.000000
1603,-12.000000
1604,0.000000
1605,20.000000
1606,0.000000
1607,-10.000000
1608,-10.000000
1609,-4.000000
1610,-16.000000
1611,14.000000
1612,-2.000000
1613,-2.000000
1614,2.000000
1615,-8.000000
1616,-10.000000
1617,-16.000000
1618,-16.000000
1619,28.000000
1620,28.000000
1621,8.000000
1622,10.000000
1623,16.000000
1624,16.000000
1625,18.000000
1626,-16.000000
1627,-8.000000
1628,-12.000000
1629,30.000000
1630,30.000000
1631,-60.000000
1632,24.000000
1633,-56.000000
1634,-26.000000
1635,-30.000000
1636,-18.000000
1637,22.000000
1638,-36.000000
1639,8.000000
1640,-28.000000
1641,108.000000
1642,14.000000
1643,12.000000
1644,10.000000
1645,-4.000000
1646,2.000000
1647,-28.000000
1648,-20.000000
1649,-4.000000
1650,-44.000000
1651,-24.000000
1652,20.000000
1653,-22.000000
1654,10.000000
1655,6.000000
1656,-12.000000
1657,-62.000000
1658,-4.000000
1659,10.000000
1660,4.000000
1661,34.000000
1662,8.000000
1663,-38.000000
1664,-26.000000
1665,0.000000
1666,-82.000000
1667,-2.000000
1668,-22.000000
1669,22.000000
1670,-8.000000
1671,-22.000000
1672,-24.000000
1673,26.000000
1674,-26.000000
1675,-48.000000
1676,50.000000
1677,24.000000
1678,-28.000000
1679,-80.000000
1680,44.000000
1681,-72.000000
1682,-8.000000
1683,18.000000
1684,0.000000
1685,-22.000000
1686,-24.000000
1687,24.000000
1688,8.000000
1689,8.000000
1690,8.000000
1691,-32.000000
1692,-60.000000
1693,-4.000000
1694,-24.000000
1695,14.000000
1696,-12.000000
1697,8.000000
1698,-30.000000
1699,-4.000000
1700,-30.000000
1701,6.000000
1702,44.000000
1703,-30.000000
1704,-102.000000
1705,-2.000000
1706,38.000000
1707,38.000000
1708,24.000000
1709,38.000000
1710,-38.000000
1711,68.000000
1712,-14.000000
1713,4.000000
1714,40.000000
1715,4.000000
1716,6.000000
1717,0.000000
1718,30.000000
1719,-60.000000
1720,-60.000000
1721,4.000000
1722,8.000000
1723,30.000000
1724,18.000000
1725,-10.000000
1726,0.000000
1727,2.000000
1728,-22.000000
1729,-48.000000
1730,8.000000
1731,-14.000000
1732,-12.000000
1733,-26.000000
1734,-24.000000
1735,24.000000
1736,-2.000000
1737,2.000000
1738,-34.000000
1739,2.000000
1740,-48.000000
1741,50.000000
1742,22.000000
1743,8.000000
1744,10.000000
1745,-20.000000
1746,-12.000000
1747,-18.000000
1748,38.000000
1749,6.000000
1750,-12.000000
1751,2.000000
1752,-22.000000
1753,-68.000000
1754,-44.000000
1755,50.000000
1756,-36.000000
1757,-32.000000
1758,-20.000000
1759,28.000000
1760,16.000000
1761,-16.000000
1762,0.000000
1763,-12.000000
1764,-78.000000
1765,48.000000
1766,-8.000000
1767,26.000000
1768,22.000000
1769,54.000000
1770,-30.000000
1771,-38.000000
1772,-12.000000
1773,30.000000
1774,-48.000000
1775,26.000000
1776,38.000000
1777,30.000000
1778,20.000000
1779,-62.000000
1780,24.000000
1781,26.000000
1782,-34.000000
1783,2.000000
1784,20.000000
1785,56.000000
1786,-36.000000
1787,-4.000000
1788,-16.000000
1789,-2.000000
1790,-30.000000
1791,46.000000
1792,-26.000000
1793,-64.000000
1794,56.000000
1795,-32.000000
1796,-20.000000
1797,-4.000000
1798,-46.000000
1799,12.000000
1800,-4.000000
1801,-34.000000
1802,20.000000
1803,-8.000000
1804,14.000000
1805,-20.000000
1806,12.000000
1807,-44.000000
1808,-14.000000
1809,14.000000
1810,-12.000000
1811,50.000000
1812,4.000000
1813,10.000000
1814,-30.000000
1815,30.000000
1816,16.000000
1817,24.000000
1818,-26.000000
1819,-30.000000
1820,-4.000000
1821,-30.000000
1822,30.000000
1823,42.000000
1824,14.000000
1825,12.000000
1826,18.000000
1827,22.000000
1828,-30.000000
1829,-2.000000
1830,76.000000
1831,22.000000
1832,68.000000
1833,22.000000
1834,-18.000000
1835,10.000000
1836,22.000000
1837,0.000000
1838,10.000000
1839,4.000000
1840,-54.000000
1841,12.000000
1842,10.000000
1843,10.000000
1844,-78.000000
1845,-4.000000
1846,28.000000
1847,18.000000
1848,16.000000
1849,-24.000000
1850,8.000000
1851,6.000000
1852,-12.000000
1853,8.000000
1854,-12.000000
1855,-14.000000
1856,-24.000000
1857,-22.000000
1858,20.000000
1859,-12.000000
1860,-12.000000
1861,6.000000
1862,-36.000000
1863,-6.000000
1864,-26.000000
1865,38.000000
1866,-12.000000
1867,-32.000000
1868,10.000000
1869,6.000000
1870,-22.000000
1871,-44.000000
1872,40.000000
1873,34.000000
1874,6.000000
1875,42.000000
1876,18.000000
1877,-18.000000
1878,-12.000000
1879,6.000000
1880,24.000000
1881,-32.000000
1882,-30.000000
1883,-16.000000
1884,8.000000
1885,-26.000000
1886,50.000000
1887,-2.000000
1888,28.000000
1889,20.000000
1890,-18.000000
1891,28.000000
1892,-30.000000
1893,-8.000000
1894,-12.000000
1895,24.000000
1896,18.000000
1897,-26.000000
1898,-34.000000
1899,10.000000
1900,-6.000000
1901,24.000000
1902,12.000000
1903,0.000000
1904,-32.000000
1905,54.000000
1906,-12.000000
1907,30.000000
1908,10.000000
1909,-4.000000
1910,-30.000000
1911,24.000000
1912,-26.000000
1913,-76.000000
1914,12.000000
1915,-6.000000
1916,6.000000
1917,60.000000
1918,54.000000
1919,8.000000
1920,20.000000
1921,-16.000000
1922,-38.000000
1923,-48.000000
1924,-4.000000
1925,-18.000000
1926,-94.000000
1927,2.000000
1928,38.000000
1929,-14.000000
1930,-30.000000
1931,-16.000000
1932,28.000000
1933,8.000000
1934,-8.000000
1935,-2.000000
1936,-50.000000
1937,-44.000000
1938,-20.000000
1939,-16.000000
1940,22.000000
1941,8.000000
1942,2.000000
1943,-34.000000
1944,-22.000000
1945,-12.000000
1946,-12.000000
1947,-34.000000
1948,-12.000000
1949,-44.000000
1950,-12.000000
1951,-6.000000
1952,-52.000000
1953,0.000000
1954,74.000000
1955,-40.000000
1956,18.000000
1957,32.000000
1958,24.000000
1959,-18.000000
1960,-18.000000
1961,44.000000
1962,-10.000000
1963,-28.000000
1964,-6.000000
1965,28.000000
1966,-50.000000
1967,-14.000000
1968,10.000000
1969,-28.000000
1970,-4.000000
1971,12.000000
1972,-18.000000
1973,2.000000
1974,-4.000000
1975,-4.000000
1976,30.000000
1977,8.000000
1978,-30.000000
1979,-16.000000
1980,-44.000000
1981,-4.000000
1982,8.000000
1983,-8.000000
1984,-14.000000
1985,14.000000
1986,-26.000000
1987,-40.000000
1988,-36.000000
1989,-34.000000
1990,-12.000000
1991,10.000000
1992,-4.000000
1993,22.000000
1994,4.000000
1995,14.000000
1996,-20.000000
1997,8.000000
1998,-18.000000
1999,14.000000
2000,8.000000
2001,6.000000
2002,42.000000
2003,54.000000
2004,-28.000000
2005,-56.000000
2006,0.000000
2007,-18.000000
2008,-50.000000
2009,-2.000000
2010,-24.000000
2011,28.000000
2012,-10.000000
2013,-80.000000
2014,-36.000000
2015,-2.000000
2016,0.000000
2017,30.000000
2018,-48.000000
2019,10.000000
2020,10.000000
2021,12.000000
2022,8.000000
2023,22.000000
2024,22.000000
2025,-30.000000
2026,-2.000000
2027,-32.000000
2028,-2.000000
2029,-30.000000
2030,40.000000
2031,-8.000000
2032,-12.000000
2033,-28.000000
2034,-44.000000
2035,-18.000000
2036,54.000000
2037,10.000000
2038,-84.000000
2039,16.000000
2040,14.000000
2041,-6.000000
2042,-2.000000
2043,8.000000
2044,64.000000
2045,24.000000
2046,46.000000
2047,-4.000000
2048,14.000000
2049,8.000000
2050,8.000000
2051,-44.000000
2052,-30.000000
2053,2.000000
2054,2.000000
2055,6.000000
2056,54.000000
2057,-16.000000
2058,38.000000
2059,-16.000000
2060,-14.000000
2061,-16.000000
2062,-30.000000
2063,-8.000000
2064,-22.000000
2065,2.000000
2066,-50.000000
2067,24.000000
2068,22.000000
2069,20.000000
2070,-16.000000
2071,-8.000000
2072,-24.000000
2073,-56.000000
2074,10.000000
2075,-14.000000
2076,-22.000000
2077,-6.000000
2078,8.000000
2079,30.000000
2080,68.000000
2081,-20.000000
2082,24.000000
2083,-4.000000
2084,6.000000
2085,-18.000000
2086,-98.000000
2087,20.000000
2088,24.000000
2089,10.000000
2090,50.000000
2091,-30.000000
2092,-54.000000
2093,28.000000
2094,-30.000000
2095,38.000000
2096,-8.000000
2097,-18.000000
2098,-34.000000
2099,44.000000
2100,26.000000
2101,-22.000000
2102,6.000000
2103,-26.000000
2104,10.000000
2105,-2.000000
2106,34.000000
2107,-50.000000
2108,10.000000
2109,24.000000
2110,60.000000
2111,-20.000000
2112,8.000000
2113,-4.000000
2114,-54.000000
2115,-24.000000
2116,-14.000000
2117,8.000000
2118,8.000000
2119,-28.000000
2120,24.000000
2121,-48.000000
2122,30.000000
2123,8.000000
2124,26.000000
2125,48.000000
2126,40.000000
2127,8.000000
2128,8.000000
2129,-20.000000
2130,-26.000000
2131,-80.000000
2132,-14.000000
2133,2.000000
2134,24.000000
2135,60.000000
2136,-20.000000
2137,4.000000
2138,24.000000
2139,-4.000000
2140,-4.000000
2141,68.000000
2142,18.000000
2143,4.000000
2144,-14.000000
2145,2.000000
2146,-50.000000
2147,50.000000
2148,-94.000000
2149,-20.000000
2150,-20.000000
2151,50.000000
2152,4.000000
2153,58.000000
2154,-18.000000
2155,-4.000000
2156,-6.000000
2157,-70.000000
2158,28.000000
2159,-22.000000
2160,-14.000000
2161,46.000000
2162,4.000000
2163,8.000000
2164,-8.000000
2165,2.000000
2166,-4.000000
2167,-8.000000
2168,16.000000
2169,-2.000000
2170,-16.000000
2171,34.000000
2172,-28.000000
2173,0.000000
2174,-2.000000
2175,14.000000
2176,-28.000000
2177,54.000000
2178,-20.000000
2179,28.000000
2180,6.000000
2181,-8.000000
2182,24.000000
2183,-8.000000
2184,-24.000000
2185,-36.000000
2186,-8.000000
2187,4.000000
2188,-50.000000
2189,-26.000000
2190,-14.000000
2191,60.000000
2192,-6.000000
2193,-4.000000
2194,-56.000000
2195,-36.000000
2196,14.000000
2197,-48.000000
2198,14.000000
2199,-28.000000
2200,-18.000000
2201,68.000000
2202,22.000000
2203,4.000000
2204,8.000000
2205,-8.000000
2206,20.000000
2207,-16.000000
2208,-16.000000
2209,24.000000
2210,22.000000
2211,36.000000
2212,32.000000
2213,14.000000
2214,-8.000000
2215,20.000000
2216,-48.000000
2217,-12.000000
2218,-10.000000
2219,4.000000
2220,18.000000
2221,30.000000
2222,-6.000000
2223,-8.000000
2224,-8.000000
2225,14.000000
2226,48.000000
2227,28.000000
2228,16.000000
2229,26.000000
2230,-12.000000
2231,-20.000000
2232,-16.000000
2233,-34.000000
2234,-18.000000
2235,30.000000
2236,-22.000000
2237,54.000000
2238,-28.000000
2239,-50.000000
2240,-4.000000
2241,20.000000
2242,12.000000
2243,0.000000
2244,-20.000000
2245,-36.000000
2246,44.000000
2247,0.000000
2248,-44.000000
2249,0.000000
2250,8.000000
2251,-20.000000
2252,-12.000000
2253,-8.000000
2254,8.000000
2255,2.000000
2256,58.000000
2257,-72.000000
2258,-22.000000
2259,-34.000000
2260,2.000000
2261,0.000000
2262,6.000000
2263,-54.000000
2264,-26.000000
2265,-22.000000
2266,6.000000
2267,-2.000000
2268,20.000000
2269,-98.000000
2270,-24.000000
2271,18.000000
2272,-4.000000
2273,-4.000000
2274,-2.000000
2275,20.000000
2276,58.000000
2277,32.000000
2278,-84.000000
2279,-44.000000
2280,-26.000000
2281,38.000000
2282,-12.000000
2283,-14.000000
2284,24.000000
2285,0.000000
2286,-36.000000
2287,-124.000000
2288,32.000000
2289,2.000000
2290,-22.000000
2291,-8.000000
2292,10.000000
2293,12.000000
2294,46.000000
2295,16.000000
2296,16.000000
2297,0.000000
2298,-14.000000
2299,-12.000000
2300,8.000000
2301,-26.000000
2302,-4.000000
2303,12.000000
2304,-36.000000
2305,28.000000
2306,-4.000000
2307,18.000000
2308,30.000000
2309,26.000000
2310,-22.000000
2311,4.000000
2312,-10.000000
2313,20.000000
2314,-34.000000
2315,26.000000
2316,8.000000
2317,-18.000000
2318,-18.000000
2319,16.000000
2320,12.000000
2321,42.000000
2322,-60.000000
2323,-60.000000
2324,-64.000000
2325,8.000000
2326,10.000000
2327,42.000000
2328,-26.000000
2329,-12.000000
2330,14.000000
2331,16.000000
2332,-44.000000
2333,-58.000000
2334,10.000000
2335,24.000000
2336,8.000000
2337,16.000000
2338,20.000000
2339,28.000000
2340,-30.000000
2341,-16.000000
2342,-12.000000
2343,-4.000000
2344,-22.000000
2345,-60.000000
2346,40.000000
2347,-10.000000
2348,44.000000
2349,68.000000
2350,2.000000
2351,0.000000
2352,-48.000000
2353,2.000000
2354,-22.000000
2355,8.000000
2356,-68.000000
2357,2.000000
2358,2.000000
2359,-24.000000
2360,2.000000
2361,-24.000000
2362,-16.000000
2363,-10.000000
2364,-16.000000
2365,-18.000000
2366,-28.000000
2367,4.000000
2368,-34.000000
2369,-20.000000
2370,10.000000
2371,10.000000
2372,12.000000
2373,-2.000000
2374,-36.000000
2375,26.000000
2376,-14.000000
2377,-4.000000
2378,-26.000000
2379,2.000000
2380,-42.000000
2381,-12.000000
2382,30.000000
2383,2.000000
2384,28.000000
2385,-20.000000
2386,20.000000
2387,-68.000000
2388,-20.000000
2389,-6.000000
2390,14.000000
2391,-48.000000
2392,-52.000000
2393,32.000000
2394,36.000000
2395,-34.000000
2396,0.000000
2397,22.000000
2398,4.000000
2399,24.000000
2400,-2.000000
2401,24.000000
2402,8.000000
2403,-22.000000
2404,24.000000
2405,-14.000000
2406,-14.000000
2407,-22.000000
2408,4.000000
2409,24.000000
2410,-22.000000
2411,-6.000000
2412,6.000000
2413,0.000000
2414,-48.000000
2415,20.000000
2416,30.000000
2417,14.000000
2418,-54.000000
2419,-50.000000
2420,-52.000000
2421,-12.000000
2422,50.000000
2423,10.000000
2424,10.000000
2425,10.000000
2426,-40.000000
2427,-68.000000
2428,14.000000
2429,-12.000000
2430,72.000000
2431,20.000000
2432,22.000000
2433,14.000000
2434,50.000000
2435,-22.000000
2436,2.000000
2437,0.000000
2438,8.000000
2439,74.000000
2440,24.000000
2441,-28.000000
2442,-36.000000
2443,50.000000
2444,-44.000000
2445,12.000000
2446,-24.000000
2447,-12.000000
2448,-12.000000
2449,74.000000
2450,2.000000
2451,26.000000
2452,-54.000000
2453,-6.000000
2454,-64.000000
2455,90.000000
2456,50.000000
2457,-18.000000
2458,-22.000000
2459,-10.000000
2460,14.000000
2461,-64.000000
2462,16.000000
2463,6.000000
2464,54.000000
2465,-26.000000
2466,18.000000
2467,-12.000000
2468,22.000000
2469,-4.000000
2470,10.000000
2471,-12.000000
2472,8.000000
2473,8.000000
2474,-2.000000
2475,-26.000000
2476,-26.000000
2477,8.000000
2478,6.000000
2479,42.000000
2480,14.000000
2481,-34.000000
2482,-16.000000
2483,-44.000000
2484,-22.000000
2485,62.000000
2486,-8.000000
2487,-32.000000
2488,8.000000
2489,20.000000
2490,2.000000
2491,4.000000
2492,-28.000000
2493,-10.000000
2494,-28.000000
2495,0.000000
2496,-4.000000
2497,2.000000
2498,-8.000000
2499,54.000000
2500,-12.000000
2501,-6.000000
2502,14.000000
2503,4.000000
2504,68.000000
2505,-2.000000
2506,42.000000
2507,64.000000
2508,14.000000
2509,24.000000
2510,8.000000
2511,0.000000
2512,0.000000
2513,-8.000000
2514,12.000000
2515,-34.000000
2516,-16.000000
2517,0.000000
2518,36.000000
2519,-90.000000
2520,14.000000
2521,-16.000000
2522,50.000000
2523,-34.000000
2524,28.000000
2525,22.000000
2526,-2.000000
2527,36.000000
2528,34.000000
2529,2.000000
2530,10.000000
2531,-2.000000
2532,2.000000
2533,-26.000000
2534,-2.000000
2535,-12.000000
2536,-76.000000
2537,-26.000000
2538,64.000000
2539,14.000000
2540,16.000000
2541,-10.000000
2542,42.000000
2543,26.000000
2544,-4.000000
2545,-4.000000
2546,-18.000000
2547,22.000000
2548,-20.000000
2549,-30.000000
2550,28.000000
2551,26.000000
2552,14.000000
2553,42.000000
2554,34.000000
2555,32.000000
2556,-28.000000
2557,-12.000000
2558,14.000000
2559,-48.000000
2560,10.000000
2561,2.000000
2562,-40.000000
2563,32.000000
2564,-30.000000
2565,18.000000
2566,-12.000000
2567,-34.000000
2568,20.000000
2569,38.000000
2570,-20.000000
2571,-20.000000
2572,30.000000
2573,-8.000000
2574,-2.000000
2575,20.000000
2576,-22.000000
2577,-26.000000
2578,10.000000
2579,4.000000
2580,-12.000000
2581,-16.000000
2582,-18.000000
2583,-6.000000
2584,58.000000
2585,54.000000
2586,-24.000000
2587,-40.000000
2588,-30.000000
2589,-28.000000
2590,8.000000
2591,-6.000000
2592,30.000000
2593,-2.000000
2594,26.000000
2595,50.000000
2596,-8.000000
2597,-36.000000
2598,-18.000000
2599,-30.000000
2600,10.000000
2601,-26.000000
2602,28.000000
2603,-4.000000
2604,6.000000
2605,-2.000000
2606,-26.000000
2607,2.000000
2608,-4.000000
2609,14.000000
2610,14.000000
2611,-30.000000
2612,28.000000
2613,10.000000
2614,44.000000
2615,-34.000000
2616,30.000000
2617,-4.000000
2618,48.000000
2619,22.000000
2620,-14.000000
2621,40.000000
2622,-40.000000
2623,-26.000000
2624,-66.000000
2625,-2.000000
2626,-2.000000
2627,30.000000
2628,-22.000000
2629,16.000000
2630,-8.000000
2631,10.000000
2632,8.000000
2633,-30.000000
2634,-8.000000
2635,54.000000
2636,-20.000000
2637,10.000000
2638,64.000000
2639,-18.000000
2640,2.000000
2641,8.000000
2642,8.000000
2643,-14.000000
2644,-20.000000
2645,-16.000000
2646,-14.000000
2647,-28.000000
2648,20.000000
2649,-4.000000
2650,20.000000
2651,-34.000000
2652,28.000000
2653,-36.000000
2654,14.000000
2655,-12.000000
2656,-16.000000
2657,10.000000
2658,-42.000000
2659,-28.000000
2660,-10.000000
2661,6.000000
2662,-16.000000
2663,2.000000
2664,-12.000000
2665,-8.000000
2666,20.000000
2667,4.000000
2668,46.000000
2669,12.000000
2670,-56.000000
2671,0.000000
2672,14.000000
2673,8.000000
2674,6.000000
2675,-4.000000
2676,46.000000
2677,-12.000000
2678,-32.000000
2679,34.000000
2680,-28.000000
2681,18.000000
2682,24.000000
2683,24.000000
2684,-10.000000
2685,10.000000
2686,2.000000
2687,18.000000
2688,4.000000
2689,-26.000000
2690,-16.000000
2691,-2.000000
2692,-12.000000
2693,-14.000000
2694,14.000000
2695,46.000000
2696,-64.000000
2697,-12.000000
2698,-12.000000
2699,10.000000
2700,30.000000
2701,46.000000
2702,-52.000000
2703,-10.000000
2704,26.000000
2705,2.000000
2706,-8.000000
2707,-32.000000
2708,-8.000000
2709,4.000000
2710,-4.000000
2711,74.000000
2712,10.000000
2713,30.000000
2714,-40.000000
2715,8.000000
2716,40.000000
2717,-4.000000
2718,-16.000000
2719,22.000000
2720,6.000000
2721,16.000000
2722,0.000000
2723,-10.000000
2724,2.000000
2725,38.000000
2726,-22.000000
2727,-16.000000
2728,26.000000
2729,-16.000000
2730,-8.000000
2731,0.000000
2732,10.000000
2733,24.000000
2734,-26.000000
2735,2.000000
2736,-16.000000
2737,-28.000000
2738,-8.000000
2739,-30.000000
2740,24.000000
2741,-38.000000
2742,-16.000000
2743,-62.000000
2744,-12.000000
2745,14.000000
2746,-2.000000
2747,-40.000000
2748,14.000000
2749,-4.000000
2750,-4.000000
2751,32.000000
2752,20.000000
2753,10.000000
2754,82.000000
2755,-50.000000
2756,-4.000000
2757,-8.000000
2758,-56.000000
2759,-36.000000
2760,16.000000
2761,6.000000
2762,-8.000000
2763,-30.000000
2764,-8.000000
2765,42.000000
2766,-38.000000
2767,64.000000
2768,-2.000000
2769,-62.000000
2770,8.000000
2771,40.000000
2772,4.000000
2773,-8.000000
2774,-20.000000
2775,26.000000
2776,-12.000000
2777,4.000000
2778,-52.000000
2779,-20.000000
2780,2.000000
2781,2.000000
2782,-44.000000
2783,14.000000
2784,22.000000
2785,40.000000
2786,-22.000000
2787,42.000000
2788,72.000000
2789,22.000000
2790,0.000000
2791,-2.000000
2792,-14.000000
2793,10.000000
2794,12.000000
2795,-12.000000
2796,10.000000
2797,16.000000
2798,0.000000
2799,-20.000000
2800,8.000000
2801,-4.000000
2802,48.000000
2803,58.000000
2804,-12.000000
2805,-38.000000
2806,-2.000000
2807,-4.000000
2808,-6.000000
2809,18.000000
2810,10.000000
2811,30.000000
2812,28.000000
2813,-16.000000
2814,24.000000
2815,58.000000
2816,-4.000000
2817,30.000000
2818,-10.000000
2819,4.000000
2820,-34.000000
2821,-2.000000
2822,-26.000000
2823,-16.000000
2824,28.000000
2825,16.000000
2826,16.000000
2827,-46.000000
2828,-6.000000
2829,-2.000000
2830,-30.000000
2831,28.000000
2832,-44.000000
2833,-34.000000
2834,-26.000000
2835,-6.000000
2836,14.000000
2837,-48.000000
2838,-12.000000
2839,-60.000000
2840,0.000000
2841,-8.000000
2842,-44.000000
2843,-6.000000
2844,-12.000000
2845,-24.000000
2846,-4.000000
2847,-10.000000
2848,50.000000
2849,2.000000
2850,2.000000
2851,-30.000000
2852,-22.000000
2853,20.000000
2854,46.000000
2855,50.000000
2856,26.000000
2857,-10.000000
2858,20.000000
2859,-12.000000
2860,28.000000
2861,-30.000000
2862,-70.000000
2863,-14.000000
2864,-12.000000
2865,-36.000000
2866,-34.000000
2867,-76.000000
2868,-38.000000
2869,-80.000000
2870,-20.000000
2871,54.000000
2872,-10.000000
2873,42.000000
2874,-20.000000
2875,8.000000
2876,-40.000000
2877,-14.000000
2878,-4.000000
2879,-30.000000
2880,0.000000
2881,78.000000
2882,-14.000000
2883,56.000000
2884,24.000000
2885,24.000000
2886,-8.000000
2887,18.000000
2888,36.000000
2889,10.000000
2890,2.000000
2891,14.000000
2892,-16.000000
2893,2.000000
2894,4.000000
2895,4.000000
2896,-22.000000
2897,-4.000000
2898,60.000000
2899,30.000000
2900,-22.000000
2901,0.000000
2902,-40.000000
2903,-30.000000
2904,-18.000000
2905,2.000000
2906,-46.000000
2907,44.000000
2908,20.000000
2909,-24.000000
2910,-68.000000
2911,46.000000
2912,2.000000
2913,-16.000000
2914,8.000000
2915,-8.000000
2916,-34.000000
2917,-40.000000
2918,-22.000000
2919,-6.000000
2920,0.000000
2921,-6.000000
2922,-6.000000
2923,-20.000000
2924,0.000000
2925,-8.000000
2926,60.000000
2927,0.000000
2928,28.000000
2929,-8.000000
2930,4.000000
2931,-14.000000
2932,20.000000
2933,50.000000
2934,62.000000
2935,8.000000
2936,40.000000
2937,44.000000
2938,-68.000000
2939,-22.000000
2940,-12.000000
2941,4.000000
2942,-14.000000
2943,2.000000
2944,-20.000000
2945,36.000000
2946,24.000000
2947,-18.000000
2948,-30.000000
2949,20.000000
2950,8.000000
2951,20.000000
2952,-76.000000
2953,-18.000000
2954,2.000000
2955,-16.000000
2956,-24.000000
2957,28.000000
2958,-4.000000
2959,4.000000
2960,6.000000
2961,-8.000000
2962,14.000000
2963,-22.000000
2964,74.000000
2965,10.000000
2966,-20.000000
2967,-22.000000
2968,36.000000
2969,-20.000000
2970,16.000000
2971,-12.000000
2972,-78.000000
2973,-12.000000
2974,-20.000000
2975,16.000000
2976,-22.000000
2977,-40.000000
2978,-8.000000
2979,-2.000000
2980,-20.000000
2981,2.000000
2982,42.000000
2983,4.000000
2984,14.000000
2985,8.000000
2986,-72.000000
2987,2.000000
2988,58.000000
2989,-14.000000
2990,-16.000000
2991,14.000000
2992,-8.000000
2993,2.000000
2994,-82.000000
2995,14.000000
2996,26.000000
2997,36.000000
2998,24.000000
2999,-4.000000
3000,-8.000000
3001,-8.000000
3002,34.000000
3003,54.000000
3004,0.000000
3005,26.000000
3006,38.000000
3007,26.000000
3008,26.000000
3009,-20.000000
3010,-20.000000
3011,22.000000
3012,-18.000000
3013,16.000000
3014,16.000000
3015,10.000000
3016,-12.000000
3017,36.000000
3018,24.000000
3019,10.000000
3020,30.000000
3021,16.000000
3022,14.000000
3023,-14.000000
3024,2.000000
3025,-108.000000
3026,40.000000
3027,-22.000000
3028,16.000000
3029,-8.000000
3030,36.000000
3031,10.000000
3032,-20.000000
3033,-6.000000
3034,-24.000000
3035,28.000000
3036,-6.000000
3037,22.000000
3038,50.000000
3039,10.000000
3040,-52.000000
3041,26.000000
3042,40.000000
3043,2.000000
3044,-58.000000
3045,-64.000000
3046,16.000000
3047,18.000000
3048,-8.000000
3049,12.000000
3050,-8.000000
3051,46.000000
3052,-2.000000
3053,12.000000
3054,14.000000
3055,-26.000000
3056,-2.000000
3057,-16.000000
3058,4.000000
3059,-16.000000
3060,-8.000000
3061,60.000000
3062,-8.000000
3063,14.000000
3064,-18.000000
3065,-6.000000
3066,26.000000
3067,28.000000
3068,26.000000
3069,-6.000000
3070,-4.000000
3071,12.000000
3072,0.000000
3073,46.000000
3074,-16.000000
3075,-12.000000
3076,-28.000000
3077,-34.000000
3078,-14.000000
3079,78.000000
3080,-2.000000
3081,-26.000000
3082,30.000000
3083,74.000000
3084,2.000000
3085,12.000000
3086,12.000000
3087,32.000000
3088,36.000000
3089,-26.000000
3090,-22.000000
3091,34.000000
3092,6.000000
3093,-4.000000
3094,14.000000
3095,8.000000
3096,46.000000
3097,14.000000
3098,0.000000
3099,-18.000000
3100,46.000000
3101,64.000000
3102,10.000000
3103,-46.000000
3104,76.000000
3105,-48.000000
3106,4.000000
3107,-24.000000
3108,64.000000
3109,-18.000000
3110,12.000000
3111,32.000000
3112,-18.000000
3113,-26.000000
3114,-4.000000
3115,-16.000000
3116,54.000000
3117,-8.000000
3118,-26.000000
3119,16.000000
3120,0.000000
3121,54.000000
3122,-8.000000
3123,18.000000
3124,-44.000000
3125,6.000000
3126,6.000000
3127,-22.000000
3128,-8.000000
3129,18.000000
3130,0.000000
3131,6.000000
3132,46.000000
3133,2.000000
3134,-10.000000
3135,-24.000000
3136,-12.000000
3137,-14.000000
3138,-14.000000
3139,-2.000000
3140,-20.000000
3141,-44.000000
3142,-64.000000
3143,-22.000000
3144,14.000000
3145,82.000000
3146,-2.000000
3147,10.000000
3148,-8.000000
3149,-20.000000
3150,-24.000000
3151,-22.000000
3152,94.000000
3153,-38.000000
3154,-4.000000
3155,24.000000
3156,-40.000000
3157,-6.000000
3158,-4.000000
3159,-26.000000
3160,-90.000000
3161,22.000000
3162,40.000000
3163,60.000000
3164,2.000000
3165,-48.000000
3166,-60.000000
3167,-2.000000
3168,-4.000000
3169,-12.000000
3170,26.000000
3171,-30.000000
3172,-12.000000
3173,2.000000
3174,-44.000000
3175,70.000000
3176,-12.000000
3177,2.000000
3178,-4.000000
3179,-72.000000
3180,-86.000000
3181,74.000000
3182,-2.000000
3183,-40.000000
3184,54.000000
3185,-14.000000
3186,-14.000000
3187,16.000000
3188,10.000000
3189,60.000000
3190,76.000000
3191,-18.000000
3192,-46.000000
3193,84.000000
3194,0.000000
3195,-22.000000
3196,-82.000000
3197,32.000000
3198,14.000000
3199,20.000000
3200,-50.000000
3201,26.000000
3202,-6.000000
3203,30.000000
3204,-10.000000
3205,-28.000000
3206,-50.000000
3207,-34.000000
3208,-18.000000
3209,-36.000000
3210,30.000000
3211,8.000000
3212,-8.000000
3213,16.000000
3214,-12.000000
3215,24.000000
3216,2.000000
3217,-18.000000
3218,46.000000
3219,-4.000000
3220,-4.000000
3221,-16.000000
3222,-26.000000
3223,64.000000
3224,-16.000000
3225,-12.000000
3226,-28.000000
3227,-12.000000
3228,-68.000000
3229,6.000000
3230,20.000000
3231,-8.000000
3232,40.000000
3233,-76.000000
3234,16.000000
3235,20.000000
3236,30.000000
3237,20.000000
3238,-14.000000
3239,-16.000000
3240,-8.000000
3241,4.000000
3242,20.000000
3243,-26.000000
3244,30.000000
3245,8.000000
3246,-30.000000
3247,-2.000000
3248,54.000000
3249,22.000000
3250,32.000000
3251,-12.000000
3252,20.000000
3253,-30.000000
3254,-20.000000
3255,-16.000000
3256,14.000000
3257,-4.000000
3258,-10.000000
3259,46.000000
3260,-6.000000
3261,0.000000
3262,2.000000
3263,78.000000
3264,-30.000000
3265,32.000000
3266,-20.000000
3267,32.000000
3268,32.000000
3269,8.000000
3270,-68.000000
3271,42.000000
3272,6.000000
3273,-4.000000
3274,14.000000
3275,-70.000000
3276,2.000000
3277,42.000000
3278,-56.000000
3279,8.000000
3280,34.000000
3281,-28.000000
3282,28.000000
3283,-12.000000
3284,44.000000
3285,4.000000
3286,-4.000000
3287,54.000000
3288,-30.000000
3289,46.000000
3290,20.000000
3291,-32.000000
3292,26.000000
3293,68.000000
3294,28.000000
3295,-16.000000
3296,-4.000000
3297,2.000000
3298,-12.000000
3299,54.000000
3300,0.000000
3301,-12.000000
3302,-34.000000
3303,-52.000000
3304,-24.000000
3305,8.000000
3306,-16.000000
3307,-20.000000
3308,0.000000
3309,20.000000
3310,-60.000000
3311,32.000000
3312,20.000000
3313,-4.000000
3314,6.000000
3315,-22.000000
3316,-18.000000
3317,-76.000000
3318,-8.000000
3319,-90.000000
3320,-18.000000
3321,2.000000
3322,46.000000
3323,-4.000000
3324,-2.000000
3325,-76.000000
3326,-10.000000
3327,-12.000000
3328,-66.000000
3329,-2.000000
3330,-2.000000
3331,8.000000
3332,38.000000
3333,14.000000
3334,-36.000000
3335,-4.000000
3336,8.000000
3337,-84.000000
3338,-8.000000
3339,-8.000000
3340,40.000000
3341,-12.000000
3342,10.000000
3343,0.000000
3344,-66.000000
3345,0.000000
3346,18.000000
3347,28.000000
3348,22.000000
3349,34.000000
3350,36.000000
3351,-44.000000
3352,18.000000
3353,-64.000000
3354,10.000000
3355,-44.000000
3356,-24.000000
3357,-24.000000
3358,50.000000
3359,-44.000000
3360,-18.000000
3361,-44.000000
3362,-16.000000
3363,20.000000
3364,-12.000000
3365,-12.000000
3366,-14.000000
3367,22.000000
3368,44.000000
3369,-14.000000
3370,-16.000000
3371,0.000000
3372,-2.000000
3373,16.000000
3374,22.000000
3375,-20.000000
3376,-30.000000
3377,-18.000000
3378,0.000000
3379,68.000000
3380,14.000000
3381,6.000000
3382,18.000000
3383,2.000000
3384,-2.000000
3385,-6.000000
3386,14.000000
3387,-28.000000
3388,-8.000000
3389,-16.000000
3390,-12.000000
3391,-44.000000
3392,2.000000
3393,36.000000
3394,-34.000000
3395,40.000000
3396,36.000000
3397,14.000000
3398,60.000000
3399,14.000000
3400,2.000000
3401,4.000000
3402,-12.000000
3403,-6.000000
3404,34.000000
3405,-14.000000
3406,8.000000
3407,-4.000000
3408,-16.000000
3409,-12.000000
3410,-14.000000
3411,-2.000000
3412,-108.000000
3413,0.000000
3414,4.000000
3415,-24.000000
3416,6.000000
3417,-4.000000
3418,42.000000
3419,14.000000
3420,10.000000
3421,32.000000
3422,-22.000000
3423,-56.000000
3424,28.000000
3425,-20.000000
3426,58.000000
3427,-60.000000
3428,-40.000000
3429,18.000000
3430,-16.000000
3431,-8.000000
3432,-12.000000
3433,6.000000
3434,-44.000000
3435,-90.000000
3436,10.000000
3437,18.000000
3438,20.000000
3439,16.000000
3440,-44.000000
3441,-64.000000
3442,-78.000000
3443,6.000000
3444,-12.000000
3445,-54.000000
3446,-60.000000
3447,-66.000000
3448,2.000000
3449,-44.000000
3450,38.000000
3451,14.000000
3452,-4.000000
3453,58.000000
3454,-12.000000
3455,14.000000
3456,-14.000000
3457,50.000000
3458,2.000000
3459,58.000000
3460,0.000000
3461,-12.000000
3462,32.000000
3463,-44.000000
3464,-24.000000
3465,38.000000
3466,-30.000000
3467,-54.000000
3468,16.000000
3469,-6.000000
3470,-22.000000
3471,-8.000000
3472,-22.000000
3473,-34.000000
3474,12.000000
3475,2.000000
3476,-26.000000
3477,-18.000000
3478,30.000000
3479,-8.000000
3480,10.000000
3481,8.000000
3482,20.000000
3483,48.000000
3484,8.000000
3485,10.000000
3486,82.000000
3487,-4.000000
3488,-30.000000
3489,-4.000000
3490,-4.000000
3491,4.000000
3492,-8.000000
3493,-8.000000
3494,18.000000
3495,-26.000000
3496,44.000000
3497,16.000000
3498,-16.000000
3499,10.000000
3500,-4.000000
3501,76.000000
3502,68.000000
3503,10.000000
3504,-4.000000
3505,22.000000
3506,-4.000000
3507,2.000000
3508,-26.000000
3509,50.000000
3510,-10.000000
3511,26.000000
3512,0.000000
3513,38.000000
3514,20.000000
3515,-24.000000
3516,12.000000
3517,-12.000000
3518,-58.000000
3519,-24.000000
3520,6.000000
3521,8.000000
3522,-6.000000
3523,-60.000000
3524,-4.000000
3525,-12.000000
3526,16.000000
3527,10.000000
3528,-16.000000
3529,38.000000
3530,40.000000
3531,-2.000000
3532,-20.000000
3533,-12.000000
3534,-14.000000
3535,24.000000
3536,-36.000000
3537,-20.000000
3538,-12.000000
3539,82.000000
3540,14.000000
3541,14.000000
3542,0.000000
3543,-28.000000
3544,14.000000
3545,-10.000000
3546,-16.000000
3547,50.000000
3548,4.000000
3549,76.000000
3550,-58.000000
3551,-8.000000
3552,24.000000
3553,2.000000
3554,4.000000
3555,-76.000000
3556,-16.000000
3557,8.000000
3558,22.000000
3559,-16.000000
3560,-50.000000
3561,-12.000000
3562,-2.000000
3563,60.000000
3564,-46.000000
3565,-20.000000
3566,-78.000000
3567,-12.000000
3568,4.000000
3569,-40.000000
3570,4.000000
3571,8.000000
3572,-22.000000
3573,10.000000
3574,-4.000000
3575,-44.000000
3576,14.000000
3577,28.000000
3578,56.000000
3579,-50.000000
3580,-4.000000
3581,6.000000
3582,14.000000
3583,22.000000
3584,14.000000
3585,-16.000000
3586,8.000000
3587,82.000000
3588,-4.000000
3589,-20.000000
3590,20.000000
3591,24.000000
3592,-34.000000
3593,22.000000
3594,16.000000
3595,32.000000
3596,-18.000000
3597,-8.000000
3598,10.000000
3599,6.000000
3600,8.000000
3601,54.000000
3602,6.000000
3603,46.000000
3604,36.000000
3605,2.000000
3606,-18.000000
3607,-62.000000
3608,-12.000000
3609,-44.000000
3610,8.000000
3611,2.000000
3612,42.000000
3613,0.000000
3614,0.000000
3615,-72.000000
3616,-16.000000
3617,-30.000000
3618,-16.000000
3619,28.000000
3620,20.000000
3621,16.000000
3622,10.000000
3623,-2.000000
3624,10.000000
3625,22.000000
3626,-20.000000
3627,-52.000000
3628,6.000000
3629,8.000000
3630,-58.000000
3631,-30.000000
3632,10.000000
3633,36.000000
3634,14.000000
3635,90.000000
3636,-34.000000
3637,20.000000
3638,-48.000000
3639,6.000000
3640,38.000000
3641,-30.000000
3642,86.000000
3643,0.000000
3644,-2.000000
3645,-12.000000
3646,-10.000000
3647,46.000000
3648,-36.000000
3649,20.000000
3650,34.000000
3651,-24.000000
3652,-24.000000
3653,-36.000000
3654,34.000000
3655,-16.000000
3656,-14.000000
3657,20.000000
3658,-2.000000
3659,-82.000000
3660,34.000000
3661,20.000000
3662,-4.000000
3663,-12.000000
3664,-54.000000
3665,16.000000
3666,-32.000000
3667,-14.000000
3668,-16.000000
3669,6.000000
3670,6.000000
3671,64.000000
3672,2.000000
3673,2.000000
3674,-16.000000
3675,-2.000000
3676,-4.000000
3677,-2.000000
3678,20.000000
3679,-76.000000
3680,-10.000000
3681,24.000000
3682,50.000000
3683,-16.000000
3684,-38.000000
3685,-48.000000
3686,-2.000000
3687,-2.000000
3688,28.000000
3689,16.000000
3690,6.000000
3691,2.000000
3692,38.000000
3693,0.000000
3694,10.000000
3695,14.000000
3696,-26.000000
3697,14.000000
3698,-8.000000
3699,-18.000000
3700,2.000000
3701,6.000000
3702,-4.000000
3703,8.000000
3704,-8.000000
3705,24.000000
3706,-8.000000
3707,-26.000000
3708,30.000000
3709,8.000000
3710,46.000000
3711,-6.000000
3712,24.000000
3713,-4.000000
3714,2.000000
3715,22.000000
3716,0.000000
3717,16.000000
3718,-44.000000
3719,-4.000000
3720,-48.000000
3721,16.000000
3722,4.000000
3723,14.000000
3724,40.000000
3725,4.000000
3726,4.000000
3727,-6.000000
3728,8.000000
3729,-4.000000
3730,-16.000000
3731,-8.000000
3732,-34.000000
3733,-54.000000
3734,-16.000000
3735,54.000000
3736,62.000000
3737,-12.000000
3738,24.000000
3739,16.000000
3740,-44.000000
3741,-6.000000
3742,-30.000000
3743,68.000000
3744,24.000000
3745,-16.000000
3746,6.000000
3747,0.000000
3748,-28.000000
3749,0.000000
3750,-16.000000
3751,-56.000000
3752,-6.000000
3753,-12.000000
3754,-30.000000
3755,2.000000
3756,-34.000000
3757,2.000000
3758,-46.000000
3759,20.000000
3760,-18.000000
3761,-26.000000
3762,2.000000
3763,-14.000000
3764,10.000000
3765,6.000000
3766,34.000000
3767,-18.000000
3768,2.000000
3769,72.000000
3770,16.000000
3771,20.000000
3772,-12.000000
3773,-58.000000
3774,-32.000000
3775,-8.000000
3776,-10.000000
3777,62.000000
3778,26.000000
3779,6.000000
3780,-26.000000
3781,88.000000
3782,-12.000000
3783,28.000000
3784,-40.000000
3785,-16.000000
3786,20.000000
3787,-68.000000
3788,-10.000000
3789,-30.000000
3790,-30.000000
3791,-18.000000
3792,-18.000000
3793,4.000000
3794,24.000000
3795,16.000000
3796,22.000000
3797,-52.000000
3798,16.000000
3799,-6.000000
3800,-30.000000
3801,-4.000000
3802,-34.000000
3803,24.000000
3804,46.000000
3805,14.000000
3806,-22.000000
3807,-46.000000
3808,14.000000
3809,28.000000
3810,-12.000000
3811,-18.000000
3812,-22.000000
3813,-4.000000
3814,-48.000000
3815,0.000000
3816,46.000000
3817,-40.000000
3818,-40.000000
3819,-28.000000
3820,4.000000
3821,-24.000000
3822,30.000000
3823,0.000000
3824,-26.000000
3825,10.000000
3826,14.000000
3827,0.000000
3828,-26.000000
3829,2.000000
3830,18.000000
3831,8.000000
3832,-26.000000
3833,-44.000000
3834,10.000000
3835,16.000000
3836,-10.000000
3837,4.000000
3838,-22.000000
3839,-36.000000
3840,-26.000000
3841,-20.000000
3842,-4.000000
3843,4.000000
3844,0.000000
3845,14.000000
3846,-30.000000
3847,4.000000
3848,-64.000000
3849,0.000000
3850,10.000000
3851,-64.000000
3852,62.000000
3853,14.000000
3854,36.000000
3855,54.000000
3856,-30.000000
3857,8.000000
3858,-54.000000
3859,-54.000000
3860,-30.000000
3861,-68.000000
3862,0.000000
3863,-22.000000
3864,-2.000000
3865,-8.000000
3866,-4.000000
3867,68.000000
3868,-38.000000
3869,86.000000
3870,-26.000000
3871,10.000000
3872,46.000000
3873,58.000000
3874,44.000000
3875,-64.000000
3876,-8.000000
3877,2.000000
3878,-52.000000
3879,8.000000
3880,-38.000000
3881,-20.000000
3882,-44.000000
3883,42.000000
3884,26.000000
3885,0.000000
3886,-2.000000
3887,-46.000000
3888,-26.000000
3889,4.000000
3890,-36.000000
3891,-30.000000
3892,-52.000000
3893,-20.000000
3894,-18.000000
3895,50.000000
3896,6.000000
3897,-4.000000
3898,-2.000000
3899,46.000000
3900,14.000000
3901,-16.000000
3902,62.000000
3903,-66.000000
3904,24.000000
3905,-4.000000
3906,-74.000000
3907,0.000000
3908,-30.000000
3909,24.000000
3910,-30.000000
3911,-4.000000
3912,32.000000
3913,6.000000
3914,-54.000000
3915,-12.000000
3916,42.000000
3917,22.000000
3918,-56.000000
3919,14.000000
3920,-14.000000
3921,64.000000
3922,8.000000
3923,-48.000000
3924,-2.000000
3925,6.000000
3926,24.000000
3927,-4.000000
3928,20.000000
3929,-18.000000
3930,-34.000000
3931,6.000000
3932,6.000000
3933,10.000000
3934,36.000000
3935,-12.000000
3936,-30.000000
3937,10.000000
3938,32.000000
3939,-50.000000
3940,-62.000000
3941,-48.000000
3942,34.000000
3943,14.000000
3944,40.000000
3945,-26.000000
3946,30.000000
3947,-40.000000
3948,54.000000
3949,-8.000000
3950,-32.000000
3951,6.000000
3952,58.000000
3953,24.000000
3954,8.000000
3955,2.000000
3956,-30.000000
3957,6.000000
3958,-16.000000
3959,4.000000
3960,-20.000000
3961,2.000000
3962,54.000000
3963,16.000000
3964,44.000000
3965,12.000000
3966,-20.000000
3967,42.000000
3968,-2.000000
3969,0.000000
3970,-54.000000
3971,-40.000000
3972,28.000000
3973,32.000000
3974,-12.000000
3975,-16.000000
3976,94.000000
3977,-50.000000
3978,-6.000000
3979,14.000000
3980,12.000000
3981,4.000000
3982,6.000000
3983,0.000000
3984,14.000000
3985,48.000000
3986,-78.000000
3987,-12.000000
3988,30.000000
3989,-14.000000
3990,-26.000000
3991,0.000000
3992,54.000000
3993,76.000000
3994,8.000000
3995,62.000000
3996,14.000000
3997,14.000000
3998,-22.000000
3999,22.000000
4000,26.000000
4001,6.000000
4002,-40.000000
4003,-54.000000
4004,72.000000
4005,-22.000000
4006,-56.000000
4007,6.000000
4008,8.000000
4009,14.000000
4010,-22.000000
4011,54.000000
4012,2.000000
4013,8.000000
4014,20.000000
4015,-34.000000
4016,22.000000
4017,22.000000
4018,-22.000000
4019,18.000000
4020,22.000000
4021,-48.000000
4022,20.000000
4023,2.000000
4024,-12.000000
4025,6.000000
4026,6.000000
4027,-52.000000
4028,50.000000
4029,0.000000
4030,-16.000000
4031,-20.000000
4032,-30.000000
4033,2.000000
4034,0.000000
4035,-12.000000
4036,10.000000
4037,-4.000000
4038,0.000000
4039,22.000000
4040,48.000000
4041,60.000000
4042,-4.000000
4043,-8.000000
4044,-26.000000
4045,50.000000
4046,8.000000
4047,-12.000000
4048,-48.000000
4049,-28.000000
4050,-64.000000
4051,36.000000
4052,34.000000
4053,-14.000000
4054,12.000000
4055,-6.000000
4056,-24.000000
4057,-10.000000
4058,-38.000000
4059,-44.000000
4060,82.000000
4061,42.000000
4062,36.000000
4063,-22.000000
4064,-16.000000
4065,-26.000000
4066,68.000000
4067,-68.000000
4068,2.000000
4069,8.000000
4070,-10.000000
4071,-26.000000
4072,4.000000
4073,-4.000000
4074,-4.000000
4075,2.000000
4076,-10.000000
4077,-18.000000
4078,8.000000
4079,2.000000
4080,2.000000
4081,0.000000
4082,6.000000
4083,10.000000
4084,8.000000
4085,-6.000000
4086,16.000000
4087,-4.000000
4088,-40.000000
4089,-20.000000
4090,-4.000000
4091,74.000000
4092,-26.000000
4093,-20.000000
4094,38.000000
4095,-14.000000
4096,28.000000
4097,24.000000
4098,-16.000000
4099,14.000000
4100,-30.000000
4101,2.000000
4102,-36.000000
4103,-4.000000
4104,10.000000
4105,2.000000
4106,4.000000
4107,46.000000
4108,4.000000
4109,-22.000000
4110,-30.000000
4111,-16.000000
4112,-8.000000
4113,16.000000
4114,-8.000000
4115,-4.000000
4116,10.000000
4117,-32.000000
4118,4.000000
4119,-18.000000
4120,-4.000000
4121,12.000000
4122,-66.000000
4123,-28.000000
4124,-4.000000
4125,-12.000000
4126,-6.000000
4127,-12.000000
4128,-10.000000
4129,-36.000000
4130,-14.000000
4131,0.000000
4132,6.000000
4133,38.000000
4134,-48.000000
4135,-20.000000
4136,8.000000
4137,46.000000
4138,-54.000000
4139,30.000000
4140,54.000000
4141,58.000000
4142,20.000000
4143,-2.000000
4144,4.000000
4145,24.000000
4146,-8.000000
4147,24.000000
4148,6.000000
4149,42.000000
4150,-68.000000
4151,-12.000000
4152,6.000000
4153,26.000000
4154,4.000000
4155,-10.000000
4156,-24.000000
4157,100.000000
4158,-4.000000
4159,-40.000000
4160,0.000000
4161,14.000000
4162,-2.000000
4163,-2.000000
4164,30.000000
4165,26.000000
4166,-20.000000
4167,6.000000
4168,-4.000000
4169,8.000000
4170,-12.000000
4171,20.000000
4172,-108.000000
4173,-4.000000
4174,20.000000
4175,4.000000
4176,-18.000000
4177,-10.000000
4178,-4.000000
4179,-12.000000
4180,4.000000
4181,-12.000000
4182,26.000000
4183,-8.000000
4184,8.000000
4185,-12.000000
4186,-18.000000
4187,54.000000
4188,-42.000000
4189,6.000000
4190,-12.000000
4191,6.000000
4192,92.000000
4193,26.000000
4194,16.000000
4195,6.000000
4196,8.000000
4197,30.000000
4198,22.000000
4199,-34.000000
4200,-24.000000
4201,-72.000000
4202,6.000000
4203,30.000000
4204,14.000000
4205,16.000000
4206,22.000000
4207,4.000000
4208,-90.000000
4209,-44.000000
4210,8.000000
4211,-44.000000
4212,0.000000
4213,28.000000
4214,24.000000
4215,10.000000
4216,14.000000
4217,-48.000000
4218,-26.000000
4219,60.000000
4220,76.000000
4221,26.000000
4222,12.000000
4223,6.000000
4224,32.000000
4225,16.000000
4226,-4.000000
4227,-24.000000
4228,-4.000000
4229,16.000000
4230,14.000000
4231,16.000000
4232,36.000000
4233,-48.000000
4234,-12.000000
4235,-22.000000
4236,-26.000000
4237,4.000000
4238,20.000000
4239,-6.000000
4240,4.000000
4241,6.000000
4242,-8.000000
4243,26.000000
4244,24.000000
4245,8.000000
4246,10.000000
4247,16.000000
4248,-2.000000
4249,-18.000000
4250,-4.000000
4251,6.000000
4252,-34.000000
4253,-12.000000
4254,54.000000
4255,8.000000
4256,-40.000000
4257,38.000000
4258,-12.000000
4259,0.000000
4260,20.000000
4261,16.000000
4262,-12.000000
4263,0.000000
4264,-16.000000
4265,14.000000
4266,42.000000
4267,0.000000
4268,24.000000
4269,-58.000000
4270,-40.000000
4271,38.000000
4272,-8.000000
4273,24.000000
4274,30.000000
4275,8.000000
4276,-18.000000
4277,68.000000
4278,-12.000000
4279,2.000000
4280,-8.000000
4281,-24.000000
4282,-10.000000
4283,-58.000000
4284,-8.000000
4285,-52.000000
4286,-36.000000
4287,50.000000
4288,14.000000
4289,2.000000
4290,26.000000
4291,-64.000000
4292,72.000000
4293,4.000000
4294,-38.000000
4295,-32.000000
4296,36.000000
4297,-2.000000
4298,-4.000000
4299,-10.000000
4300,-12.000000
4301,64.000000
4302,48.000000
4303,-14.000000
4304,4.000000
4305,34.000000
4306,-4.000000
4307,-30.000000
4308,0.000000
4309,-44.000000
4310,-2.000000
4311,-8.000000
4312,34.000000
4313,-26.000000
4314,-26.000000
4315,60.000000
4316,-16.000000
4317,46.000000
4318,-54.000000
4319,-2.000000
4320,-6.000000
4321,-2.000000
4322,-30.000000
4323,-12.000000
4324,2.000000
4325,30.000000
4326,-18.000000
4327,-2.000000
4328,2.000000
4329,-8.000000
4330,-36.000000
4331,20.000000
4332,46.000000
4333,12.000000
4334,46.000000
4335,50.000000
4336,10.000000
4337,-6.000000
4338,-26.000000
4339,-22.000000
4340,-30.000000
4341,2.000000
4342,58.000000
4343,64.000000
4344,24.000000
4345,-4.000000
4346,-60.000000
4347,-24.000000
4348,-10.000000
4349,20.000000
4350,8.000000
4351,76.000000
4352,2.000000
4353,6.000000
4354,-20.000000
4355,42.000000
4356,12.000000
4357,-32.000000
4358,-58.000000
4359,46.000000
4360,68.000000
4361,48.000000
4362,-36.000000
4363,-56.000000
4364,14.000000
4365,-24.000000
4366,26.000000
4367,-2.000000
4368,-2.000000
4369,-54.000000
4370,-4.000000
4371,-12.000000
4372,-4.000000
4373,42.000000
4374,42.000000
4375,32.000000
4376,20.000000
4377,-70.000000
4378,-2.000000
4379,-34.000000
4380,8.000000
4381,60.000000
4382,22.000000
4383,-4.000000
4384,58.000000
4385,-36.000000
4386,12.000000
4387,8.000000
4388,-30.000000
4389,-4.000000
4390,-14.000000
4391,-16.000000
4392,36.000000
4393,0.000000
4394,-18.000000
4395,16.000000
4396,-40.000000
4397,68.000000
4398,-38.000000
4399,8.000000
4400,-12.000000
4401,-12.000000
4402,-16.000000
4403,-6.000000
4404,-6.000000
4405,-18.000000
4406,0.000000
4407,-110.000000
4408,-6.000000
4409,14.000000
4410,-6.000000
4411,24.000000
4412,50.000000
4413,-8.000000
4414,0.000000
4415,14.000000
4416,40.000000
4417,-30.000000
4418,-4.000000
4419,-40.000000
4420,-40.000000
4421,-52.000000
4422,22.000000
4423,-8.000000
4424,6.000000
4425,54.000000
4426,-22.000000
4427,-26.000000
4428,-8.000000
4429,-6.000000
4430,-48.000000
4431,48.000000
4432,-2.000000
4433,-6.000000
4434,26.000000
4435,14.000000
4436,-2.000000
4437,-26.000000
4438,-6.000000
4439,-10.000000
4440,20.000000
4441,36.000000
4442,50.000000
4443,16.000000
4444,36.000000
4445,2.000000
4446,6.000000
4447,-12.000000
4448,24.000000
4449,-34.000000
4450,-6.000000
4451,42.000000
4452,-4.000000
4453,-8.000000
4454,14.000000
4455,6.000000
4456,-4.000000
4457,12.000000
4458,14.000000
4459,-4.000000
4460,-28.000000
4461,68.000000
4462,-36.000000
4463,46.000000
4464,2.000000
4465,-68.000000
4466,16.000000
4467,-20.000000
4468,34.000000
4469,20.000000
4470,-8.000000
4471,64.000000
4472,0.000000
4473,-44.000000
4474,0.000000
4475,14.000000
4476,40.000000
4477,24.000000
4478,28.000000
4479,2.000000
4480,28.000000
4481,-18.000000
4482,-46.000000
4483,-64.000000
4484,20.000000
4485,-4.000000
4486,-44.000000
4487,-16.000000
4488,-30.000000
4489,-6.000000
4490,-78.000000
4491,-4.000000
4492,-24.000000
4493,2.000000
4494,10.000000
4495,4.000000
4496,4.000000
4497,-6.000000
4498,-6.000000
4499,-6.000000
4500,-48.000000
4501,2.000000
4502,4.000000
4503,-18.000000
4504,-4.000000
4505,-14.000000
4506,-64.000000
4507,16.000000
4508,26.000000
4509,-36.000000
4510,36.000000
4511,-54.000000
4512,-10.000000
4513,2.000000
4514,-8.000000
4515,14.000000
4516,-42.000000
4517,-18.000000
4518,8.000000
4519,-44.000000
4520,30.000000
4521,38.000000
4522,6.000000
4523,-34.000000
4524,-4.000000
4525,6.000000
4526,-10.000000
4527,4.000000
4528,-4.000000
4529,4.000000
4530,-18.000000
4531,-14.000000
4532,8.000000
4533,6.000000
4534,10.000000
4535,-2.000000
4536,-44.000000
4537,-8.000000
4538,-12.000000
4539,-6.000000
4540,38.000000
4541,4.000000
4542,-22.000000
4543,-56.000000
4544,-8.000000
4545,-8.000000
4546,-12.000000
4547,20.000000
4548,-6.000000
4549,-56.000000
4550,4.000000
4551,-18.000000
4552,-30.000000
4553,-4.000000
4554,-30.000000
4555,16.000000
4556,-2.000000
4557,-8.000000
4558,-4.000000
4559,-40.000000
4560,0.000000
4561,8.000000
4562,-20.000000
4563,-40.000000
4564,22.000000
4565,-22.000000
4566,14.000000
4567,10.000000
4568,-44.000000
4569,-14.000000
4570,-14.000000
4571,-20.000000
4572,-18.000000
4573,28.000000
4574,-4.000000
4575,20.000000
4576,20.000000
4577,8.000000
4578,2.000000
4579,-48.000000
4580,62.000000
4581,-20.000000
4582,40.000000
4583,-32.000000
4584,-22.000000
4585,-8.000000
4586,-2.000000
4587,4.000000
4588,62.000000
4589,-2.000000
4590,-6.000000
4591,-34.000000
4592,-4.000000
4593,10.000000
4594,-40.000000
4595,-22.000000
4596,24.000000
4597,-38.000000
4598,12.000000
4599,16.000000
4600,-8.000000
4601,8.000000
4602,14.000000
4603,-12.000000
4604,-54.000000
4605,-12.000000
4606,26.000000
4607,14.000000
4608,0.000000
4609,-22.000000
4610,-8.000000
4611,-14.000000
4612,14.000000
4613,20.000000
4614,-16.000000
4615,60.000000
4616,4.000000
4617,-6.000000
4618,16.000000
4619,-58.000000
4620,-40.000000
4621,-20.000000
4622,72.000000
4623,-4.000000
4624,-82.000000
4625,4.000000
4626,-58.000000
4627,-8.000000
4628,8.000000
4629,-2.000000
4630,-20.000000
4631,-36.000000
4632,-58.000000
4633,8.000000
4634,-2.000000
4635,-16.000000
4636,-62.000000
4637,28.000000
4638,28.000000
4639,-48.000000
4640,36.000000
4641,-36.000000
4642,40.000000
4643,38.000000
4644,14.000000
4645,0.000000
4646,4.000000
4647,-18.000000
4648,14.000000
4649,8.000000
4650,8.000000
4651,-30.000000
4652,-28.000000
4653,16.000000
4654,12.000000
4655,46.000000
4656,30.000000
4657,-12.000000
4658,-10.000000
4659,0.000000
4660,40.000000
4661,6.000000
4662,-6.000000
4663,10.000000
4664,30.000000
4665,8.000000
4666,-16.000000
4667,-26.000000
4668,-4.000000
4669,-20.000000
4670,-24.000000
4671,10.000000
4672,14.000000
4673,2.000000
4674,32.000000
4675,-22.000000
4676,-34.000000
4677,12.000000
4678,50.000000
4679,20.000000
4680,46.000000
4681,68.000000
4682,14.000000
4683,32.000000
4684,-16.000000
4685,46.000000
4686,22.000000
4687,-12.000000
4688,14.000000
4689,-18.000000
4690,-14.000000
4691,18.000000
4692,14.000000
4693,22.000000
4694,10.000000
4695,-20.000000
4696,20.000000
4697,6.000000
4698,-30.000000
4699,-16.000000
4700,22.000000
4701,8.000000
4702,6.000000
4703,-4.000000
4704,22.000000
4705,-26.000000
4706,44.000000
4707,-58.000000
4708,-52.000000
4709,6.000000
4710,-38.000000
4711,26.000000
4712,-4.000000
4713,14.000000
4714,-6.000000
4715,-36.000000
4716,-10.000000
4717,-10.000000
4718,38.000000
4719,46.000000
4720,40.000000
4721,-40.000000
4722,28.000000
4723,32.000000
4724,58.000000
4725,44.000000
4726,-4.000000
4727,-60.000000
4728,-12.000000
4729,-30.000000
4730,8.000000
4731,-20.000000
4732,2.000000
4733,40.000000
4734,-30.000000
4735,10.000000
4736,40.000000
4737,-12.000000
4738,-14.000000
4739,-8.000000
4740,14.000000
4741,-28.000000
4742,-28.000000
4743,8.000000
4744,-12.000000
4745,-8.000000
4746,-68.000000
4747,-22.000000
4748,8.000000
4749,26.000000
4750,-16.000000
4751,-10.000000
4752,36.000000
4753,-12.000000
4754,-8.000000
4755,-16.000000
4756,-14.000000
4757,-16.000000
4758,64.000000
4759,-82.000000
4760,64.000000
4761,-12.000000
4762,-50.000000
4763,10.000000
4764,24.000000
4765,-14.000000
4766,-56.000000
4767,22.000000
4768,18.000000
4769,-2.000000
4770,16.000000
4771,8.000000
4772,-12.000000
4773,16.000000
4774,-4.000000
4775,26.000000
4776,2.000000
4777,18.000000
4778,4.000000
4779,-44.000000
4780,-34.000000
4781,20.000000
4782,-26.000000
4783,6.000000
4784,-12.000000
4785,12.000000
4786,-12.000000
4787,2.000000
4788,0.000000
4789,24.000000
4790,14.000000
4791,-44.000000
4792,-58.000000
4793,-12.000000
4794,-8.000000
4795,-32.000000
4796,46.000000
4797,6.000000
4798,-10.000000
4799,-18.000000
4800,-16.000000
4801,2.000000
4802,-2.000000
4803,-16.000000
4804,22.000000
4805,-44.000000
4806,0.000000
4807,10.000000
4808,-16.000000
4809,8.000000
4810,60.000000
4811,2.000000
4812,-20.000000
4813,4.000000
4814,-22.000000
4815,-4.000000
4816,40.000000
4817,14.000000
4818,-14.000000
4819,2.000000
4820,54.000000
4821,-16.000000
4822,-30.000000
4823,8.000000
4824,-16.000000
4825,-26.000000
4826,-38.000000
4827,-4.000000
4828,-4.000000
4829,24.000000
4830,28.000000
4831,30.000000
4832,-32.000000
4833,-28.000000
4834,-10.000000
4835,-44.000000
4836,-26.000000
4837,-4.000000
4838,-6.000000
4839,10.000000
4840,-36.000000
4841,-2.000000
4842,-114.000000
4843,40.000000
4844,20.000000
4845,34.000000
4846,50.000000
4847,50.000000
4848,32.000000
4849,6.000000
4850,10.000000
4851,2.000000
4852,-26.000000
4853,6.000000
4854,-14.000000
4855,-4.000000
4856,-24.000000
4857,0.000000
4858,-60.000000
4859,2.000000
4860,-30.000000
4861,-34.000000
4862,24.000000
4863,-20.000000
4864,-34.000000
4865,34.000000
4866,-30.000000
4867,24.000000
4868,2.000000
4869,-4.000000
4870,32.000000
4871,62.000000
4872,24.000000
4873,-56.000000
4874,48.000000
4875,-38.000000
4876,-12.000000
4877,-26.000000
4878,-30.000000
4879,-54.000000
4880,-12.000000
4881,0.000000
4882,94.000000
4883,10.000000
4884,-30.000000
4885,-6.000000
4886,-18.000000
4887,-32.000000
4888,-32.000000
4889,-6.000000
4890,-34.000000
4891,-60.000000
4892,-62.000000
4893,14.000000
4894,14.000000
4895,-12.000000
4896,-8.000000
4897,2.000000
4898,-4.000000
4899,2.000000
4900,-36.000000
4901,-4.000000
4902,-24.000000
4903,-6.000000
4904,62.000000
4905,40.000000
4906,-58.000000
4907,0.000000
4908,-46.000000
4909,-16.000000
4910,-16.000000
4911,-12.000000
4912,-30.000000
4913,6.000000
4914,-34.000000
4915,-18.000000
4916,-20.000000
4917,-8.000000
4918,-6.000000
4919,44.000000
4920,-40.000000
4921,-44.000000
4922,10.000000
4923,64.000000
4924,-30.000000
4925,0.000000
4926,-64.000000
4927,-14.000000
4928,0.000000
4929,-4.000000
4930,20.000000
4931,54.000000
4932,-26.000000
4933,-20.000000
4934,-4.000000
4935,-14.000000
4936,4.000000
4937,26.000000
4938,38.000000
4939,32.000000
4940,-10.000000
4941,-8.000000
4942,-30.000000
4943,8.000000
4944,-12.000000
4945,-14.000000
4946,68.000000
4947,-4.000000
4948,-44.000000
4949,-60.000000
4950,-18.000000
4951,12.000000
4952,2.000000
4953,24.000000
4954,4.000000
4955,8.000000
4956,8.000000
4957,86.000000
4958,46.000000
4959,-38.000000
4960,-32.000000
4961,10.000000
4962,0.000000
4963,-22.000000
4964,-28.000000
4965,20.000000
4966,-32.000000
4967,34.000000
4968,-48.000000
4969,0.000000
4970,2.000000
4971,2.000000
4972,28.000000
4973,-2.000000
4974,6.000000
4975,22.000000
4976,2.000000
4977,-22.000000
4978,2.000000
4979,28.000000
4980,-62.000000
4981,72.000000
4982,-28.000000
4983,14.000000
4984,-62.000000
4985,72.000000
4986,-16.000000
4987,-26.000000
4988,-30.000000
4989,-78.000000
4990,-22.000000
4991,54.000000
4992,-10.000000
4993,8.000000
4994,-8.000000
4995,28.000000
4996,14.000000
4997,-12.000000
4998,22.000000
4999,-18.000000
5000,-34.000000
5001,-26.000000
5002,6.000000
5003,16.000000
5004,-20.000000
5005,28.000000
5006,-44.000000
5007,2.000000
5008,54.000000
5009,-18.000000
5010,-16.000000
5011,-4.000000
5012,86.000000
5013,22.000000
5014,-4.000000
5015,-6.000000
5016,30.000000
5017,50.000000
5018,-6.000000
5019,-64.000000
5020,-10.000000
5021,28.000000
5022,2.000000
5023,10.000000
5024,-32.000000
5025,-10.000000
5026,30.000000
5027,-46.000000
5028,-24.000000
5029,-36.000000
5030,10.000000
5031,-2.000000
5032,20.000000
5033,30.000000
5034,-30.000000
5035,-8.000000
5036,-22.000000
5037,-16.000000
5038,-50.000000
5039,-26.000000
5040,-4.000000
5041,-28.000000
5042,-2.000000
5043,8.000000
5044,8.000000
5045,-2.000000
5046,14.000000
5047,-4.000000
5048,6.000000
5049,-12.000000
5050,-78.000000
5051,16.000000
5052,4.000000
5053,-26.000000
5054,-48.000000
5055,10.000000
5056,8.000000
5057,12.000000
5058,-54.000000
5059,-12.000000
5060,78.000000
5061,-20.000000
5062,-8.000000
5063,-4.000000
5064,-12.000000
5065,-4.000000
5066,-30.000000
5067,-36.000000
5068,-8.000000
5069,-2.000000
5070,38.000000
5071,14.000000
5072,-16.000000
5073,-30.000000
5074,8.000000
5075,-8.000000
5076,28.000000
5077,-4.000000
5078,74.000000
5079,-4.000000
5080,26.000000
5081,-78.000000
5082,-10.000000
5083,-14.000000
5084,-38.000000
5085,20.000000
5086,-18.000000
5087,54.000000
5088,-20.000000
5089,-4.000000
5090,38.000000
5091,-70.000000
5092,-106.000000
5093,-38.000000
5094,10.000000
5095,-22.000000
5096,-4.000000
5097,-30.000000
5098,46.000000
5099,-12.000000
5100,44.000000
5101,-12.000000
5102,-32.000000
5103,-8.000000
5104,-16.000000
5105,-22.000000
5106,-58.000000
5107,68.000000
5108,-16.000000
5109,24.000000
5110,-56.000000
5111,26.000000
5112,-14.000000
5113,-8.000000
5114,46.000000
5115,14.000000
5116,38.000000
5117,2.000000
5118,-18.000000
5119,-16.000000
5120,-4.000000
5121,-6.000000
5122,-20.000000
5123,4.000000
5124,-18.000000
5125,20.000000
5126,-18.000000
5127,6.000000
5128,26.000000
5129,34.000000
5130,6.000000
5131,10.000000
5132,6.000000
5133,-12.000000
5134,-58.000000
5135,-30.000000
5136,-8.000000
5137,-36.000000
5138,6.000000
5139,-40.000000
5140,6.000000
5141,4.000000
5142,-56.000000
5143,-14.000000
5144,-12.000000
5145,10.000000
5146,30.000000
5147,8.000000
5148,-62.000000
5149,12.000000
5150,30.000000
5151,16.000000
5152,2.000000
5153,32.000000
5154,2.000000
5155,44.000000
5156,-14.000000
5157,-4.000000
5158,-54.000000
5159,50.000000
5160,-26.000000
5161,-14.000000
5162,14.000000
5163,2.000000
5164,-2.000000
5165,10.000000
5166,10.000000
5167,2.000000
5168,42.000000
5169,-4.000000
5170,74.000000
5171,-26.000000
5172,40.000000
5173,42.000000
5174,10.000000
5175,-8.000000
5176,-8.000000
5177,10.000000
5178,-8.000000
5179,-58.000000
5180,-8.000000
5181,14.000000
5182,30.000000
5183,-20.000000
5184,14.000000
5185,20.000000
5186,6.000000
5187,44.000000
5188,-30.000000
5189,42.000000
5190,-38.000000
5191,-12.000000
5192,10.000000
5193,-4.000000
5194,-50.000000
5195,54.000000
5196,-8.000000
5197,-56.000000
5198,-2.000000
5199,-46.000000
5200,10.000000
5201,-28.000000
5202,-6.000000
5203,62.000000
5204,8.000000
5205,-8.000000
5206,30.000000
5207,46.000000
5208,-22.000000
5209,-68.000000
5210,14.000000
5211,18.000000
5212,10.000000
5213,-12.000000
5214,76.000000
5215,14.000000
5216,-12.000000
5217,-36.000000
5218,0.000000
5219,-8.000000
5220,-16.000000
5221,-78.000000
5222,58.000000
5223,20.000000
5224,20.000000
5225,-40.000000
5226,-28.000000
5227,-44.000000
5228,20.000000
5229,46.000000
5230,2.000000
5231,30.000000
5232,-36.000000
5233,-46.000000
5234,30.000000
5235,22.000000
5236,4.000000
5237,-36.000000
5238,-26.000000
5239,-22.000000
5240,6.000000
5241,-8.000000
5242,-8.000000
5243,-102.000000
5244,-14.000000
5245,10.000000
5246,8.000000
5247,30.000000
5248,-14.000000
5249,34.000000
5250,-6.000000
5251,14.000000
5252,-70.000000
5253,-8.000000
5254,-18.000000
5255,-68.000000
5256,-74.000000
5257,-40.000000
5258,16.000000
5259,6.000000
5260,-16.000000
5261,24.000000
5262,-36.000000
5263,-20.000000
5264,-14.000000
5265,-38.000000
5266,28.000000
5267,-16.000000
5268,-44.000000
5269,-26.000000
5270,-44.000000
5271,-14.000000
5272,44.000000
5273,-44.000000
5274,68.000000
5275,14.000000
5276,-56.000000
5277,0.000000
5278,-2.000000
5279,72.000000
5280,-8.000000
5281,2.000000
5282,-20.000000
5283,2.000000
5284,-30.000000
5285,-28.000000
5286,-84.000000
5287,-82.000000
5288,14.000000
5289,0.000000
5290,54.000000
5291,-58.000000
5292,-4.000000
5293,26.000000
5294,-18.000000
5295,-6.000000
5296,-2.000000
5297,26.000000
5298,-18.000000
5299,-16.000000
5300,-18.000000
5301,22.000000
5302,30.000000
5303,14.000000
5304,20.000000
5305,-2.000000
5306,-66.000000
5307,50.000000
5308,-62.000000
5309,0.000000
5310,56.000000
5311,-8.000000
5312,-20.000000
5313,-22.000000
5314,0.000000
5315,-16.000000
5316,40.000000
5317,-44.000000
5318,-8.000000
5319,-24.000000
5320,54.000000
5321,26.000000
5322,22.000000
5323,26.000000
5324,-34.000000
5325,-50.000000
5326,-2.000000
5327,40.000000
5328,0.000000
5329,2.000000
5330,-12.000000
5331,0.000000
5332,32.000000
5333,2.000000
5334,58.000000
5335,82.000000
5336,26.000000
5337,-22.000000
5338,-22.000000
5339,2.000000
5340,-12.000000
5341,14.000000
5342,18.000000
5343,-20.000000
5344,8.000000
5345,24.000000
5346,-2.000000
5347,-22.000000
5348,-22.000000
5349,4.000000
5350,2.000000
5351,-14.000000
5352,-14.000000
5353,54.000000
5354,38.000000
5355,6.000000
5356,22.000000
5357,-22.000000
5358,-12.000000
5359,4.000000
5360,2.000000
5361,8.000000
5362,10.000000
5363,54.000000
5364,14.000000
5365,-44.000000
5366,-20.000000
5367,0.000000
5368,30.000000
5369,-12.000000
5370,88.000000
5371,28.000000
5372,10.000000
5373,10.000000
5374,-18.000000
5375,-28.000000
5376,-54.000000
5377,-4.000000
5378,-24.000000
5379,62.000000
5380,-6.000000
5381,-20.000000
5382,-36.000000
5383,-14.000000
5384,42.000000
5385,-6.000000
5386,-24.000000
5387,0.000000
5388,14.000000
5389,8.000000
5390,12.000000
5391,-4.000000
5392,-12.000000
5393,-26.000000
5394,-4.000000
5395,0.000000
5396,24.000000
5397,30.000000
5398,0.000000
5399,8.000000
5400,-48.000000
5401,-12.000000
5402,-20.000000
5403,-2.000000
5404,0.000000
5405,-2.000000
5406,38.000000
5407,2.000000
5408,0.000000
5409,-2.000000
5410,2.000000
5411,54.000000
5412,-18.000000
5413,-4.000000
5414,38.000000
5415,-2.000000
5416,20.000000
5417,-2.000000
5418,44.000000
5419,24.000000
5420,10.000000
5421,14.000000
5422,-54.000000
5423,-38.000000
5424,-14.000000
5425,20.000000
5426,-22.000000
5427,-8.000000
5428,64.000000
5429,-12.000000
5430,2.000000
5431,20.000000
5432,-22.000000
5433,14.000000
5434,10.000000
5435,0.000000
5436,-102.000000
5437,-12.000000
5438,2.000000
5439,-2.000000
5440,40.000000
5441,76.000000
5442,14.000000
5443,-4.000000
5444,-48.000000
5445,68.000000
5446,6.000000
5447,-26.000000
5448,54.000000
5449,20.000000
5450,38.000000
5451,-14.000000
5452,-60.000000
5453,-14.000000
5454,-4.000000
5455,0.000000
5456,-44.000000
5457,14.000000
5458,38.000000
5459,-20.000000
5460,-8.000000
5461,-52.000000
5462,-26.000000
5463,-2.000000
5464,-30.000000
5465,0.000000
5466,24.000000
5467,-12.000000
5468,8.000000
5469,8.000000
5470,0.000000
5471,-18.000000
5472,-4.000000
5473,12.000000
5474,-34.000000
5475,26.000000
5476,-30.000000
5477,2.000000
5478,18.000000
5479,-4.000000
5480,2.000000
5481,-46.000000
5482,68.000000
5483,-26.000000
5484,14.000000
5485,-40.000000
5486,-22.000000
5487,10.000000
5488,-4.000000
5489,54.000000
5490,-58.000000
5491,-48.000000
5492,24.000000
5493,32.000000
5494,4.000000
5495,-32.000000
5496,-20.000000
5497,-22.000000
5498,2.000000
5499,30.000000
5500,-4.000000
5501,-12.000000
5502,22.000000
5503,46.000000
5504,26.000000
5505,-34.000000
5506,46.000000
5507,-24.000000
5508,-54.000000
5509,-4.000000
5510,64.000000
5511,-4.000000
5512,8.000000
5513,20.000000
5514,54.000000
5515,-4.000000
5516,16.000000
5517,42.000000
5518,28.000000
5519,44.000000
5520,-2.000000
5521,-36.000000
5522,-2.000000
5523,38.000000
5524,-50.000000
5525,24.000000
5526,-70.000000
5527,-26.000000
5528,-2.000000
5529,-6.000000
5530,-16.000000
5531,-4.000000
5532,20.000000
5533,24.000000
5534,24.000000
5535,36.000000
5536,34.000000
5537,-4.000000
5538,46.000000
5539,34.000000
5540,-12.000000
5541,-4.000000
5542,42.000000
5543,-4.000000
5544,26.000000
5545,-44.000000
5546,-8.000000
5547,-30.000000
5548,68.000000
5549,68.000000
5550,-24.000000
5551,10.000000
5552,-4.000000
5553,-30.000000
5554,-4.000000
5555,4.000000
5556,32.000000
5557,6.000000
5558,-14.000000
5559,28.000000
5560,0.000000
5561,-8.000000
5562,-14.000000
5563,14.000000
5564,6.000000
5565,2.000000
5566,-14.000000
5567,-4.000000
5568,-24.000000
5569,-6.000000
5570,2.000000
5571,14.000000
5572,-42.000000
5573,-10.000000
5574,-26.000000
5575,62.000000
5576,-4.000000
5577,2.000000
5578,-2.000000
5579,54.000000
5580,-56.000000
5581,-4.000000
5582,-10.000000
5583,-4.000000
5584,8.000000
5585,-8.000000
5586,-8.000000
5587,10.000000
5588,-20.000000
5589,8.000000
5590,-8.000000
5591,-20.000000
5592,-4.000000
5593,-24.000000
5594,-30.000000
5595,42.000000
5596,-12.000000
5597,-16.000000
5598,-14.000000
5599,-4.000000
5600,44.000000
5601,-28.000000
5602,-24.000000
5603,2.000000
5604,40.000000
5605,-16.000000
5606,2.000000
5607,-62.000000
5608,-12.000000
5609,10.000000
5610,-32.000000
5611,-34.000000
5612,-6.000000
5613,14.000000
5614,-16.000000
5615,-26.000000
5616,-16.000000
5617,58.000000
5618,-12.000000
5619,-6.000000
5620,14.000000
5621,36.000000
5622,-22.000000
5623,92.000000
5624,-8.000000
5625,-58.000000
5626,-6.000000
5627,-34.000000
5628,-26.000000
5629,2.000000
5630,16.000000
5631,20.000000
5632,28.000000
5633,24.000000
5634,18.000000
5635,-36.000000
5636,0.000000
5637,48.000000
5638,-26.000000
5639,-34.000000
5640,40.000000
5641,-12.000000
5642,-12.000000
5643,10.000000
5644,10.000000
5645,2.000000
5646,2.000000
5647,60.000000
5648,0.000000
5649,-8.000000
5650,-26.000000
5651,24.000000
5652,-70.000000
5653,-10.000000
5654,64.000000
5655,-12.000000
5656,50.000000
5657,-20.000000
5658,8.000000
5659,8.000000
5660,-4.000000
5661,50.000000
5662,-4.000000
5663,22.000000
5664,-30.000000
5665,-28.000000
5666,-58.000000
5667,4.000000
5668,-8.000000
5669,-16.000000
5670,0.000000
5671,8.000000
5672,30.000000
5673,2.000000
5674,4.000000
5675,-10.000000
5676,-20.000000
5677,4.000000
5678,6.000000
5679,-32.000000
5680,14.000000
5681,-26.000000
5682,-30.000000
5683,-14.000000
5684,-16.000000
5685,-16.000000
5686,54.000000
5687,-70.000000
5688,30.000000
5689,-4.000000
5690,8.000000
5691,-16.000000
5692,-34.000000
5693,64.000000
5694,22.000000
5695,2.000000
5696,-28.000000
5697,-24.000000
5698,14.000000
5699,-4.000000
5700,38.000000
5701,16.000000
5702,-18.000000
5703,10.000000
5704,10.000000
5705,-8.000000
5706,-36.000000
5707,0.000000
5708,-4.000000
5709,34.000000
5710,-14.000000
5711,14.000000
5712,-14.000000
5713,-56.000000
5714,24.000000
5715,6.000000
5716,10.000000
5717,6.000000
5718,-2.000000
5719,50.000000
5720,16.000000
5721,-2.000000
5722,-32.000000
5723,-4.000000
5724,82.000000
5725,4.000000
5726,64.000000
5727,12.000000
5728,14.000000
5729,54.000000
5730,-16.000000
5731,36.000000
5732,16.000000
5733,-36.000000
5734,46.000000
5735,-26.000000
5736,0.000000
5737,-12.000000
5738,40.000000
5739,10.000000
5740,-18.000000
5741,-2.000000
5742,-2.000000
5743,12.000000
5744,-2.000000
5745,34.000000
5746,24.000000
5747,-36.000000
5748,-34.000000
5749,-4.000000
5750,-10.000000
5751,58.000000
5752,-24.000000
5753,-2.000000
5754,26.000000
5755,68.000000
5756,-4.000000
5757,10.000000
5758,-16.000000
5759,-20.000000
5760,-44.000000
5761,8.000000
5762,30.000000
5763,16.000000
5764,30.000000
5765,0.000000
5766,38.000000
5767,2.000000
5768,10.000000
5769,4.000000
5770,8.000000
5771,-16.000000
5772,22.000000
5773,18.000000
5774,2.000000
5775,-16.000000
5776,-46.000000
5777,0.000000
5778,10.000000
5779,-34.000000
5780,10.000000
5781,-36.000000
5782,58.000000
5783,-12.000000
5784,28.000000
5785,0.000000
5786,6.000000
5787,-6.000000
5788,20.000000
5789,34.000000
5790,24.000000
5791,-20.000000
5792,-22.000000
5793,74.000000
5794,-18.000000
5795,14.000000
5796,-8.000000
5797,-4.000000
5798,-30.000000
5799,-8.000000
5800,38.000000
5801,8.000000
5802,58.000000
5803,-26.000000
5804,0.000000
5805,-14.000000
5806,26.000000
5807,0.000000
5808,6.000000
5809,-6.000000
5810,-54.000000
5811,20.000000
5812,16.000000
5813,60.000000
5814,6.000000
5815,-4.000000
5816,72.000000
5817,-68.000000
5818,12.000000
5819,28.000000
5820,-30.000000
5821,16.000000
5822,-64.000000
5823,-8.000000
5824,58.000000
5825,-24.000000
5826,6.000000
5827,-8.000000
5828,14.000000
5829,8.000000
5830,2.000000
5831,26.000000
5832,-20.000000
5833,-28.000000
5834,-42.000000
5835,0.000000
5836,2.000000
5837,-2.000000
5838,0.000000
5839,-16.000000
5840,60.000000
5841,-18.000000
5842,-18.000000
5843,-8.000000
5844,10.000000
5845,-18.000000
5846,-22.000000
5847,-30.000000
5848,-4.000000
5849,10.000000
5850,48.000000
5851,32.000000
5852,-48.000000
5853,36.000000
5854,32.000000
5855,-30.000000
5856,-68.000000
5857,-60.000000
5858,-2.000000
5859,-4.000000
5860,-18.000000
5861,-8.000000
5862,44.000000
5863,-18.000000
5864,8.000000
5865,30.000000
5866,-30.000000
5867,10.000000
5868,-46.000000
5869,4.000000
5870,-28.000000
5871,-6.000000
5872,-16.000000
5873,8.000000
5874,2.000000
5875,2.000000
5876,0.000000
5877,-2.000000
5878,-4.000000
5879,-24.000000
5880,-8.000000
5881,-48.000000
5882,12.000000
5883,-8.000000
5884,-30.000000
5885,0.000000
5886,14.000000
5887,86.000000
5888,2.000000
5889,-8.000000
5890,-40.000000
5891,36.000000
5892,-4.000000
5893,-22.000000
5894,-16.000000
5895,18.000000
5896,-14.000000
5897,-40.000000
5898,-30.000000
5899,58.000000
5900,6.000000
5901,58.000000
5902,-48.000000
5903,-20.000000
5904,14.000000
5905,58.000000
5906,-56.000000
5907,22.000000
5908,-26.000000
5909,12.000000
5910,-4.000000
5911,-10.000000
5912,-12.000000
5913,-8.000000
5914,8.000000
5915,-26.000000
5916,-44.000000
5917,-16.000000
5918,-4.000000
5919,-8.000000
5920,-12.000000
5921,-22.000000
5922,4.000000
5923,-8.000000
5924,22.000000
5925,54.000000
5926,-32.000000
5927,-4.000000
5928,-4.000000
5929,-8.000000
5930,6.000000
5931,6.000000
5932,-70.000000
5933,-12.000000
5934,-10.000000
5935,32.000000
5936,54.000000
5937,82.000000
5938,-30.000000
5939,40.000000
5940,-16.000000
5941,-4.000000
5942,-2.000000
5943,2.000000
5944,2.000000
5945,-2.000000
5946,72.000000
5947,30.000000
5948,46.000000
5949,16.000000
5950,-22.000000
5951,-84.000000
5952,30.000000
5953,26.000000
5954,34.000000
5955,-4.000000
5956,8.000000
5957,4.000000
5958,4.000000
5959,32.000000
5960,12.000000
5961,-44.000000
5962,-44.000000
5963,8.000000
5964,-30.000000
5965,-6.000000
5966,-4.000000
5967,42.000000
5968,2.000000
5969,-22.000000
5970,4.000000
5971,2.000000
5972,-30.000000
5973,18.000000
5974,-36.000000
5975,-86.000000
5976,26.000000
5977,-8.000000
5978,4.000000
5979,-44.000000
5980,4.000000
5981,-34.000000
5982,-18.000000
5983,-20.000000
5984,22.000000
5985,76.000000
5986,-32.000000
5987,-18.000000
5988,34.000000
5989,-8.000000
5990,14.000000
5991,-22.000000
5992,-56.000000
5993,8.000000
5994,50.000000
5995,2.000000
5996,-26.000000
5997,2.000000
5998,-12.000000
5999,-70.000000
6000,-64.000000
6001,14.000000
6002,-8.000000
6003,-30.000000
6004,-16.000000
6005,-12.000000
6006,16.000000
6007,-46.000000
6008,-56.000000
6009,-6.000000
6010,38.000000
6011,12.000000
6012,-40.000000
6013,16.000000
6014,-4.000000
6015,10.000000
6016,8.000000
6017,28.000000
6018,-18.000000
6019,-30.000000
6020,10.000000
6021,-18.000000
6022,-30.000000
6023,-26.000000
6024,22.000000
6025,-22.000000
6026,-22.000000
6027,-30.000000
6028,10.000000
6029,16.000000
6030,-12.000000
6031,-18.000000
6032,-50.000000
6033,22.000000
6034,8.000000
6035,26.000000
6036,-14.000000
6037,2.000000
6038,22.000000
6039,-8.000000
6040,2.000000
6041,-32.000000
6042,-48.000000
6043,-8.000000
6044,-12.000000
6045,18.000000
6046,-36.000000
6047,54.000000
6048,-8.000000
6049,100.000000
6050,-6.000000
6051,-32.000000
6052,12.000000
6053,-14.000000
6054,-10.000000
6055,-20.000000
6056,-50.000000
6057,4.000000
6058,2.000000
6059,14.000000
6060,74.000000
6061,-18.000000
6062,6.000000
6063,-8.000000
6064,18.000000
6065,-114.000000
6066,14.000000
6067,-26.000000
6068,-38.000000
6069,16.000000
6070,14.000000
6071,-40.000000
6072,-34.000000
6073,-72.000000
6074,18.000000
6075,8.000000
6076,32.000000
6077,18.000000
6078,14.000000
6079,54.000000
6080,10.000000
6081,2.000000
6082,0.000000
6083,26.000000
6084,-64.000000
6085,-40.000000
6086,-24.000000
6087,8.000000
6088,-28.000000
6089,-26.000000
6090,-14.000000
6091,-6.000000
6092,46.000000
6093,6.000000
6094,-20.000000
6095,0.000000
6096,30.000000
6097,-8.000000
6098,16.000000
6099,-22.000000
6100,18.000000
6101,-28.000000
6102,50.000000
6103,60.000000
6104,10.000000
6105,18.000000
6106,-2.000000
6107,54.000000
6108,8.000000
6109,-6.000000
6110,-2.000000
6111,-14.000000
6112,-24.000000
6113,-4.000000
6114,-28.000000
6115,-4.000000
6116,-20.000000
6117,28.000000
6118,-6.000000
6119,-8.000000
6120,-8.000000
6121,-26.000000
6122,-2.000000
6123,38.000000
6124,-8.000000
6125,-20.000000
6126,8.000000
6127,-26.000000
6128,-16.000000
6129,34.000000
6130,12.000000
6131,8.000000
6132,-18.000000
6133,-48.000000
6134,12.000000
6135,-12.000000
6136,46.000000
6137,2.000000
6138,-16.000000
6139,-4.000000
6140,-18.000000
6141,2.000000
6142,60.000000
6143,-86.000000
6144,-16.000000
6145,24.000000
6146,-4.000000
6147,26.000000
6148,-4.000000
6149,-14.000000
6150,8.000000
6151,8.000000
6152,26.000000
6153,32.000000
6154,0.000000
6155,16.000000
6156,14.000000
6157,-94.000000
6158,-2.000000
6159,12.000000
6160,10.000000
6161,-12.000000
6162,26.000000
6163,-24.000000
6164,-2.000000
6165,48.000000
6166,0.000000
6167,40.000000
6168,2.000000
6169,2.000000
6170,34.000000
6171,46.000000
6172,-4.000000
6173,-16.000000
6174,4.000000
6175,-60.000000
6176,-86.000000
6177,6.000000
6178,2.000000
6179,-28.000000
6180,48.000000
6181,6.000000
6182,-30.000000
6183,-22.000000
6184,36.000000
6185,10.000000
6186,22.000000
6187,10.000000
6188,24.000000
6189,48.000000
6190,-16.000000
6191,-16.000000
6192,-8.000000
6193,-30.000000
6194,68.000000
6195,104.000000
6196,32.000000
6197,44.000000
6198,0.000000
6199,-4.000000
6200,-22.000000
6201,-12.000000
6202,-12.000000
6203,60.000000
6204,-12.000000
6205,-24.000000
6206,6.000000
6207,34.000000
6208,-6.000000
6209,4.000000
6210,-44.000000
6211,-40.000000
6212,12.000000
6213,-4.000000
6214,-40.000000
6215,-54.000000
6216,22.000000
6217,-48.000000
6218,-36.000000
6219,-14.000000
6220,16.000000
6221,2.000000
6222,44.000000
6223,28.000000
6224,10.000000
6225,-70.000000
6226,-8.000000
6227,40.000000
6228,-16.000000
6229,16.000000
6230,20.000000
6231,-60.000000
6232,20.000000
6233,18.000000
6234,-46.000000
6235,-40.000000
6236,-30.000000
6237,30.000000
6238,68.000000
6239,-20.000000
6240,-26.000000
6241,-30.000000
6242,-6.000000
6243,60.000000
6244,-6.000000
6245,2.000000
6246,18.000000
6247,-54.000000
6248,20.000000
6249,14.000000
6250,54.000000
6251,-20.000000
6252,16.000000
6253,26.000000
6254,4.000000
6255,-30.000000
6256,-82.000000
6257,-26.000000
6258,-34.000000
6259,-38.000000
6260,24.000000
6261,16.000000
6262,-22.000000
6263,-8.000000
6264,50.000000
6265,20.000000
6266,-14.000000
6267,-12.000000
6268,-6.000000
6269,-26.000000
6270,8.000000
6271,-20.000000
6272,-8.000000
6273,34.000000
6274,-16.000000
6275,-18.000000
6276,22.000000
6277,14.000000
6278,20.000000
6279,-26.000000
6280,14.000000
6281,-8.000000
6282,-6.000000
6283,-6.000000
6284,28.000000
6285,0.000000
6286,-22.000000
6287,40.000000
6288,-2.000000
6289,-36.000000
6290,-40.000000
6291,-26.000000
6292,8.000000
6293,26.000000
6294,2.000000
6295,-32.000000
6296,-14.000000
6297,-8.000000
6298,16.000000
6299,12.000000
6300,-12.000000
6301,-12.000000
6302,12.000000
6303,26.000000
6304,50.000000
6305,-18.000000
6306,-26.000000
6307,-8.000000
6308,22.000000
6309,14.000000
6310,-8.000000
6311,-14.000000
6312,-30.000000
6313,-10.000000
6314,-16.000000
6315,14.000000
6316,-16.000000
6317,-64.000000
6318,46.000000
6319,12.000000
6320,24.000000
6321,8.000000
6322,0.000000
6323,-8.000000
6324,24.000000
6325,12.000000
6326,-6.000000
6327,-22.000000
6328,0.000000
6329,2.000000
6330,-18.000000
6331,-14.000000
6332,6.000000
6333,-16.000000
6334,2.000000
6335,-4.000000
6336,28.000000
6337,-6.000000
6338,-10.000000
6339,26.000000
6340,-16.000000
6341,-20.000000
6342,8.000000
6343,-2.000000
6344,32.000000
6345,-26.000000
6346,-60.000000
6347,-50.000000
6348,-32.000000
6349,26.000000
6350,32.000000
6351,-22.000000
6352,28.000000
6353,22.000000
6354,42.000000
6355,-12.000000
6356,20.000000
6357,-36.000000
6358,14.000000
6359,-8.000000
6360,-14.000000
6361,0.000000
6362,8.000000
6363,50.000000
6364,26.000000
6365,40.000000
6366,36.000000
6367,-8.000000
6368,6.000000
6369,2.000000
6370,-52.000000
6371,12.000000
6372,-30.000000
6373,2.000000
6374,6.000000
6375,-6.000000
6376,-16.000000
6377,-8.000000
6378,-6.000000
6379,2.000000
6380,94.000000
6381,-26.000000
6382,68.000000
6383,-12.000000
6384,6.000000
6385,10.000000
6386,16.000000
6387,-70.000000
6388,0.000000
6389,20.000000
6390,32.000000
6391,34.000000
6392,-24.000000
6393,24.000000
6394,20.000000
6395,-18.000000
6396,6.000000
6397,56.000000
6398,8.000000
6399,-24.000000
6400,20.000000
6401,-6.000000
6402,-6.000000
6403,-26.000000
6404,0.000000
6405,-12.000000
6406,44.000000
6407,14.000000
6408,6.000000
6409,-6.000000
6410,26.000000
6411,-2.000000
6412,-48.000000
6413,28.000000
6414,-18.000000
6415,-2.000000
6416,-8.000000
6417,14.000000
6418,2.000000
6419,28.000000
6420,10.000000
6421,4.000000
6422,-36.000000
6423,-48.000000
6424,-40.000000
6425,16.000000
6426,0.000000
6427,-12.000000
6428,-4.000000
6429,-12.000000
6430,28.000000
6431,-44.000000
6432,-6.000000
6433,-12.000000
6434,8.000000
6435,-24.000000
6436,-30.000000
6437,16.000000
6438,-2.000000
6439,-4.000000
6440,-8.000000
6441,20.000000
6442,30.000000
6443,6.000000
6444,-8.000000
6445,2.000000
6446,-4.000000
6447,-2.000000
6448,-4.000000
6449,-34.000000
6450,28.000000
6451,10.000000
6452,48.000000
6453,32.000000
6454,-4.000000
6455,-12.000000
6456,46.000000
6457,8.000000
6458,6.000000
6459,-36.000000
6460,10.000000
6461,2.000000
6462,2.000000
6463,-50.000000
6464,-30.000000
6465,2.000000
6466,-16.000000
6467,44.000000
6468,-18.000000
6469,-8.000000
6470,-12.000000
6471,-18.000000
6472,-4.000000
6473,-26.000000
6474,-14.000000
6475,8.000000
6476,12.000000
6477,12.000000
6478,14.000000
6479,60.000000
6480,28.000000
6481,38.000000
6482,-30.000000
6483,2.000000
6484,40.000000
6485,42.000000
6486,54.000000
6487,-10.000000
6488,-10.000000
6489,0.000000
6490,-56.000000
6491,-12.000000
6492,-94.000000
6493,-24.000000
6494,-24.000000
6495,24.000000
6496,0.000000
6497,-26.000000
6498,-12.000000
6499,30.000000
6500,12.000000
6501,48.000000
6502,22.000000
6503,2.000000
6504,-12.000000
6505,10.000000
6506,-22.000000
6507,-32.000000
6508,-8.000000
6509,46.000000
6510,-26.000000
6511,-20.000000
6512,-20.000000
6513,-8.000000
6514,-12.000000
6515,-8.000000
6516,36.000000
6517,-16.000000
6518,2.000000
6519,42.000000
6520,32.000000
6521,22.000000
6522,6.000000
6523,16.000000
6524,10.000000
6525,18.000000
6526,18.000000
6527,-12.000000
6528,-10.000000
6529,-26.000000
6530,18.000000
6531,36.000000
6532,-72.000000
6533,2.000000
6534,-22.000000
6535,-52.000000
6536,10.000000
6537,24.000000
6538,-28.000000
6539,-12.000000
6540,4.000000
6541,-26.000000
6542,-4.000000
6543,-18.000000
6544,76.000000
6545,46.000000
6546,-44.000000
6547,12.000000
6548,60.000000
6549,16.000000
6550,44.000000
6551,22.000000
6552,0.000000
6553,-6.000000
6554,54.000000
6555,-48.000000
6556,-22.000000
6557,20.000000
6558,8.000000
6559,6.000000
6560,-10.000000
6561,-12.000000
6562,2.000000
6563,-16.000000
6564,-16.000000
6565,26.000000
6566,-24.000000
6567,16.000000
6568,16.000000
6569,30.000000
6570,14.000000
6571,30.000000
6572,8.000000
6573,-2.000000
6574,-14.000000
6575,-26.000000
6576,8.000000
6577,-4.000000
6578,2.000000
6579,-6.000000
6580,34.000000
6581,20.000000
6582,-2.000000
6583,48.000000
6584,-48.000000
6585,-26.000000
6586,-44.000000
6587,32.000000
6588,-10.000000
6589,32.000000
6590,0.000000
6591,-10.000000
6592,-4.000000
6593,8.000000
6594,0.000000
6595,-6.000000
6596,-2.000000
6597,28.000000
6598,-16.000000
6599,58.000000
6600,-22.000000
6601,38.000000
6602,38.000000
6603,16.000000
6604,-26.000000
6605,-6.000000
6606,-6.000000
6607,10.000000
6608,18.000000
6609,-26.000000
6610,-12.000000
6611,-34.000000
6612,24.000000
6613,64.000000
6614,16.000000
6615,14.000000
6616,-8.000000
6617,-30.000000
6618,-24.000000
6619,28.000000
6620,-26.000000
6621,14.000000
6622,16.000000
6623,-60.000000
6624,74.000000
6625,-8.000000
6626,36.000000
6627,16.000000
6628,16.000000
6629,-24.000000
6630,26.000000
6631,2.000000
6632,-30.000000
6633,-16.000000
6634,2.000000
6635,-44.000000
6636,64.000000
6637,16.000000
6638,10.000000
6639,2.000000
6640,-16.000000
6641,20.000000
6642,-16.000000
6643,14.000000
6644,-18.000000
6645,-34.000000
6646,16.000000
6647,104.000000
6648,-12.000000
6649,-4.000000
6650,46.000000
6651,44.000000
6652,22.000000
6653,-4.000000
6654,42.000000
6655,30.000000
6656,14.000000
6657,60.000000
6658,36.000000
6659,32.000000
6660,34.000000
6661,-58.000000
6662,-4.000000
6663,-18.000000
6664,-8.000000
6665,-30.000000
6666,8.000000
6667,0.000000
6668,-4.000000
6669,32.000000
6670,8.000000
6671,-52.000000
6672,-6.000000
6673,24.000000
6674,14.000000
6675,-68.000000
6676,-4.000000
6677,-18.000000
6678,0.000000
6679,20.000000
6680,40.000000
6681,-4.000000
6682,60.000000
6683,24.000000
6684,-12.000000
6685,6.000000
6686,-12.000000
6687,8.000000
6688,-58.000000
6689,36.000000
6690,2.000000
6691,-2.000000
6692,54.000000
6693,22.000000
6694,6.000000
6695,-60.000000
6696,14.000000
6697,24.000000
6698,-14.000000
6699,36.000000
6700,-16.000000
6701,8.000000
6702,30.000000
6703,0.000000
6704,-30.000000
6705,-16.000000
6706,40.000000
6707,2.000000
6708,-2.000000
6709,-22.000000
6710,-18.000000
6711,-18.000000
6712,-2.000000
6713,-22.000000
6714,28.000000
6715,32.000000
6716,12.000000
6717,4.000000
6718,-8.000000
6719,2.000000
6720,-44.000000
6721,36.000000
6722,-62.000000
6723,-4.000000
6724,-30.000000
6725,-8.000000
6726,-14.000000
6727,16.000000
6728,12.000000
6729,-16.000000
6730,24.000000
6731,26.000000
6732,-12.000000
6733,4.000000
6734,-36.000000
6735,12.000000
6736,58.000000
6737,-58.000000
6738,-12.000000
6739,-4.000000
6740,26.000000
6741,-8.000000
6742,8.000000
6743,-8.000000
6744,34.000000
6745,-16.000000
6746,10.000000
6747,-8.000000
6748,-18.000000
6749,-8.000000
6750,-18.000000
6751,14.000000
6752,-6.000000
6753,28.000000
6754,8.000000
6755,74.000000
6756,0.000000
6757,-4.000000
6758,46.000000
6759,108.000000
6760,28.000000
6761,-82.000000
6762,-14.000000
6763,12.000000
6764,44.000000
6765,-12.000000
6766,-26.000000
6767,16.000000
6768,22.000000
6769,18.000000
6770,-30.000000
6771,2.000000
6772,-26.000000
6773,38.000000
6774,40.000000
6775,58.000000
6776,-48.000000
6777,-10.000000
6778,-14.000000
6779,-6.000000
6780,0.000000
6781,34.000000
6782,-12.000000
6783,-4.000000
6784,12.000000
6785,-8.000000
6786,16.000000
6787,0.000000
6788,16.000000
6789,-84.000000
6790,54.000000
6791,30.000000
6792,-22.000000
6793,-24.000000
6794,30.000000
6795,-30.000000
6796,16.000000
6797,-30.000000
6798,-2.000000
6799,-4.000000
6800,-6.000000
6801,38.000000
6802,-24.000000
6803,10.000000
6804,-26.000000
6805,8.000000
6806,0.000000
6807,0.000000
6808,-16.000000
6809,60.000000
6810,14.000000
6811,-34.000000
6812,0.000000
6813,28.000000
6814,-22.000000
6815,-42.000000
6816,10.000000
6817,-14.000000
6818,0.000000
6819,-26.000000
6820,-4.000000
6821,-4.000000
6822,-4.000000
6823,-30.000000
6824,-20.000000
6825,22.000000
6826,-16.000000
6827,20.000000
6828,10.000000
6829,14.000000
6830,24.000000
6831,16.000000
6832,-16.000000
6833,-70.000000
6834,-30.000000
6835,-16.000000
6836,-12.000000
6837,10.000000
6838,-22.000000
6839,8.000000
6840,2.000000
6841,0.000000
6842,-12.000000
6843,-24.000000
6844,-16.000000
6845,-30.000000
6846,32.000000
6847,4.000000
6848,28.000000
6849,-4.000000
6850,-42.000000
6851,32.000000
6852,-26.000000
6853,-78.000000
6854,-24.000000
6855,-8.000000
6856,-12.000000
6857,-14.000000
6858,76.000000
6859,-6.000000
6860,-6.000000
6861,8.000000
6862,14.000000
6863,-22.000000
6864,6.000000
6865,24.000000
6866,8.000000
6867,-6.000000
6868,-22.000000
6869,-8.000000
6870,-6.000000
6871,-12.000000
6872,26.000000
6873,32.000000
6874,0.000000
6875,22.000000
6876,18.000000
6877,-12.000000
6878,20.000000
6879,-18.000000
6880,8.000000
6881,-44.000000
6882,-50.000000
6883,-18.000000
6884,-64.000000
6885,16.000000
6886,-56.000000
6887,10.000000
6888,16.000000
6889,10.000000
6890,-46.000000
6891,0.000000
6892,-18.000000
6893,2.000000
6894,14.000000
6895,10.000000
6896,12.000000
6897,22.000000
6898,26.000000
6899,0.000000
6900,-4.000000
6901,-18.000000
6902,6.000000
6903,-52.000000
6904,54.000000
6905,2.000000
6906,0.000000
6907,-22.000000
6908,4.000000
6909,-14.000000
6910,-2.000000
6911,-22.000000
6912,-18.000000
6913,32.000000
6914,-2.000000
6915,32.000000
6916,-4.000000
6917,18.000000
6918,-16.000000
6919,-30.000000
6920,32.000000
6921,46.000000
6922,-6.000000
6923,50.000000
6924,82.000000
6925,-62.000000
6926,-50.000000
6927,62.000000
6928,-18.000000
6929,-20.000000
6930,-4.000000
6931,-12.000000
6932,14.000000
6933,-22.000000
6934,8.000000
6935,-34.000000
6936,-34.000000
6937,-40.000000
6938,-42.000000
6939,58.000000
6940,-64.000000
6941,-2.000000
6942,-4.000000
6943,-48.000000
6944,-30.000000
6945,8.000000
6946,28.000000
6947,-2.000000
6948,16.000000
6949,-20.000000
6950,0.000000
6951,-18.000000
6952,-26.000000
6953,-10.000000
6954,-10.000000
6955,-4.000000
6956,-22.000000
6957,0.000000
6958,18.000000
6959,10.000000
6960,-26.000000
6961,28.000000
6962,-12.000000
6963,62.000000
6964,0.000000
6965,-2.000000
6966,-44.000000
6967,-6.000000
6968,-10.000000
6969,-20.000000
6970,-4.000000
6971,-50.000000
6972,0.000000
6973,26.000000
6974,34.000000
6975,28.000000
6976,50.000000
6977,12.000000
6978,-4.000000
6979,-30.000000
6980,-22.000000
6981,8.000000
6982,4.000000
6983,24.000000
6984,-34.000000
6985,0.000000
6986,-8.000000
6987,8.000000
6988,2.000000
6989,10.000000
6990,-30.000000
6991,32.000000
6992,58.000000
6993,-36.000000
6994,6.000000
6995,-36.000000
6996,34.000000
6997,8.000000
6998,10.000000
6999,-6.000000
7000,26.000000
7001,-54.000000
7002,-16.000000
7003,-30.000000
7004,2.000000
7005,-12.000000
7006,42.000000
7007,-40.000000
7008,14.000000
7009,-20.000000
7010,20.000000
7011,30.000000
7012,22.000000
7013,-22.000000
7014,16.000000
7015,-34.000000
7016,-16.000000
7017,10.000000
7018,12.000000
7019,-6.000000
7020,-30.000000
7021,10.000000
7022,10.000000
7023,0.000000
7024,10.000000
7025,-54.000000
7026,-6.000000
7027,54.000000
7028,36.000000
7029,-22.000000
7030,12.000000
7031,-44.000000
7032,36.000000
7033,12.000000
7034,24.000000
7035,34.000000
7036,-30.000000
7037,26.000000
7038,-2.000000
7039,-14.000000
7040,-6.000000
7041,38.000000
7042,-4.000000
7043,-18.000000
7044,12.000000
7045,-18.000000
7046,-2.000000
7047,-8.000000
7048,-10.000000
7049,0.000000
7050,-30.000000
7051,10.000000
7052,-20.000000
7053,14.000000
7054,-10.000000
7055,-18.000000
7056,-72.000000
7057,6.000000
7058,26.000000
7059,-2.000000
7060,64.000000
7061,14.000000
7062,0.000000
7063,0.000000
7064,-44.000000
7065,14.000000
7066,12.000000
7067,-4.000000
7068,-6.000000
7069,50.000000
7070,-4.000000
7071,-6.000000
7072,4.000000
7073,22.000000
7074,4.000000
7075,-4.000000
7076,10.000000
7077,-36.000000
7078,12.000000
7079,-2.000000
7080,-4.000000
7081,0.000000
7082,-4.000000
7083,-36.000000
7084,22.000000
7085,2.000000
7086,10.000000
7087,-8.000000
7088,-10.000000
7089,-4.000000
7090,26.000000
7091,-30.000000
7092,-10.000000
7093,-16.000000
7094,-18.000000
7095,-48.000000
7096,-10.000000
7097,-8.000000
7098,-2.000000
7099,40.000000
7100,8.000000
7101,-30.000000
7102,8.000000
7103,-8.000000
7104,-8.000000
7105,-6.000000
7106,-26.000000
7107,40.000000
7108,32.000000
7109,-8.000000
7110,28.000000
7111,54.000000
7112,14.000000
7113,24.000000
7114,-22.000000
7115,30.000000
7116,8.000000
7117,-4.000000
7118,22.000000
7119,28.000000
7120,-20.000000
7121,-4.000000
7122,26.000000
7123,-6.000000
7124,-24.000000
7125,-12.000000
7126,-4.000000
7127,-44.000000
7128,36.000000
7129,0.000000
7130,0.000000
7131,8.000000
7132,8.000000
7133,-48.000000
7134,40.000000
7135,16.000000
7136,12.000000
7137,0.000000
7138,22.000000
7139,-4.000000
7140,-20.000000
7141,12.000000
7142,-30.000000
7143,-6.000000
7144,-8.000000
7145,54.000000
7146,2.000000
7147,-4.000000
7148,-2.000000
7149,-4.000000
7150,-16.000000
7151,-18.000000
7152,-48.000000
7153,8.000000
7154,-36.000000
7155,-12.000000
7156,-16.000000
7157,6.000000
7158,28.000000
7159,-28.000000
7160,-36.000000
7161,32.000000
7162,-102.000000
7163,10.000000
7164,10.000000
7165,0.000000
7166,-26.000000
7167,32.000000
7168,30.000000
7169,-62.000000
7170,98.000000
7171,18.000000
7172,14.000000
7173,-36.000000
7174,58.000000
7175,64.000000
7176,-18.000000
7177,-2.000000
7178,-30.000000
7179,2.000000
7180,-12.000000
7181,6.000000
7182,70.000000
7183,-2.000000
7184,20.000000
7185,-20.000000
7186,4.000000
7187,-48.000000
7188,-4.000000
7189,-16.000000
7190,2.000000
7191,-20.000000
7192,-2.000000
7193,-26.000000
7194,76.000000
7195,-14.000000
7196,-34.000000
7197,-6.000000
7198,-4.000000
7199,-32.000000
7200,2.000000
7201,-12.000000
7202,-94.000000
7203,-6.000000
7204,-4.000000
7205,14.000000
7206,28.000000
7207,0.000000
7208,32.000000
7209,-42.000000
7210,-26.000000
7211,-12.000000
7212,-8.000000
7213,28.000000
7214,30.000000
7215,-24.000000
7216,38.000000
7217,2.000000
7218,0.000000
7219,14.000000
7220,-30.000000
7221,16.000000
7222,2.000000
7223,10.000000
7224,-74.000000
7225,-16.000000
7226,30.000000
7227,-6.000000
7228,0.000000
7229,-14.000000
7230,32.000000
7231,22.000000
7232,-20.000000
7233,-12.000000
7234,-18.000000
7235,64.000000
7236,0.000000
7237,-2.000000
7238,50.000000
7239,34.000000
7240,28.000000
7241,2.000000
7242,-34.000000
7243,-4.000000
7244,-4.000000
7245,24.000000
7246,-4.000000
7247,14.000000
7248,-24.000000
7249,-16.000000
7250,34.000000
7251,38.000000
7252,14.000000
7253,8.000000
7254,-42.000000
7255,-12.000000
7256,8.000000
7257,-8.000000
7258,-48.000000
7259,2.000000
7260,-26.000000
7261,-20.000000
7262,-4.000000
7263,-26.000000
7264,-48.000000
7265,-8.000000
7266,-26.000000
7267,68.000000
7268,-26.000000
7269,10.000000
7270,-22.000000
7271,74.000000
7272,60.000000
7273,2.000000
7274,12.000000
7275,58.000000
7276,8.000000
7277,-18.000000
7278,14.000000
7279,2.000000
7280,4.000000
7281,-32.000000
7282,-8.000000
7283,-22.000000
7284,54.000000
7285,-62.000000
7286,-30.000000
7287,14.000000
7288,26.000000
7289,-6.000000
7290,58.000000
7291,14.000000
7292,-60.000000
7293,8.000000
7294,10.000000
7295,14.000000
7296,62.000000
7297,-44.000000
7298,26.000000
7299,8.000000
7300,-6.000000
7301,28.000000
7302,26.000000
7303,-16.000000
7304,40.000000
7305,16.000000
7306,18.000000
7307,14.000000
7308,42.000000
7309,-68.000000
7310,-24.000000
7311,-36.000000
7312,-18.000000
7313,-4.000000
7314,24.000000
7315,-2.000000
7316,-4.000000
7317,-10.000000
7318,8.000000
7319,-4.000000
7320,-14.000000
7321,10.000000
7322,26.000000
7323,6.000000
7324,32.000000
7325,-14.000000
7326,44.000000
7327,6.000000
7328,-26.000000
7329,-26.000000
7330,-20.000000
7331,4.000000
7332,-22.000000
7333,-22.000000
7334,6.000000
7335,12.000000
7336,34.000000
7337,28.000000
7338,8.000000
7339,-16.000000
7340,-14.000000
7341,-30.000000
7342,8.000000
7343,-4.000000
7344,-56.000000
7345,22.000000
7346,4.000000
7347,-4.000000
7348,-16.000000
7349,50.000000
7350,60.000000
7351,-30.000000
7352,2.000000
7353,48.000000
7354,44.000000
7355,10.000000
7356,8.000000
7357,-2.000000
7358,-26.000000
7359,-8.000000
7360,6.000000
7361,-50.000000
7362,22.000000
7363,-14.000000
7364,2.000000
7365,46.000000
7366,40.000000
7367,64.000000
7368,8.000000
7369,-36.000000
7370,22.000000
7371,16.000000
7372,14.000000
7373,-16.000000
7374,2.000000
7375,14.000000
7376,-8.000000
7377,2.000000
7378,-2.000000
7379,-2.000000
7380,-4.000000
7381,8.000000
7382,-12.000000
7383,-82.000000
7384,14.000000
7385,-38.000000
7386,-4.000000
7387,-10.000000
7388,0.000000
7389,-38.000000
7390,-22.000000
7391,32.000000
7392,22.000000
7393,42.000000
7394,-6.000000
7395,-14.000000
7396,-20.000000
7397,-10.000000
7398,-28.000000
7399,10.000000
7400,-30.000000
7401,8.000000
7402,-8.000000
7403,-16.000000
7404,-12.000000
7405,-8.000000
7406,-6.000000
7407,-30.000000
7408,-20.000000
7409,2.000000
7410,28.000000
7411,36.000000
7412,26.000000
7413,22.000000
7414,20.000000
7415,2.000000
7416,-30.000000
7417,-4.000000
7418,-8.000000
7419,30.000000
7420,-8.000000
7421,-12.000000
7422,-58.000000
7423,0.000000
7424,24.000000
7425,-50.000000
7426,20.000000
7427,6.000000
7428,56.000000
7429,18.000000
7430,-32.000000
7431,-18.000000
7432,-32.000000
7433,28.000000
7434,20.000000
7435,58.000000
7436,62.000000
7437,-12.000000
7438,-32.000000
7439,-12.000000
7440,24.000000
7441,30.000000
7442,2.000000
7443,-26.000000
7444,-22.000000
7445,-38.000000
7446,-56.000000
7447,40.000000
7448,-20.000000
7449,24.000000
7450,-12.000000
7451,-82.000000
7452,22.000000
7453,10.000000
7454,6.000000
7455,22.000000
7456,-34.000000
7457,-54.000000
7458,24.000000
7459,74.000000
7460,2.000000
7461,-4.000000
7462,-4.000000
7463,-20.000000
7464,-26.000000
7465,4.000000
7466,-16.000000
7467,-10.000000
7468,-30.000000
7469,-26.000000
7470,40.000000
7471,22.000000
7472,22.000000
7473,12.000000
7474,-16.000000
7475,2.000000
7476,-24.000000
7477,-8.000000
7478,18.000000
7479,8.000000
7480,-4.000000
7481,22.000000
7482,-12.000000
7483,42.000000
7484,-52.000000
7485,-4.000000
7486,-28.000000
7487,-18.000000
7488,4.000000
7489,12.000000
7490,26.000000
7491,8.000000
7492,2.000000
7493,18.000000
7494,-12.000000
7495,8.000000
7496,34.000000
7497,-58.000000
7498,-26.000000
7499,-4.000000
7500,-4.000000
7501,0.000000
7502,58.000000
7503,18.000000
7504,18.000000
7505,4.000000
7506,34.000000
7507,-30.000000
7508,24.000000
7509,-22.000000
7510,-60.000000
7511,6.000000
7512,8.000000
7513,-22.000000
7514,46.000000
7515,2.000000
7516,42.000000
7517,78.000000
7518,-20.000000
7519,-10.000000
7520,-4.000000
7521,46.000000
7522,28.000000
7523,-34.000000
7524,14.000000
7525,-2.000000
7526,-18.000000
7527,-4.000000
7528,-18.000000
7529,26.000000
7530,12.000000
7531,-2.000000
7532,26.000000
7533,34.000000
7534,8.000000
7535,-30.000000
7536,-44.000000
7537,-36.000000
7538,-4.000000
7539,-54.000000
7540,-4.000000
7541,6.000000
7542,6.000000
7543,30.000000
7544,32.000000
7545,-4.000000
7546,-44.000000
7547,44.000000
7548,92.000000
7549,-12.000000
7550,-28.000000
7551,-14.000000
7552,-6.000000
7553,44.000000
7554,4.000000
7555,-124.000000
7556,-14.000000
7557,58.000000
7558,-16.000000
7559,0.000000
7560,0.000000
7561,38.000000
7562,8.000000
7563,44.000000
7564,54.000000
7565,-4.000000
7566,-26.000000
7567,-8.000000
7568,28.000000
7569,-28.000000
7570,-4.000000
7571,-22.000000
7572,20.000000
7573,-14.000000
7574,-4.000000
7575,-14.000000
7576,-16.000000
7577,24.000000
7578,22.000000
7579,50.000000
7580,26.000000
7581,50.000000
7582,0.000000
7583,0.000000
7584,-10.000000
7585,2.000000
7586,2.000000
7587,14.000000
7588,-2.000000
7589,-4.000000
7590,44.000000
7591,-48.000000
7592,10.000000
7593,-8.000000
7594,-6.000000
7595,-4.000000
7596,28.000000
7597,-4.000000
7598,58.000000
7599,-28.000000
7600,10.000000
7601,8.000000
7602,28.000000
7603,-30.000000
7604,28.000000
7605,74.000000
7606,76.000000
7607,4.000000
7608,-2.000000
7609,-12.000000
7610,-26.000000
7611,-32.000000
7612,-6.000000
7613,-24.000000
7614,-18.000000
7615,14.000000
7616,12.000000
7617,36.000000
7618,-8.000000
7619,22.000000
7620,-50.000000
7621,10.000000
7622,10.000000
7623,-36.000000
7624,-40.000000
7625,22.000000
7626,-36.000000
7627,-4.000000
7628,2.000000
7629,-16.000000
7630,2.000000
7631,40.000000
7632,28.000000
7633,8.000000
7634,14.000000
7635,26.000000
7636,0.000000
7637,-50.000000
7638,26.000000
7639,-80.000000
7640,-12.000000
7641,-12.000000
7642,-34.000000
7643,-48.000000
7644,-8.000000
7645,0.000000
7646,18.000000
7647,-10.000000
7648,50.000000
7649,-70.000000
7650,0.000000
7651,-34.000000
7652,-4.000000
7653,-44.000000
7654,8.000000
7655,2.000000
7656,4.000000
7657,44.000000
7658,-4.000000
7659,-18.000000
7660,-38.000000
7661,-16.000000
7662,-30.000000
7663,-24.000000
7664,-8.000000
7665,82.000000
7666,26.000000
7667,-18.000000
7668,74.000000
7669,6.000000
7670,6.000000
7671,-2.000000
7672,28.000000
7673,-4.000000
7674,48.000000
7675,-30.000000
7676,24.000000
7677,-28.000000
7678,38.000000
7679,-82.000000
7680,-14.000000
7681,-14.000000
7682,24.000000
7683,-36.000000
7684,-12.000000
7685,28.000000
7686,10.000000
7687,-26.000000
7688,16.000000
7689,-2.000000
7690,50.000000
7691,46.000000
7692,24.000000
7693,14.000000
7694,12.000000
7695,24.000000
7696,10.000000
7697,14.000000
7698,46.000000
7699,-48.000000
7700,-10.000000
7701,-24.000000
7702,-10.000000
7703,14.000000
7704,20.000000
7705,-26.000000
7706,-56.000000
7707,-12.000000
7708,12.000000
7709,-36.000000
7710,2.000000
7711,12.000000
7712,22.000000
7713,-52.000000
7714,-12.000000
7715,4.000000
7716,4.000000
7717,-12.000000
7718,-24.000000
7719,-60.000000
7720,32.000000
7721,8.000000
7722,-32.000000
7723,-44.000000
7724,14.000000
7725,14.000000
7726,14.000000
7727,22.000000
7728,40.000000
7729,-14.000000
7730,-32.000000
7731,4.000000
7732,-12.000000
7733,8.000000
7734,22.000000
7735,-40.000000
7736,-22.000000
7737,-16.000000
7738,0.000000
7739,-12.000000
7740,22.000000
7741,6.000000
7742,26.000000
7743,8.000000
7744,-20.000000
7745,96.000000
7746,20.000000
7747,102.000000
7748,-64.000000
7749,0.000000
7750,-8.000000
7751,8.000000
7752,14.000000
7753,2.000000
7754,26.000000
7755,6.000000
7756,-6.000000
7757,-14.000000
7758,14.000000
7759,-24.000000
7760,12.000000
7761,0.000000
7762,-40.000000
7763,68.000000
7764,-12.000000
7765,-48.000000
7766,-16.000000
7767,-50.000000
7768,54.000000
7769,8.000000
7770,8.000000
7771,-18.000000
7772,26.000000
7773,0.000000
7774,-12.000000
7775,-32.000000
7776,-8.000000
7777,30.000000
7778,-8.000000
7779,-60.000000
7780,2.000000
7781,-2.000000
7782,-12.000000
7783,-42.000000
7784,2.000000
7785,24.000000
7786,2.000000
7787,10.000000
7788,10.000000
7789,-6.000000
7790,20.000000
7791,6.000000
7792,12.000000
7793,-48.000000
7794,58.000000
7795,-34.000000
7796,32.000000
7797,-12.000000
7798,-4.000000
7799,32.000000
7800,-2.000000
7801,4.000000
7802,-44.000000
7803,14.000000
7804,-20.000000
7805,-40.000000
7806,-2.000000
7807,50.000000
7808,2.000000
7809,2.000000
7810,-12.000000
7811,-14.000000
7812,26.000000
7813,14.000000
7814,-30.000000
7815,20.000000
7816,18.000000
7817,10.000000
7818,32.000000
7819,-22.000000
7820,-72.000000
7821,32.000000
7822,-34.000000
7823,-18.000000
7824,10.000000
7825,-42.000000
7826,-56.000000
7827,-4.000000
7828,-22.000000
7829,-54.000000
7830,-4.000000
7831,24.000000
7832,14.000000
7833,-18.000000
7834,-2.000000
7835,18.000000
7836,0.000000
7837,-4.000000
7838,-34.000000
7839,-22.000000
7840,-44.000000
7841,16.000000
7842,14.000000
7843,-14.000000
7844,-12.000000
7845,0.000000
7846,-28.000000
7847,-30.000000
7848,-14.000000
7849,26.000000
7850,-62.000000
7851,-4.000000
7852,-46.000000
7853,-8.000000
7854,8.000000
7855,-14.000000
7856,0.000000
7857,84.000000
7858,-26.000000
7859,-24.000000
7860,30.000000
7861,-12.000000
7862,-44.000000
7863,-32.000000
7864,4.000000
7865,-12.000000
7866,44.000000
7867,14.000000
7868,-84.000000
7869,-24.000000
7870,26.000000
7871,28.000000
7872,20.000000
7873,-36.000000
7874,-8.000000
7875,54.000000
7876,30.000000
7877,-30.000000
7878,-16.000000
7879,18.000000
7880,-12.000000
7881,-24.000000
7882,-4.000000
7883,16.000000
7884,-44.000000
7885,-4.000000
7886,14.000000
7887,98.000000
7888,58.000000
7889,-8.000000
7890,4.000000
7891,2.000000
7892,6.000000
7893,22.000000
7894,-18.000000
7895,6.000000
7896,-2.000000
7897,-18.000000
7898,8.000000
7899,4.000000
7900,-20.000000
7901,4.000000
7902,-6.000000
7903,-28.000000
7904,6.000000
7905,-16.000000
7906,16.000000
7907,-32.000000
7908,-32.000000
7909,-48.000000
7910,-4.000000
7911,4.000000
7912,-24.000000
7913,-16.000000
7914,-34.000000
7915,-62.000000
7916,-30.000000
7917,26.000000
7918,26.000000
7919,-2.000000
7920,-44.000000
7921,6.000000
7922,20.000000
7923,-34.000000
7924,70.000000
7925,-30.000000
7926,34.000000
7927,2.000000
7928,-8.000000
7929,6.000000
7930,-50.000000
7931,60.000000
7932,-18.000000
7933,-16.000000
7934,8.000000
7935,24.000000
7936,-14.000000
7937,2.000000
7938,10.000000
7939,6.000000
7940,-18.000000
7941,12.000000
7942,10.000000
7943,12.000000
7944,16.000000
7945,-64.000000
7946,46.000000
7947,20.000000
7948,18.000000
7949,-4.000000
7950,6.000000
7951,8.000000
7952,-18.000000
7953,22.000000
7954,-68.000000
7955,-40.000000
7956,18.000000
7957,-28.000000
7958,14.000000
7959,-8.000000
7960,8.000000
7961,-12.000000
7962,4.000000
7963,-16.000000
7964,14.000000
7965,-12.000000
7966,-12.000000
7967,-44.000000
7968,24.000000
7969,20.000000
7970,-26.000000
7971,-8.000000
7972,-20.000000
7973,30.000000
7974,-72.000000
7975,6.000000
7976,-30.000000
7977,-6.000000
7978,26.000000
7979,22.000000
7980,12.000000
7981,44.000000
7982,-50.000000
7983,-48.000000
7984,26.000000
7985,-4.000000
7986,-22.000000
7987,2.000000
7988,16.000000
7989,-4.000000
7990,28.000000
7991,-22.000000
7992,-8.000000
7993,-4.000000
7994,34.000000
7995,46.000000
7996,-4.000000
7997,-4.000000
7998,18.000000
7999,58.000000
8000,-4.000000
8001,-26.000000
8002,-20.000000
8003,6.000000
8004,32.000000
8005,50.000000
8006,-56.000000
8007,-30.000000
8008,-16.000000
8009,-4.000000
8010,44.000000
8011,-8.000000
8012,24.000000
8013,48.000000
8014,2.000000
8015,-2.000000
8016,-40.000000
8017,8.000000
8018,54.000000
8019,14.000000
8020,30.000000
8021,22.000000
8022,4.000000
8023,-32.000000
8024,-2.000000
8025,10.000000
8026,-22.000000
8027,28.000000
8028,40.000000
8029,22.000000
8030,50.000000
8031,10.000000
8032,10.000000
8033,-12.000000
8034,-4.000000
8035,22.000000
8036,36.000000
8037,12.000000
8038,-58.000000
8039,14.000000
8040,12.000000
8041,16.000000
8042,-54.000000
8043,22.000000
8044,36.000000
8045,14.000000
8046,-12.000000
8047,-4.000000
8048,26.000000
8049,28.000000
8050,-18.000000
8051,-10.000000
8052,-12.000000
8053,28.000000
8054,-8.000000
8055,0.000000
8056,-26.000000
8057,14.000000
8058,-14.000000
8059,12.000000
8060,54.000000
8061,-8.000000
8062,-32.000000
8063,-60.000000
8064,24.000000
8065,-30.000000
8066,-8.000000
8067,4.000000
8068,-14.000000
8069,-8.000000
8070,24.000000
8071,4.000000
8072,-2.000000
8073,62.000000
8074,-54.000000
8075,-58.000000
8076,14.000000
8077,-60.000000
8078,4.000000
8079,40.000000
8080,-16.000000
8081,-26.000000
8082,-14.000000
8083,-4.000000
8084,-30.000000
8085,-22.000000
8086,-34.000000
8087,-16.000000
8088,12.000000
8089,-18.000000
8090,-8.000000
8091,-10.000000
8092,-30.000000
8093,-26.000000
8094,-2.000000
8095,-44.000000
8096,4.000000
8097,-18.000000
8098,10.000000
8099,-6.000000
8100,-24.000000
8101,-4.000000
8102,-20.000000
8103,86.000000
8104,-20.000000
8105,-8.000000
8106,0.000000
8107,42.000000
8108,-30.000000
8109,30.000000
8110,2.000000
8111,-72.000000
8112,32.000000
8113,-18.000000
8114,78.000000
8115,-26.000000
8116,2.000000
8117,-12.000000
8118,20.000000
8119,0.000000
8120,42.000000
8121,24.000000
8122,-4.000000
8123,12.000000
8124,-12.000000
8125,42.000000
8126,26.000000
8127,8.000000
8128,0.000000
8129,26.000000
8130,-4.000000
8131,-12.000000
8132,-8.000000
8133,62.000000
8134,26.000000
8135,14.000000
8136,-38.000000
8137,-54.000000
8138,-4.000000
8139,58.000000
8140,-22.000000
8141,26.000000
8142,12.000000
8143,-6.000000
8144,38.000000
8145,6.000000
8146,-20.000000
8147,-26.000000
8148,8.000000
8149,-78.000000
8150,-30.000000
8151,54.000000
8152,-38.000000
8153,-12.000000
8154,-22.000000
8155,-2.000000
8156,-28.000000
8157,58.000000
8158,18.000000
8159,-14.000000
8160,-16.000000
8161,-16.000000
8162,22.000000
8163,10.000000
8164,4.000000
8165,-16.000000
8166,74.000000
8167,22.000000
8168,-26.000000
8169,-14.000000
8170,-4.000000
8171,2.000000
8172,-26.000000
8173,2.000000
8174,-30.000000
8175,-6.000000
8176,-60.000000
8177,34.000000
8178,-12.000000
8179,8.000000
8180,-60.000000
8181,-12.000000
8182,-6.000000
8183,-26.000000
8184,-34.000000
8185,-22.000000
8186,-28.000000
8187,28.000000
8188,-4.000000
8189,-4.000000
8190,32.000000
8191,-10.000000
8192,-10.000000
8193,20.000000
8194,-12.000000
8195,64.000000
8196,-26.000000
8197,4.000000
8198,-12.000000
8199,20.000000
8200,-12.000000
8201,-44.000000
8202,-40.000000
8203,-22.000000
8204,-8.000000
8205,-26.000000
8206,14.000000
8207,6.000000
8208,14.000000
8209,-2.000000
8210,-46.000000
8211,-18.000000
8212,-16.000000
8213,22.000000
8214,18.000000
8215,-6.000000
8216,36.000000
8217,2.000000
8218,0.000000
8219,22.000000
8220,-36.000000
8221,-2.000000
8222,-8.000000
8223,24.000000
8224,22.000000
8225,28.000000
8226,-8.000000
8227,14.000000
8228,-54.000000
8229,0.000000
8230,4.000000
8231,-36.000000
8232,10.000000
8233,-24.000000
8234,38.000000
8235,26.000000
8236,-6.000000
8237,6.000000
8238,-24.000000
8239,10.000000
8240,40.000000
8241,22.000000
8242,-30.000000
8243,-36.000000
8244,22.000000
8245,0.000000
8246,-2.000000
8247,-30.000000
8248,6.000000
8249,50.000000
8250,-14.000000
8251,14.000000
8252,-30.000000
8253,14.000000
8254,-30.000000
8255,-12.000000
8256,-16.000000
8257,50.000000
8258,-6.000000
8259,-2.000000
8260,50.000000
8261,14.000000
8262,34.000000
8263,-2.000000
8264,8.000000
8265,12.000000
8266,10.000000
8267,4.000000
8268,-34.000000
8269,-2.000000
8270,14.000000
8271,-2.000000
8272,50.000000
8273,4.000000
8274,30.000000
8275,-34.000000
8276,-16.000000
8277,-18.000000
8278,-66.000000
8279,24.000000
8280,28.000000
8281,26.000000
8282,54.000000
8283,2.000000
8284,0.000000
8285,-8.000000
8286,2.000000
8287,54.000000
8288,-8.000000
8289,-4.000000
8290,18.000000
8291,16.000000
8292,-22.000000
8293,-12.000000
8294,28.000000
8295,-38.000000
8296,-10.000000
8297,36.000000
8298,64.000000
8299,-28.000000
8300,18.000000
8301,28.000000
8302,-32.000000
8303,6.000000
8304,8.000000
8305,-14.000000
8306,-14.000000
8307,-16.000000
8308,-26.000000
8309,-2.000000
8310,-82.000000
8311,0.000000
8312,6.000000
8313,2.000000
8314,-20.000000
8315,-8.000000
8316,-8.000000
8317,-62.000000
8318,-26.000000
8319,-54.000000
8320,-24.000000
8321,-54.000000
8322,30.000000
8323,8.000000
8324,2.000000
8325,-40.000000
8326,2.000000
8327,62.000000
8328,-28.000000
8329,22.000000
8330,4.000000
8331,-8.000000
8332,32.000000
8333,26.000000
8334,14.000000
8335,-18.000000
8336,-18.000000
8337,8.000000
8338,-44.000000
8339,-10.000000
8340,-30.000000
8341,2.000000
8342,-58.000000
8343,-4.000000
8344,-18.000000
8345,-16.000000
8346,0.000000
8347,58.000000
8348,10.000000
8349,-62.000000
8350,-16.000000
8351,-8.000000
8352,4.000000
8353,-14.000000
8354,2.000000
8355,-12.000000
8356,-16.000000
8357,-16.000000
8358,-14.000000
8359,-4.000000
8360,-30.000000
8361,20.000000
8362,-2.000000
8363,0.000000
8364,-36.000000
8365,-8.000000
8366,-8.000000
8367,14.000000
8368,20.000000
8369,6.000000
8370,-26.000000
8371,-4.000000
8372,14.000000
8373,0.000000
8374,-4.000000
8375,14.000000
8376,-6.000000
8377,20.000000
8378,-20.000000
8379,12.000000
8380,-2.000000
8381,-12.000000
8382,-12.000000
8383,4.000000
8384,8.000000
8385,-16.000000
8386,-8.000000
8387,-16.000000
8388,54.000000
8389,34.000000
8390,-14.000000
8391,8.000000
8392,-20.000000
8393,-38.000000
8394,58.000000
8395,-12.000000
8396,36.000000
8397,2.000000
8398,2.000000
8399,40.000000
8400,-4.000000
8401,4.000000
8402,30.000000
8403,-18.000000
8404,14.000000
8405,18.000000
8406,-6.000000
8407,8.000000
8408,-4.000000
8409,-40.000000
8410,-36.000000
8411,-10.000000
8412,-30.000000
8413,-100.000000
8414,56.000000
8415,-18.000000
8416,22.000000
8417,2.000000
8418,10.000000
8419,-8.000000
8420,-20.000000
8421,-12.000000
8422,28.000000
8423,20.000000
8424,2.000000
8425,0.000000
8426,-4.000000
8427,30.000000
8428,14.000000
8429,-4.000000
8430,-20.000000
8431,4.000000
8432,6.000000
8433,36.000000
8434,-58.000000
8435,10.000000
8436,14.000000
8437,-4.000000
8438,28.000000
8439,16.000000
8440,-66.000000
8441,-30.000000
8442,14.000000
8443,-22.000000
8444,-26.000000
8445,0.000000
8446,-2.000000
8447,0.000000
8448,-44.000000
8449,4.000000
8450,-24.000000
8451,-40.000000
8452,8.000000
8453,18.000000
8454,-2.000000
8455,-20.000000
8456,16.000000
8457,-36.000000
8458,54.000000
8459,-24.000000
8460,-12.000000
8461,10.000000
8462,-26.000000
8463,-4.000000
8464,-6.000000
8465,50.000000
8466,-16.000000
8467,6.000000
8468,2.000000
8469,4.000000
8470,32.000000
8471,26.000000
8472,-20.000000
8473,22.000000
8474,-18.000000
8475,-6.000000
8476,32.000000
8477,20.000000
8478,-40.000000
8479,-40.000000
8480,-4.000000
8481,12.000000
8482,-68.000000
8483,46.000000
8484,8.000000
8485,-8.000000
8486,-8.000000
8487,-4.000000
8488,54.000000
8489,14.000000
8490,-34.000000
8491,44.000000
8492,12.000000
8493,2.000000
8494,4.000000
8495,-48.000000
8496,-2.000000
8497,72.000000
8498,-6.000000
8499,-52.000000
8500,-36.000000
8501,4.000000
8502,-2.000000
8503,34.000000
8504,6.000000
8505,-40.000000
8506,-6.000000
8507,0.000000
8508,-24.000000
8509,-8.000000
8510,22.000000
8511,34.000000
8512,34.000000
8513,-12.000000
8514,18.000000
8515,-54.000000
8516,6.000000
8517,16.000000
8518,10.000000
8519,64.000000
8520,30.000000
8521,-50.000000
8522,30.000000
8523,2.000000
8524,-6.000000
8525,14.000000
8526,-16.000000
8527,-36.000000
8528,10.000000
8529,14.000000
8530,-22.000000
8531,30.000000
8532,-18.000000
8533,-4.000000
8534,24.000000
8535,12.000000
8536,74.000000
8537,-10.000000
8538,46.000000
8539,22.000000
8540,-30.000000
8541,-10.000000
8542,-8.000000
8543,-16.000000
8544,-14.000000
8545,2.000000
8546,24.000000
8547,26.000000
8548,6.000000
8549,-2.000000
8550,-4.000000
8551,-14.000000
8552,36.000000
8553,2.000000
8554,2.000000
8555,16.000000
8556,-22.000000
8557,-16.000000
8558,-8.000000
8559,-12.000000
8560,-66.000000
8561,-6.000000
8562,54.000000
8563,-56.000000
8564,-68.000000
8565,-68.000000
8566,20.000000
8567,30.000000
8568,-16.000000
8569,-44.000000
8570,10.000000
8571,-4.000000
8572,22.000000
8573,-4.000000
8574,-6.000000
8575,-26.000000
8576,-8.000000
8577,-2.000000
8578,-8.000000
8579,64.000000
8580,-16.000000
8581,-24.000000
8582,10.000000
8583,-34.000000
8584,0.000000
8585,20.000000
8586,-4.000000
8587,32.000000
8588,-16.000000
8589,6.000000
8590,-44.000000
8591,-2.000000
8592,-44.000000
8593,-12.000000
8594,-4.000000
8595,-8.000000
8596,4.000000
8597,-36.000000
8598,-12.000000
8599,44.000000
8600,-10.000000
8601,4.000000
8602,-12.000000
8603,-8.000000
8604,-50.000000
8605,-20.000000
8606,16.000000
8607,26.000000
8608,34.000000
8609,-48.000000
8610,-18.000000
8611,-44.000000
8612,22.000000
8613,36.000000
8614,-16.000000
8615,-36.000000
8616,16.000000
8617,-20.000000
8618,6.000000
8619,-18.000000
8620,46.000000
8621,-4.000000
8622,-44.000000
8623,20.000000
8624,-62.000000
8625,10.000000
8626,-44.000000
8627,20.000000
8628,32.000000
8629,12.000000
8630,22.000000
8631,36.000000
8632,-48.000000
8633,16.000000
8634,2.000000
8635,-2.000000
8636,-2.000000
8637,82.000000
8638,-44.000000
8639,4.000000
8640,8.000000
8641,12.000000
8642,10.000000
8643,-28.000000
8644,112.000000
8645,-14.000000
8646,2.000000
8647,-26.000000
8648,-42.000000
8649,-24.000000
8650,-14.000000
8651,16.000000
8652,16.000000
8653,26.000000
8654,38.000000
8655,-22.000000
8656,16.000000
8657,-22.000000
8658,36.000000
8659,-6.000000
8660,-48.000000
8661,-2.000000
8662,8.000000
8663,14.000000
8664,12.000000
8665,8.000000
8666,-4.000000
8667,32.000000
8668,-6.000000
8669,10.000000
8670,54.000000
8671,-12.000000
8672,-54.000000
8673,50.000000
8674,-4.000000
8675,16.000000
8676,24.000000
8677,-58.000000
8678,4.000000
8679,-32.000000
8680,26.000000
8681,0.000000
8682,50.000000
8683,14.000000
8684,64.000000
8685,-16.000000
8686,-62.000000
8687,34.000000
8688,60.000000
8689,54.000000
8690,68.000000
8691,8.000000
8692,10.000000
8693,28.000000
8694,36.000000
8695,-30.000000
8696,-44.000000
8697,2.000000
8698,4.000000
8699,46.000000
8700,-6.000000
8701,8.000000
8702,22.000000
8703,-30.000000
8704,46.000000
8705,-12.000000
8706,14.000000
8707,2.000000
8708,4.000000
8709,-2.000000
8710,72.000000
8711,0.000000
8712,-34.000000
8713,78.000000
8714,-20.000000
8715,-16.000000
8716,14.000000
8717,34.000000
8718,18.000000
8719,-20.000000
8720,-8.000000
8721,-12.000000
8722,8.000000
8723,2.000000
8724,22.000000
8725,-10.000000
8726,24.000000
8727,40.000000
8728,-26.000000
8729,12.000000
8730,14.000000
8731,8.000000
8732,26.000000
8733,-8.000000
8734,24.000000
8735,-2.000000
8736,-54.000000
8737,-28.000000
8738,-30.000000
8739,-16.000000
8740,-44.000000
8741,0.000000
8742,-28.000000
8743,-2.000000
8744,4.000000
8745,74.000000
8746,-68.000000
8747,-12.000000
8748,-2.000000
8749,26.000000
8750,-2.000000
8751,-6.000000
8752,-16.000000
8753,8.000000
8754,78.000000
8755,-50.000000
8756,10.000000
8757,-58.000000
8758,-30.000000
8759,-22.000000
8760,-30.000000
8761,-34.000000
8762,54.000000
8763,-28.000000
8764,-12.000000
8765,54.000000
8766,-30.000000
8767,-12.000000
8768,-30.000000
8769,-14.000000
8770,24.000000
8771,-4.000000
8772,-20.000000
8773,-54.000000
8774,6.000000
8775,8.000000
8776,-22.000000
8777,-8.000000
8778,-22.000000
8779,-12.000000
8780,6.000000
8781,-4.000000
8782,-30.000000
8783,8.000000
8784,-26.000000
8785,54.000000
8786,-52.000000
8787,-58.000000
8788,6.000000
8789,38.000000
8790,24.000000
8791,46.000000
8792,24.000000
8793,54.000000
8794,-8.000000
8795,14.000000
8796,-70.000000
8797,0.000000
8798,0.000000
8799,6.000000
8800,0.000000
8801,-32.000000
8802,-46.000000
8803,-4.000000
8804,-30.000000
8805,-50.000000
8806,-2.000000
8807,40.000000
8808,-20.000000
8809,40.000000
8810,-4.000000
8811,-40.000000
8812,44.000000
8813,-30.000000
8814,-20.000000
8815,-48.000000
8816,30.000000
8817,-30.000000
8818,-34.000000
8819,-26.000000
8820,46.000000
8821,-12.000000
8822,-24.000000
8823,30.000000
8824,-26.000000
8825,-18.000000
8826,-4.000000
8827,-12.000000
8828,22.000000
8829,20.000000
8830,22.000000
8831,-34.000000
8832,-30.000000
8833,-56.000000
8834,0.000000
8835,14.000000
8836,-22.000000
8837,-90.000000
8838,8.000000
8839,12.000000
8840,-30.000000
8841,40.000000
8842,-20.000000
8843,-20.000000
8844,28.000000
8845,-52.000000
8846,-44.000000
8847,8.000000
8848,-12.000000
8849,6.000000
8850,-8.000000
8851,40.000000
8852,-88.000000
8853,-26.000000
8854,-36.000000
8855,38.000000
8856,-4.000000
8857,6.000000
8858,-8.000000
8859,-20.000000
8860,-10.000000
8861,-10.000000
8862,-30.000000
8863,-12.000000
8864,-10.000000
8865,-4.000000
8866,0.000000
8867,16.000000
8868,28.000000
8869,-4.000000
8870,-46.000000
8871,-44.000000
8872,8.000000
8873,-16.000000
8874,-12.000000
8875,20.000000
8876,2.000000
8877,-40.000000
8878,-34.000000
8879,24.000000
8880,-28.000000
8881,-24.000000
8882,28.000000
8883,-4.000000
8884,-22.000000
8885,4.000000
8886,2.000000
8887,-4.000000
8888,-16.000000
8889,18.000000
8890,0.000000
8891,-32.000000
8892,-22.000000
8893,10.000000
8894,-36.000000
8895,2.000000
8896,-18.000000
8897,20.000000
8898,-16.000000
8899,-42.000000
8900,24.000000
8901,-6.000000
8902,-14.000000
8903,-54.000000
8904,-2.000000
8905,-12.000000
8906,-16.000000
8907,16.000000
8908,16.000000
8909,-18.000000
8910,-20.000000
8911,14.000000
8912,-20.000000
8913,-26.000000
8914,-16.000000
8915,-12.000000
8916,-16.000000
8917,0.000000
8918,6.000000
8919,0.000000
8920,-24.000000
8921,-44.000000
8922,6.000000
8923,-34.000000
8924,-10.000000
8925,32.000000
8926,8.000000
8927,0.000000
8928,-8.000000
8929,-4.000000
8930,0.000000
8931,12.000000
8932,0.000000
8933,0.000000
8934,14.000000
8935,-28.000000
8936,38.000000
8937,-10.000000
8938,-24.000000
8939,-4.000000
8940,-4.000000
8941,0.000000
8942,-24.000000
8943,-16.000000
8944,2.000000
8945,-8.000000
8946,-30.000000
8947,-8.000000
8948,-94.000000
8949,38.000000
8950,26.000000
8951,-74.000000
8952,-2.000000
8953,-16.000000
8954,-18.000000
8955,8.000000
8956,-62.000000
8957,46.000000
8958,40.000000
8959,8.000000
8960,-50.000000
8961,-10.000000
8962,-70.000000
8963,68.000000
8964,-12.000000
8965,28.000000
8966,-54.000000
8967,8.000000
8968,-32.000000
8969,-52.000000
8970,32.000000
8971,38.000000
8972,-24.000000
8973,-6.000000
8974,-70.000000
8975,2.000000
8976,-6.000000
8977,-60.000000
8978,-28.000000
8979,46.000000
8980,6.000000
8981,-48.000000
8982,30.000000
8983,2.000000
8984,-30.000000
8985,30.000000
8986,-12.000000
8987,46.000000
8988,-36.000000
8989,8.000000
8990,-10.000000
8991,6.000000
8992,68.000000
8993,50.000000
8994,4.000000
8995,-44.000000
8996,28.000000
8997,-26.000000
8998,14.000000
8999,40.000000
9000,6.000000
9001,-4.000000
9002,-48.000000
9003,28.000000
9004,60.000000
9005,-48.000000
9006,44.000000
9007,26.000000
9008,-22.000000
9009,-6.000000
9010,-6.000000
9011,-34.000000
9012,18.000000
9013,8.000000
9014,-12.000000
9015,-6.000000
9016,18.000000
9017,-20.000000
9018,-48.000000
9019,18.000000
9020,-28.000000
9021,20.000000
9022,-6.000000
9023,10.000000
9024,0.000000
9025,-20.000000
9026,14.000000
9027,10.000000
9028,-22.000000
9029,28.000000
9030,-14.000000
9031,16.000000
9032,-40.000000
9033,0.000000
9034,40.000000
9035,10.000000
9036,16.000000
9037,-8.000000
9038,10.000000
9039,40.000000
9040,4.000000
9041,-20.000000
9042,42.000000
9043,40.000000
9044,-50.000000
9045,-26.000000
9046,42.000000
9047,-54.000000
9048,-4.000000
9049,-16.000000
9050,-60.000000
9051,-48.000000
9052,10.000000
9053,-2.000000
9054,-10.000000
9055,-4.000000
9056,-26.000000
9057,58.000000
9058,68.000000
9059,-64.000000
9060,54.000000
9061,16.000000
9062,40.000000
9063,-18.000000
9064,-44.000000
9065,-6.000000
9066,-20.000000
9067,-2.000000
9068,24.000000
9069,-2.000000
9070,-6.000000
9071,30.000000
9072,-12.000000
9073,-18.000000
9074,-32.000000
9075,-8.000000
9076,-52.000000
9077,-20.000000
9078,16.000000
9079,-6.000000
9080,-8.000000
9081,-8.000000
9082,10.000000
9083,-12.000000
9084,-22.000000
9085,-20.000000
9086,-38.000000
9087,8.000000
9088,-44.000000
9089,50.000000
9090,-68.000000
9091,-18.000000
9092,-82.000000
9093,10.000000
9094,26.000000
9095,-30.000000
9096,40.000000
9097,-10.000000
9098,40.000000
9099,8.000000
9100,-14.000000
9101,4.000000
9102,-2.000000
9103,0.000000
9104,8.000000
9105,-36.000000
9106,16.000000
9107,-10.000000
9108,-26.000000
9109,14.000000
9110,38.000000
9111,-40.000000
9112,2.000000
9113,-12.000000
9114,-52.000000
9115,-34.000000
9116,-36.000000
9117,-22.000000
9118,-26.000000
9119,-16.000000
9120,6.000000
9121,-32.000000
9122,-26.000000
9123,2.000000
9124,62.000000
9125,-8.000000
9126,-52.000000
9127,10.000000
9128,16.000000
9129,22.000000
9130,-4.000000
9131,26.000000
9132,-4.000000
9133,38.000000
9134,-64.000000
9135,-4.000000
9136,0.000000
9137,-22.000000
9138,14.000000
9139,2.000000
9140,-18.000000
9141,-72.000000
9142,-16.000000
9143,64.000000
9144,-14.000000
9145,10.000000
9146,-14.000000
9147,-4.000000
9148,-2.000000
9149,-26.000000
9150,2.000000
9151,-6.000000
9152,-14.000000
9153,6.000000
9154,-2.000000
9155,-48.000000
9156,6.000000
9157,22.000000
9158,50.000000
9159,54.000000
9160,20.000000
9161,44.000000
9162,2.000000
9163,-12.000000
9164,-12.000000
9165,-26.000000
9166,-34.000000
9167,14.000000
9168,0.000000
9169,-64.000000
9170,-4.000000
9171,10.000000
9172,-42.000000
9173,-20.000000
9174,-62.000000
9175,4.000000
9176,6.000000
9177,8.000000
9178,12.000000
9179,-78.000000
9180,-44.000000
9181,-22.000000
9182,6.000000
9183,70.000000
9184,28.000000
9185,8.000000
9186,28.000000
9187,44.000000
9188,-4.000000
9189,-20.000000
9190,-34.000000
9191,10.000000
9192,2.000000
9193,26.000000
9194,46.000000
9195,-22.000000
9196,8.000000
9197,-48.000000
9198,-12.000000
9199,-10.000000
9200,64.000000
9201,-26.000000
9202,-50.000000
9203,-52.000000
9204,12.000000
9205,-12.000000
9206,32.000000
9207,54.000000
9208,0.000000
9209,-22.000000
9210,26.000000
9211,68.000000
9212,-30.000000
9213,-2.000000
9214,-22.000000
9215,-4.000000
9216,-22.000000
9217,24.000000
9218,70.000000
9219,10.000000
9220,-14.000000
9221,10.000000
9222,-20.000000
9223,8.000000
9224,10.000000
9225,60.000000
9226,10.000000
9227,-36.000000
9228,-44.000000
9229,8.000000
9230,-56.000000
9231,-22.000000
9232,18.000000
9233,18.000000
9234,-4.000000
9235,-30.000000
9236,-80.000000
9237,-18.000000
9238,-32.000000
9239,4.000000
9240,-4.000000
9241,38.000000
9242,78.000000
9243,-26.000000
9244,4.000000
9245,-44.000000
9246,-26.000000
9247,-30.000000
9248,30.000000
9249,2.000000
9250,-8.000000
9251,2.000000
9252,-28.000000
9253,26.000000
9254,2.000000
9255,8.000000
9256,62.000000
9257,54.000000
9258,-12.000000
9259,6.000000
9260,20.000000
9261,8.000000
9262,-16.000000
9263,4.000000
9264,6.000000
9265,24.000000
9266,-34.000000
9267,6.000000
9268,-4.000000
9269,-30.000000
9270,12.000000
9271,30.000000
9272,-44.000000
9273,0.000000
9274,40.000000
9275,54.000000
9276,-40.000000
9277,-90.000000
9278,16.000000
9279,44.000000
9280,4.000000
9281,4.000000
9282,-18.000000
9283,-18.000000
9284,-30.000000
9285,-36.000000
9286,-26.000000
9287,-20.000000
9288,-48.000000
9289,6.000000
9290,-30.000000
9291,28.000000
9292,46.000000
9293,2.000000
9294,0.000000
9295,8.000000
9296,24.000000
9297,-18.000000
9298,22.000000
9299,-30.000000
9300,8.000000
9301,-6.000000
9302,-50.000000
9303,-4.000000
9304,26.000000
9305,22.000000
9306,0.000000
9307,-12.000000
9308,-10.000000
9309,-6.000000
9310,-16.000000
9311,10.000000
9312,28.000000
9313,-26.000000
9314,-4.000000
9315,4.000000
9316,-26.000000
9317,-60.000000
9318,-20.000000
9319,8.000000
9320,-34.000000
9321,-28.000000
9322,8.000000
9323,-44.000000
9324,10.000000
9325,-4.000000
9326,54.000000
9327,2.000000
9328,-26.000000
9329,-22.000000
9330,20.000000
9331,-26.000000
9332,-4.000000
9333,8.000000
9334,28.000000
9335,20.000000
9336,46.000000
9337,-18.000000
9338,-20.000000
9339,22.000000
9340,0.000000
9341,-18.000000
9342,-22.000000
9343,20.000000
9344,34.000000
9345,-8.000000
9346,8.000000
9347,12.000000
9348,-34.000000
9349,-80.000000
9350,68.000000
9351,6.000000
9352,-4.000000
9353,10.000000
9354,-18.000000
9355,6.000000
9356,4.000000
9357,-20.000000
9358,-18.000000
9359,6.000000
9360,-32.000000
9361,46.000000
9362,-64.000000
9363,24.000000
9364,26.000000
9365,-18.000000
9366,-4.000000
9367,30.000000
9368,18.000000
9369,4.000000
9370,10.000000
9371,0.000000
9372,-4.000000
9373,-30.000000
9374,-4.000000
9375,50.000000
9376,-8.000000
9377,24.000000
9378,-48.000000
9379,-2.000000
9380,-12.000000
9381,36.000000
9382,-54.000000
9383,-10.000000
9384,-12.000000
9385,10.000000
9386,-12.000000
9387,26.000000
9388,26.000000
9389,6.000000
9390,8.000000
9391,-8.000000
9392,-12.000000
9393,22.000000
9394,4.000000
9395,-30.000000
9396,-6.000000
9397,6.000000
9398,-12.000000
9399,44.000000
9400,-24.000000
9401,24.000000
9402,-8.000000
9403,14.000000
9404,24.000000
9405,14.000000
9406,-8.000000
9407,8.000000
9408,8.000000
9409,-18.000000
9410,10.000000
9411,22.000000
9412,20.000000
9413,-90.000000
9414,46.000000
9415,-42.000000
9416,18.000000
9417,-36.000000
9418,24.000000
9419,-12.000000
9420,0.000000
9421,-2.000000
9422,2.000000
9423,68.000000
9424,-36.000000
9425,34.000000
9426,34.000000
9427,-22.000000
9428,-56.000000
9429,26.000000
9430,-16.000000
9431,16.000000
9432,-20.000000
9433,14.000000
9434,34.000000
9435,14.000000
9436,40.000000
9437,12.000000
9438,68.000000
9439,-18.000000
9440,-50.000000
9441,0.000000
9442,-76.000000
9443,-12.000000
9444,16.000000
9445,22.000000
9446,8.000000
9447,14.000000
9448,-4.000000
9449,-26.000000
9450,-58.000000
9451,-24.000000
9452,64.000000
9453,0.000000
9454,12.000000
9455,-10.000000
9456,-2.000000
9457,28.000000
9458,-24.000000
9459,40.000000
9460,-50.000000
9461,34.000000
9462,-18.000000
9463,30.000000
9464,-26.000000
9465,-6.000000
9466,12.000000
9467,26.000000
9468,-18.000000
9469,-20.000000
9470,-30.000000
9471,0.000000
9472,10.000000
9473,14.000000
9474,-2.000000
9475,-26.000000
9476,16.000000
9477,-26.000000
9478,-8.000000
9479,2.000000
9480,24.000000
9481,-22.000000
9482,-56.000000
9483,4.000000
9484,-104.000000
9485,40.000000
9486,36.000000
9487,38.000000
9488,26.000000
9489,28.000000
9490,-4.000000
9491,8.000000
9492,46.000000
9493,-16.000000
9494,-12.000000
9495,14.000000
9496,24.000000
9497,-54.000000
9498,-22.000000
9499,22.000000
9500,-8.000000
9501,-12.000000
9502,-18.000000
9503,10.000000
9504,-40.000000
9505,34.000000
9506,28.000000
9507,42.000000
9508,-12.000000
9509,28.000000
9510,-2.000000
9511,18.000000
9512,4.000000
9513,-14.000000
9514,42.000000
9515,18.000000
9516,-16.000000
9517,44.000000
9518,-48.000000
9519,-50.000000
9520,-22.000000
9521,-4.000000
9522,-30.000000
9523,-4.000000
9524,-4.000000
9525,46.000000
9526,14.000000
9527,-8.000000
9528,-4.000000
9529,-22.000000
9530,36.000000
9531,14.000000
9532,24.000000
9533,6.000000
9534,30.000000
9535,-22.000000
9536,-8.000000
9537,-20.000000
9538,-2.000000
9539,12.000000
9540,-4.000000
9541,-12.000000
9542,28.000000
9543,0.000000
9544,-12.000000
9545,-36.000000
9546,16.000000
9547,24.000000
9548,-36.000000
9549,0.000000
9550,8.000000
9551,32.000000
9552,48.000000
9553,-18.000000
9554,-44.000000
9555,30.000000
9556,0.000000
9557,6.000000
9558,14.000000
9559,-12.000000
9560,-34.000000
9561,-2.000000
9562,8.000000
9563,10.000000
9564,-26.000000
9565,8.000000
9566,-2.000000
9567,46.000000
9568,36.000000
9569,2.000000
9570,26.000000
9571,54.000000
9572,-50.000000
9573,-2.000000
9574,-12.000000
9575,-40.000000
9576,-8.000000
9577,-12.000000
9578,-46.000000
9579,16.000000
9580,-46.000000
9581,22.000000
9582,34.000000
9583,-26.000000
9584,42.000000
9585,-16.000000
9586,-14.000000
9587,22.000000
9588,4.000000
9589,50.000000
9590,46.000000
9591,-22.000000
9592,20.000000
9593,34.000000
9594,6.000000
9595,-74.000000
9596,-36.000000
9597,20.000000
9598,-30.000000
9599,0.000000
9600,-16.000000
9601,-22.000000
9602,0.000000
9603,6.000000
9604,-4.000000
9605,54.000000
9606,-2.000000
9607,56.000000
9608,-4.000000
9609,44.000000
9610,-56.000000
9611,-36.000000
9612,-12.000000
9613,8.000000
9614,-28.000000
9615,-30.000000
9616,-44.000000
9617,14.000000
9618,-8.000000
9619,26.000000
9620,-16.000000
9621,-36.000000
9622,-2.000000
9623,8.000000
9624,4.000000
9625,18.000000
9626,30.000000
9627,12.000000
9628,60.000000
9629,18.000000
9630,-4.000000
9631,-48.000000
9632,10.000000
9633,-44.000000
9634,-26.000000
9635,32.000000
9636,-8.000000
9637,-16.000000
9638,10.000000
9639,-4.000000
9640,0.000000
9641,2.000000
9642,-50.000000
9643,-24.000000
9644,-24.000000
9645,28.000000
9646,6.000000
9647,-34.000000
9648,14.000000
9649,-12.000000
9650,-40.000000
9651,-32.000000
9652,8.000000
9653,-22.000000
9654,-4.000000
9655,6.000000
9656,-30.000000
9657,-12.000000
9658,68.000000
9659,-36.000000
9660,-74.000000
9661,28.000000
9662,-12.000000
9663,14.000000
9664,6.000000
9665,-12.000000
9666,-12.000000
9667,20.000000
9668,-26.000000
9669,16.000000
9670,-2.000000
9671,-22.000000
9672,0.000000
9673,60.000000
9674,14.000000
9675,30.000000
9676,2.000000
9677,-10.000000
9678,-50.000000
9679,-56.000000
9680,-12.000000
9681,14.000000
9682,-62.000000
9683,-4.000000
9684,4.000000
9685,20.000000
9686,-16.000000
9687,40.000000
9688,-10.000000
9689,24.000000
9690,16.000000
9691,2.000000
9692,6.000000
9693,-12.000000
9694,-26.000000
9695,-28.000000
9696,-8.000000
9697,12.000000
9698,-38.000000
9699,0.000000
9700,2.000000
9701,-4.000000
9702,-26.000000
9703,8.000000
9704,46.000000
9705,-12.000000
9706,2.000000
9707,-22.000000
9708,-26.000000
9709,-8.000000
9710,10.000000
9711,-22.000000
9712,2.000000
9713,-16.000000
9714,-8.000000
9715,16.000000
9716,-78.000000
9717,-20.000000
9718,-34.000000
9719,2.000000
9720,-40.000000
9721,40.000000
9722,0.000000
9723,-8.000000
9724,12.000000
9725,0.000000
9726,-28.000000
9727,-66.000000
9728,16.000000
9729,-20.000000
9730,-4.000000
9731,0.000000
9732,4.000000
9733,30.000000
9734,-16.000000
9735,2.000000
9736,72.000000
9737,14.000000
9738,8.000000
9739,54.000000
9740,34.000000
9741,-18.000000
9742,-16.000000
9743,14.000000
9744,-22.000000
9745,-38.000000
9746,20.000000
9747,-2.000000
9748,0.000000
9749,22.000000
9750,0.000000
9751,-26.000000
9752,50.000000
9753,-38.000000
9754,-22.000000
9755,2.000000
9756,78.000000
9757,12.000000
9758,-18.000000
9759,26.000000
9760,46.000000
9761,54.000000
9762,32.000000
9763,-4.000000
9764,-22.000000
9765,10.000000
9766,-2.000000
9767,2.000000
9768,4.000000
9769,-18.000000
9770,4.000000
9771,-44.000000
9772,24.000000
9773,-22.000000
9774,50.000000
9775,46.000000
9776,22.000000
9777,-12.000000
9778,8.000000
9779,-26.000000
9780,-36.000000
9781,-18.000000
9782,-18.000000
9783,0.000000
9784,-8.000000
9785,-66.000000
9786,16.000000
9787,-4.000000
9788,8.000000
9789,-12.000000
9790,10.000000
9791,-6.000000
9792,-6.000000
9793,-16.000000
9794,10.000000
9795,-8.000000
9796,-52.000000
9797,10.000000
9798,-30.000000
9799,4.000000
9800,-2.000000
9801,0.000000
9802,0.000000
9803,30.000000
9804,-36.000000
9805,0.000000
9806,-20.000000
9807,8.000000
9808,-16.000000
9809,-32.000000
9810,22.000000
9811,54.000000
9812,-48.000000
9813,54.000000
9814,-32.000000
9815,-12.000000
9816,-56.000000
9817,20.000000
9818,-68.000000
9819,14.000000
9820,14.000000
9821,12.000000
9822,10.000000
9823,22.000000
9824,-26.000000
9825,-26.000000
9826,10.000000
9827,-16.000000
9828,2.000000
9829,4.000000
9830,-16.000000
9831,32.000000
9832,-12.000000
9833,-16.000000
9834,-4.000000
9835,-4.000000
9836,-36.000000
9837,8.000000
9838,-30.000000
9839,58.000000
9840,-8.000000
9841,0.000000
9842,-22.000000
9843,8.000000
9844,68.000000
9845,-18.000000
9846,-12.000000
9847,6.000000
9848,-28.000000
9849,-32.000000
9850,28.000000
9851,0.000000
9852,2.000000
9853,38.000000
9854,10.000000
9855,2.000000
9856,14.000000
9857,10.000000
9858,-50.000000
9859,-68.000000
9860,-4.000000
9861,4.000000
9862,14.000000
9863,-12.000000
9864,40.000000
9865,42.000000
9866,24.000000
9867,-56.000000
9868,16.000000
9869,0.000000
9870,-8.000000
9871,-16.000000
9872,26.000000
9873,2.000000
9874,8.000000
9875,-16.000000
9876,10.000000
9877,24.000000
9878,-60.000000
9879,-4.000000
9880,14.000000
9881,-38.000000
9882,-26.000000
9883,22.000000
9884,44.000000
9885,28.000000
9886,-34.000000
9887,24.000000
9888,-42.000000
9889,-8.000000
9890,-6.000000
9891,-8.000000
9892,60.000000
9893,4.000000
9894,-66.000000
9895,-12.000000
9896,10.000000
9897,16.000000
9898,-2.000000
9899,-18.000000
9900,-4.000000
9901,-18.000000
9902,16.000000
9903,16.000000
9904,0.000000
9905,-64.000000
9906,8.000000
9907,-4.000000
9908,26.000000
9909,60.000000
9910,-46.000000
9911,-30.000000
9912,-18.000000
9913,10.000000
9914,8.000000
9915,4.000000
9916,8.000000
9917,-30.000000
9918,-30.000000
9919,0.000000
9920,-16.000000
9921,-4.000000
9922,-20.000000
9923,40.000000
9924,-12.000000
9925,50.000000
9926,-64.000000
9927,-30.000000
9928,-34.000000
9929,-16.000000
9930,-16.000000
9931,-20.000000
9932,24.000000
9933,0.000000
9934,18.000000
9935,-20.000000
9936,-72.000000
9937,-28.000000
9938,-16.000000
9939,-14.000000
9940,-4.000000
9941,60.000000
9942,-20.000000
9943,4.000000
9944,-44.000000
9945,-8.000000
9946,2.000000
9947,16.000000
9948,-22.000000
9949,0.000000
9950,-16.000000
9951,30.000000
9952,0.000000
9953,8.000000
9954,8.000000
9955,46.000000
9956,8.000000
9957,18.000000
9958,26.000000
9959,-10.000000
9960,-68.000000
9961,4.000000
9962,-30.000000
9963,-6.000000
9964,10.000000
9965,46.000000
9966,-4.000000
9967,-28.000000
9968,14.000000
9969,12.000000
9970,-34.000000
9971,-28.000000
9972,14.000000
9973,50.000000
9974,-28.000000
9975,34.000000
9976,-2.000000
9977,-14.000000
9978,-72.000000
9979,14.000000
9980,-22.000000
9981,14.000000
9982,-52.000000
9983,30.000000
9984,-8.000000
9985,-32.000000
9986,6.000000
9987,12.000000
9988,-36.000000
9989,-10.000000
9990,-26.000000
9991,-24.000000
9992,-18.000000
9993,2.000000
9994,26.000000
9995,-26.000000
9996,28.000000
9997,30.000000
9998,-54.000000
9999,-6.000000
10000,-10.000000
