Channel              :,CH1
Frequency            :,  ?
Period               :,  ?
PK-PK                :,250.0mV
Probe attenuation    :,1X
Voltage per ADC value:,0.125000mV
Time interval        :,100.00000us

index,CH1_Voltage(mV)
1,16.000000
2,16.000000
3,4.000000
4,50.000000
5,8.000000
6,-2.000000
7,-30.000000
8,-50.000000
9,6.000000
10,-52.000000
11,-18.000000
12,100.000000
13,-20.000000
14,0.000000
15,-20.000000
16,8.000000
17,-26.000000
18,2.000000
19,-30.000000
20,-38.000000
21,-34.000000
22,-4.000000
23,26.000000
24,-18.000000
25,-72.000000
26,-30.000000
27,8.000000
28,-22.000000
29,28.000000
30,-30.000000
31,2.000000
32,10.000000
33,-60.000000
34,2.000000
35,44.000000
36,14.000000
37,-36.000000
38,4.000000
39,28.000000
40,40.000000
41,60.000000
42,-2.000000
43,30.000000
44,-18.000000
45,50.000000
46,2.000000
47,-24.000000
48,8.000000
49,86.000000
50,-54.000000
51,-32.000000
52,-2.000000
53,-16.000000
54,-24.000000
55,2.000000
56,8.000000
57,-12.000000
58,4.000000
59,-10.000000
60,-28.000000
61,-2.000000
62,0.000000
63,-54.000000
64,-8.000000
65,20.000000
66,-6.000000
67,-20.000000
68,32.000000
69,2.000000
70,0.000000
71,-2.000000
72,-20.000000
73,-36.000000
74,-26.000000
75,-4.000000
76,-2.000000
77,34.000000
78,14.000000
79,24.000000
80,-14.000000
81,-8.000000
82,-14.000000
83,-36.000000
84,-40.000000
85,-8.000000
86,-36.000000
87,10.000000
88,-44.000000
89,10.000000
90,-68.000000
91,-12.000000
92,-34.000000
93,24.000000
94,2.000000
95,0.000000
96,26.000000
97,-12.000000
98,-48.000000
99,68.000000
100,-22.000000
101,24.000000
102,0.000000
103,12.000000
104,-2.000000
105,-12.000000
106,-2.000000
107,-12.000000
108,16.000000
109,10.000000
110,-30.000000
111,-4.000000
112,38.000000
113,-30.000000
114,28.000000
115,-22.000000
116,-8.000000
117,-16.000000
118,-16.000000
119,-12.000000
120,-32.000000
121,12.000000
122,-28.000000
123,-50.000000
124,16.000000
125,-62.000000
126,46.000000
127,-36.000000
128,22.000000
129,-52.000000
130,-14.000000
131,-36.000000
132,50.000000
133,-10.000000
134,36.000000
135,2.000000
136,8.000000
137,-14.000000
138,-2.000000
139,-8.000000
140,14.000000
141,-22.000000
142,8.000000
143,-12.000000
144,6.000000
145,-2.000000
146,18.000000
147,68.000000
148,60.000000
149,-48.000000
150,-36.000000
151,-2.000000
152,4.000000
153,12.000000
154,8.000000
155,-30.000000
156,-40.000000
157,-36.000000
158,32.000000
159,-22.000000
160,-62.000000
161,0.000000
162,2.000000
163,14.000000
164,-60.000000
165,-12.000000
166,-8.000000
167,-50.000000
168,-44.000000
169,0.000000
170,-8.000000
171,14.000000
172,-50.000000
173,-44.000000
174,14.000000
175,-82.000000
176,8.000000
177,0.000000
178,-4.000000
179,-8.000000
180,-16.000000
181,20.000000
182,-6.000000
183,4.000000
184,4.000000
185,16.000000
186,20.000000
187,36.000000
188,-26.000000
189,28.000000
190,8.000000
191,-12.000000
192,-6.000000
193,14.000000
194,12.000000
195,-18.000000
196,-4.000000
197,8.000000
198,-26.000000
199,-22.000000
200,20.000000
201,8.000000
202,-20.000000
203,32.000000
204,-72.000000
205,-8.000000
206,-18.000000
207,26.000000
208,12.000000
209,20.000000
210,32.000000
211,-2.000000
212,-4.000000
213,36.000000
214,-4.000000
215,32.000000
216,40.000000
217,-16.000000
218,28.000000
219,10.000000
220,6.000000
221,-24.000000
222,-20.000000
223,54.000000
224,-38.000000
225,-12.000000
226,10.000000
227,-30.000000
228,-28.000000
229,10.000000
230,16.000000
231,-50.000000
232,-8.000000
233,-16.000000
234,-4.000000
235,10.000000
236,-24.000000
237,-30.000000
238,26.000000
239,-14.000000
240,26.000000
241,54.000000
242,56.000000
243,54.000000
244,-22.000000
245,-36.000000
246,14.000000
247,12.000000
248,70.000000
249,26.000000
250,-4.000000
251,54.000000
252,-44.000000
253,-26.000000
254,2.000000
255,-68.000000
256,-12.000000
257,-12.000000
258,-18.000000
259,-16.000000
260,0.000000
261,8.000000
262,8.000000
263,24.000000
264,0.000000
265,-6.000000
266,-32.000000
267,-30.000000
268,-20.000000
269,-58.000000
270,-24.000000
271,-20.000000
272,-6.000000
273,20.000000
274,4.000000
275,12.000000
276,6.000000
277,-4.000000
278,2.000000
279,-14.000000
280,36.000000
281,-8.000000
282,-24.000000
283,-8.000000
284,60.000000
285,22.000000
286,78.000000
287,-22.000000
288,-62.000000
289,68.000000
290,-12.000000
291,0.000000
292,30.000000
293,8.000000
294,-12.000000
295,8.000000
296,-8.000000
297,-12.000000
298,0.000000
299,-4.000000
300,28.000000
301,82.000000
302,24.000000
303,-6.000000
304,10.000000
305,22.000000
306,68.000000
307,-2.000000
308,-62.000000
309,-34.000000
310,54.000000
311,30.000000
312,40.000000
313,22.000000
314,78.000000
315,44.000000
316,-4.000000
317,-26.000000
318,-58.000000
319,-4.000000
320,2.000000
321,-4.000000
322,-8.000000
323,-8.000000
324,4.000000
325,22.000000
326,-22.000000
327,2.000000
328,22.000000
329,32.000000
330,-2.000000
331,-52.000000
332,-2.000000
333,-20.000000
334,36.000000
335,0.000000
336,112.000000
337,6.000000
338,-16.000000
339,-4.000000
340,-30.000000
341,-22.000000
342,-32.000000
343,6.000000
344,4.000000
345,24.000000
346,-12.000000
347,-8.000000
348,70.000000
349,24.000000
350,54.000000
351,54.000000
352,10.000000
353,0.000000
354,-40.000000
355,-20.000000
356,-16.000000
357,10.000000
358,-8.000000
359,8.000000
360,-4.000000
361,10.000000
362,10.000000
363,8.000000
364,-40.000000
365,-26.000000
366,-18.000000
367,44.000000
368,86.000000
369,-32.000000
370,48.000000
371,-2.000000
372,10.000000
373,20.000000
374,22.000000
375,-32.000000
376,-4.000000
377,-26.000000
378,14.000000
379,-84.000000
380,20.000000
381,46.000000
382,-58.000000
383,10.000000
384,22.000000
385,12.000000
386,10.000000
387,-16.000000
388,12.000000
389,10.000000
390,-8.000000
391,-38.000000
392,32.000000
393,54.000000
394,40.000000
395,-44.000000
396,14.000000
397,8.000000
398,-20.000000
399,-2.000000
400,-20.000000
401,24.000000
402,26.000000
403,34.000000
404,-22.000000
405,64.000000
406,-4.000000
407,0.000000
408,14.000000
409,-74.000000
410,4.000000
411,54.000000
412,8.000000
413,68.000000
414,40.000000
415,-24.000000
416,2.000000
417,10.000000
418,-4.000000
419,38.000000
420,74.000000
421,2.000000
422,22.000000
423,6.000000
424,-52.000000
425,0.000000
426,-8.000000
427,-8.000000
428,-4.000000
429,-44.000000
430,-26.000000
431,0.000000
432,64.000000
433,-20.000000
434,-30.000000
435,24.000000
436,-52.000000
437,12.000000
438,-30.000000
439,8.000000
440,0.000000
441,16.000000
442,-32.000000
443,34.000000
444,30.000000
445,-30.000000
446,-12.000000
447,12.000000
448,-30.000000
449,16.000000
450,-8.000000
451,2.000000
452,-74.000000
453,24.000000
454,-4.000000
455,10.000000
456,18.000000
457,8.000000
458,18.000000
459,64.000000
460,18.000000
461,-6.000000
462,-20.000000
463,-16.000000
464,60.000000
465,18.000000
466,12.000000
467,-8.000000
468,2.000000
469,6.000000
470,-72.000000
471,32.000000
472,4.000000
473,30.000000
474,-16.000000
475,-16.000000
476,-22.000000
477,-34.000000
478,-4.000000
479,-4.000000
480,14.000000
481,-32.000000
482,-4.000000
483,14.000000
484,40.000000
485,20.000000
486,24.000000
487,-30.000000
488,-40.000000
489,56.000000
490,-48.000000
491,-30.000000
492,40.000000
493,2.000000
494,42.000000
495,-18.000000
496,-16.000000
497,8.000000
498,-16.000000
499,-40.000000
500,-26.000000
501,10.000000
502,-20.000000
503,8.000000
504,4.000000
505,-48.000000
506,12.000000
507,26.000000
508,-44.000000
509,-40.000000
510,-8.000000
511,40.000000
512,-56.000000
513,20.000000
514,-26.000000
515,48.000000
516,8.000000
517,-12.000000
518,-4.000000
519,-2.000000
520,-76.000000
521,-32.000000
522,-22.000000
523,-38.000000
524,22.000000
525,16.000000
526,-22.000000
527,-12.000000
528,14.000000
529,8.000000
530,-22.000000
531,2.000000
532,2.000000
533,-30.000000
534,-32.000000
535,22.000000
536,12.000000
537,8.000000
538,-6.000000
539,2.000000
540,14.000000
541,2.000000
542,14.000000
543,28.000000
544,-4.000000
545,-20.000000
546,30.000000
547,2.000000
548,-30.000000
549,-12.000000
550,10.000000
551,2.000000
552,-8.000000
553,2.000000
554,58.000000
555,-94.000000
556,10.000000
557,-12.000000
558,-46.000000
559,10.000000
560,12.000000
561,16.000000
562,18.000000
563,-8.000000
564,4.000000
565,-60.000000
566,44.000000
567,40.000000
568,-12.000000
569,-26.000000
570,78.000000
571,-44.000000
572,-82.000000
573,0.000000
574,2.000000
575,-34.000000
576,22.000000
577,14.000000
578,50.000000
579,-8.000000
580,-18.000000
581,14.000000
582,14.000000
583,-26.000000
584,6.000000
585,44.000000
586,-2.000000
587,-12.000000
588,-18.000000
589,-30.000000
590,16.000000
591,-44.000000
592,12.000000
593,-16.000000
594,68.000000
595,8.000000
596,2.000000
597,14.000000
598,32.000000
599,10.000000
600,-104.000000
601,-22.000000
602,4.000000
603,14.000000
604,-14.000000
605,30.000000
606,2.000000
607,4.000000
608,-4.000000
609,-58.000000
610,20.000000
611,-28.000000
612,16.000000
613,10.000000
614,18.000000
615,2.000000
616,26.000000
617,-24.000000
618,-24.000000
619,68.000000
620,-30.000000
621,6.000000
622,-4.000000
623,-14.000000
624,74.000000
625,54.000000
626,20.000000
627,14.000000
628,-2.000000
629,-18.000000
630,-20.000000
631,0.000000
632,-2.000000
633,-18.000000
634,-40.000000
635,-22.000000
636,30.000000
637,-66.000000
638,2.000000
639,-56.000000
640,26.000000
641,-60.000000
642,60.000000
643,-60.000000
644,-20.000000
645,-8.000000
646,0.000000
647,-16.000000
648,-26.000000
649,-8.000000
650,-20.000000
651,22.000000
652,22.000000
653,-40.000000
654,-2.000000
655,30.000000
656,-12.000000
657,58.000000
658,-6.000000
659,44.000000
660,-60.000000
661,2.000000
662,-32.000000
663,14.000000
664,-50.000000
665,0.000000
666,-20.000000
667,40.000000
668,-12.000000
669,-30.000000
670,0.000000
671,28.000000
672,-24.000000
673,2.000000
674,46.000000
675,-60.000000
676,22.000000
677,-4.000000
678,40.000000
679,32.000000
680,-20.000000
681,32.000000
682,26.000000
683,-60.000000
684,12.000000
685,-6.000000
686,14.000000
687,0.000000
688,-48.000000
689,54.000000
690,-22.000000
691,54.000000
692,46.000000
693,12.000000
694,26.000000
695,-16.000000
696,-48.000000
697,-4.000000
698,-6.000000
699,-16.000000
700,46.000000
701,-14.000000
702,2.000000
703,8.000000
704,34.000000
705,16.000000
706,-22.000000
707,-26.000000
708,50.000000
709,-68.000000
710,58.000000
711,-4.000000
712,-24.000000
713,62.000000
714,8.000000
715,74.000000
716,0.000000
717,-38.000000
718,-16.000000
719,-2.000000
720,-18.000000
721,-2.000000
722,2.000000
723,-2.000000
724,68.000000
725,36.000000
726,-20.000000
727,-80.000000
728,2.000000
729,0.000000
730,0.000000
731,24.000000
732,-2.000000
733,4.000000
734,16.000000
735,44.000000
736,-16.000000
737,-2.000000
738,4.000000
739,-18.000000
740,-12.000000
741,-2.000000
742,2.000000
743,-4.000000
744,-26.000000
745,-24.000000
746,-4.000000
747,10.000000
748,10.000000
749,14.000000
750,0.000000
751,74.000000
752,8.000000
753,14.000000
754,-8.000000
755,-4.000000
756,-4.000000
757,12.000000
758,10.000000
759,56.000000
760,-24.000000
761,54.000000
762,-26.000000
763,2.000000
764,8.000000
765,10.000000
766,-18.000000
767,28.000000
768,2.000000
769,-18.000000
770,10.000000
771,32.000000
772,-40.000000
773,-16.000000
774,-44.000000
775,-12.000000
776,-14.000000
777,-22.000000
778,-44.000000
779,60.000000
780,40.000000
781,16.000000
782,-44.000000
783,-34.000000
784,-12.000000
785,-6.000000
786,20.000000
787,14.000000
788,-52.000000
789,-66.000000
790,-28.000000
791,2.000000
792,-48.000000
793,0.000000
794,20.000000
795,30.000000
796,8.000000
797,92.000000
798,20.000000
799,-48.000000
800,-34.000000
801,8.000000
802,10.000000
803,-10.000000
804,-2.000000
805,26.000000
806,4.000000
807,36.000000
808,-8.000000
809,-34.000000
810,-68.000000
811,-26.000000
812,82.000000
813,-44.000000
814,-50.000000
815,-14.000000
816,14.000000
817,-16.000000
818,-38.000000
819,-52.000000
820,32.000000
821,-16.000000
822,20.000000
823,32.000000
824,-40.000000
825,-16.000000
826,24.000000
827,68.000000
828,-36.000000
829,-8.000000
830,-66.000000
831,2.000000
832,0.000000
833,-12.000000
834,50.000000
835,0.000000
836,-18.000000
837,58.000000
838,8.000000
839,-18.000000
840,8.000000
841,26.000000
842,-14.000000
843,0.000000
844,-24.000000
845,16.000000
846,-8.000000
847,-26.000000
848,-22.000000
849,14.000000
850,16.000000
851,-22.000000
852,-42.000000
853,-30.000000
854,-20.000000
855,-2.000000
856,-6.000000
857,-18.000000
858,-16.000000
859,10.000000
860,-14.000000
861,-44.000000
862,-28.000000
863,-8.000000
864,-6.000000
865,6.000000
866,-32.000000
867,26.000000
868,-20.000000
869,-12.000000
870,-12.000000
871,-20.000000
872,-4.000000
873,44.000000
874,-10.000000
875,6.000000
876,-4.000000
877,12.000000
878,58.000000
879,-6.000000
880,-4.000000
881,18.000000
882,-34.000000
883,2.000000
884,-20.000000
885,8.000000
886,-46.000000
887,-24.000000
888,6.000000
889,-20.000000
890,-2.000000
891,-6.000000
892,-6.000000
893,6.000000
894,-30.000000
895,26.000000
896,-4.000000
897,-4.000000
898,-44.000000
899,54.000000
900,-12.000000
901,-34.000000
902,-8.000000
903,-28.000000
904,8.000000
905,-26.000000
906,-24.000000
907,26.000000
908,12.000000
909,14.000000
910,-28.000000
911,-80.000000
912,-14.000000
913,24.000000
914,20.000000
915,-2.000000
916,16.000000
917,2.000000
918,-2.000000
919,10.000000
920,-72.000000
921,10.000000
922,-14.000000
923,12.000000
924,-20.000000
925,2.000000
926,16.000000
927,32.000000
928,46.000000
929,-8.000000
930,-30.000000
931,46.000000
932,0.000000
933,-16.000000
934,50.000000
935,38.000000
936,-54.000000
937,2.000000
938,2.000000
939,-8.000000
940,0.000000
941,-64.000000
942,-14.000000
943,74.000000
944,44.000000
945,-12.000000
946,6.000000
947,-114.000000
948,-20.000000
949,-64.000000
950,14.000000
951,26.000000
952,4.000000
953,24.000000
954,-68.000000
955,28.000000
956,2.000000
957,18.000000
958,16.000000
959,46.000000
960,2.000000
961,8.000000
962,18.000000
963,36.000000
964,-36.000000
965,-30.000000
966,-30.000000
967,4.000000
968,-4.000000
969,10.000000
970,-12.000000
971,-6.000000
972,10.000000
973,28.000000
974,52.000000
975,14.000000
976,-12.000000
977,86.000000
978,16.000000
979,-2.000000
980,10.000000
981,10.000000
982,36.000000
983,14.000000
984,2.000000
985,94.000000
986,12.000000
987,38.000000
988,16.000000
989,-64.000000
990,-12.000000
991,-64.000000
992,14.000000
993,4.000000
994,-26.000000
995,-22.000000
996,8.000000
997,-8.000000
998,72.000000
999,-12.000000
1000,26.000000
1001,10.000000
1002,74.000000
1003,-22.000000
1004,-8.000000
1005,8.000000
1006,2.000000
1007,-6.000000
1008,2.000000
1009,-10.000000
1010,-82.000000
1011,-4.000000
1012,-4.000000
1013,0.000000
1014,-68.000000
1015,-56.000000
1016,-40.000000
1017,16.000000
1018,-32.000000
1019,2.000000
1020,24.000000
1021,10.000000
1022,8.000000
1023,-28.000000
1024,-26.000000
1025,-12.000000
1026,54.000000
1027,-16.000000
1028,4.000000
1029,58.000000
1030,-2.000000
1031,14.000000
1032,14.000000
1033,-4.000000
1034,50.000000
1035,16.000000
1036,0.000000
1037,-10.000000
1038,50.000000
1039,8.000000
1040,-22.000000
1041,-8.000000
1042,2.000000
1043,-16.000000
1044,-18.000000
1045,46.000000
1046,4.000000
1047,20.000000
1048,34.000000
1049,10.000000
1050,12.000000
1051,-2.000000
1052,-12.000000
1053,-12.000000
1054,62.000000
1055,-40.000000
1056,-20.000000
1057,-14.000000
1058,56.000000
1059,12.000000
1060,-50.000000
1061,10.000000
1062,-26.000000
1063,50.000000
1064,0.000000
1065,-28.000000
1066,-2.000000
1067,38.000000
1068,-32.000000
1069,54.000000
1070,54.000000
1071,54.000000
1072,-36.000000
1073,2.000000
1074,-16.000000
1075,-18.000000
1076,72.000000
1077,10.000000
1078,-8.000000
1079,-68.000000
1080,-16.000000
1081,-12.000000
1082,70.000000
1083,46.000000
1084,0.000000
1085,6.000000
1086,-40.000000
1087,28.000000
1088,-14.000000
1089,-24.000000
1090,-26.000000
1091,42.000000
1092,-22.000000
1093,-18.000000
1094,44.000000
1095,-6.000000
1096,10.000000
1097,14.000000
1098,-64.000000
1099,-30.000000
1100,-2.000000
1101,-16.000000
1102,-40.000000
1103,-22.000000
1104,30.000000
1105,14.000000
1106,-44.000000
1107,62.000000
1108,-12.000000
1109,-8.000000
1110,58.000000
1111,14.000000
1112,-14.000000
1113,-6.000000
1114,-4.000000
1115,-18.000000
1116,0.000000
1117,-44.000000
1118,24.000000
1119,-76.000000
1120,50.000000
1121,-16.000000
1122,2.000000
1123,24.000000
1124,12.000000
1125,64.000000
1126,-52.000000
1127,4.000000
1128,-22.000000
1129,-68.000000
1130,-12.000000
1131,-26.000000
1132,-64.000000
1133,8.000000
1134,-12.000000
1135,-10.000000
1136,-10.000000
1137,44.000000
1138,2.000000
1139,-32.000000
1140,6.000000
1141,26.000000
1142,-2.000000
1143,-20.000000
1144,-6.000000
1145,8.000000
1146,-18.000000
1147,10.000000
1148,-30.000000
1149,4.000000
1150,-30.000000
1151,4.000000
1152,8.000000
1153,-16.000000
1154,58.000000
1155,42.000000
1156,16.000000
1157,8.000000
1158,6.000000
1159,-4.000000
1160,-12.000000
1161,6.000000
1162,-18.000000
1163,30.000000
1164,2.000000
1165,-54.000000
1166,-30.000000
1167,60.000000
1168,-8.000000
1169,-4.000000
1170,-4.000000
1171,8.000000
1172,20.000000
1173,-36.000000
1174,-4.000000
1175,-16.000000
1176,-36.000000
1177,46.000000
1178,22.000000
1179,36.000000
1180,-12.000000
1181,-12.000000
1182,-26.000000
1183,8.000000
1184,-32.000000
1185,92.000000
1186,26.000000
1187,-24.000000
1188,-40.000000
1189,-14.000000
1190,14.000000
1191,54.000000
1192,-14.000000
1193,30.000000
1194,-4.000000
1195,-12.000000
1196,0.000000
1197,56.000000
1198,22.000000
1199,16.000000
1200,-44.000000
1201,2.000000
1202,10.000000
1203,0.000000
1204,18.000000
1205,24.000000
1206,-4.000000
1207,-2.000000
1208,12.000000
1209,14.000000
1210,58.000000
1211,20.000000
1212,-4.000000
1213,58.000000
1214,70.000000
1215,10.000000
1216,16.000000
1217,-2.000000
1218,-8.000000
1219,16.000000
1220,-52.000000
1221,8.000000
1222,-22.000000
1223,44.000000
1224,-48.000000
1225,-4.000000
1226,16.000000
1227,-22.000000
1228,-8.000000
1229,36.000000
1230,8.000000
1231,-76.000000
1232,64.000000
1233,14.000000
1234,60.000000
1235,-4.000000
1236,-10.000000
1237,-18.000000
1238,-74.000000
1239,36.000000
1240,-12.000000
1241,12.000000
1242,8.000000
1243,-22.000000
1244,10.000000
1245,8.000000
1246,-18.000000
1247,-30.000000
1248,-50.000000
1249,58.000000
1250,38.000000
1251,26.000000
1252,24.000000
1253,14.000000
1254,14.000000
1255,-18.000000
1256,0.000000
1257,-20.000000
1258,8.000000
1259,0.000000
1260,48.000000
1261,40.000000
1262,-48.000000
1263,48.000000
1264,28.000000
1265,-34.000000
1266,62.000000
1267,-26.000000
1268,40.000000
1269,2.000000
1270,6.000000
1271,-2.000000
1272,-12.000000
1273,-16.000000
1274,46.000000
1275,8.000000
1276,-40.000000
1277,-54.000000
1278,-10.000000
1279,16.000000
1280,50.000000
1281,14.000000
1282,12.000000
1283,50.000000
1284,-12.000000
1285,2.000000
1286,-12.000000
1287,8.000000
1288,46.000000
1289,-38.000000
1290,34.000000
1291,50.000000
1292,-36.000000
1293,-12.000000
1294,60.000000
1295,8.000000
1296,8.000000
1297,10.000000
1298,10.000000
1299,-4.000000
1300,6.000000
1301,-12.000000
1302,60.000000
1303,-16.000000
1304,-4.000000
1305,-44.000000
1306,-4.000000
1307,-16.000000
1308,-50.000000
1309,40.000000
1310,-24.000000
1311,14.000000
1312,28.000000
1313,0.000000
1314,56.000000
1315,0.000000
1316,38.000000
1317,-20.000000
1318,-48.000000
1319,6.000000
1320,4.000000
1321,-26.000000
1322,-20.000000
1323,-6.000000
1324,-22.000000
1325,-26.000000
1326,-8.000000
1327,28.000000
1328,26.000000
1329,20.000000
1330,-16.000000
1331,2.000000
1332,-40.000000
1333,0.000000
1334,-20.000000
1335,-2.000000
1336,-20.000000
1337,-2.000000
1338,-4.000000
1339,64.000000
1340,4.000000
1341,14.000000
1342,8.000000
1343,-18.000000
1344,-18.000000
1345,-28.000000
1346,-8.000000
1347,-14.000000
1348,40.000000
1349,-54.000000
1350,-34.000000
1351,26.000000
1352,24.000000
1353,50.000000
1354,-20.000000
1355,-58.000000
1356,-46.000000
1357,62.000000
1358,46.000000
1359,82.000000
1360,32.000000
1361,-18.000000
1362,8.000000
1363,2.000000
1364,4.000000
1365,-18.000000
1366,6.000000
1367,-30.000000
1368,-34.000000
1369,12.000000
1370,-2.000000
1371,-12.000000
1372,-2.000000
1373,20.000000
1374,-18.000000
1375,12.000000
1376,58.000000
1377,-8.000000
1378,-64.000000
1379,10.000000
1380,8.000000
1381,68.000000
1382,16.000000
1383,14.000000
1384,24.000000
1385,-38.000000
1386,-26.000000
1387,12.000000
1388,-4.000000
1389,36.000000
1390,26.000000
1391,-44.000000
1392,-48.000000
1393,8.000000
1394,-32.000000
1395,10.000000
1396,16.000000
1397,-12.000000
1398,28.000000
1399,20.000000
1400,-12.000000
1401,-60.000000
1402,6.000000
1403,4.000000
1404,-28.000000
1405,16.000000
1406,32.000000
1407,10.000000
1408,-22.000000
1409,68.000000
1410,12.000000
1411,-4.000000
1412,14.000000
1413,14.000000
1414,-90.000000
1415,-26.000000
1416,2.000000
1417,0.000000
1418,-42.000000
1419,-12.000000
1420,30.000000
1421,-24.000000
1422,-12.000000
1423,6.000000
1424,14.000000
1425,8.000000
1426,26.000000
1427,0.000000
1428,-8.000000
1429,-20.000000
1430,0.000000
1431,-10.000000
1432,38.000000
1433,4.000000
1434,-16.000000
1435,60.000000
1436,14.000000
1437,2.000000
1438,0.000000
1439,-6.000000
1440,-26.000000
1441,-8.000000
1442,0.000000
1443,-4.000000
1444,-24.000000
1445,14.000000
1446,-34.000000
1447,-58.000000
1448,0.000000
1449,20.000000
1450,-2.000000
1451,64.000000
1452,-14.000000
1453,14.000000
1454,-48.000000
1455,-32.000000
1456,0.000000
1457,-22.000000
1458,-40.000000
1459,-12.000000
1460,10.000000
1461,12.000000
1462,58.000000
1463,74.000000
1464,30.000000
1465,22.000000
1466,2.000000
1467,22.000000
1468,-30.000000
1469,-4.000000
1470,28.000000
1471,-68.000000
1472,-44.000000
1473,-54.000000
1474,6.000000
1475,-8.000000
1476,68.000000
1477,-20.000000
1478,-2.000000
1479,-8.000000
1480,-4.000000
1481,4.000000
1482,54.000000
1483,-4.000000
1484,20.000000
1485,-46.000000
1486,-2.000000
1487,-10.000000
1488,-10.000000
1489,0.000000
1490,-12.000000
1491,-4.000000
1492,46.000000
1493,-8.000000
1494,46.000000
1495,26.000000
1496,-4.000000
1497,-4.000000
1498,-32.000000
1499,-38.000000
1500,-20.000000
1501,8.000000
1502,-26.000000
1503,-22.000000
1504,50.000000
1505,-12.000000
1506,18.000000
1507,12.000000
1508,6.000000
1509,0.000000
1510,-26.000000
1511,28.000000
1512,26.000000
1513,-24.000000
1514,-16.000000
1515,20.000000
1516,6.000000
1517,-10.000000
1518,-12.000000
1519,18.000000
1520,20.000000
1521,46.000000
1522,-58.000000
1523,-20.000000
1524,-22.000000
1525,46.000000
1526,4.000000
1527,-6.000000
1528,12.000000
1529,-58.000000
1530,26.000000
1531,-26.000000
1532,0.000000
1533,20.000000
1534,-30.000000
1535,8.000000
1536,-16.000000
1537,10.000000
1538,28.000000
1539,-44.000000
1540,32.000000
1541,-22.000000
1542,-48.000000
1543,-12.000000
1544,-14.000000
1545,4.000000
1546,-12.000000
1547,-68.000000
1548,-10.000000
1549,4.000000
1550,-32.000000
1551,-8.000000
1552,-46.000000
1553,10.000000
1554,50.000000
1555,22.000000
1556,20.000000
1557,-8.000000
1558,14.000000
1559,20.000000
1560,-56.000000
1561,-22.000000
1562,2.000000
1563,-4.000000
1564,74.000000
1565,-26.000000
1566,16.000000
1567,-42.000000
1568,14.000000
1569,-16.000000
1570,16.000000
1571,8.000000
1572,46.000000
1573,-12.000000
1574,-16.000000
1575,-6.000000
1576,-12.000000
1577,-28.000000
1578,18.000000
1579,32.000000
1580,-8.000000
1581,36.000000
1582,6.000000
1583,-90.000000
1584,24.000000
1585,-42.000000
1586,-32.000000
1587,2.000000
1588,0.000000
1589,18.000000
1590,-4.000000
1591,38.000000
1592,-40.000000
1593,-8.000000
1594,-4.000000
1595,26.000000
1596,-12.000000
1597,6.000000
1598,2.000000
1599,4.000000
1600,4.000000
1601,-26.000000
1602,38.000000
1603,-28.000000
1604,-14.000000
1605,-26.000000
1606,60.000000
1607,-60.000000
1608,2.000000
1609,2.000000
1610,2.000000
1611,2.000000
1612,-36.000000
1613,-4.000000
1614,-12.000000
1615,4.000000
1616,-4.000000
1617,-48.000000
1618,-74.000000
1619,-28.000000
1620,-46.000000
1621,40.000000
1622,-4.000000
1623,-28.000000
1624,6.000000
1625,32.000000
1626,-4.000000
1627,-12.000000
1628,-22.000000
1629,-38.000000
1630,-12.000000
1631,36.000000
1632,10.000000
1633,-80.000000
1634,32.000000
1635,-22.000000
1636,12.000000
1637,50.000000
1638,14.000000
1639,-22.000000
1640,-18.000000
1641,-12.000000
1642,14.000000
1643,4.000000
1644,56.000000
1645,0.000000
1646,12.000000
1647,-52.000000
1648,-12.000000
1649,4.000000
1650,4.000000
1651,-16.000000
1652,40.000000
1653,-6.000000
1654,-12.000000
1655,72.000000
1656,44.000000
1657,-6.000000
1658,50.000000
1659,20.000000
1660,-60.000000
1661,-4.000000
1662,-2.000000
1663,-8.000000
1664,8.000000
1665,-8.000000
1666,22.000000
1667,22.000000
1668,26.000000
1669,24.000000
1670,10.000000
1671,16.000000
1672,10.000000
1673,-8.000000
1674,0.000000
1675,4.000000
1676,-2.000000
1677,-66.000000
1678,-30.000000
1679,-44.000000
1680,-4.000000
1681,-12.000000
1682,60.000000
1683,-22.000000
1684,-22.000000
1685,14.000000
1686,8.000000
1687,56.000000
1688,-20.000000
1689,-4.000000
1690,2.000000
1691,26.000000
1692,28.000000
1693,-6.000000
1694,12.000000
1695,-6.000000
1696,12.000000
1697,68.000000
1698,8.000000
1699,0.000000
1700,58.000000
1701,14.000000
1702,-12.000000
1703,-34.000000
1704,40.000000
1705,0.000000
1706,-6.000000
1707,0.000000
1708,-12.000000
1709,0.000000
1710,-20.000000
1711,-4.000000
1712,22.000000
1713,-14.000000
1714,10.000000
1715,6.000000
1716,-32.000000
1717,40.000000
1718,8.000000
1719,-4.000000
1720,-8.000000
1721,26.000000
1722,28.000000
1723,98.000000
1724,-40.000000
1725,-18.000000
1726,14.000000
1727,10.000000
1728,12.000000
1729,2.000000
1730,-20.000000
1731,54.000000
1732,26.000000
1733,24.000000
1734,76.000000
1735,-12.000000
1736,46.000000
1737,16.000000
1738,-58.000000
1739,-8.000000
1740,-44.000000
1741,58.000000
1742,28.000000
1743,14.000000
1744,-12.000000
1745,4.000000
1746,0.000000
1747,12.000000
1748,12.000000
1749,-4.000000
1750,-16.000000
1751,-38.000000
1752,40.000000
1753,-14.000000
1754,14.000000
1755,-34.000000
1756,16.000000
1757,8.000000
1758,-78.000000
1759,-18.000000
1760,0.000000
1761,0.000000
1762,6.000000
1763,24.000000
1764,-16.000000
1765,18.000000
1766,-2.000000
1767,22.000000
1768,0.000000
1769,64.000000
1770,46.000000
1771,76.000000
1772,-16.000000
1773,30.000000
1774,-48.000000
1775,50.000000
1776,2.000000
1777,2.000000
1778,-64.000000
1779,2.000000
1780,-6.000000
1781,-16.000000
1782,8.000000
1783,-24.000000
1784,-20.000000
1785,-64.000000
1786,10.000000
1787,12.000000
1788,14.000000
1789,40.000000
1790,-72.000000
1791,-34.000000
1792,8.000000
1793,94.000000
1794,36.000000
1795,10.000000
1796,-60.000000
1797,6.000000
1798,-8.000000
1799,-82.000000
1800,-12.000000
1801,-6.000000
1802,8.000000
1803,24.000000
1804,8.000000
1805,-16.000000
1806,-48.000000
1807,-74.000000
1808,60.000000
1809,-4.000000
1810,22.000000
1811,-6.000000
1812,20.000000
1813,30.000000
1814,-20.000000
1815,34.000000
1816,-12.000000
1817,-12.000000
1818,-16.000000
1819,44.000000
1820,-14.000000
1821,20.000000
1822,8.000000
1823,-22.000000
1824,50.000000
1825,-44.000000
1826,0.000000
1827,50.000000
1828,-12.000000
1829,-8.000000
1830,-40.000000
1831,-12.000000
1832,16.000000
1833,16.000000
1834,16.000000
1835,20.000000
1836,-2.000000
1837,2.000000
1838,76.000000
1839,6.000000
1840,-58.000000
1841,-16.000000
1842,-40.000000
1843,4.000000
1844,-16.000000
1845,-6.000000
1846,-8.000000
1847,2.000000
1848,-16.000000
1849,-2.000000
1850,54.000000
1851,-20.000000
1852,-4.000000
1853,28.000000
1854,2.000000
1855,-12.000000
1856,-18.000000
1857,4.000000
1858,12.000000
1859,2.000000
1860,-16.000000
1861,50.000000
1862,-6.000000
1863,-80.000000
1864,-8.000000
1865,-22.000000
1866,-14.000000
1867,2.000000
1868,40.000000
1869,-2.000000
1870,-12.000000
1871,32.000000
1872,-14.000000
1873,54.000000
1874,-8.000000
1875,16.000000
1876,-16.000000
1877,40.000000
1878,-16.000000
1879,-28.000000
1880,8.000000
1881,-48.000000
1882,20.000000
1883,-6.000000
1884,48.000000
1885,-4.000000
1886,-14.000000
1887,-24.000000
1888,14.000000
1889,20.000000
1890,-24.000000
1891,8.000000
1892,-20.000000
1893,-34.000000
1894,-10.000000
1895,54.000000
1896,-12.000000
1897,2.000000
1898,14.000000
1899,12.000000
1900,30.000000
1901,2.000000
1902,-2.000000
1903,12.000000
1904,18.000000
1905,14.000000
1906,0.000000
1907,-2.000000
1908,22.000000
1909,0.000000
1910,14.000000
1911,14.000000
1912,-36.000000
1913,24.000000
1914,-12.000000
1915,2.000000
1916,-78.000000
1917,42.000000
1918,34.000000
1919,72.000000
1920,-8.000000
1921,-30.000000
1922,-14.000000
1923,-10.000000
1924,-10.000000
1925,-4.000000
1926,8.000000
1927,-26.000000
1928,40.000000
1929,20.000000
1930,-6.000000
1931,24.000000
1932,-12.000000
1933,-4.000000
1934,28.000000
1935,54.000000
1936,-18.000000
1937,12.000000
1938,-8.000000
1939,-82.000000
1940,40.000000
1941,-8.000000
1942,48.000000
1943,8.000000
1944,20.000000
1945,14.000000
1946,-4.000000
1947,-20.000000
1948,-28.000000
1949,20.000000
1950,-4.000000
1951,-38.000000
1952,-82.000000
1953,-8.000000
1954,-6.000000
1955,-6.000000
1956,-6.000000
1957,8.000000
1958,-22.000000
1959,28.000000
1960,-8.000000
1961,26.000000
1962,-44.000000
1963,20.000000
1964,36.000000
1965,-64.000000
1966,-46.000000
1967,16.000000
1968,10.000000
1969,-2.000000
1970,28.000000
1971,8.000000
1972,48.000000
1973,-22.000000
1974,-30.000000
1975,0.000000
1976,2.000000
1977,0.000000
1978,-4.000000
1979,16.000000
1980,26.000000
1981,-26.000000
1982,0.000000
1983,12.000000
1984,-18.000000
1985,20.000000
1986,28.000000
1987,-14.000000
1988,22.000000
1989,-20.000000
1990,-34.000000
1991,30.000000
1992,-26.000000
1993,22.000000
1994,24.000000
1995,-54.000000
1996,26.000000
1997,2.000000
1998,-88.000000
1999,14.000000
2000,28.000000
2001,26.000000
2002,38.000000
2003,68.000000
2004,4.000000
2005,8.000000
2006,14.000000
2007,34.000000
2008,50.000000
2009,2.000000
2010,10.000000
2011,8.000000
2012,-6.000000
2013,-12.000000
2014,42.000000
2015,24.000000
2016,8.000000
2017,-26.000000
2018,-12.000000
2019,14.000000
2020,28.000000
2021,18.000000
2022,-8.000000
2023,20.000000
2024,-4.000000
2025,-58.000000
2026,8.000000
2027,-12.000000
2028,10.000000
2029,-4.000000
2030,-8.000000
2031,34.000000
2032,8.000000
2033,32.000000
2034,34.000000
2035,24.000000
2036,-30.000000
2037,4.000000
2038,-18.000000
2039,36.000000
2040,-24.000000
2041,86.000000
2042,2.000000
2043,-10.000000
2044,62.000000
2045,-22.000000
2046,22.000000
2047,8.000000
2048,40.000000
2049,8.000000
2050,-32.000000
2051,14.000000
2052,12.000000
2053,-2.000000
2054,-40.000000
2055,0.000000
2056,40.000000
2057,8.000000
2058,-64.000000
2059,-16.000000
2060,-8.000000
2061,22.000000
2062,50.000000
2063,-6.000000
2064,-2.000000
2065,10.000000
2066,2.000000
2067,-4.000000
2068,-36.000000
2069,-12.000000
2070,8.000000
2071,30.000000
2072,-2.000000
2073,50.000000
2074,-8.000000
2075,-12.000000
2076,-16.000000
2077,22.000000
2078,0.000000
2079,6.000000
2080,-18.000000
2081,-4.000000
2082,-68.000000
2083,20.000000
2084,-2.000000
2085,14.000000
2086,8.000000
2087,10.000000
2088,-12.000000
2089,-2.000000
2090,42.000000
2091,-26.000000
2092,-8.000000
2093,-26.000000
2094,-16.000000
2095,8.000000
2096,2.000000
2097,6.000000
2098,-2.000000
2099,14.000000
2100,10.000000
2101,-82.000000
2102,-68.000000
2103,20.000000
2104,2.000000
2105,-10.000000
2106,2.000000
2107,-26.000000
2108,-4.000000
2109,24.000000
2110,-36.000000
2111,-38.000000
2112,-54.000000
2113,0.000000
2114,28.000000
2115,2.000000
2116,-30.000000
2117,-20.000000
2118,8.000000
2119,46.000000
2120,-8.000000
2121,-8.000000
2122,-12.000000
2123,-40.000000
2124,6.000000
2125,-10.000000
2126,42.000000
2127,-8.000000
2128,16.000000
2129,-26.000000
2130,-30.000000
2131,-64.000000
2132,-24.000000
2133,12.000000
2134,-44.000000
2135,-8.000000
2136,-8.000000
2137,-6.000000
2138,42.000000
2139,4.000000
2140,-60.000000
2141,-8.000000
2142,16.000000
2143,20.000000
2144,20.000000
2145,-16.000000
2146,2.000000
2147,40.000000
2148,62.000000
2149,-14.000000
2150,28.000000
2151,68.000000
2152,-20.000000
2153,-12.000000
2154,4.000000
2155,30.000000
2156,16.000000
2157,10.000000
2158,-24.000000
2159,-4.000000
2160,50.000000
2161,0.000000
2162,10.000000
2163,20.000000
2164,24.000000
2165,-54.000000
2166,20.000000
2167,-4.000000
2168,10.000000
2169,-26.000000
2170,68.000000
2171,4.000000
2172,14.000000
2173,22.000000
2174,14.000000
2175,-34.000000
2176,10.000000
2177,26.000000
2178,42.000000
2179,4.000000
2180,-62.000000
2181,-26.000000
2182,26.000000
2183,-64.000000
2184,-24.000000
2185,24.000000
2186,10.000000
2187,4.000000
2188,20.000000
2189,94.000000
2190,-44.000000
2191,-30.000000
2192,-56.000000
2193,-8.000000
2194,-16.000000
2195,-34.000000
2196,6.000000
2197,-40.000000
2198,36.000000
2199,14.000000
2200,14.000000
2201,-4.000000
2202,54.000000
2203,-4.000000
2204,-48.000000
2205,-60.000000
2206,26.000000
2207,-8.000000
2208,-10.000000
2209,0.000000
2210,-26.000000
2211,36.000000
2212,-16.000000
2213,38.000000
2214,38.000000
2215,-4.000000
2216,0.000000
2217,38.000000
2218,-6.000000
2219,-16.000000
2220,-20.000000
2221,-26.000000
2222,14.000000
2223,4.000000
2224,20.000000
2225,-18.000000
2226,6.000000
2227,18.000000
2228,-4.000000
2229,14.000000
2230,-4.000000
2231,24.000000
2232,62.000000
2233,-38.000000
2234,4.000000
2235,30.000000
2236,14.000000
2237,-14.000000
2238,12.000000
2239,-22.000000
2240,-16.000000
2241,20.000000
2242,32.000000
2243,72.000000
2244,-30.000000
2245,-24.000000
2246,-4.000000
2247,-28.000000
2248,8.000000
2249,42.000000
2250,-16.000000
2251,-18.000000
2252,28.000000
2253,4.000000
2254,0.000000
2255,-8.000000
2256,-40.000000
2257,-4.000000
2258,14.000000
2259,74.000000
2260,-8.000000
2261,-4.000000
2262,2.000000
2263,-16.000000
2264,12.000000
2265,14.000000
2266,-34.000000
2267,-34.000000
2268,0.000000
2269,-34.000000
2270,-10.000000
2271,100.000000
2272,-6.000000
2273,18.000000
2274,16.000000
2275,8.000000
2276,40.000000
2277,-16.000000
2278,14.000000
2279,32.000000
2280,14.000000
2281,2.000000
2282,0.000000
2283,24.000000
2284,-16.000000
2285,-62.000000
2286,6.000000
2287,20.000000
2288,28.000000
2289,-16.000000
2290,-54.000000
2291,48.000000
2292,40.000000
2293,6.000000
2294,46.000000
2295,0.000000
2296,-20.000000
2297,8.000000
2298,10.000000
2299,-62.000000
2300,-60.000000
2301,2.000000
2302,-18.000000
2303,-2.000000
2304,-26.000000
2305,-50.000000
2306,-46.000000
2307,40.000000
2308,-58.000000
2309,-34.000000
2310,32.000000
2311,-20.000000
2312,-8.000000
2313,-18.000000
2314,-24.000000
2315,-14.000000
2316,-26.000000
2317,-24.000000
2318,-6.000000
2319,4.000000
2320,26.000000
2321,-34.000000
2322,2.000000
2323,-2.000000
2324,-44.000000
2325,62.000000
2326,28.000000
2327,-22.000000
2328,-8.000000
2329,-32.000000
2330,-4.000000
2331,-4.000000
2332,-24.000000
2333,2.000000
2334,22.000000
2335,-8.000000
2336,40.000000
2337,-4.000000
2338,8.000000
2339,-70.000000
2340,-16.000000
2341,-4.000000
2342,8.000000
2343,-24.000000
2344,-4.000000
2345,-6.000000
2346,-24.000000
2347,-74.000000
2348,46.000000
2349,-16.000000
2350,-4.000000
2351,54.000000
2352,2.000000
2353,2.000000
2354,-40.000000
2355,6.000000
2356,32.000000
2357,-8.000000
2358,-52.000000
2359,-6.000000
2360,-40.000000
2361,20.000000
2362,-20.000000
2363,10.000000
2364,16.000000
2365,24.000000
2366,6.000000
2367,-18.000000
2368,8.000000
2369,-12.000000
2370,-6.000000
2371,-44.000000
2372,-14.000000
2373,24.000000
2374,24.000000
2375,-2.000000
2376,-14.000000
2377,98.000000
2378,10.000000
2379,28.000000
2380,-26.000000
2381,68.000000
2382,4.000000
2383,36.000000
2384,-40.000000
2385,-76.000000
2386,0.000000
2387,-12.000000
2388,-58.000000
2389,-22.000000
2390,-38.000000
2391,-32.000000
2392,-54.000000
2393,44.000000
2394,38.000000
2395,-40.000000
2396,-48.000000
2397,0.000000
2398,2.000000
2399,-56.000000
2400,0.000000
2401,-6.000000
2402,-26.000000
2403,4.000000
2404,8.000000
2405,14.000000
2406,-56.000000
2407,20.000000
2408,-16.000000
2409,-18.000000
2410,14.000000
2411,-2.000000
2412,26.000000
2413,-8.000000
2414,86.000000
2415,-76.000000
2416,-4.000000
2417,68.000000
2418,-22.000000
2419,20.000000
2420,-26.000000
2421,20.000000
2422,-6.000000
2423,-14.000000
2424,-16.000000
2425,-26.000000
2426,-64.000000
2427,-18.000000
2428,-12.000000
2429,-12.000000
2430,-48.000000
2431,-16.000000
2432,-22.000000
2433,-26.000000
2434,-24.000000
2435,24.000000
2436,-30.000000
2437,-4.000000
2438,14.000000
2439,-38.000000
2440,-24.000000
2441,-8.000000
2442,-14.000000
2443,56.000000
2444,2.000000
2445,-6.000000
2446,54.000000
2447,-16.000000
2448,-12.000000
2449,14.000000
2450,94.000000
2451,-40.000000
2452,-4.000000
2453,14.000000
2454,-16.000000
2455,-10.000000
2456,-12.000000
2457,18.000000
2458,46.000000
2459,0.000000
2460,-2.000000
2461,-4.000000
2462,-56.000000
2463,28.000000
2464,-16.000000
2465,-16.000000
2466,0.000000
2467,8.000000
2468,-26.000000
2469,2.000000
2470,6.000000
2471,6.000000
2472,22.000000
2473,0.000000
2474,-28.000000
2475,4.000000
2476,-14.000000
2477,14.000000
2478,-22.000000
2479,-4.000000
2480,8.000000
2481,-16.000000
2482,14.000000
2483,-20.000000
2484,-16.000000
2485,-22.000000
2486,-34.000000
2487,2.000000
2488,-32.000000
2489,-16.000000
2490,-14.000000
2491,40.000000
2492,30.000000
2493,-12.000000
2494,46.000000
2495,2.000000
2496,-12.000000
2497,-2.000000
2498,60.000000
2499,8.000000
2500,142.000000
2501,-26.000000
2502,26.000000
2503,30.000000
2504,12.000000
2505,36.000000
2506,10.000000
2507,-16.000000
2508,-14.000000
2509,-4.000000
2510,-14.000000
2511,10.000000
2512,8.000000
2513,0.000000
2514,2.000000
2515,-4.000000
2516,2.000000
2517,-44.000000
2518,-34.000000
2519,28.000000
2520,-16.000000
2521,26.000000
2522,-6.000000
2523,0.000000
2524,-34.000000
2525,22.000000
2526,14.000000
2527,-12.000000
2528,44.000000
2529,2.000000
2530,32.000000
2531,0.000000
2532,14.000000
2533,4.000000
2534,-2.000000
2535,14.000000
2536,34.000000
2537,-16.000000
2538,-18.000000
2539,14.000000
2540,-40.000000
2541,-8.000000
2542,26.000000
2543,16.000000
2544,-30.000000
2545,-42.000000
2546,-14.000000
2547,-2.000000
2548,-14.000000
2549,32.000000
2550,58.000000
2551,-26.000000
2552,10.000000
2553,-2.000000
2554,-94.000000
2555,62.000000
2556,68.000000
2557,60.000000
2558,2.000000
2559,32.000000
2560,-16.000000
2561,-16.000000
2562,6.000000
2563,8.000000
2564,24.000000
2565,-22.000000
2566,-24.000000
2567,8.000000
2568,58.000000
2569,24.000000
2570,-4.000000
2571,-78.000000
2572,22.000000
2573,40.000000
2574,14.000000
2575,22.000000
2576,30.000000
2577,24.000000
2578,-38.000000
2579,-26.000000
2580,14.000000
2581,6.000000
2582,22.000000
2583,0.000000
2584,28.000000
2585,10.000000
2586,-6.000000
2587,28.000000
2588,20.000000
2589,36.000000
2590,0.000000
2591,44.000000
2592,-22.000000
2593,44.000000
2594,20.000000
2595,-6.000000
2596,0.000000
2597,22.000000
2598,22.000000
2599,8.000000
2600,-40.000000
2601,28.000000
2602,-26.000000
2603,2.000000
2604,-56.000000
2605,-18.000000
2606,-18.000000
2607,-28.000000
2608,8.000000
2609,-36.000000
2610,34.000000
2611,4.000000
2612,10.000000
2613,10.000000
2614,-16.000000
2615,-8.000000
2616,0.000000
2617,34.000000
2618,-24.000000
2619,24.000000
2620,-18.000000
2621,-26.000000
2622,-54.000000
2623,-26.000000
2624,16.000000
2625,68.000000
2626,2.000000
2627,-52.000000
2628,-20.000000
2629,14.000000
2630,-20.000000
2631,-26.000000
2632,-14.000000
2633,-28.000000
2634,14.000000
2635,4.000000
2636,16.000000
2637,-44.000000
2638,-16.000000
2639,12.000000
2640,-50.000000
2641,68.000000
2642,-22.000000
2643,8.000000
2644,-16.000000
2645,-8.000000
2646,-18.000000
2647,30.000000
2648,-28.000000
2649,4.000000
2650,16.000000
2651,-40.000000
2652,-36.000000
2653,4.000000
2654,2.000000
2655,6.000000
2656,-16.000000
2657,40.000000
2658,32.000000
2659,6.000000
2660,-2.000000
2661,-10.000000
2662,-14.000000
2663,-34.000000
2664,-28.000000
2665,0.000000
2666,-62.000000
2667,4.000000
2668,0.000000
2669,-46.000000
2670,10.000000
2671,0.000000
2672,-4.000000
2673,2.000000
2674,10.000000
2675,-8.000000
2676,8.000000
2677,-22.000000
2678,2.000000
2679,58.000000
2680,-62.000000
2681,-4.000000
2682,64.000000
2683,22.000000
2684,12.000000
2685,112.000000
2686,-18.000000
2687,34.000000
2688,-8.000000
2689,-2.000000
2690,0.000000
2691,28.000000
2692,0.000000
2693,-8.000000
2694,16.000000
2695,8.000000
2696,-10.000000
2697,2.000000
2698,6.000000
2699,-56.000000
2700,-32.000000
2701,20.000000
2702,14.000000
2703,4.000000
2704,-30.000000
2705,6.000000
2706,-12.000000
2707,-4.000000
2708,58.000000
2709,2.000000
2710,6.000000
2711,-12.000000
2712,22.000000
2713,36.000000
2714,-44.000000
2715,20.000000
2716,22.000000
2717,-80.000000
2718,8.000000
2719,2.000000
2720,28.000000
2721,10.000000
2722,-8.000000
2723,-14.000000
2724,74.000000
2725,6.000000
2726,54.000000
2727,12.000000
2728,18.000000
2729,-16.000000
2730,-30.000000
2731,40.000000
2732,-4.000000
2733,-44.000000
2734,0.000000
2735,4.000000
2736,2.000000
2737,-24.000000
2738,12.000000
2739,-4.000000
2740,60.000000
2741,44.000000
2742,60.000000
2743,-30.000000
2744,-52.000000
2745,90.000000
2746,2.000000
2747,-26.000000
2748,-60.000000
2749,-30.000000
2750,4.000000
2751,-30.000000
2752,50.000000
2753,26.000000
2754,-24.000000
2755,0.000000
2756,-2.000000
2757,4.000000
2758,-40.000000
2759,-18.000000
2760,18.000000
2761,86.000000
2762,-60.000000
2763,-36.000000
2764,22.000000
2765,24.000000
2766,54.000000
2767,8.000000
2768,-8.000000
2769,12.000000
2770,24.000000
2771,44.000000
2772,-4.000000
2773,58.000000
2774,-8.000000
2775,6.000000
2776,14.000000
2777,16.000000
2778,16.000000
2779,20.000000
2780,20.000000
2781,-20.000000
2782,-48.000000
2783,60.000000
2784,14.000000
2785,12.000000
2786,34.000000
2787,28.000000
2788,-38.000000
2789,-12.000000
2790,-20.000000
2791,10.000000
2792,-12.000000
2793,28.000000
2794,-18.000000
2795,-78.000000
2796,34.000000
2797,20.000000
2798,-34.000000
2799,10.000000
2800,-16.000000
2801,4.000000
2802,-6.000000
2803,54.000000
2804,12.000000
2805,14.000000
2806,14.000000
2807,-4.000000
2808,-44.000000
2809,20.000000
2810,28.000000
2811,2.000000
2812,2.000000
2813,8.000000
2814,8.000000
2815,60.000000
2816,-4.000000
2817,-12.000000
2818,-6.000000
2819,2.000000
2820,-36.000000
2821,-20.000000
2822,-22.000000
2823,-10.000000
2824,0.000000
2825,-22.000000
2826,-18.000000
2827,2.000000
2828,8.000000
2829,8.000000
2830,8.000000
2831,-68.000000
2832,82.000000
2833,20.000000
2834,-2.000000
2835,-2.000000
2836,16.000000
2837,58.000000
2838,-30.000000
2839,4.000000
2840,-16.000000
2841,-2.000000
2842,60.000000
2843,26.000000
2844,4.000000
2845,10.000000
2846,-2.000000
2847,-8.000000
2848,-16.000000
2849,-16.000000
2850,32.000000
2851,2.000000
2852,-26.000000
2853,-20.000000
2854,-4.000000
2855,4.000000
2856,-20.000000
2857,-26.000000
2858,14.000000
2859,6.000000
2860,12.000000
2861,26.000000
2862,6.000000
2863,24.000000
2864,-12.000000
2865,4.000000
2866,16.000000
2867,-48.000000
2868,-6.000000
2869,42.000000
2870,38.000000
2871,76.000000
2872,4.000000
2873,-30.000000
2874,-16.000000
2875,82.000000
2876,-30.000000
2877,18.000000
2878,6.000000
2879,-12.000000
2880,40.000000
2881,12.000000
2882,-2.000000
2883,-26.000000
2884,-30.000000
2885,-6.000000
2886,46.000000
2887,2.000000
2888,-12.000000
2889,40.000000
2890,20.000000
2891,14.000000
2892,16.000000
2893,22.000000
2894,6.000000
2895,-12.000000
2896,-20.000000
2897,18.000000
2898,-2.000000
2899,-32.000000
2900,16.000000
2901,-36.000000
2902,2.000000
2903,-66.000000
2904,4.000000
2905,-12.000000
2906,18.000000
2907,16.000000
2908,16.000000
2909,-14.000000
2910,8.000000
2911,-10.000000
2912,32.000000
2913,-18.000000
2914,72.000000
2915,-18.000000
2916,-36.000000
2917,56.000000
2918,10.000000
2919,16.000000
2920,-44.000000
2921,16.000000
2922,14.000000
2923,-32.000000
2924,40.000000
2925,-12.000000
2926,10.000000
2927,40.000000
2928,0.000000
2929,28.000000
2930,24.000000
2931,6.000000
2932,-4.000000
2933,16.000000
2934,26.000000
2935,8.000000
2936,-68.000000
2937,20.000000
2938,-12.000000
2939,40.000000
2940,-24.000000
2941,-56.000000
2942,-18.000000
2943,0.000000
2944,2.000000
2945,8.000000
2946,34.000000
2947,24.000000
2948,28.000000
2949,-8.000000
2950,10.000000
2951,-62.000000
2952,2.000000
2953,4.000000
2954,2.000000
2955,2.000000
2956,0.000000
2957,-4.000000
2958,32.000000
2959,20.000000
2960,68.000000
2961,6.000000
2962,48.000000
2963,-44.000000
2964,10.000000
2965,2.000000
2966,-22.000000
2967,-84.000000
2968,-8.000000
2969,42.000000
2970,64.000000
2971,10.000000
2972,-2.000000
2973,-30.000000
2974,-20.000000
2975,16.000000
2976,16.000000
2977,-50.000000
2978,-16.000000
2979,-26.000000
2980,-26.000000
2981,0.000000
2982,-14.000000
2983,-58.000000
2984,30.000000
2985,-38.000000
2986,-4.000000
2987,-14.000000
2988,-4.000000
2989,-48.000000
2990,-4.000000
2991,16.000000
2992,-6.000000
2993,10.000000
2994,24.000000
2995,-20.000000
2996,16.000000
2997,-30.000000
2998,-2.000000
2999,20.000000
3000,8.000000
3001,16.000000
3002,-26.000000
3003,8.000000
3004,34.000000
3005,24.000000
3006,26.000000
3007,0.000000
3008,10.000000
3009,-26.000000
3010,54.000000
3011,22.000000
3012,-30.000000
3013,32.000000
3014,-4.000000
3015,74.000000
3016,-72.000000
3017,4.000000
3018,16.000000
3019,-26.000000
3020,0.000000
3021,-40.000000
3022,-38.000000
3023,-8.000000
3024,-6.000000
3025,-68.000000
3026,18.000000
3027,14.000000
3028,-4.000000
3029,-52.000000
3030,-2.000000
3031,-48.000000
3032,2.000000
3033,-14.000000
3034,-30.000000
3035,62.000000
3036,2.000000
3037,44.000000
3038,20.000000
3039,-18.000000
3040,8.000000
3041,-4.000000
3042,74.000000
3043,-8.000000
3044,-16.000000
3045,4.000000
3046,40.000000
3047,-22.000000
3048,18.000000
3049,14.000000
3050,-36.000000
3051,-38.000000
3052,-16.000000
3053,-8.000000
3054,-18.000000
3055,-24.000000
3056,-4.000000
3057,22.000000
3058,-12.000000
3059,8.000000
3060,-22.000000
3061,0.000000
3062,-40.000000
3063,-4.000000
3064,44.000000
3065,40.000000
3066,-18.000000
3067,12.000000
3068,-20.000000
3069,10.000000
3070,0.000000
3071,-62.000000
3072,-44.000000
3073,4.000000
3074,-8.000000
3075,6.000000
3076,26.000000
3077,-4.000000
3078,4.000000
3079,-10.000000
3080,-4.000000
3081,-10.000000
3082,6.000000
3083,4.000000
3084,-30.000000
3085,-58.000000
3086,60.000000
3087,-14.000000
3088,-14.000000
3089,-2.000000
3090,-34.000000
3091,-12.000000
3092,8.000000
3093,-24.000000
3094,6.000000
3095,50.000000
3096,-16.000000
3097,8.000000
3098,-10.000000
3099,30.000000
3100,30.000000
3101,-8.000000
3102,-14.000000
3103,16.000000
3104,-8.000000
3105,16.000000
3106,-4.000000
3107,-24.000000
3108,34.000000
3109,-10.000000
3110,8.000000
3111,22.000000
3112,-30.000000
3113,8.000000
3114,-62.000000
3115,-2.000000
3116,-40.000000
3117,6.000000
3118,20.000000
3119,18.000000
3120,-78.000000
3121,-14.000000
3122,0.000000
3123,32.000000
3124,-24.000000
3125,-12.000000
3126,-8.000000
3127,14.000000
3128,38.000000
3129,24.000000
3130,14.000000
3131,2.000000
3132,-38.000000
3133,-16.000000
3134,-50.000000
3135,-50.000000
3136,26.000000
3137,0.000000
3138,-64.000000
3139,-20.000000
3140,-12.000000
3141,-44.000000
3142,54.000000
3143,42.000000
3144,12.000000
3145,0.000000
3146,-30.000000
3147,-26.000000
3148,28.000000
3149,40.000000
3150,18.000000
3151,-26.000000
3152,14.000000
3153,-26.000000
3154,78.000000
3155,54.000000
3156,10.000000
3157,8.000000
3158,20.000000
3159,-26.000000
3160,4.000000
3161,-10.000000
3162,-34.000000
3163,-56.000000
3164,40.000000
3165,36.000000
3166,20.000000
3167,-2.000000
3168,-4.000000
3169,18.000000
3170,-16.000000
3171,44.000000
3172,-36.000000
3173,22.000000
3174,24.000000
3175,18.000000
3176,-8.000000
3177,24.000000
3178,40.000000
3179,32.000000
3180,-22.000000
3181,-22.000000
3182,-22.000000
3183,-30.000000
3184,-14.000000
3185,72.000000
3186,-30.000000
3187,10.000000
3188,-36.000000
3189,-36.000000
3190,14.000000
3191,14.000000
3192,24.000000
3193,36.000000
3194,-24.000000
3195,-6.000000
3196,40.000000
3197,2.000000
3198,-26.000000
3199,-12.000000
3200,-26.000000
3201,-44.000000
3202,-64.000000
3203,12.000000
3204,-30.000000
3205,2.000000
3206,26.000000
3207,72.000000
3208,-26.000000
3209,-44.000000
3210,-30.000000
3211,-16.000000
3212,-2.000000
3213,-56.000000
3214,-22.000000
3215,-26.000000
3216,6.000000
3217,2.000000
3218,34.000000
3219,20.000000
3220,40.000000
3221,26.000000
3222,2.000000
3223,-16.000000
3224,2.000000
3225,-34.000000
3226,-18.000000
3227,2.000000
3228,0.000000
3229,-18.000000
3230,-32.000000
3231,-2.000000
3232,-46.000000
3233,26.000000
3234,-16.000000
3235,14.000000
3236,24.000000
3237,0.000000
3238,32.000000
3239,14.000000
3240,-4.000000
3241,-38.000000
3242,-40.000000
3243,8.000000
3244,0.000000
3245,-4.000000
3246,28.000000
3247,2.000000
3248,-16.000000
3249,14.000000
3250,0.000000
3251,-30.000000
3252,-4.000000
3253,-48.000000
3254,-28.000000
3255,2.000000
3256,-52.000000
3257,-26.000000
3258,10.000000
3259,-14.000000
3260,8.000000
3261,2.000000
3262,8.000000
3263,14.000000
3264,4.000000
3265,16.000000
3266,22.000000
3267,-18.000000
3268,36.000000
3269,-4.000000
3270,-62.000000
3271,-26.000000
3272,10.000000
3273,18.000000
3274,-16.000000
3275,-4.000000
3276,-34.000000
3277,2.000000
3278,28.000000
3279,-16.000000
3280,10.000000
3281,-64.000000
3282,34.000000
3283,8.000000
3284,-66.000000
3285,14.000000
3286,10.000000
3287,2.000000
3288,94.000000
3289,-6.000000
3290,-4.000000
3291,36.000000
3292,8.000000
3293,0.000000
3294,-32.000000
3295,22.000000
3296,-20.000000
3297,-22.000000
3298,4.000000
3299,34.000000
3300,-44.000000
3301,-48.000000
3302,-24.000000
3303,-48.000000
3304,4.000000
3305,-22.000000
3306,-34.000000
3307,2.000000
3308,-28.000000
3309,22.000000
3310,-30.000000
3311,2.000000
3312,-32.000000
3313,0.000000
3314,-18.000000
3315,-6.000000
3316,28.000000
3317,14.000000
3318,-34.000000
3319,-4.000000
3320,4.000000
3321,24.000000
3322,26.000000
3323,-58.000000
3324,38.000000
3325,-16.000000
3326,-18.000000
3327,-8.000000
3328,22.000000
3329,-56.000000
3330,14.000000
3331,6.000000
3332,6.000000
3333,6.000000
3334,4.000000
3335,10.000000
3336,8.000000
3337,-36.000000
3338,-18.000000
3339,44.000000
3340,-14.000000
3341,-26.000000
3342,-22.000000
3343,-8.000000
3344,2.000000
3345,10.000000
3346,10.000000
3347,-44.000000
3348,-30.000000
3349,2.000000
3350,8.000000
3351,-14.000000
3352,14.000000
3353,8.000000
3354,0.000000
3355,-4.000000
3356,-20.000000
3357,-4.000000
3358,-102.000000
3359,-12.000000
3360,0.000000
3361,0.000000
3362,44.000000
3363,-4.000000
3364,-6.000000
3365,14.000000
3366,20.000000
3367,-22.000000
3368,-8.000000
3369,22.000000
3370,-24.000000
3371,-44.000000
3372,-8.000000
3373,-30.000000
3374,22.000000
3375,8.000000
3376,0.000000
3377,-24.000000
3378,20.000000
3379,4.000000
3380,0.000000
3381,-34.000000
3382,-8.000000
3383,-8.000000
3384,46.000000
3385,-12.000000
3386,30.000000
3387,-8.000000
3388,-36.000000
3389,54.000000
3390,48.000000
3391,18.000000
3392,-56.000000
3393,24.000000
3394,-70.000000
3395,24.000000
3396,28.000000
3397,-30.000000
3398,-20.000000
3399,-22.000000
3400,48.000000
3401,18.000000
3402,-20.000000
3403,-20.000000
3404,-20.000000
3405,6.000000
3406,38.000000
3407,0.000000
3408,34.000000
3409,16.000000
3410,16.000000
3411,8.000000
3412,0.000000
3413,16.000000
3414,8.000000
3415,-32.000000
3416,-2.000000
3417,-18.000000
3418,14.000000
3419,-72.000000
3420,-20.000000
3421,-12.000000
3422,74.000000
3423,2.000000
3424,8.000000
3425,0.000000
3426,26.000000
3427,-26.000000
3428,20.000000
3429,-16.000000
3430,28.000000
3431,-34.000000
3432,-4.000000
3433,-54.000000
3434,-4.000000
3435,28.000000
3436,10.000000
3437,12.000000
3438,-12.000000
3439,-2.000000
3440,-76.000000
3441,20.000000
3442,-8.000000
3443,-32.000000
3444,-16.000000
3445,8.000000
3446,14.000000
3447,-2.000000
3448,24.000000
3449,-6.000000
3450,-14.000000
3451,-4.000000
3452,-2.000000
3453,24.000000
3454,-36.000000
3455,2.000000
3456,36.000000
3457,2.000000
3458,60.000000
3459,-2.000000
3460,16.000000
3461,18.000000
3462,-30.000000
3463,8.000000
3464,-2.000000
3465,14.000000
3466,-26.000000
3467,-30.000000
3468,-14.000000
3469,-16.000000
3470,-72.000000
3471,-6.000000
3472,-8.000000
3473,-22.000000
3474,54.000000
3475,-6.000000
3476,-30.000000
3477,4.000000
3478,-26.000000
3479,26.000000
3480,-10.000000
3481,-2.000000
3482,-48.000000
3483,14.000000
3484,24.000000
3485,-14.000000
3486,60.000000
3487,10.000000
3488,-48.000000
3489,0.000000
3490,-12.000000
3491,-20.000000
3492,-40.000000
3493,-8.000000
3494,26.000000
3495,-20.000000
3496,6.000000
3497,-4.000000
3498,2.000000
3499,2.000000
3500,-16.000000
3501,10.000000
3502,36.000000
3503,-26.000000
3504,32.000000
3505,10.000000
3506,-48.000000
3507,-24.000000
3508,2.000000
3509,36.000000
3510,46.000000
3511,-80.000000
3512,-8.000000
3513,-80.000000
3514,-34.000000
3515,-20.000000
3516,26.000000
3517,-54.000000
3518,2.000000
3519,-26.000000
3520,-106.000000
3521,26.000000
3522,-42.000000
3523,-16.000000
3524,-44.000000
3525,-8.000000
3526,8.000000
3527,-18.000000
3528,-4.000000
3529,-14.000000
3530,24.000000
3531,-78.000000
3532,-30.000000
3533,10.000000
3534,-58.000000
3535,-10.000000
3536,10.000000
3537,-28.000000
3538,-4.000000
3539,-64.000000
3540,46.000000
3541,-8.000000
3542,2.000000
3543,-52.000000
3544,-6.000000
3545,-24.000000
3546,-8.000000
3547,16.000000
3548,-32.000000
3549,8.000000
3550,-26.000000
3551,-24.000000
3552,-4.000000
3553,60.000000
3554,-20.000000
3555,-16.000000
3556,-2.000000
3557,44.000000
3558,12.000000
3559,-44.000000
3560,10.000000
3561,12.000000
3562,-60.000000
3563,10.000000
3564,10.000000
3565,28.000000
3566,16.000000
3567,-14.000000
3568,-18.000000
3569,-18.000000
3570,-30.000000
3571,-26.000000
3572,-14.000000
3573,0.000000
3574,-14.000000
3575,8.000000
3576,30.000000
3577,54.000000
3578,4.000000
3579,70.000000
3580,-48.000000
3581,22.000000
3582,-16.000000
3583,-2.000000
3584,10.000000
3585,-52.000000
3586,10.000000
3587,-12.000000
3588,30.000000
3589,20.000000
3590,-2.000000
3591,-28.000000
3592,-36.000000
3593,-64.000000
3594,-6.000000
3595,-54.000000
3596,-24.000000
3597,-86.000000
3598,54.000000
3599,-58.000000
3600,4.000000
3601,-6.000000
3602,28.000000
3603,-26.000000
3604,-40.000000
3605,62.000000
3606,14.000000
3607,14.000000
3608,-16.000000
3609,32.000000
3610,8.000000
3611,16.000000
3612,0.000000
3613,-12.000000
3614,68.000000
3615,-54.000000
3616,26.000000
3617,10.000000
3618,10.000000
3619,-34.000000
3620,-26.000000
3621,22.000000
3622,-30.000000
3623,100.000000
3624,32.000000
3625,0.000000
3626,30.000000
3627,-48.000000
3628,-28.000000
3629,2.000000
3630,-10.000000
3631,-16.000000
3632,8.000000
3633,-10.000000
3634,-24.000000
3635,-4.000000
3636,-14.000000
3637,14.000000
3638,40.000000
3639,78.000000
3640,30.000000
3641,-32.000000
3642,-22.000000
3643,-22.000000
3644,-4.000000
3645,-32.000000
3646,-8.000000
3647,-50.000000
3648,6.000000
3649,2.000000
3650,-8.000000
3651,-6.000000
3652,-8.000000
3653,-26.000000
3654,-22.000000
3655,28.000000
3656,-74.000000
3657,-8.000000
3658,-4.000000
3659,-38.000000
3660,-14.000000
3661,14.000000
3662,40.000000
3663,-4.000000
3664,-2.000000
3665,-4.000000
3666,-56.000000
3667,-12.000000
3668,14.000000
3669,-4.000000
3670,60.000000
3671,-2.000000
3672,-18.000000
3673,-18.000000
3674,16.000000
3675,-8.000000
3676,28.000000
3677,-44.000000
3678,-22.000000
3679,38.000000
3680,34.000000
3681,-18.000000
3682,-18.000000
3683,26.000000
3684,-22.000000
3685,70.000000
3686,16.000000
3687,20.000000
3688,34.000000
3689,8.000000
3690,-2.000000
3691,-72.000000
3692,50.000000
3693,-20.000000
3694,-74.000000
3695,-20.000000
3696,-4.000000
3697,78.000000
3698,-30.000000
3699,-24.000000
3700,-4.000000
3701,42.000000
3702,54.000000
3703,-24.000000
3704,14.000000
3705,0.000000
3706,-34.000000
3707,6.000000
3708,-6.000000
3709,-48.000000
3710,-8.000000
3711,2.000000
3712,-18.000000
3713,-12.000000
3714,0.000000
3715,-14.000000
3716,-40.000000
3717,-20.000000
3718,-20.000000
3719,-16.000000
3720,-6.000000
3721,44.000000
3722,-94.000000
3723,-4.000000
3724,-14.000000
3725,46.000000
3726,-12.000000
3727,26.000000
3728,-36.000000
3729,-4.000000
3730,32.000000
3731,0.000000
3732,16.000000
3733,8.000000
3734,12.000000
3735,58.000000
3736,22.000000
3737,30.000000
3738,-72.000000
3739,10.000000
3740,18.000000
3741,-34.000000
3742,-68.000000
3743,60.000000
3744,22.000000
3745,36.000000
3746,-64.000000
3747,-12.000000
3748,26.000000
3749,74.000000
3750,-18.000000
3751,-36.000000
3752,0.000000
3753,-64.000000
3754,-4.000000
3755,2.000000
3756,-14.000000
3757,-16.000000
3758,20.000000
3759,14.000000
3760,-30.000000
3761,6.000000
3762,8.000000
3763,-62.000000
3764,-10.000000
3765,-4.000000
3766,10.000000
3767,28.000000
3768,-46.000000
3769,-44.000000
3770,-18.000000
3771,14.000000
3772,42.000000
3773,-30.000000
3774,-2.000000
3775,-40.000000
3776,-22.000000
3777,-66.000000
3778,10.000000
3779,28.000000
3780,20.000000
3781,-2.000000
3782,10.000000
3783,-80.000000
3784,22.000000
3785,42.000000
3786,32.000000
3787,-20.000000
3788,-8.000000
3789,-2.000000
3790,12.000000
3791,-34.000000
3792,22.000000
3793,22.000000
3794,-14.000000
3795,54.000000
3796,8.000000
3797,6.000000
3798,-14.000000
3799,-26.000000
3800,-22.000000
3801,2.000000
3802,16.000000
3803,28.000000
3804,-26.000000
3805,44.000000
3806,0.000000
3807,-16.000000
3808,14.000000
3809,0.000000
3810,104.000000
3811,-6.000000
3812,-108.000000
3813,-36.000000
3814,20.000000
3815,-2.000000
3816,12.000000
3817,50.000000
3818,26.000000
3819,-2.000000
3820,58.000000
3821,2.000000
3822,-16.000000
3823,50.000000
3824,4.000000
3825,-20.000000
3826,-6.000000
3827,50.000000
3828,16.000000
3829,-4.000000
3830,10.000000
3831,-24.000000
3832,22.000000
3833,-56.000000
3834,-42.000000
3835,8.000000
3836,0.000000
3837,32.000000
3838,14.000000
3839,8.000000
3840,-20.000000
3841,40.000000
3842,-12.000000
3843,-8.000000
3844,60.000000
3845,14.000000
3846,8.000000
3847,-34.000000
3848,58.000000
3849,-12.000000
3850,-22.000000
3851,4.000000
3852,8.000000
3853,14.000000
3854,2.000000
3855,-2.000000
3856,28.000000
3857,6.000000
3858,-34.000000
3859,108.000000
3860,14.000000
3861,-14.000000
3862,32.000000
3863,-6.000000
3864,22.000000
3865,-8.000000
3866,24.000000
3867,-68.000000
3868,2.000000
3869,-54.000000
3870,2.000000
3871,6.000000
3872,-16.000000
3873,30.000000
3874,-2.000000
3875,24.000000
3876,-34.000000
3877,40.000000
3878,6.000000
3879,20.000000
3880,-12.000000
3881,42.000000
3882,20.000000
3883,54.000000
3884,24.000000
3885,-30.000000
3886,46.000000
3887,44.000000
3888,-26.000000
3889,92.000000
3890,4.000000
3891,0.000000
3892,18.000000
3893,-4.000000
3894,20.000000
3895,24.000000
3896,-8.000000
3897,0.000000
3898,0.000000
3899,-22.000000
3900,-26.000000
3901,-4.000000
3902,58.000000
3903,-20.000000
3904,-26.000000
3905,-54.000000
3906,-6.000000
3907,-14.000000
3908,-58.000000
3909,10.000000
3910,-8.000000
3911,-4.000000
3912,-4.000000
3913,4.000000
3914,28.000000
3915,-12.000000
3916,-36.000000
3917,16.000000
3918,16.000000
3919,30.000000
3920,-8.000000
3921,-44.000000
3922,-10.000000
3923,-8.000000
3924,2.000000
3925,32.000000
3926,-8.000000
3927,-26.000000
3928,-26.000000
3929,-2.000000
3930,-2.000000
3931,4.000000
3932,-4.000000
3933,-20.000000
3934,54.000000
3935,2.000000
3936,8.000000
3937,2.000000
3938,-12.000000
3939,-14.000000
3940,-22.000000
3941,-14.000000
3942,12.000000
3943,12.000000
3944,-18.000000
3945,-22.000000
3946,-4.000000
3947,8.000000
3948,16.000000
3949,-4.000000
3950,24.000000
3951,34.000000
3952,14.000000
3953,-20.000000
3954,2.000000
3955,-38.000000
3956,-20.000000
3957,12.000000
3958,-8.000000
3959,40.000000
3960,-14.000000
3961,-32.000000
3962,16.000000
3963,8.000000
3964,-72.000000
3965,2.000000
3966,-4.000000
3967,46.000000
3968,50.000000
3969,28.000000
3970,-22.000000
3971,-2.000000
3972,-8.000000
3973,10.000000
3974,16.000000
3975,74.000000
3976,42.000000
3977,10.000000
3978,50.000000
3979,-70.000000
3980,-12.000000
3981,16.000000
3982,12.000000
3983,2.000000
3984,6.000000
3985,-12.000000
3986,-32.000000
3987,-40.000000
3988,10.000000
3989,-64.000000
3990,38.000000
3991,-16.000000
3992,-58.000000
3993,-2.000000
3994,-12.000000
3995,2.000000
3996,-8.000000
3997,16.000000
3998,32.000000
3999,20.000000
4000,-94.000000
4001,-12.000000
4002,56.000000
4003,-16.000000
4004,16.000000
4005,24.000000
4006,-44.000000
4007,14.000000
4008,34.000000
4009,2.000000
4010,64.000000
4011,44.000000
4012,30.000000
4013,2.000000
4014,2.000000
4015,-8.000000
4016,26.000000
4017,42.000000
4018,0.000000
4019,-26.000000
4020,-8.000000
4021,-2.000000
4022,-10.000000
4023,-28.000000
4024,-6.000000
4025,-30.000000
4026,0.000000
4027,0.000000
4028,-8.000000
4029,2.000000
4030,-18.000000
4031,0.000000
4032,2.000000
4033,44.000000
4034,-4.000000
4035,-28.000000
4036,20.000000
4037,8.000000
4038,-20.000000
4039,-18.000000
4040,-4.000000
4041,32.000000
4042,-36.000000
4043,14.000000
4044,-56.000000
4045,42.000000
4046,-2.000000
4047,-28.000000
4048,10.000000
4049,-36.000000
4050,6.000000
4051,40.000000
4052,-54.000000
4053,-4.000000
4054,14.000000
4055,-34.000000
4056,8.000000
4057,4.000000
4058,-78.000000
4059,2.000000
4060,-30.000000
4061,-2.000000
4062,-52.000000
4063,18.000000
4064,14.000000
4065,60.000000
4066,-6.000000
4067,50.000000
4068,-6.000000
4069,-30.000000
4070,6.000000
4071,-2.000000
4072,-4.000000
4073,-18.000000
4074,0.000000
4075,0.000000
4076,46.000000
4077,40.000000
4078,68.000000
4079,-2.000000
4080,-74.000000
4081,-68.000000
4082,8.000000
4083,46.000000
4084,26.000000
4085,-54.000000
4086,18.000000
4087,-20.000000
4088,22.000000
4089,6.000000
4090,-24.000000
4091,10.000000
4092,20.000000
4093,22.000000
4094,6.000000
4095,-2.000000
4096,-2.000000
4097,-12.000000
4098,8.000000
4099,-30.000000
4100,-2.000000
4101,-34.000000
4102,44.000000
4103,-18.000000
4104,-64.000000
4105,8.000000
4106,-4.000000
4107,72.000000
4108,14.000000
4109,-34.000000
4110,18.000000
4111,68.000000
4112,-44.000000
4113,-6.000000
4114,-18.000000
4115,2.000000
4116,8.000000
4117,24.000000
4118,22.000000
4119,-16.000000
4120,-24.000000
4121,2.000000
4122,-80.000000
4123,0.000000
4124,0.000000
4125,-16.000000
4126,8.000000
4127,-10.000000
4128,-82.000000
4129,20.000000
4130,16.000000
4131,-2.000000
4132,12.000000
4133,46.000000
4134,-38.000000
4135,-42.000000
4136,20.000000
4137,22.000000
4138,-34.000000
4139,-16.000000
4140,20.000000
4141,16.000000
4142,-56.000000
4143,-4.000000
4144,2.000000
4145,-26.000000
4146,14.000000
4147,14.000000
4148,-30.000000
4149,-2.000000
4150,-14.000000
4151,14.000000
4152,-6.000000
4153,-2.000000
4154,-24.000000
4155,10.000000
4156,-26.000000
4157,-26.000000
4158,-68.000000
4159,34.000000
4160,-40.000000
4161,-4.000000
4162,-30.000000
4163,28.000000
4164,-6.000000
4165,8.000000
4166,16.000000
4167,0.000000
4168,-8.000000
4169,-8.000000
4170,-8.000000
4171,68.000000
4172,-12.000000
4173,-52.000000
4174,0.000000
4175,-14.000000
4176,-20.000000
4177,18.000000
4178,16.000000
4179,0.000000
4180,10.000000
4181,-4.000000
4182,-44.000000
4183,-12.000000
4184,0.000000
4185,18.000000
4186,-26.000000
4187,-26.000000
4188,14.000000
4189,14.000000
4190,-30.000000
4191,-12.000000
4192,-8.000000
4193,-4.000000
4194,20.000000
4195,38.000000
4196,0.000000
4197,-30.000000
4198,-22.000000
4199,22.000000
4200,2.000000
4201,-10.000000
4202,-22.000000
4203,-56.000000
4204,8.000000
4205,8.000000
4206,-4.000000
4207,-22.000000
4208,-4.000000
4209,-80.000000
4210,82.000000
4211,0.000000
4212,-26.000000
4213,-8.000000
4214,-8.000000
4215,4.000000
4216,4.000000
4217,0.000000
4218,12.000000
4219,-36.000000
4220,8.000000
4221,-50.000000
4222,4.000000
4223,-16.000000
4224,-16.000000
4225,-18.000000
4226,-4.000000
4227,2.000000
4228,8.000000
4229,-20.000000
4230,-16.000000
4231,90.000000
4232,-8.000000
4233,10.000000
4234,-12.000000
4235,-52.000000
4236,36.000000
4237,-14.000000
4238,-12.000000
4239,-8.000000
4240,-4.000000
4241,2.000000
4242,2.000000
4243,-2.000000
4244,40.000000
4245,54.000000
4246,6.000000
4247,0.000000
4248,18.000000
4249,32.000000
4250,8.000000
4251,-12.000000
4252,0.000000
4253,-44.000000
4254,4.000000
4255,8.000000
4256,10.000000
4257,-24.000000
4258,-24.000000
4259,-2.000000
4260,24.000000
4261,50.000000
4262,54.000000
4263,28.000000
4264,-12.000000
4265,10.000000
4266,-40.000000
4267,-20.000000
4268,-16.000000
4269,22.000000
4270,-4.000000
4271,-20.000000
4272,-8.000000
4273,-20.000000
4274,-64.000000
4275,8.000000
4276,-6.000000
4277,2.000000
4278,12.000000
4279,62.000000
4280,34.000000
4281,-68.000000
4282,2.000000
4283,-12.000000
4284,2.000000
4285,-14.000000
4286,62.000000
4287,-12.000000
4288,24.000000
4289,-4.000000
4290,34.000000
4291,24.000000
4292,-4.000000
4293,-16.000000
4294,36.000000
4295,42.000000
4296,-40.000000
4297,-40.000000
4298,6.000000
4299,8.000000
4300,-16.000000
4301,8.000000
4302,46.000000
4303,-18.000000
4304,-12.000000
4305,16.000000
4306,0.000000
4307,-50.000000
4308,-8.000000
4309,-26.000000
4310,-46.000000
4311,36.000000
4312,-50.000000
4313,-16.000000
4314,8.000000
4315,-4.000000
4316,-16.000000
4317,20.000000
4318,8.000000
4319,-42.000000
4320,-40.000000
4321,14.000000
4322,-4.000000
4323,2.000000
4324,0.000000
4325,-4.000000
4326,-30.000000
4327,-34.000000
4328,0.000000
4329,-10.000000
4330,40.000000
4331,-2.000000
4332,14.000000
4333,-16.000000
4334,68.000000
4335,-8.000000
4336,72.000000
4337,10.000000
4338,24.000000
4339,16.000000
4340,18.000000
4341,24.000000
4342,-8.000000
4343,-10.000000
4344,34.000000
4345,20.000000
4346,-14.000000
4347,-44.000000
4348,2.000000
4349,-4.000000
4350,0.000000
4351,4.000000
4352,-2.000000
4353,-44.000000
4354,-12.000000
4355,-68.000000
4356,-14.000000
4357,0.000000
4358,0.000000
4359,-4.000000
4360,14.000000
4361,-18.000000
4362,6.000000
4363,-36.000000
4364,-34.000000
4365,64.000000
4366,-102.000000
4367,62.000000
4368,2.000000
4369,-4.000000
4370,-4.000000
4371,-2.000000
4372,26.000000
4373,-40.000000
4374,-26.000000
4375,-52.000000
4376,30.000000
4377,-36.000000
4378,32.000000
4379,46.000000
4380,8.000000
4381,-26.000000
4382,-32.000000
4383,36.000000
4384,16.000000
4385,2.000000
4386,6.000000
4387,32.000000
4388,40.000000
4389,-6.000000
4390,30.000000
4391,10.000000
4392,-18.000000
4393,0.000000
4394,-62.000000
4395,4.000000
4396,12.000000
4397,8.000000
4398,0.000000
4399,10.000000
4400,-4.000000
4401,-26.000000
4402,8.000000
4403,-18.000000
4404,8.000000
4405,42.000000
4406,6.000000
4407,-4.000000
4408,-14.000000
4409,-8.000000
4410,28.000000
4411,44.000000
4412,14.000000
4413,4.000000
4414,-36.000000
4415,14.000000
4416,-34.000000
4417,-18.000000
4418,14.000000
4419,16.000000
4420,-4.000000
4421,2.000000
4422,-12.000000
4423,2.000000
4424,68.000000
4425,-18.000000
4426,44.000000
4427,12.000000
4428,0.000000
4429,-20.000000
4430,-20.000000
4431,2.000000
4432,2.000000
4433,4.000000
4434,-20.000000
4435,4.000000
4436,76.000000
4437,-20.000000
4438,10.000000
4439,44.000000
4440,-26.000000
4441,-42.000000
4442,-16.000000
4443,2.000000
4444,2.000000
4445,8.000000
4446,2.000000
4447,4.000000
4448,14.000000
4449,-42.000000
4450,68.000000
4451,2.000000
4452,2.000000
4453,10.000000
4454,-20.000000
4455,-10.000000
4456,-76.000000
4457,-2.000000
4458,-26.000000
4459,6.000000
4460,32.000000
4461,-16.000000
4462,-54.000000
4463,0.000000
4464,24.000000
4465,-2.000000
4466,-8.000000
4467,-14.000000
4468,10.000000
4469,-16.000000
4470,2.000000
4471,0.000000
4472,-68.000000
4473,26.000000
4474,54.000000
4475,-4.000000
4476,10.000000
4477,34.000000
4478,44.000000
4479,14.000000
4480,-56.000000
4481,-14.000000
4482,-24.000000
4483,58.000000
4484,48.000000
4485,-16.000000
4486,14.000000
4487,8.000000
4488,62.000000
4489,6.000000
4490,0.000000
4491,-18.000000
4492,58.000000
4493,-12.000000
4494,14.000000
4495,30.000000
4496,-22.000000
4497,-16.000000
4498,-10.000000
4499,-6.000000
4500,22.000000
4501,-14.000000
4502,2.000000
4503,-40.000000
4504,-4.000000
4505,-20.000000
4506,-8.000000
4507,8.000000
4508,-64.000000
4509,-6.000000
4510,12.000000
4511,-34.000000
4512,-14.000000
4513,-20.000000
4514,26.000000
4515,-4.000000
4516,-36.000000
4517,32.000000
4518,54.000000
4519,6.000000
4520,-10.000000
4521,20.000000
4522,-4.000000
4523,-4.000000
4524,2.000000
4525,-4.000000
4526,14.000000
4527,-12.000000
4528,20.000000
4529,-80.000000
4530,-2.000000
4531,8.000000
4532,40.000000
4533,-58.000000
4534,2.000000
4535,8.000000
4536,-4.000000
4537,-18.000000
4538,-22.000000
4539,-8.000000
4540,-34.000000
4541,-74.000000
4542,10.000000
4543,10.000000
4544,-4.000000
4545,-28.000000
4546,-6.000000
4547,12.000000
4548,-18.000000
4549,-4.000000
4550,10.000000
4551,32.000000
4552,-4.000000
4553,18.000000
4554,24.000000
4555,2.000000
4556,-30.000000
4557,2.000000
4558,8.000000
4559,-34.000000
4560,-8.000000
4561,30.000000
4562,38.000000
4563,-58.000000
4564,20.000000
4565,-4.000000
4566,-14.000000
4567,10.000000
4568,18.000000
4569,-48.000000
4570,-18.000000
4571,48.000000
4572,16.000000
4573,2.000000
4574,50.000000
4575,-10.000000
4576,-6.000000
4577,4.000000
4578,10.000000
4579,-4.000000
4580,-28.000000
4581,4.000000
4582,-82.000000
4583,4.000000
4584,-26.000000
4585,74.000000
4586,-60.000000
4587,-22.000000
4588,36.000000
4589,0.000000
4590,-4.000000
4591,20.000000
4592,-30.000000
4593,-4.000000
4594,8.000000
4595,-16.000000
4596,34.000000
4597,2.000000
4598,-26.000000
4599,12.000000
4600,12.000000
4601,-10.000000
4602,54.000000
4603,14.000000
4604,-16.000000
4605,6.000000
4606,-20.000000
4607,58.000000
4608,2.000000
4609,-8.000000
4610,4.000000
4611,68.000000
4612,-2.000000
4613,-20.000000
4614,0.000000
4615,-30.000000
4616,-12.000000
4617,10.000000
4618,8.000000
4619,-10.000000
4620,-4.000000
4621,-8.000000
4622,-8.000000
4623,12.000000
4624,-4.000000
4625,-16.000000
4626,0.000000
4627,-2.000000
4628,-6.000000
4629,0.000000
4630,-6.000000
4631,-22.000000
4632,10.000000
4633,-30.000000
4634,10.000000
4635,-22.000000
4636,-72.000000
4637,-16.000000
4638,64.000000
4639,40.000000
4640,-6.000000
4641,-60.000000
4642,4.000000
4643,-12.000000
4644,-14.000000
4645,-4.000000
4646,36.000000
4647,-34.000000
4648,82.000000
4649,-16.000000
4650,-32.000000
4651,12.000000
4652,-8.000000
4653,4.000000
4654,-12.000000
4655,24.000000
4656,14.000000
4657,34.000000
4658,-16.000000
4659,4.000000
4660,68.000000
4661,-30.000000
4662,-22.000000
4663,10.000000
4664,-8.000000
4665,-4.000000
4666,-76.000000
4667,-20.000000
4668,-20.000000
4669,14.000000
4670,8.000000
4671,20.000000
4672,-10.000000
4673,-24.000000
4674,78.000000
4675,28.000000
4676,-40.000000
4677,22.000000
4678,0.000000
4679,38.000000
4680,92.000000
4681,14.000000
4682,-16.000000
4683,-4.000000
4684,28.000000
4685,-4.000000
4686,38.000000
4687,0.000000
4688,12.000000
4689,-34.000000
4690,-18.000000
4691,-6.000000
4692,46.000000
4693,-4.000000
4694,24.000000
4695,32.000000
4696,-10.000000
4697,0.000000
4698,-4.000000
4699,-10.000000
4700,-6.000000
4701,-6.000000
4702,-8.000000
4703,-16.000000
4704,78.000000
4705,-30.000000
4706,-12.000000
4707,-4.000000
4708,0.000000
4709,-12.000000
4710,-6.000000
4711,4.000000
4712,4.000000
4713,-36.000000
4714,14.000000
4715,0.000000
4716,-10.000000
4717,54.000000
4718,-16.000000
4719,-38.000000
4720,2.000000
4721,10.000000
4722,30.000000
4723,-12.000000
4724,2.000000
4725,50.000000
4726,24.000000
4727,2.000000
4728,54.000000
4729,-20.000000
4730,0.000000
4731,4.000000
4732,-4.000000
4733,4.000000
4734,8.000000
4735,68.000000
4736,-46.000000
4737,54.000000
4738,36.000000
4739,-12.000000
4740,-14.000000
4741,78.000000
4742,-12.000000
4743,-32.000000
4744,-16.000000
4745,-24.000000
4746,-4.000000
4747,-14.000000
4748,-4.000000
4749,12.000000
4750,22.000000
4751,-12.000000
4752,32.000000
4753,-6.000000
4754,0.000000
4755,22.000000
4756,-12.000000
4757,-82.000000
4758,-2.000000
4759,-26.000000
4760,-22.000000
4761,6.000000
4762,26.000000
4763,42.000000
4764,54.000000
4765,-10.000000
4766,8.000000
4767,-98.000000
4768,-12.000000
4769,-4.000000
4770,-24.000000
4771,-38.000000
4772,-30.000000
4773,-32.000000
4774,-22.000000
4775,-30.000000
4776,-14.000000
4777,-14.000000
4778,-16.000000
4779,32.000000
4780,8.000000
4781,30.000000
4782,32.000000
4783,-4.000000
4784,14.000000
4785,40.000000
4786,-2.000000
4787,6.000000
4788,68.000000
4789,26.000000
4790,-36.000000
4791,8.000000
4792,14.000000
4793,20.000000
4794,-18.000000
4795,10.000000
4796,0.000000
4797,2.000000
4798,-16.000000
4799,56.000000
4800,10.000000
4801,-36.000000
4802,38.000000
4803,22.000000
4804,10.000000
4805,14.000000
4806,2.000000
4807,28.000000
4808,14.000000
4809,54.000000
4810,34.000000
4811,26.000000
4812,32.000000
4813,-12.000000
4814,6.000000
4815,26.000000
4816,-6.000000
4817,8.000000
4818,50.000000
4819,-30.000000
4820,-34.000000
4821,-20.000000
4822,2.000000
4823,-38.000000
4824,8.000000
4825,2.000000
4826,24.000000
4827,-10.000000
4828,-2.000000
4829,-16.000000
4830,8.000000
4831,50.000000
4832,-62.000000
4833,-24.000000
4834,2.000000
4835,0.000000
4836,-20.000000
4837,2.000000
4838,-26.000000
4839,-16.000000
4840,-74.000000
4841,-6.000000
4842,-50.000000
4843,4.000000
4844,22.000000
4845,-16.000000
4846,-18.000000
4847,-20.000000
4848,20.000000
4849,34.000000
4850,-22.000000
4851,2.000000
4852,28.000000
4853,-56.000000
4854,-4.000000
4855,-58.000000
4856,-10.000000
4857,64.000000
4858,-6.000000
4859,72.000000
4860,32.000000
4861,-40.000000
4862,-44.000000
4863,-44.000000
4864,32.000000
4865,42.000000
4866,6.000000
4867,-20.000000
4868,8.000000
4869,10.000000
4870,10.000000
4871,4.000000
4872,-44.000000
4873,8.000000
4874,-20.000000
4875,36.000000
4876,-48.000000
4877,-54.000000
4878,0.000000
4879,-8.000000
4880,42.000000
4881,8.000000
4882,22.000000
4883,16.000000
4884,0.000000
4885,-18.000000
4886,-8.000000
4887,46.000000
4888,-22.000000
4889,-26.000000
4890,-28.000000
4891,-28.000000
4892,-14.000000
4893,-16.000000
4894,-34.000000
4895,10.000000
4896,-4.000000
4897,12.000000
4898,-60.000000
4899,-30.000000
4900,-8.000000
4901,10.000000
4902,12.000000
4903,-6.000000
4904,-44.000000
4905,-62.000000
4906,12.000000
4907,24.000000
4908,2.000000
4909,-20.000000
4910,-16.000000
4911,14.000000
4912,-32.000000
4913,-44.000000
4914,-4.000000
4915,-46.000000
4916,-4.000000
4917,-64.000000
4918,24.000000
4919,-2.000000
4920,-14.000000
4921,-16.000000
4922,10.000000
4923,-16.000000
4924,-8.000000
4925,-30.000000
4926,2.000000
4927,-12.000000
4928,14.000000
4929,30.000000
4930,10.000000
4931,18.000000
4932,10.000000
4933,-22.000000
4934,-2.000000
4935,2.000000
4936,-10.000000
4937,-26.000000
4938,38.000000
4939,-40.000000
4940,-36.000000
4941,2.000000
4942,22.000000
4943,-20.000000
4944,-26.000000
4945,-22.000000
4946,-4.000000
4947,18.000000
4948,24.000000
4949,-58.000000
4950,-8.000000
4951,-20.000000
4952,20.000000
4953,-26.000000
4954,2.000000
4955,-6.000000
4956,10.000000
4957,50.000000
4958,2.000000
4959,-16.000000
4960,-8.000000
4961,-4.000000
4962,-12.000000
4963,8.000000
4964,14.000000
4965,36.000000
4966,-2.000000
4967,22.000000
4968,-16.000000
4969,-12.000000
4970,18.000000
4971,38.000000
4972,26.000000
4973,40.000000
4974,24.000000
4975,30.000000
4976,-40.000000
4977,16.000000
4978,16.000000
4979,-66.000000
4980,-8.000000
4981,0.000000
4982,-24.000000
4983,-74.000000
4984,-76.000000
4985,22.000000
4986,-26.000000
4987,6.000000
4988,-20.000000
4989,14.000000
4990,-30.000000
4991,6.000000
4992,-22.000000
4993,-8.000000
4994,-40.000000
4995,4.000000
4996,24.000000
4997,4.000000
4998,-46.000000
4999,10.000000
5000,-18.000000
5001,-48.000000
5002,-40.000000
5003,-6.000000
5004,-10.000000
5005,-30.000000
5006,28.000000
5007,20.000000
5008,-12.000000
5009,-74.000000
5010,-44.000000
5011,22.000000
5012,-16.000000
5013,-2.000000
5014,68.000000
5015,28.000000
5016,0.000000
5017,10.000000
5018,0.000000
5019,38.000000
5020,6.000000
5021,6.000000
5022,-16.000000
5023,-4.000000
5024,14.000000
5025,4.000000
5026,16.000000
5027,-42.000000
5028,-34.000000
5029,28.000000
5030,-18.000000
5031,4.000000
5032,-2.000000
5033,6.000000
5034,32.000000
5035,-40.000000
5036,2.000000
5037,-26.000000
5038,-78.000000
5039,72.000000
5040,-42.000000
5041,4.000000
5042,-22.000000
5043,50.000000
5044,-20.000000
5045,46.000000
5046,-14.000000
5047,-16.000000
5048,26.000000
5049,-8.000000
5050,2.000000
5051,10.000000
5052,-20.000000
5053,-4.000000
5054,-6.000000
5055,-16.000000
5056,-6.000000
5057,0.000000
5058,-20.000000
5059,2.000000
5060,-18.000000
5061,-26.000000
5062,2.000000
5063,-52.000000
5064,6.000000
5065,4.000000
5066,32.000000
5067,38.000000
5068,-20.000000
5069,-16.000000
5070,-16.000000
5071,-52.000000
5072,2.000000
5073,-20.000000
5074,-8.000000
5075,-30.000000
5076,-4.000000
5077,48.000000
5078,-20.000000
5079,-6.000000
5080,54.000000
5081,0.000000
5082,-36.000000
5083,-2.000000
5084,-48.000000
5085,-12.000000
5086,16.000000
5087,8.000000
5088,-18.000000
5089,12.000000
5090,-20.000000
5091,-2.000000
5092,54.000000
5093,20.000000
5094,-4.000000
5095,42.000000
5096,24.000000
5097,4.000000
5098,-4.000000
5099,30.000000
5100,-36.000000
5101,-38.000000
5102,12.000000
5103,62.000000
5104,12.000000
5105,-2.000000
5106,-4.000000
5107,38.000000
5108,-12.000000
5109,-8.000000
5110,8.000000
5111,-10.000000
5112,-12.000000
5113,-8.000000
5114,-96.000000
5115,-30.000000
5116,-6.000000
5117,12.000000
5118,48.000000
5119,-54.000000
5120,-8.000000
5121,44.000000
5122,-18.000000
5123,-6.000000
5124,-52.000000
5125,24.000000
5126,6.000000
5127,8.000000
5128,14.000000
5129,-4.000000
5130,-60.000000
5131,6.000000
5132,8.000000
5133,-54.000000
5134,6.000000
5135,16.000000
5136,14.000000
5137,-2.000000
5138,-48.000000
5139,44.000000
5140,-16.000000
5141,-12.000000
5142,40.000000
5143,-12.000000
5144,-18.000000
5145,60.000000
5146,24.000000
5147,34.000000
5148,-12.000000
5149,14.000000
5150,-30.000000
5151,-14.000000
5152,70.000000
5153,-4.000000
5154,0.000000
5155,2.000000
5156,-36.000000
5157,-66.000000
5158,14.000000
5159,-20.000000
5160,-30.000000
5161,-38.000000
5162,28.000000
5163,10.000000
5164,-8.000000
5165,22.000000
5166,32.000000
5167,34.000000
5168,-12.000000
5169,-12.000000
5170,-2.000000
5171,20.000000
5172,10.000000
5173,-6.000000
5174,-20.000000
5175,-18.000000
5176,16.000000
5177,-2.000000
5178,10.000000
5179,-40.000000
5180,72.000000
5181,2.000000
5182,-26.000000
5183,2.000000
5184,54.000000
5185,-2.000000
5186,40.000000
5187,16.000000
5188,20.000000
5189,10.000000
5190,2.000000
5191,-12.000000
5192,30.000000
5193,-6.000000
5194,-10.000000
5195,14.000000
5196,-44.000000
5197,6.000000
5198,-4.000000
5199,6.000000
5200,-20.000000
5201,-16.000000
5202,-38.000000
5203,22.000000
5204,34.000000
5205,-72.000000
5206,-80.000000
5207,-12.000000
5208,-84.000000
5209,-6.000000
5210,32.000000
5211,-20.000000
5212,-6.000000
5213,6.000000
5214,26.000000
5215,14.000000
5216,28.000000
5217,-2.000000
5218,-56.000000
5219,24.000000
5220,-16.000000
5221,-12.000000
5222,-54.000000
5223,10.000000
5224,18.000000
5225,36.000000
5226,-52.000000
5227,-16.000000
5228,4.000000
5229,-26.000000
5230,6.000000
5231,-12.000000
5232,-12.000000
5233,-2.000000
5234,-18.000000
5235,-30.000000
5236,18.000000
5237,22.000000
5238,4.000000
5239,-32.000000
5240,-48.000000
5241,-52.000000
5242,18.000000
5243,-12.000000
5244,-8.000000
5245,-14.000000
5246,88.000000
5247,6.000000
5248,0.000000
5249,50.000000
5250,34.000000
5251,36.000000
5252,-8.000000
5253,10.000000
5254,2.000000
5255,70.000000
5256,-16.000000
5257,14.000000
5258,-12.000000
5259,44.000000
5260,6.000000
5261,-24.000000
5262,26.000000
5263,6.000000
5264,2.000000
5265,40.000000
5266,2.000000
5267,14.000000
5268,40.000000
5269,32.000000
5270,58.000000
5271,-64.000000
5272,14.000000
5273,0.000000
5274,-36.000000
5275,-10.000000
5276,2.000000
5277,50.000000
5278,10.000000
5279,10.000000
5280,6.000000
5281,72.000000
5282,-12.000000
5283,38.000000
5284,-6.000000
5285,42.000000
5286,26.000000
5287,-44.000000
5288,2.000000
5289,-86.000000
5290,46.000000
5291,-54.000000
5292,6.000000
5293,58.000000
5294,10.000000
5295,-82.000000
5296,34.000000
5297,10.000000
5298,-8.000000
5299,50.000000
5300,-18.000000
5301,-6.000000
5302,-6.000000
5303,20.000000
5304,36.000000
5305,-50.000000
5306,8.000000
5307,68.000000
5308,-30.000000
5309,12.000000
5310,16.000000
5311,-20.000000
5312,-16.000000
5313,-12.000000
5314,18.000000
5315,36.000000
5316,-12.000000
5317,10.000000
5318,-58.000000
5319,30.000000
5320,32.000000
5321,-2.000000
5322,-16.000000
5323,0.000000
5324,-22.000000
5325,4.000000
5326,-6.000000
5327,36.000000
5328,20.000000
5329,-2.000000
5330,34.000000
5331,-4.000000
5332,20.000000
5333,20.000000
5334,-4.000000
5335,-8.000000
5336,-8.000000
5337,14.000000
5338,-6.000000
5339,-4.000000
5340,-20.000000
5341,-12.000000
5342,-50.000000
5343,-22.000000
5344,-2.000000
5345,-4.000000
5346,-54.000000
5347,2.000000
5348,-24.000000
5349,-6.000000
5350,-6.000000
5351,12.000000
5352,24.000000
5353,2.000000
5354,-16.000000
5355,10.000000
5356,28.000000
5357,-2.000000
5358,-4.000000
5359,-62.000000
5360,2.000000
5361,-4.000000
5362,28.000000
5363,4.000000
5364,54.000000
5365,-4.000000
5366,-12.000000
5367,-2.000000
5368,36.000000
5369,12.000000
5370,12.000000
5371,26.000000
5372,-34.000000
5373,-48.000000
5374,44.000000
5375,16.000000
5376,-18.000000
5377,62.000000
5378,2.000000
5379,18.000000
5380,18.000000
5381,-34.000000
5382,28.000000
5383,-8.000000
5384,28.000000
5385,2.000000
5386,-8.000000
5387,-62.000000
5388,16.000000
5389,8.000000
5390,-16.000000
5391,-34.000000
5392,-26.000000
5393,16.000000
5394,14.000000
5395,28.000000
5396,46.000000
5397,10.000000
5398,-16.000000
5399,22.000000
5400,-8.000000
5401,16.000000
5402,-58.000000
5403,68.000000
5404,-8.000000
5405,-12.000000
5406,2.000000
5407,24.000000
5408,28.000000
5409,0.000000
5410,-18.000000
5411,74.000000
5412,22.000000
5413,-28.000000
5414,20.000000
5415,4.000000
5416,14.000000
5417,-12.000000
5418,-20.000000
5419,10.000000
5420,28.000000
5421,10.000000
5422,0.000000
5423,20.000000
5424,22.000000
5425,14.000000
5426,-16.000000
5427,-36.000000
5428,40.000000
5429,-2.000000
5430,2.000000
5431,22.000000
5432,22.000000
5433,40.000000
5434,8.000000
5435,16.000000
5436,-16.000000
5437,32.000000
5438,-56.000000
5439,-40.000000
5440,-42.000000
5441,42.000000
5442,-18.000000
5443,8.000000
5444,10.000000
5445,32.000000
5446,-60.000000
5447,20.000000
5448,8.000000
5449,46.000000
5450,-16.000000
5451,-16.000000
5452,-56.000000
5453,8.000000
5454,-2.000000
5455,50.000000
5456,24.000000
5457,6.000000
5458,-26.000000
5459,12.000000
5460,14.000000
5461,8.000000
5462,-34.000000
5463,22.000000
5464,-16.000000
5465,48.000000
5466,50.000000
5467,-38.000000
5468,-8.000000
5469,-84.000000
5470,24.000000
5471,14.000000
5472,-30.000000
5473,-14.000000
5474,24.000000
5475,10.000000
5476,-26.000000
5477,-52.000000
5478,4.000000
5479,-30.000000
5480,-26.000000
5481,0.000000
5482,44.000000
5483,0.000000
5484,54.000000
5485,18.000000
5486,12.000000
5487,-20.000000
5488,-12.000000
5489,0.000000
5490,-12.000000
5491,-8.000000
5492,-26.000000
5493,-16.000000
5494,26.000000
5495,32.000000
5496,46.000000
5497,10.000000
5498,8.000000
5499,2.000000
5500,10.000000
5501,12.000000
5502,-22.000000
5503,-6.000000
5504,-6.000000
5505,38.000000
5506,0.000000
5507,26.000000
5508,-6.000000
5509,-18.000000
5510,-30.000000
5511,-6.000000
5512,-60.000000
5513,26.000000
5514,-30.000000
5515,2.000000
5516,92.000000
5517,26.000000
5518,32.000000
5519,10.000000
5520,-4.000000
5521,-16.000000
5522,8.000000
5523,-58.000000
5524,0.000000
5525,22.000000
5526,14.000000
5527,-10.000000
5528,-4.000000
5529,22.000000
5530,8.000000
5531,-2.000000
5532,32.000000
5533,58.000000
5534,50.000000
5535,10.000000
5536,8.000000
5537,-22.000000
5538,-42.000000
5539,-16.000000
5540,-34.000000
5541,24.000000
5542,76.000000
5543,58.000000
5544,-26.000000
5545,34.000000
5546,-84.000000
5547,-16.000000
5548,-22.000000
5549,-34.000000
5550,2.000000
5551,-10.000000
5552,32.000000
5553,-20.000000
5554,2.000000
5555,14.000000
5556,0.000000
5557,12.000000
5558,10.000000
5559,0.000000
5560,70.000000
5561,-4.000000
5562,0.000000
5563,10.000000
5564,-26.000000
5565,-8.000000
5566,2.000000
5567,-8.000000
5568,-24.000000
5569,34.000000
5570,-62.000000
5571,-44.000000
5572,2.000000
5573,38.000000
5574,18.000000
5575,-74.000000
5576,-36.000000
5577,44.000000
5578,-64.000000
5579,54.000000
5580,-20.000000
5581,-26.000000
5582,-4.000000
5583,-8.000000
5584,-4.000000
5585,-22.000000
5586,28.000000
5587,30.000000
5588,4.000000
5589,-2.000000
5590,12.000000
5591,-8.000000
5592,20.000000
5593,16.000000
5594,-22.000000
5595,8.000000
5596,26.000000
5597,54.000000
5598,8.000000
5599,30.000000
5600,28.000000
5601,-16.000000
5602,-8.000000
5603,-36.000000
5604,-12.000000
5605,-4.000000
5606,28.000000
5607,-64.000000
5608,8.000000
5609,-22.000000
5610,-8.000000
5611,20.000000
5612,30.000000
5613,-30.000000
5614,-30.000000
5615,-16.000000
5616,-26.000000
5617,-68.000000
5618,28.000000
5619,-54.000000
5620,-4.000000
5621,20.000000
5622,-12.000000
5623,-34.000000
5624,-8.000000
5625,-18.000000
5626,32.000000
5627,82.000000
5628,40.000000
5629,2.000000
5630,36.000000
5631,-6.000000
5632,42.000000
5633,16.000000
5634,10.000000
5635,-4.000000
5636,-16.000000
5637,44.000000
5638,-2.000000
5639,24.000000
5640,-14.000000
5641,-16.000000
5642,6.000000
5643,-12.000000
5644,-18.000000
5645,0.000000
5646,4.000000
5647,-20.000000
5648,-32.000000
5649,-16.000000
5650,-16.000000
5651,-26.000000
5652,-14.000000
5653,-58.000000
5654,36.000000
5655,10.000000
5656,10.000000
5657,-4.000000
5658,20.000000
5659,-4.000000
5660,6.000000
5661,-20.000000
5662,22.000000
5663,-26.000000
5664,-14.000000
5665,16.000000
5666,-20.000000
5667,-12.000000
5668,-14.000000
5669,26.000000
5670,-24.000000
5671,-20.000000
5672,-32.000000
5673,14.000000
5674,4.000000
5675,-12.000000
5676,0.000000
5677,-16.000000
5678,-16.000000
5679,-4.000000
5680,2.000000
5681,-12.000000
5682,2.000000
5683,2.000000
5684,24.000000
5685,-2.000000
5686,-6.000000
5687,-12.000000
5688,-4.000000
5689,50.000000
5690,-14.000000
5691,-8.000000
5692,-16.000000
5693,12.000000
5694,-58.000000
5695,26.000000
5696,26.000000
5697,-54.000000
5698,26.000000
5699,-14.000000
5700,-26.000000
5701,22.000000
5702,44.000000
5703,-50.000000
5704,-40.000000
5705,-10.000000
5706,-26.000000
5707,-30.000000
5708,-4.000000
5709,24.000000
5710,44.000000
5711,-18.000000
5712,-50.000000
5713,-4.000000
5714,-16.000000
5715,-20.000000
5716,-56.000000
5717,-8.000000
5718,26.000000
5719,14.000000
5720,12.000000
5721,-32.000000
5722,-30.000000
5723,-22.000000
5724,2.000000
5725,24.000000
5726,2.000000
5727,-32.000000
5728,28.000000
5729,16.000000
5730,-66.000000
5731,-50.000000
5732,-4.000000
5733,-4.000000
5734,-12.000000
5735,-12.000000
5736,0.000000
5737,20.000000
5738,22.000000
5739,-4.000000
5740,-14.000000
5741,22.000000
5742,-98.000000
5743,-30.000000
5744,-30.000000
5745,0.000000
5746,2.000000
5747,-58.000000
5748,-22.000000
5749,-44.000000
5750,-8.000000
5751,26.000000
5752,14.000000
5753,-36.000000
5754,-26.000000
5755,-22.000000
5756,30.000000
5757,24.000000
5758,-26.000000
5759,8.000000
5760,8.000000
5761,20.000000
5762,-14.000000
5763,50.000000
5764,-22.000000
5765,-26.000000
5766,22.000000
5767,18.000000
5768,-18.000000
5769,-4.000000
5770,-22.000000
5771,0.000000
5772,8.000000
5773,-4.000000
5774,14.000000
5775,62.000000
5776,-36.000000
5777,0.000000
5778,-4.000000
5779,68.000000
5780,-8.000000
5781,14.000000
5782,18.000000
5783,-6.000000
5784,-6.000000
5785,30.000000
5786,24.000000
5787,2.000000
5788,-28.000000
5789,-30.000000
5790,10.000000
5791,10.000000
5792,10.000000
5793,-14.000000
5794,-16.000000
5795,-44.000000
5796,-48.000000
5797,-26.000000
5798,16.000000
5799,8.000000
5800,10.000000
5801,84.000000
5802,-20.000000
5803,-2.000000
5804,-12.000000
5805,22.000000
5806,22.000000
5807,-16.000000
5808,-12.000000
5809,-32.000000
5810,0.000000
5811,-50.000000
5812,50.000000
5813,-28.000000
5814,34.000000
5815,-22.000000
5816,32.000000
5817,-66.000000
5818,0.000000
5819,-24.000000
5820,-20.000000
5821,-34.000000
5822,-16.000000
5823,-14.000000
5824,-38.000000
5825,-4.000000
5826,0.000000
5827,-6.000000
5828,64.000000
5829,-2.000000
5830,46.000000
5831,4.000000
5832,6.000000
5833,2.000000
5834,50.000000
5835,-58.000000
5836,-104.000000
5837,-14.000000
5838,-4.000000
5839,-4.000000
5840,2.000000
5841,-2.000000
5842,-20.000000
5843,46.000000
5844,14.000000
5845,-14.000000
5846,14.000000
5847,-70.000000
5848,0.000000
5849,-6.000000
5850,22.000000
5851,32.000000
5852,14.000000
5853,-20.000000
5854,-20.000000
5855,-18.000000
5856,6.000000
5857,-16.000000
5858,-16.000000
5859,-24.000000
5860,-16.000000
5861,6.000000
5862,74.000000
5863,-4.000000
5864,8.000000
5865,50.000000
5866,24.000000
5867,4.000000
5868,-12.000000
5869,10.000000
5870,-54.000000
5871,-40.000000
5872,20.000000
5873,-30.000000
5874,-40.000000
5875,58.000000
5876,2.000000
5877,10.000000
5878,-16.000000
5879,-14.000000
5880,-22.000000
5881,0.000000
5882,-12.000000
5883,28.000000
5884,6.000000
5885,20.000000
5886,30.000000
5887,20.000000
5888,10.000000
5889,24.000000
5890,-26.000000
5891,26.000000
5892,28.000000
5893,36.000000
5894,8.000000
5895,-16.000000
5896,-18.000000
5897,2.000000
5898,38.000000
5899,22.000000
5900,8.000000
5901,-4.000000
5902,-26.000000
5903,-4.000000
5904,-14.000000
5905,14.000000
5906,-70.000000
5907,-20.000000
5908,26.000000
5909,0.000000
5910,0.000000
5911,46.000000
5912,96.000000
5913,26.000000
5914,26.000000
5915,-40.000000
5916,-8.000000
5917,-8.000000
5918,-4.000000
5919,-6.000000
5920,14.000000
5921,12.000000
5922,-4.000000
5923,14.000000
5924,62.000000
5925,-30.000000
5926,46.000000
5927,10.000000
5928,16.000000
5929,-2.000000
5930,-26.000000
5931,22.000000
5932,-8.000000
5933,-34.000000
5934,-12.000000
5935,0.000000
5936,0.000000
5937,34.000000
5938,20.000000
5939,6.000000
5940,-6.000000
5941,-4.000000
5942,20.000000
5943,-14.000000
5944,-16.000000
5945,-12.000000
5946,14.000000
5947,8.000000
5948,-16.000000
5949,-12.000000
5950,34.000000
5951,32.000000
5952,40.000000
5953,32.000000
5954,0.000000
5955,12.000000
5956,-18.000000
5957,-40.000000
5958,-20.000000
5959,4.000000
5960,14.000000
5961,-10.000000
5962,0.000000
5963,0.000000
5964,-4.000000
5965,-4.000000
5966,8.000000
5967,10.000000
5968,-30.000000
5969,-6.000000
5970,54.000000
5971,-4.000000
5972,8.000000
5973,-12.000000
5974,-12.000000
5975,24.000000
5976,-4.000000
5977,-22.000000
5978,-12.000000
5979,-60.000000
5980,-16.000000
5981,-4.000000
5982,60.000000
5983,-4.000000
5984,-40.000000
5985,-22.000000
5986,-74.000000
5987,-18.000000
5988,-20.000000
5989,20.000000
5990,4.000000
5991,18.000000
5992,30.000000
5993,2.000000
5994,2.000000
5995,-20.000000
5996,-60.000000
5997,-52.000000
5998,18.000000
5999,-22.000000
6000,-30.000000
6001,-70.000000
6002,-4.000000
6003,28.000000
6004,-30.000000
6005,14.000000
6006,-24.000000
6007,-2.000000
6008,-64.000000
6009,-16.000000
6010,-56.000000
6011,-76.000000
6012,-26.000000
6013,-44.000000
6014,14.000000
6015,-4.000000
6016,14.000000
6017,-18.000000
6018,-8.000000
6019,-18.000000
6020,-42.000000
6021,-26.000000
6022,-90.000000
6023,-10.000000
6024,-12.000000
6025,6.000000
6026,-36.000000
6027,12.000000
6028,-2.000000
6029,-18.000000
6030,-34.000000
6031,8.000000
6032,12.000000
6033,-12.000000
6034,24.000000
6035,-8.000000
6036,-68.000000
6037,-4.000000
6038,-14.000000
6039,-16.000000
6040,-62.000000
6041,4.000000
6042,-44.000000
6043,-16.000000
6044,0.000000
6045,34.000000
6046,20.000000
6047,26.000000
6048,-52.000000
6049,-4.000000
6050,16.000000
6051,30.000000
6052,30.000000
6053,0.000000
6054,-26.000000
6055,16.000000
6056,24.000000
6057,26.000000
6058,-6.000000
6059,-18.000000
6060,-64.000000
6061,2.000000
6062,-8.000000
6063,-58.000000
6064,-8.000000
6065,-26.000000
6066,-12.000000
6067,-36.000000
6068,2.000000
6069,-8.000000
6070,10.000000
6071,-4.000000
6072,0.000000
6073,0.000000
6074,-52.000000
6075,54.000000
6076,-4.000000
6077,-12.000000
6078,-10.000000
6079,-14.000000
6080,2.000000
6081,-12.000000
6082,-12.000000
6083,-16.000000
6084,46.000000
6085,-12.000000
6086,34.000000
6087,50.000000
6088,48.000000
6089,0.000000
6090,-8.000000
6091,-4.000000
6092,46.000000
6093,2.000000
6094,-20.000000
6095,-62.000000
6096,32.000000
6097,0.000000
6098,-8.000000
6099,10.000000
6100,12.000000
6101,10.000000
6102,-16.000000
6103,-64.000000
6104,26.000000
6105,-24.000000
6106,-4.000000
6107,8.000000
6108,-54.000000
6109,26.000000
6110,54.000000
6111,-48.000000
6112,-52.000000
6113,-12.000000
6114,8.000000
6115,-24.000000
6116,-6.000000
6117,-16.000000
6118,-18.000000
6119,6.000000
6120,6.000000
6121,-2.000000
6122,-16.000000
6123,8.000000
6124,-2.000000
6125,30.000000
6126,72.000000
6127,-12.000000
6128,-2.000000
6129,12.000000
6130,-56.000000
6131,2.000000
6132,-4.000000
6133,4.000000
6134,-2.000000
6135,16.000000
6136,-16.000000
6137,36.000000
6138,10.000000
6139,-18.000000
6140,-22.000000
6141,-44.000000
6142,-18.000000
6143,-12.000000
6144,8.000000
6145,6.000000
6146,-6.000000
6147,12.000000
6148,34.000000
6149,-26.000000
6150,12.000000
6151,2.000000
6152,0.000000
6153,0.000000
6154,46.000000
6155,12.000000
6156,60.000000
6157,14.000000
6158,-8.000000
6159,8.000000
6160,12.000000
6161,8.000000
6162,36.000000
6163,60.000000
6164,2.000000
6165,-12.000000
6166,-10.000000
6167,14.000000
6168,-36.000000
6169,16.000000
6170,22.000000
6171,0.000000
6172,14.000000
6173,8.000000
6174,10.000000
6175,-12.000000
6176,16.000000
6177,-4.000000
6178,14.000000
6179,32.000000
6180,36.000000
6181,4.000000
6182,26.000000
6183,-4.000000
6184,-20.000000
6185,-16.000000
6186,36.000000
6187,0.000000
6188,-2.000000
6189,-82.000000
6190,-8.000000
6191,16.000000
6192,-82.000000
6193,32.000000
6194,14.000000
6195,-8.000000
6196,-12.000000
6197,10.000000
6198,24.000000
6199,18.000000
6200,-28.000000
6201,-46.000000
6202,20.000000
6203,36.000000
6204,32.000000
6205,10.000000
6206,12.000000
6207,-68.000000
6208,32.000000
6209,-12.000000
6210,2.000000
6211,-16.000000
6212,-24.000000
6213,2.000000
6214,0.000000
6215,-62.000000
6216,26.000000
6217,-4.000000
6218,-4.000000
6219,50.000000
6220,-64.000000
6221,-6.000000
6222,46.000000
6223,8.000000
6224,-24.000000
6225,8.000000
6226,-48.000000
6227,22.000000
6228,54.000000
6229,-4.000000
6230,6.000000
6231,46.000000
6232,2.000000
6233,20.000000
6234,22.000000
6235,-20.000000
6236,-10.000000
6237,-4.000000
6238,6.000000
6239,76.000000
6240,-56.000000
6241,6.000000
6242,6.000000
6243,68.000000
6244,-60.000000
6245,12.000000
6246,-30.000000
6247,64.000000
6248,16.000000
6249,-24.000000
6250,46.000000
6251,10.000000
6252,10.000000
6253,-48.000000
6254,50.000000
6255,-30.000000
6256,30.000000
6257,76.000000
6258,14.000000
6259,2.000000
6260,4.000000
6261,20.000000
6262,-62.000000
6263,-4.000000
6264,-26.000000
6265,-32.000000
6266,-8.000000
6267,16.000000
6268,-2.000000
6269,-20.000000
6270,-4.000000
6271,2.000000
6272,-22.000000
6273,12.000000
6274,-46.000000
6275,10.000000
6276,24.000000
6277,6.000000
6278,48.000000
6279,-8.000000
6280,-18.000000
6281,-10.000000
6282,-16.000000
6283,0.000000
6284,-26.000000
6285,30.000000
6286,8.000000
6287,-58.000000
6288,-36.000000
6289,-6.000000
6290,-10.000000
6291,10.000000
6292,8.000000
6293,8.000000
6294,-8.000000
6295,-30.000000
6296,-52.000000
6297,20.000000
6298,-26.000000
6299,0.000000
6300,22.000000
6301,-4.000000
6302,-2.000000
6303,-32.000000
6304,8.000000
6305,-54.000000
6306,24.000000
6307,-4.000000
6308,42.000000
6309,4.000000
6310,-14.000000
6311,28.000000
6312,30.000000
6313,4.000000
6314,26.000000
6315,-18.000000
6316,16.000000
6317,-30.000000
6318,0.000000
6319,54.000000
6320,-6.000000
6321,-30.000000
6322,14.000000
6323,16.000000
6324,-40.000000
6325,28.000000
6326,-36.000000
6327,-34.000000
6328,-12.000000
6329,8.000000
6330,14.000000
6331,12.000000
6332,12.000000
6333,-10.000000
6334,-78.000000
6335,-20.000000
6336,14.000000
6337,-6.000000
6338,-20.000000
6339,-6.000000
6340,-6.000000
6341,0.000000
6342,26.000000
6343,54.000000
6344,24.000000
6345,16.000000
6346,4.000000
6347,-72.000000
6348,6.000000
6349,-32.000000
6350,10.000000
6351,2.000000
6352,-28.000000
6353,-4.000000
6354,-8.000000
6355,0.000000
6356,-22.000000
6357,20.000000
6358,-4.000000
6359,0.000000
6360,8.000000
6361,0.000000
6362,0.000000
6363,60.000000
6364,24.000000
6365,2.000000
6366,-40.000000
6367,18.000000
6368,-4.000000
6369,6.000000
6370,-4.000000
6371,-6.000000
6372,0.000000
6373,-26.000000
6374,22.000000
6375,0.000000
6376,-4.000000
6377,10.000000
6378,-26.000000
6379,18.000000
6380,38.000000
6381,12.000000
6382,-22.000000
6383,16.000000
6384,22.000000
6385,32.000000
6386,-4.000000
6387,6.000000
6388,58.000000
6389,16.000000
6390,-22.000000
6391,-6.000000
6392,28.000000
6393,-8.000000
6394,20.000000
6395,10.000000
6396,18.000000
6397,2.000000
6398,-12.000000
6399,-22.000000
6400,-22.000000
6401,-26.000000
6402,-4.000000
6403,42.000000
6404,24.000000
6405,-20.000000
6406,14.000000
6407,24.000000
6408,-16.000000
6409,60.000000
6410,18.000000
6411,14.000000
6412,26.000000
6413,0.000000
6414,-14.000000
6415,-16.000000
6416,2.000000
6417,-18.000000
6418,-8.000000
6419,28.000000
6420,-38.000000
6421,-2.000000
6422,-24.000000
6423,28.000000
6424,24.000000
6425,14.000000
6426,6.000000
6427,6.000000
6428,40.000000
6429,40.000000
6430,-22.000000
6431,-26.000000
6432,-14.000000
6433,12.000000
6434,40.000000
6435,-16.000000
6436,36.000000
6437,20.000000
6438,-2.000000
6439,0.000000
6440,28.000000
6441,10.000000
6442,28.000000
6443,-20.000000
6444,40.000000
6445,-30.000000
6446,-18.000000
6447,-26.000000
6448,44.000000
6449,-30.000000
6450,-48.000000
6451,-22.000000
6452,64.000000
6453,-26.000000
6454,-2.000000
6455,50.000000
6456,2.000000
6457,28.000000
6458,30.000000
6459,-52.000000
6460,24.000000
6461,26.000000
6462,20.000000
6463,-22.000000
6464,-8.000000
6465,-14.000000
6466,-16.000000
6467,-12.000000
6468,-18.000000
6469,-30.000000
6470,-14.000000
6471,40.000000
6472,-30.000000
6473,-22.000000
6474,-26.000000
6475,6.000000
6476,-48.000000
6477,24.000000
6478,-4.000000
6479,-16.000000
6480,30.000000
6481,2.000000
6482,6.000000
6483,14.000000
6484,58.000000
6485,-12.000000
6486,-54.000000
6487,10.000000
6488,22.000000
6489,6.000000
6490,-12.000000
6491,-8.000000
6492,-6.000000
6493,34.000000
6494,-4.000000
6495,-22.000000
6496,-12.000000
6497,-2.000000
6498,0.000000
6499,2.000000
6500,-10.000000
6501,-8.000000
6502,0.000000
6503,-38.000000
6504,-28.000000
6505,-4.000000
6506,20.000000
6507,58.000000
6508,8.000000
6509,76.000000
6510,24.000000
6511,-16.000000
6512,-4.000000
6513,-22.000000
6514,14.000000
6515,42.000000
6516,-4.000000
6517,22.000000
6518,26.000000
6519,-4.000000
6520,0.000000
6521,-16.000000
6522,26.000000
6523,4.000000
6524,24.000000
6525,12.000000
6526,-4.000000
6527,-14.000000
6528,-2.000000
6529,-30.000000
6530,-44.000000
6531,-12.000000
6532,-16.000000
6533,-44.000000
6534,14.000000
6535,-34.000000
6536,0.000000
6537,-14.000000
6538,-4.000000
6539,-56.000000
6540,20.000000
6541,14.000000
6542,-24.000000
6543,22.000000
6544,-48.000000
6545,-22.000000
6546,24.000000
6547,-26.000000
6548,8.000000
6549,22.000000
6550,-4.000000
6551,-26.000000
6552,6.000000
6553,6.000000
6554,-40.000000
6555,4.000000
6556,16.000000
6557,-26.000000
6558,30.000000
6559,16.000000
6560,14.000000
6561,-50.000000
6562,60.000000
6563,30.000000
6564,-2.000000
6565,-6.000000
6566,-48.000000
6567,50.000000
6568,-12.000000
6569,-16.000000
6570,0.000000
6571,-26.000000
6572,22.000000
6573,-30.000000
6574,-20.000000
6575,20.000000
6576,0.000000
6577,-44.000000
6578,12.000000
6579,10.000000
6580,-16.000000
6581,-2.000000
6582,-36.000000
6583,22.000000
6584,26.000000
6585,14.000000
6586,0.000000
6587,40.000000
6588,34.000000
6589,0.000000
6590,-44.000000
6591,0.000000
6592,0.000000
6593,36.000000
6594,-16.000000
6595,-26.000000
6596,30.000000
6597,-12.000000
6598,-28.000000
6599,-30.000000
6600,-4.000000
6601,36.000000
6602,-4.000000
6603,-20.000000
6604,34.000000
6605,-72.000000
6606,10.000000
6607,-30.000000
6608,-10.000000
6609,22.000000
6610,-4.000000
6611,8.000000
6612,2.000000
6613,-4.000000
6614,-14.000000
6615,-56.000000
6616,-8.000000
6617,40.000000
6618,-40.000000
6619,12.000000
6620,12.000000
6621,-60.000000
6622,20.000000
6623,-18.000000
6624,-62.000000
6625,-4.000000
6626,-20.000000
6627,-14.000000
6628,-38.000000
6629,-12.000000
6630,-12.000000
6631,22.000000
6632,72.000000
6633,48.000000
6634,2.000000
6635,4.000000
6636,-12.000000
6637,-16.000000
6638,-72.000000
6639,8.000000
6640,-20.000000
6641,14.000000
6642,-6.000000
6643,2.000000
6644,-20.000000
6645,-74.000000
6646,70.000000
6647,-20.000000
6648,2.000000
6649,10.000000
6650,-2.000000
6651,6.000000
6652,4.000000
6653,38.000000
6654,6.000000
6655,-22.000000
6656,-30.000000
6657,-22.000000
6658,-4.000000
6659,10.000000
6660,-8.000000
6661,10.000000
6662,12.000000
6663,-50.000000
6664,2.000000
6665,-10.000000
6666,24.000000
6667,28.000000
6668,46.000000
6669,40.000000
6670,-16.000000
6671,-34.000000
6672,-6.000000
6673,-4.000000
6674,-24.000000
6675,8.000000
6676,14.000000
6677,-56.000000
6678,-8.000000
6679,-30.000000
6680,-68.000000
6681,0.000000
6682,-12.000000
6683,6.000000
6684,-30.000000
6685,24.000000
6686,46.000000
6687,-44.000000
6688,8.000000
6689,-12.000000
6690,12.000000
6691,-34.000000
6692,-18.000000
6693,6.000000
6694,0.000000
6695,-2.000000
6696,-72.000000
6697,86.000000
6698,-18.000000
6699,-30.000000
6700,2.000000
6701,-8.000000
6702,8.000000
6703,40.000000
6704,-24.000000
6705,-22.000000
6706,14.000000
6707,8.000000
6708,-48.000000
6709,22.000000
6710,22.000000
6711,6.000000
6712,-30.000000
6713,-32.000000
6714,14.000000
6715,-8.000000
6716,-4.000000
6717,-8.000000
6718,-4.000000
6719,-4.000000
6720,-4.000000
6721,-4.000000
6722,-4.000000
6723,-32.000000
6724,-32.000000
6725,-34.000000
6726,-34.000000
6727,-34.000000
6728,-34.000000
6729,-32.000000
6730,-32.000000
6731,-32.000000
6732,-32.000000
6733,-32.000000
6734,-32.000000
6735,-34.000000
6736,-34.000000
6737,-34.000000
6738,-34.000000
6739,-32.000000
6740,-32.000000
6741,-32.000000
6742,-32.000000
6743,-32.000000
6744,-32.000000
6745,-32.000000
6746,-32.000000
6747,-32.000000
6748,-32.000000
6749,-34.000000
6750,-34.000000
6751,-34.000000
6752,-34.000000
6753,-32.000000
6754,-32.000000
6755,-34.000000
6756,-34.000000
6757,-32.000000
6758,-32.000000
6759,-34.000000
6760,-34.000000
6761,-34.000000
6762,-34.000000
6763,-34.000000
6764,-34.000000
6765,-32.000000
6766,-32.000000
6767,-34.000000
6768,-34.000000
6769,-32.000000
6770,-32.000000
6771,-32.000000
6772,-32.000000
6773,-34.000000
6774,-34.000000
6775,-34.000000
6776,-34.000000
6777,-34.000000
6778,-34.000000
6779,6.000000
6780,-16.000000
6781,-4.000000
6782,10.000000
6783,14.000000
6784,-32.000000
6785,14.000000
6786,30.000000
6787,4.000000
6788,18.000000
6789,34.000000
6790,24.000000
6791,68.000000
6792,-10.000000
6793,-18.000000
6794,10.000000
6795,58.000000
6796,-8.000000
6797,16.000000
6798,2.000000
6799,-18.000000
6800,-2.000000
6801,10.000000
6802,16.000000
6803,26.000000
6804,8.000000
6805,-30.000000
6806,-72.000000
6807,4.000000
6808,72.000000
6809,4.000000
6810,10.000000
6811,44.000000
6812,8.000000
6813,-6.000000
6814,-2.000000
6815,0.000000
6816,12.000000
6817,-36.000000
6818,42.000000
6819,-6.000000
6820,32.000000
6821,-32.000000
6822,-50.000000
6823,-12.000000
6824,50.000000
6825,-8.000000
6826,-18.000000
6827,-44.000000
6828,32.000000
6829,-4.000000
6830,-4.000000
6831,-20.000000
6832,-4.000000
6833,10.000000
6834,10.000000
6835,-20.000000
6836,6.000000
6837,8.000000
6838,-12.000000
6839,30.000000
6840,-8.000000
6841,-12.000000
6842,12.000000
6843,-40.000000
6844,-26.000000
6845,-80.000000
6846,24.000000
6847,8.000000
6848,-4.000000
6849,-6.000000
6850,-2.000000
6851,-66.000000
6852,-58.000000
6853,6.000000
6854,-14.000000
6855,-12.000000
6856,-12.000000
6857,-2.000000
6858,-20.000000
6859,16.000000
6860,20.000000
6861,-60.000000
6862,-34.000000
6863,-78.000000
6864,-6.000000
6865,54.000000
6866,24.000000
6867,-8.000000
6868,-10.000000
6869,-12.000000
6870,-68.000000
6871,2.000000
6872,-22.000000
6873,20.000000
6874,-24.000000
6875,0.000000
6876,-20.000000
6877,-58.000000
6878,-84.000000
6879,72.000000
6880,30.000000
6881,-8.000000
6882,2.000000
6883,-26.000000
6884,0.000000
6885,-14.000000
6886,-16.000000
6887,44.000000
6888,-30.000000
6889,2.000000
6890,-4.000000
6891,2.000000
6892,58.000000
6893,-64.000000
6894,10.000000
6895,0.000000
6896,44.000000
6897,-22.000000
6898,-16.000000
6899,28.000000
6900,42.000000
6901,-30.000000
6902,24.000000
6903,10.000000
6904,-22.000000
6905,72.000000
6906,-12.000000
6907,0.000000
6908,0.000000
6909,2.000000
6910,46.000000
6911,-14.000000
6912,2.000000
6913,-22.000000
6914,10.000000
6915,24.000000
6916,-6.000000
6917,8.000000
6918,8.000000
6919,-12.000000
6920,44.000000
6921,8.000000
6922,40.000000
6923,8.000000
6924,-22.000000
6925,-32.000000
6926,10.000000
6927,-90.000000
6928,26.000000
6929,54.000000
6930,0.000000
6931,-12.000000
6932,-4.000000
6933,-52.000000
6934,10.000000
6935,-14.000000
6936,10.000000
6937,4.000000
6938,-2.000000
6939,-10.000000
6940,2.000000
6941,14.000000
6942,36.000000
6943,-28.000000
6944,4.000000
6945,4.000000
6946,-42.000000
6947,8.000000
6948,44.000000
6949,-4.000000
6950,14.000000
6951,-64.000000
6952,16.000000
6953,-20.000000
6954,-4.000000
6955,4.000000
6956,-12.000000
6957,26.000000
6958,-14.000000
6959,-34.000000
6960,20.000000
6961,20.000000
6962,-54.000000
6963,2.000000
6964,-16.000000
6965,-26.000000
6966,-2.000000
6967,40.000000
6968,54.000000
6969,70.000000
6970,14.000000
6971,-6.000000
6972,28.000000
6973,16.000000
6974,-12.000000
6975,40.000000
6976,-40.000000
6977,68.000000
6978,-12.000000
6979,-30.000000
6980,10.000000
6981,-54.000000
6982,-30.000000
6983,-26.000000
6984,-12.000000
6985,8.000000
6986,46.000000
6987,-4.000000
6988,-4.000000
6989,6.000000
6990,50.000000
6991,-4.000000
6992,26.000000
6993,2.000000
6994,24.000000
6995,-44.000000
6996,-20.000000
6997,8.000000
6998,8.000000
6999,-52.000000
7000,32.000000
7001,8.000000
7002,20.000000
7003,18.000000
7004,-26.000000
7005,-4.000000
7006,-16.000000
7007,-34.000000
7008,-10.000000
7009,-62.000000
7010,46.000000
7011,68.000000
7012,-70.000000
7013,-14.000000
7014,-16.000000
7015,-18.000000
7016,2.000000
7017,10.000000
7018,40.000000
7019,-54.000000
7020,16.000000
7021,-12.000000
7022,-12.000000
7023,-36.000000
7024,10.000000
7025,-6.000000
7026,20.000000
7027,18.000000
7028,-32.000000
7029,8.000000
7030,-8.000000
7031,0.000000
7032,22.000000
7033,34.000000
7034,10.000000
7035,-22.000000
7036,32.000000
7037,24.000000
7038,22.000000
7039,16.000000
7040,-18.000000
7041,40.000000
7042,42.000000
7043,-62.000000
7044,-32.000000
7045,2.000000
7046,16.000000
7047,0.000000
7048,-40.000000
7049,-2.000000
7050,-56.000000
7051,50.000000
7052,0.000000
7053,12.000000
7054,-16.000000
7055,-8.000000
7056,-6.000000
7057,-14.000000
7058,42.000000
7059,-44.000000
7060,30.000000
7061,50.000000
7062,-32.000000
7063,2.000000
7064,50.000000
7065,0.000000
7066,-16.000000
7067,58.000000
7068,2.000000
7069,8.000000
7070,-6.000000
7071,-18.000000
7072,0.000000
7073,-42.000000
7074,20.000000
7075,34.000000
7076,-12.000000
7077,-28.000000
7078,50.000000
7079,12.000000
7080,54.000000
7081,26.000000
7082,26.000000
7083,-18.000000
7084,-8.000000
7085,38.000000
7086,-8.000000
7087,26.000000
7088,8.000000
7089,60.000000
7090,32.000000
7091,-16.000000
7092,46.000000
7093,2.000000
7094,-6.000000
7095,-2.000000
7096,16.000000
7097,-68.000000
7098,2.000000
7099,-4.000000
7100,-88.000000
7101,14.000000
7102,2.000000
7103,-4.000000
7104,26.000000
7105,24.000000
7106,-4.000000
7107,-12.000000
7108,14.000000
7109,36.000000
7110,14.000000
7111,54.000000
7112,0.000000
7113,-18.000000
7114,12.000000
7115,-6.000000
7116,28.000000
7117,0.000000
7118,10.000000
7119,-22.000000
7120,26.000000
7121,-76.000000
7122,-20.000000
7123,8.000000
7124,-16.000000
7125,-16.000000
7126,8.000000
7127,-28.000000
7128,-34.000000
7129,-48.000000
7130,46.000000
7131,-10.000000
7132,-16.000000
7133,-4.000000
7134,14.000000
7135,-40.000000
7136,20.000000
7137,-6.000000
7138,40.000000
7139,4.000000
7140,-34.000000
7141,0.000000
7142,-36.000000
7143,8.000000
7144,8.000000
7145,-34.000000
7146,30.000000
7147,-16.000000
7148,2.000000
7149,22.000000
7150,-8.000000
7151,-18.000000
7152,-20.000000
7153,-16.000000
7154,-4.000000
7155,-22.000000
7156,-2.000000
7157,-6.000000
7158,8.000000
7159,28.000000
7160,6.000000
7161,-2.000000
7162,-8.000000
7163,-60.000000
7164,2.000000
7165,8.000000
7166,-2.000000
7167,-8.000000
7168,-30.000000
7169,-20.000000
7170,8.000000
7171,-20.000000
7172,24.000000
7173,22.000000
7174,-24.000000
7175,32.000000
7176,-8.000000
7177,-12.000000
7178,-52.000000
7179,28.000000
7180,4.000000
7181,4.000000
7182,-16.000000
7183,-40.000000
7184,22.000000
7185,-18.000000
7186,46.000000
7187,-12.000000
7188,98.000000
7189,12.000000
7190,24.000000
7191,10.000000
7192,28.000000
7193,-30.000000
7194,-44.000000
7195,-20.000000
7196,-14.000000
7197,-36.000000
7198,16.000000
7199,-26.000000
7200,50.000000
7201,-32.000000
7202,-102.000000
7203,34.000000
7204,10.000000
7205,-30.000000
7206,-16.000000
7207,0.000000
7208,-30.000000
7209,-8.000000
7210,2.000000
7211,6.000000
7212,-16.000000
7213,14.000000
7214,14.000000
7215,-34.000000
7216,-6.000000
7217,30.000000
7218,-50.000000
7219,24.000000
7220,24.000000
7221,-12.000000
7222,-8.000000
7223,34.000000
7224,10.000000
7225,-12.000000
7226,16.000000
7227,2.000000
7228,-2.000000
7229,48.000000
7230,-26.000000
7231,-22.000000
7232,8.000000
7233,-8.000000
7234,10.000000
7235,-4.000000
7236,-20.000000
7237,18.000000
7238,10.000000
7239,20.000000
7240,-4.000000
7241,14.000000
7242,-64.000000
7243,-16.000000
7244,20.000000
7245,-26.000000
7246,-2.000000
7247,14.000000
7248,-36.000000
7249,-10.000000
7250,-30.000000
7251,20.000000
7252,-8.000000
7253,-30.000000
7254,-16.000000
7255,6.000000
7256,-8.000000
7257,-10.000000
7258,-10.000000
7259,-46.000000
7260,-22.000000
7261,-38.000000
7262,-22.000000
7263,44.000000
7264,44.000000
7265,-20.000000
7266,0.000000
7267,46.000000
7268,-6.000000
7269,-32.000000
7270,-8.000000
7271,24.000000
7272,-14.000000
7273,6.000000
7274,8.000000
7275,-24.000000
7276,2.000000
7277,24.000000
7278,50.000000
7279,-60.000000
7280,-18.000000
7281,6.000000
7282,-22.000000
7283,6.000000
7284,2.000000
7285,-26.000000
7286,-44.000000
7287,50.000000
7288,-12.000000
7289,-16.000000
7290,32.000000
7291,8.000000
7292,32.000000
7293,-14.000000
7294,-56.000000
7295,2.000000
7296,-6.000000
7297,-4.000000
7298,-26.000000
7299,-18.000000
7300,-36.000000
7301,-16.000000
7302,12.000000
7303,30.000000
7304,68.000000
7305,14.000000
7306,-16.000000
7307,20.000000
7308,-18.000000
7309,0.000000
7310,4.000000
7311,-42.000000
7312,-30.000000
7313,-4.000000
7314,-68.000000
7315,2.000000
7316,-62.000000
7317,28.000000
7318,30.000000
7319,46.000000
7320,10.000000
7321,20.000000
7322,8.000000
7323,6.000000
7324,-8.000000
7325,-8.000000
7326,72.000000
7327,18.000000
7328,46.000000
7329,4.000000
7330,-52.000000
7331,-4.000000
7332,0.000000
7333,-12.000000
7334,-50.000000
7335,2.000000
7336,0.000000
7337,60.000000
7338,22.000000
7339,-12.000000
7340,2.000000
7341,-6.000000
7342,36.000000
7343,-6.000000
7344,90.000000
7345,-32.000000
7346,-2.000000
7347,4.000000
7348,14.000000
7349,-2.000000
7350,44.000000
7351,38.000000
7352,86.000000
7353,-26.000000
7354,88.000000
7355,24.000000
7356,-36.000000
7357,-68.000000
7358,-22.000000
7359,6.000000
7360,2.000000
7361,38.000000
7362,-26.000000
7363,-16.000000
7364,-4.000000
7365,0.000000
7366,-48.000000
7367,0.000000
7368,24.000000
7369,-16.000000
7370,-20.000000
7371,-56.000000
7372,-72.000000
7373,-26.000000
7374,-26.000000
7375,46.000000
7376,-4.000000
7377,26.000000
7378,8.000000
7379,-34.000000
7380,-30.000000
7381,-54.000000
7382,32.000000
7383,74.000000
7384,-54.000000
7385,-2.000000
7386,-50.000000
7387,-12.000000
7388,16.000000
7389,-6.000000
7390,-6.000000
7391,2.000000
7392,-26.000000
7393,-2.000000
7394,-64.000000
7395,-6.000000
7396,-24.000000
7397,-6.000000
7398,-2.000000
7399,2.000000
7400,46.000000
7401,-8.000000
7402,16.000000
7403,68.000000
7404,14.000000
7405,40.000000
7406,20.000000
7407,-4.000000
7408,-10.000000
7409,30.000000
7410,-26.000000
7411,50.000000
7412,6.000000
7413,26.000000
7414,-18.000000
7415,-50.000000
7416,-22.000000
7417,34.000000
7418,-16.000000
7419,-12.000000
7420,-54.000000
7421,18.000000
7422,16.000000
7423,-20.000000
7424,-8.000000
7425,12.000000
7426,-26.000000
7427,-4.000000
7428,38.000000
7429,18.000000
7430,10.000000
7431,14.000000
7432,-34.000000
7433,-2.000000
7434,-68.000000
7435,16.000000
7436,2.000000
7437,-82.000000
7438,-6.000000
7439,-26.000000
7440,32.000000
7441,-44.000000
7442,-4.000000
7443,26.000000
7444,-58.000000
7445,24.000000
7446,22.000000
7447,40.000000
7448,-46.000000
7449,-88.000000
7450,22.000000
7451,2.000000
7452,-12.000000
7453,-108.000000
7454,-14.000000
7455,-32.000000
7456,26.000000
7457,2.000000
7458,0.000000
7459,-34.000000
7460,-24.000000
7461,-22.000000
7462,0.000000
7463,14.000000
7464,40.000000
7465,-18.000000
7466,-4.000000
7467,2.000000
7468,-16.000000
7469,8.000000
7470,-90.000000
7471,24.000000
7472,0.000000
7473,-14.000000
7474,-50.000000
7475,-18.000000
7476,20.000000
7477,-22.000000
7478,22.000000
7479,-38.000000
7480,-16.000000
7481,-26.000000
7482,-6.000000
7483,-34.000000
7484,-14.000000
7485,-40.000000
7486,4.000000
7487,28.000000
7488,6.000000
7489,2.000000
7490,6.000000
7491,-12.000000
7492,12.000000
7493,-18.000000
7494,4.000000
7495,6.000000
7496,-72.000000
7497,26.000000
7498,2.000000
7499,-22.000000
7500,10.000000
7501,-26.000000
7502,-18.000000
7503,-8.000000
7504,18.000000
7505,-48.000000
7506,-22.000000
7507,-34.000000
7508,-12.000000
7509,26.000000
7510,26.000000
7511,24.000000
7512,28.000000
7513,-10.000000
7514,-22.000000
7515,-62.000000
7516,2.000000
7517,22.000000
7518,-16.000000
7519,-30.000000
7520,-32.000000
7521,12.000000
7522,24.000000
7523,-16.000000
7524,-24.000000
7525,8.000000
7526,-12.000000
7527,28.000000
7528,10.000000
7529,-4.000000
7530,-10.000000
7531,34.000000
7532,-4.000000
7533,8.000000
7534,-20.000000
7535,-34.000000
7536,-18.000000
7537,78.000000
7538,14.000000
7539,68.000000
7540,16.000000
7541,-4.000000
7542,-20.000000
7543,-4.000000
7544,-14.000000
7545,-6.000000
7546,-4.000000
7547,8.000000
7548,12.000000
7549,40.000000
7550,20.000000
7551,-60.000000
7552,-74.000000
7553,2.000000
7554,20.000000
7555,-20.000000
7556,-50.000000
7557,28.000000
7558,-12.000000
7559,22.000000
7560,6.000000
7561,-46.000000
7562,-44.000000
7563,-8.000000
7564,-52.000000
7565,28.000000
7566,-30.000000
7567,60.000000
7568,-58.000000
7569,-16.000000
7570,8.000000
7571,0.000000
7572,-44.000000
7573,-4.000000
7574,-16.000000
7575,-44.000000
7576,-30.000000
7577,-12.000000
7578,2.000000
7579,50.000000
7580,10.000000
7581,36.000000
7582,2.000000
7583,-4.000000
7584,0.000000
7585,2.000000
7586,-26.000000
7587,-10.000000
7588,-12.000000
7589,54.000000
7590,-38.000000
7591,-18.000000
7592,62.000000
7593,16.000000
7594,2.000000
7595,-64.000000
7596,-50.000000
7597,-26.000000
7598,-68.000000
7599,-40.000000
7600,8.000000
7601,10.000000
7602,-28.000000
7603,-10.000000
7604,-14.000000
7605,0.000000
7606,8.000000
7607,16.000000
7608,-14.000000
7609,-6.000000
7610,-46.000000
7611,-6.000000
7612,30.000000
7613,-42.000000
7614,-18.000000
7615,2.000000
7616,-4.000000
7617,20.000000
7618,14.000000
7619,-8.000000
7620,-58.000000
7621,-48.000000
7622,-22.000000
7623,-22.000000
7624,12.000000
7625,-4.000000
7626,-14.000000
7627,-24.000000
7628,30.000000
7629,12.000000
7630,22.000000
7631,10.000000
7632,26.000000
7633,24.000000
7634,-18.000000
7635,14.000000
7636,-48.000000
7637,-2.000000
7638,2.000000
7639,-10.000000
7640,-6.000000
7641,-22.000000
7642,-44.000000
7643,24.000000
7644,0.000000
7645,-44.000000
7646,28.000000
7647,40.000000
7648,-8.000000
7649,6.000000
7650,32.000000
7651,-12.000000
7652,34.000000
7653,26.000000
7654,14.000000
7655,-4.000000
7656,114.000000
7657,-28.000000
7658,0.000000
7659,-14.000000
7660,82.000000
7661,8.000000
7662,-36.000000
7663,-22.000000
7664,-8.000000
7665,64.000000
7666,16.000000
7667,8.000000
7668,-20.000000
7669,26.000000
7670,0.000000
7671,-4.000000
7672,-16.000000
7673,14.000000
7674,-30.000000
7675,-6.000000
7676,-22.000000
7677,-50.000000
7678,-4.000000
7679,-26.000000
7680,32.000000
7681,-24.000000
7682,-2.000000
7683,2.000000
7684,6.000000
7685,-20.000000
7686,26.000000
7687,28.000000
7688,18.000000
7689,14.000000
7690,4.000000
7691,28.000000
7692,118.000000
7693,-8.000000
7694,12.000000
7695,16.000000
7696,14.000000
7697,-42.000000
7698,60.000000
7699,2.000000
7700,0.000000
7701,42.000000
7702,8.000000
7703,2.000000
7704,-44.000000
7705,-36.000000
7706,32.000000
7707,-12.000000
7708,-10.000000
7709,36.000000
7710,78.000000
7711,-4.000000
7712,12.000000
7713,-16.000000
7714,22.000000
7715,-36.000000
7716,58.000000
7717,2.000000
7718,2.000000
7719,12.000000
7720,20.000000
7721,10.000000
7722,-12.000000
7723,-34.000000
7724,86.000000
7725,-4.000000
7726,10.000000
7727,-54.000000
7728,-30.000000
7729,-14.000000
7730,26.000000
7731,18.000000
7732,20.000000
7733,8.000000
7734,-26.000000
7735,28.000000
7736,58.000000
7737,-10.000000
7738,-108.000000
7739,48.000000
7740,-84.000000
7741,-34.000000
7742,-16.000000
7743,36.000000
7744,8.000000
7745,24.000000
7746,6.000000
7747,14.000000
7748,-58.000000
7749,-18.000000
7750,-24.000000
7751,10.000000
7752,-8.000000
7753,-16.000000
7754,0.000000
7755,28.000000
7756,-12.000000
7757,8.000000
7758,8.000000
7759,8.000000
7760,-36.000000
7761,14.000000
7762,-38.000000
7763,-22.000000
7764,-4.000000
7765,30.000000
7766,18.000000
7767,-12.000000
7768,-4.000000
7769,38.000000
7770,-22.000000
7771,-8.000000
7772,46.000000
7773,8.000000
7774,54.000000
7775,26.000000
7776,-4.000000
7777,-52.000000
7778,2.000000
7779,-36.000000
7780,-44.000000
7781,10.000000
7782,30.000000
7783,16.000000
7784,-4.000000
7785,-6.000000
7786,2.000000
7787,36.000000
7788,8.000000
7789,-26.000000
7790,10.000000
7791,22.000000
7792,20.000000
7793,-6.000000
7794,32.000000
7795,-50.000000
7796,38.000000
7797,0.000000
7798,-10.000000
7799,-6.000000
7800,-10.000000
7801,-12.000000
7802,4.000000
7803,-30.000000
7804,-34.000000
7805,54.000000
7806,-12.000000
7807,-6.000000
7808,22.000000
7809,14.000000
7810,6.000000
7811,-46.000000
7812,-62.000000
7813,-24.000000
7814,96.000000
7815,82.000000
7816,36.000000
7817,28.000000
7818,-4.000000
7819,-6.000000
7820,36.000000
7821,22.000000
7822,22.000000
7823,-12.000000
7824,20.000000
7825,-30.000000
7826,30.000000
7827,16.000000
7828,24.000000
7829,24.000000
7830,24.000000
7831,6.000000
7832,-40.000000
7833,0.000000
7834,10.000000
7835,-86.000000
7836,-12.000000
7837,10.000000
7838,68.000000
7839,30.000000
7840,-26.000000
7841,-30.000000
7842,-4.000000
7843,-36.000000
7844,-18.000000
7845,-12.000000
7846,30.000000
7847,-26.000000
7848,22.000000
7849,10.000000
7850,-4.000000
7851,-2.000000
7852,-6.000000
7853,-12.000000
7854,-60.000000
7855,26.000000
7856,26.000000
7857,-4.000000
7858,32.000000
7859,8.000000
7860,4.000000
7861,-30.000000
7862,-50.000000
7863,8.000000
7864,-4.000000
7865,36.000000
7866,10.000000
7867,60.000000
7868,4.000000
7869,16.000000
7870,-100.000000
7871,34.000000
7872,-26.000000
7873,22.000000
7874,10.000000
7875,-10.000000
7876,2.000000
7877,10.000000
7878,16.000000
7879,0.000000
7880,4.000000
7881,-4.000000
7882,50.000000
7883,-72.000000
7884,-2.000000
7885,-16.000000
7886,-38.000000
7887,4.000000
7888,4.000000
7889,-16.000000
7890,-4.000000
7891,8.000000
7892,-4.000000
7893,-16.000000
7894,14.000000
7895,8.000000
7896,-8.000000
7897,12.000000
7898,14.000000
7899,32.000000
7900,-2.000000
7901,22.000000
7902,-4.000000
7903,22.000000
7904,16.000000
7905,14.000000
7906,-4.000000
7907,-10.000000
7908,20.000000
7909,-40.000000
7910,-12.000000
7911,68.000000
7912,6.000000
7913,14.000000
7914,-32.000000
7915,26.000000
7916,54.000000
7917,8.000000
7918,-22.000000
7919,-8.000000
7920,38.000000
7921,-18.000000
7922,24.000000
7923,4.000000
7924,-16.000000
7925,2.000000
7926,20.000000
7927,-6.000000
7928,0.000000
7929,46.000000
7930,-18.000000
7931,-18.000000
7932,40.000000
7933,-10.000000
7934,-4.000000
7935,14.000000
7936,-16.000000
7937,-20.000000
7938,-2.000000
7939,16.000000
7940,2.000000
7941,-70.000000
7942,54.000000
7943,-34.000000
7944,-18.000000
7945,-8.000000
7946,-30.000000
7947,-12.000000
7948,-52.000000
7949,-24.000000
7950,10.000000
7951,2.000000
7952,-18.000000
7953,-58.000000
7954,20.000000
7955,8.000000
7956,-4.000000
7957,-30.000000
7958,-50.000000
7959,6.000000
7960,-22.000000
7961,-20.000000
7962,0.000000
7963,40.000000
7964,4.000000
7965,26.000000
7966,14.000000
7967,60.000000
7968,-8.000000
7969,-20.000000
7970,-22.000000
7971,-20.000000
7972,10.000000
7973,24.000000
7974,6.000000
7975,-12.000000
7976,2.000000
7977,20.000000
7978,20.000000
7979,20.000000
7980,-26.000000
7981,0.000000
7982,40.000000
7983,-20.000000
7984,-2.000000
7985,-36.000000
7986,8.000000
7987,54.000000
7988,32.000000
7989,-8.000000
7990,-30.000000
7991,2.000000
7992,4.000000
7993,-4.000000
7994,26.000000
7995,8.000000
7996,-18.000000
7997,-16.000000
7998,8.000000
7999,-10.000000
8000,-8.000000
8001,-10.000000
8002,-34.000000
8003,-16.000000
8004,-26.000000
8005,-12.000000
8006,-18.000000
8007,-64.000000
8008,6.000000
8009,28.000000
8010,34.000000
8011,-52.000000
8012,94.000000
8013,-26.000000
8014,2.000000
8015,20.000000
8016,2.000000
8017,-50.000000
8018,4.000000
8019,-30.000000
8020,-48.000000
8021,0.000000
8022,46.000000
8023,12.000000
8024,58.000000
8025,28.000000
8026,30.000000
8027,-30.000000
8028,-6.000000
8029,-36.000000
8030,24.000000
8031,20.000000
8032,-34.000000
8033,-20.000000
8034,44.000000
8035,44.000000
8036,-32.000000
8037,-26.000000
8038,20.000000
8039,-6.000000
8040,-64.000000
8041,-34.000000
8042,20.000000
8043,10.000000
8044,-18.000000
8045,-34.000000
8046,-36.000000
8047,16.000000
8048,50.000000
8049,30.000000
8050,-28.000000
8051,-2.000000
8052,8.000000
8053,76.000000
8054,-2.000000
8055,20.000000
8056,28.000000
8057,2.000000
8058,-60.000000
8059,0.000000
8060,30.000000
8061,-46.000000
8062,-12.000000
8063,14.000000
8064,28.000000
8065,10.000000
8066,90.000000
8067,26.000000
8068,-44.000000
8069,28.000000
8070,10.000000
8071,-24.000000
8072,-14.000000
8073,28.000000
8074,40.000000
8075,20.000000
8076,4.000000
8077,-6.000000
8078,2.000000
8079,-12.000000
8080,-14.000000
8081,48.000000
8082,-26.000000
8083,6.000000
8084,0.000000
8085,2.000000
8086,-18.000000
8087,38.000000
8088,20.000000
8089,-30.000000
8090,34.000000
8091,8.000000
8092,-2.000000
8093,-2.000000
8094,-8.000000
8095,-20.000000
8096,14.000000
8097,0.000000
8098,16.000000
8099,20.000000
8100,-10.000000
8101,20.000000
8102,-48.000000
8103,2.000000
8104,-12.000000
8105,-16.000000
8106,26.000000
8107,-30.000000
8108,14.000000
8109,8.000000
8110,-30.000000
8111,48.000000
8112,-18.000000
8113,20.000000
8114,8.000000
8115,-24.000000
8116,6.000000
8117,4.000000
8118,-30.000000
8119,-30.000000
8120,-4.000000
8121,62.000000
8122,4.000000
8123,72.000000
8124,22.000000
8125,30.000000
8126,10.000000
8127,-6.000000
8128,78.000000
8129,-44.000000
8130,-58.000000
8131,48.000000
8132,24.000000
8133,-4.000000
8134,-14.000000
8135,-12.000000
8136,2.000000
8137,-40.000000
8138,14.000000
8139,20.000000
8140,-44.000000
8141,-8.000000
8142,-16.000000
8143,-16.000000
8144,-62.000000
8145,-2.000000
8146,-36.000000
8147,6.000000
8148,-26.000000
8149,-22.000000
8150,26.000000
8151,26.000000
8152,6.000000
8153,-4.000000
8154,64.000000
8155,-16.000000
8156,-56.000000
8157,6.000000
8158,-20.000000
8159,-6.000000
8160,20.000000
8161,42.000000
8162,6.000000
8163,62.000000
8164,40.000000
8165,32.000000
8166,22.000000
8167,-28.000000
8168,-14.000000
8169,12.000000
8170,-26.000000
8171,24.000000
8172,-24.000000
8173,-34.000000
8174,-22.000000
8175,-18.000000
8176,8.000000
8177,28.000000
8178,22.000000
8179,-44.000000
8180,-4.000000
8181,-8.000000
8182,8.000000
8183,-44.000000
8184,36.000000
8185,-20.000000
8186,28.000000
8187,0.000000
8188,0.000000
8189,-30.000000
8190,28.000000
8191,24.000000
8192,2.000000
8193,-26.000000
8194,-36.000000
8195,22.000000
8196,22.000000
8197,46.000000
8198,-24.000000
8199,-4.000000
8200,-38.000000
8201,2.000000
8202,-20.000000
8203,-22.000000
8204,2.000000
8205,-30.000000
8206,-12.000000
8207,-54.000000
8208,14.000000
8209,54.000000
8210,0.000000
8211,10.000000
8212,0.000000
8213,24.000000
8214,-8.000000
8215,-12.000000
8216,18.000000
8217,-8.000000
8218,-8.000000
8219,14.000000
8220,14.000000
8221,-40.000000
8222,22.000000
8223,-18.000000
8224,-12.000000
8225,-40.000000
8226,2.000000
8227,-18.000000
8228,10.000000
8229,8.000000
8230,-36.000000
8231,18.000000
8232,60.000000
8233,-68.000000
8234,34.000000
8235,-20.000000
8236,-18.000000
8237,-98.000000
8238,0.000000
8239,-28.000000
8240,-6.000000
8241,-34.000000
8242,12.000000
8243,-4.000000
8244,-68.000000
8245,-6.000000
8246,14.000000
8247,-16.000000
8248,-26.000000
8249,4.000000
8250,4.000000
8251,-18.000000
8252,-4.000000
8253,42.000000
8254,-30.000000
8255,-12.000000
8256,26.000000
8257,-24.000000
8258,10.000000
8259,2.000000
8260,-6.000000
8261,64.000000
8262,-22.000000
8263,-8.000000
8264,4.000000
8265,-28.000000
8266,2.000000
8267,26.000000
8268,-24.000000
8269,-2.000000
8270,-68.000000
8271,-78.000000
8272,-22.000000
8273,-20.000000
8274,14.000000
8275,-16.000000
8276,46.000000
8277,-30.000000
8278,46.000000
8279,24.000000
8280,-12.000000
8281,16.000000
8282,-40.000000
8283,-8.000000
8284,-16.000000
8285,16.000000
8286,2.000000
8287,-8.000000
8288,8.000000
8289,-76.000000
8290,-14.000000
8291,-2.000000
8292,-12.000000
8293,0.000000
8294,0.000000
8295,8.000000
8296,0.000000
8297,6.000000
8298,-58.000000
8299,-36.000000
8300,-12.000000
8301,34.000000
8302,-12.000000
8303,-46.000000
8304,22.000000
8305,-4.000000
8306,-14.000000
8307,26.000000
8308,-16.000000
8309,12.000000
8310,-32.000000
8311,2.000000
8312,-14.000000
8313,-8.000000
8314,10.000000
8315,-4.000000
8316,-24.000000
8317,8.000000
8318,-26.000000
8319,6.000000
8320,28.000000
8321,-8.000000
8322,-18.000000
8323,-34.000000
8324,-22.000000
8325,0.000000
8326,10.000000
8327,-12.000000
8328,-12.000000
8329,-30.000000
8330,2.000000
8331,-68.000000
8332,10.000000
8333,28.000000
8334,-58.000000
8335,-4.000000
8336,-60.000000
8337,14.000000
8338,-2.000000
8339,14.000000
8340,-68.000000
8341,6.000000
8342,16.000000
8343,-8.000000
8344,-12.000000
8345,-24.000000
8346,-8.000000
8347,-2.000000
8348,-8.000000
8349,-58.000000
8350,34.000000
8351,-34.000000
8352,-16.000000
8353,-28.000000
8354,-12.000000
8355,6.000000
8356,-14.000000
8357,-30.000000
8358,8.000000
8359,-12.000000
8360,18.000000
8361,20.000000
8362,-6.000000
8363,2.000000
8364,12.000000
8365,0.000000
8366,-50.000000
8367,-22.000000
8368,20.000000
8369,-20.000000
8370,10.000000
8371,-48.000000
8372,58.000000
8373,-26.000000
8374,-12.000000
8375,2.000000
8376,2.000000
8377,24.000000
8378,-30.000000
8379,4.000000
8380,8.000000
8381,54.000000
8382,-8.000000
8383,8.000000
8384,-26.000000
8385,-8.000000
8386,2.000000
8387,54.000000
8388,0.000000
8389,2.000000
8390,12.000000
8391,58.000000
8392,0.000000
8393,56.000000
8394,-4.000000
8395,14.000000
8396,-22.000000
8397,-18.000000
8398,10.000000
8399,50.000000
8400,-14.000000
8401,14.000000
8402,-30.000000
8403,-10.000000
8404,-24.000000
8405,-30.000000
8406,14.000000
8407,24.000000
8408,44.000000
8409,62.000000
8410,30.000000
8411,6.000000
8412,-16.000000
8413,-64.000000
8414,-4.000000
8415,-24.000000
8416,-4.000000
8417,-4.000000
8418,2.000000
8419,-16.000000
8420,-16.000000
8421,30.000000
8422,36.000000
8423,20.000000
8424,-8.000000
8425,-8.000000
8426,16.000000
8427,-2.000000
8428,-4.000000
8429,4.000000
8430,6.000000
8431,14.000000
8432,28.000000
8433,6.000000
8434,8.000000
8435,14.000000
8436,68.000000
8437,2.000000
8438,0.000000
8439,-16.000000
8440,-8.000000
8441,18.000000
8442,-64.000000
8443,2.000000
8444,-8.000000
8445,10.000000
8446,-2.000000
8447,-50.000000
8448,64.000000
8449,-20.000000
8450,8.000000
8451,30.000000
8452,-22.000000
8453,16.000000
8454,-72.000000
8455,10.000000
8456,-2.000000
8457,-10.000000
8458,-12.000000
8459,-30.000000
8460,12.000000
8461,26.000000
8462,-8.000000
8463,-4.000000
8464,-22.000000
8465,-24.000000
8466,-14.000000
8467,-12.000000
8468,-30.000000
8469,-6.000000
8470,-26.000000
8471,28.000000
8472,-12.000000
8473,-32.000000
8474,-30.000000
8475,16.000000
8476,30.000000
8477,2.000000
8478,-26.000000
8479,2.000000
8480,-8.000000
8481,-22.000000
8482,-20.000000
8483,-4.000000
8484,2.000000
8485,-14.000000
8486,54.000000
8487,20.000000
8488,-26.000000
8489,32.000000
8490,-50.000000
8491,-4.000000
8492,58.000000
8493,46.000000
8494,-4.000000
8495,2.000000
8496,-52.000000
8497,-20.000000
8498,2.000000
8499,22.000000
8500,-4.000000
8501,-32.000000
8502,-86.000000
8503,28.000000
8504,0.000000
8505,8.000000
8506,0.000000
8507,16.000000
8508,-68.000000
8509,-8.000000
8510,-6.000000
8511,-2.000000
8512,-16.000000
8513,8.000000
8514,-44.000000
8515,8.000000
8516,-26.000000
8517,-48.000000
8518,-6.000000
8519,16.000000
8520,-6.000000
8521,2.000000
8522,-2.000000
8523,26.000000
8524,-28.000000
8525,-22.000000
8526,-20.000000
8527,46.000000
8528,28.000000
8529,16.000000
8530,4.000000
8531,10.000000
8532,16.000000
8533,64.000000
8534,28.000000
8535,-48.000000
8536,2.000000
8537,-4.000000
8538,-12.000000
8539,8.000000
8540,14.000000
8541,10.000000
8542,12.000000
8543,14.000000
8544,36.000000
8545,50.000000
8546,-12.000000
8547,6.000000
8548,46.000000
8549,50.000000
8550,14.000000
8551,-2.000000
8552,42.000000
8553,-12.000000
8554,22.000000
8555,-6.000000
8556,28.000000
8557,4.000000
8558,14.000000
8559,14.000000
8560,2.000000
8561,4.000000
8562,-30.000000
8563,-6.000000
8564,38.000000
8565,-18.000000
8566,12.000000
8567,4.000000
8568,-20.000000
8569,-16.000000
8570,-2.000000
8571,-20.000000
8572,2.000000
8573,-30.000000
8574,0.000000
8575,34.000000
8576,0.000000
8577,12.000000
8578,2.000000
8579,20.000000
8580,-50.000000
8581,2.000000
8582,-44.000000
8583,-18.000000
8584,-18.000000
8585,64.000000
8586,54.000000
8587,-8.000000
8588,68.000000
8589,4.000000
8590,4.000000
8591,20.000000
8592,10.000000
8593,-4.000000
8594,14.000000
8595,-4.000000
8596,-20.000000
8597,8.000000
8598,-22.000000
8599,-24.000000
8600,-48.000000
8601,8.000000
8602,0.000000
8603,-12.000000
8604,64.000000
8605,-2.000000
8606,-12.000000
8607,46.000000
8608,32.000000
8609,-72.000000
8610,-2.000000
8611,18.000000
8612,2.000000
8613,4.000000
8614,40.000000
8615,26.000000
8616,8.000000
8617,10.000000
8618,-30.000000
8619,10.000000
8620,10.000000
8621,4.000000
8622,-60.000000
8623,-26.000000
8624,-30.000000
8625,38.000000
8626,-22.000000
8627,-42.000000
8628,16.000000
8629,10.000000
8630,12.000000
8631,-68.000000
8632,-6.000000
8633,40.000000
8634,12.000000
8635,22.000000
8636,48.000000
8637,-26.000000
8638,50.000000
8639,44.000000
8640,-20.000000
8641,16.000000
8642,22.000000
8643,-18.000000
8644,10.000000
8645,-22.000000
8646,-26.000000
8647,6.000000
8648,38.000000
8649,-44.000000
8650,24.000000
8651,-16.000000
8652,-34.000000
8653,-20.000000
8654,-16.000000
8655,-48.000000
8656,-26.000000
8657,-12.000000
8658,8.000000
8659,12.000000
8660,0.000000
8661,0.000000
8662,16.000000
8663,4.000000
8664,-12.000000
8665,-44.000000
8666,-86.000000
8667,-4.000000
8668,-82.000000
8669,-20.000000
8670,-4.000000
8671,-48.000000
8672,68.000000
8673,-30.000000
8674,6.000000
8675,28.000000
8676,2.000000
8677,4.000000
8678,2.000000
8679,-18.000000
8680,36.000000
8681,2.000000
8682,6.000000
8683,22.000000
8684,-12.000000
8685,-50.000000
8686,20.000000
8687,12.000000
8688,30.000000
8689,-18.000000
8690,74.000000
8691,8.000000
8692,68.000000
8693,50.000000
8694,-64.000000
8695,-8.000000
8696,-8.000000
8697,-12.000000
8698,30.000000
8699,-4.000000
8700,-14.000000
8701,20.000000
8702,-12.000000
8703,14.000000
8704,10.000000
8705,-2.000000
8706,-34.000000
8707,36.000000
8708,-58.000000
8709,22.000000
8710,22.000000
8711,18.000000
8712,-14.000000
8713,-20.000000
8714,-4.000000
8715,30.000000
8716,-10.000000
8717,-22.000000
8718,22.000000
8719,10.000000
8720,-22.000000
8721,-6.000000
8722,26.000000
8723,-12.000000
8724,-14.000000
8725,-78.000000
8726,-4.000000
8727,46.000000
8728,32.000000
8729,20.000000
8730,-12.000000
8731,-8.000000
8732,24.000000
8733,-10.000000
8734,84.000000
8735,8.000000
8736,54.000000
8737,26.000000
8738,-20.000000
8739,-44.000000
8740,-90.000000
8741,0.000000
8742,2.000000
8743,46.000000
8744,32.000000
8745,8.000000
8746,-26.000000
8747,12.000000
8748,12.000000
8749,-6.000000
8750,-34.000000
8751,-26.000000
8752,22.000000
8753,22.000000
8754,-14.000000
8755,-8.000000
8756,28.000000
8757,2.000000
8758,10.000000
8759,-8.000000
8760,22.000000
8761,-16.000000
8762,0.000000
8763,-10.000000
8764,40.000000
8765,-16.000000
8766,2.000000
8767,-2.000000
8768,-2.000000
8769,30.000000
8770,-38.000000
8771,10.000000
8772,-4.000000
8773,-36.000000
8774,-20.000000
8775,-44.000000
8776,0.000000
8777,-4.000000
8778,16.000000
8779,0.000000
8780,-4.000000
8781,54.000000
8782,-18.000000
8783,-10.000000
8784,-16.000000
8785,-16.000000
8786,-4.000000
8787,6.000000
8788,26.000000
8789,50.000000
8790,2.000000
8791,24.000000
8792,-30.000000
8793,-28.000000
8794,-16.000000
8795,0.000000
8796,14.000000
8797,36.000000
8798,14.000000
8799,-4.000000
8800,0.000000
8801,-2.000000
8802,2.000000
8803,-8.000000
8804,72.000000
8805,-10.000000
8806,-14.000000
8807,-6.000000
8808,-4.000000
8809,4.000000
8810,0.000000
8811,-12.000000
8812,10.000000
8813,54.000000
8814,-46.000000
8815,-20.000000
8816,-44.000000
8817,22.000000
8818,22.000000
8819,16.000000
8820,4.000000
8821,-48.000000
8822,18.000000
8823,14.000000
8824,16.000000
8825,30.000000
8826,-18.000000
8827,10.000000
8828,86.000000
8829,-4.000000
8830,-6.000000
8831,-44.000000
8832,18.000000
8833,14.000000
8834,-30.000000
8835,16.000000
8836,20.000000
8837,-30.000000
8838,-12.000000
8839,-12.000000
8840,14.000000
8841,-12.000000
8842,-40.000000
8843,0.000000
8844,16.000000
8845,18.000000
8846,-4.000000
8847,-4.000000
8848,0.000000
8849,-64.000000
8850,8.000000
8851,8.000000
8852,-56.000000
8853,-40.000000
8854,32.000000
8855,24.000000
8856,-8.000000
8857,32.000000
8858,6.000000
8859,10.000000
8860,8.000000
8861,-8.000000
8862,6.000000
8863,2.000000
8864,20.000000
8865,16.000000
8866,10.000000
8867,-16.000000
8868,-46.000000
8869,-4.000000
8870,26.000000
8871,-74.000000
8872,2.000000
8873,28.000000
8874,-26.000000
8875,-16.000000
8876,-4.000000
8877,-14.000000
8878,-12.000000
8879,-12.000000
8880,-6.000000
8881,10.000000
8882,-8.000000
8883,8.000000
8884,-16.000000
8885,-38.000000
8886,-14.000000
8887,-4.000000
8888,26.000000
8889,-8.000000
8890,46.000000
8891,38.000000
8892,-40.000000
8893,-20.000000
8894,34.000000
8895,30.000000
8896,-20.000000
8897,-4.000000
8898,-10.000000
8899,4.000000
8900,8.000000
8901,8.000000
8902,-22.000000
8903,-20.000000
8904,-8.000000
8905,-4.000000
8906,26.000000
8907,14.000000
8908,-2.000000
8909,6.000000
8910,40.000000
8911,0.000000
8912,30.000000
8913,-48.000000
8914,-8.000000
8915,44.000000
8916,-4.000000
8917,28.000000
8918,50.000000
8919,-4.000000
8920,50.000000
8921,24.000000
8922,-36.000000
8923,2.000000
8924,-18.000000
8925,34.000000
8926,0.000000
8927,-60.000000
8928,-10.000000
8929,-12.000000
8930,-36.000000
8931,2.000000
8932,-12.000000
8933,-12.000000
8934,-8.000000
8935,-28.000000
8936,20.000000
8937,14.000000
8938,-14.000000
8939,14.000000
8940,50.000000
8941,12.000000
8942,-16.000000
8943,38.000000
8944,-8.000000
8945,82.000000
8946,-12.000000
8947,-8.000000
8948,6.000000
8949,10.000000
8950,-58.000000
8951,22.000000
8952,2.000000
8953,-20.000000
8954,-2.000000
8955,10.000000
8956,-36.000000
8957,14.000000
8958,14.000000
8959,8.000000
8960,-44.000000
8961,44.000000
8962,-30.000000
8963,-66.000000
8964,56.000000
8965,-54.000000
8966,-12.000000
8967,-34.000000
8968,-34.000000
8969,58.000000
8970,-18.000000
8971,-18.000000
8972,-8.000000
8973,-44.000000
8974,28.000000
8975,-26.000000
8976,-26.000000
8977,72.000000
8978,34.000000
8979,-2.000000
8980,26.000000
8981,-56.000000
8982,0.000000
8983,-16.000000
8984,28.000000
8985,0.000000
8986,46.000000
8987,0.000000
8988,-44.000000
8989,8.000000
8990,-44.000000
8991,14.000000
8992,0.000000
8993,-4.000000
8994,-44.000000
8995,-6.000000
8996,-6.000000
8997,30.000000
8998,54.000000
8999,34.000000
9000,-16.000000
9001,6.000000
9002,-4.000000
9003,-20.000000
9004,-16.000000
9005,-28.000000
9006,-8.000000
9007,-28.000000
9008,18.000000
9009,20.000000
9010,-14.000000
9011,-8.000000
9012,-24.000000
9013,10.000000
9014,-64.000000
9015,-12.000000
9016,60.000000
9017,24.000000
9018,-14.000000
9019,26.000000
9020,-16.000000
9021,-16.000000
9022,8.000000
9023,-60.000000
9024,10.000000
9025,10.000000
9026,18.000000
9027,-24.000000
9028,-26.000000
9029,-20.000000
9030,-12.000000
9031,28.000000
9032,26.000000
9033,-16.000000
9034,42.000000
9035,10.000000
9036,10.000000
9037,-8.000000
9038,14.000000
9039,-14.000000
9040,4.000000
9041,32.000000
9042,-66.000000
9043,10.000000
9044,-26.000000
9045,20.000000
9046,-12.000000
9047,40.000000
9048,-18.000000
9049,14.000000
9050,-14.000000
9051,-50.000000
9052,24.000000
9053,10.000000
9054,28.000000
9055,-8.000000
9056,-44.000000
9057,16.000000
9058,16.000000
9059,0.000000
9060,-4.000000
9061,-20.000000
9062,8.000000
9063,-12.000000
9064,-64.000000
9065,-12.000000
9066,28.000000
9067,-32.000000
9068,-4.000000
9069,-20.000000
9070,-12.000000
9071,10.000000
9072,-34.000000
9073,-30.000000
9074,4.000000
9075,-12.000000
9076,-16.000000
9077,20.000000
9078,-10.000000
9079,-12.000000
9080,36.000000
9081,6.000000
9082,28.000000
9083,24.000000
9084,-24.000000
9085,54.000000
9086,-14.000000
9087,-12.000000
9088,-4.000000
9089,-12.000000
9090,14.000000
9091,-30.000000
9092,-20.000000
9093,-22.000000
9094,8.000000
9095,22.000000
9096,50.000000
9097,92.000000
9098,-8.000000
9099,-8.000000
9100,-28.000000
9101,-18.000000
9102,2.000000
9103,-34.000000
9104,-36.000000
9105,24.000000
9106,24.000000
9107,6.000000
9108,-2.000000
9109,24.000000
9110,6.000000
9111,24.000000
9112,6.000000
9113,6.000000
9114,8.000000
9115,-6.000000
9116,-8.000000
9117,2.000000
9118,-2.000000
9119,-30.000000
9120,-14.000000
9121,-16.000000
9122,-26.000000
9123,-20.000000
9124,-92.000000
9125,32.000000
9126,20.000000
9127,-4.000000
9128,-32.000000
9129,-12.000000
9130,-16.000000
9131,10.000000
9132,26.000000
9133,-20.000000
9134,-10.000000
9135,24.000000
9136,6.000000
9137,-20.000000
9138,-28.000000
9139,16.000000
9140,40.000000
9141,-12.000000
9142,8.000000
9143,-4.000000
9144,-32.000000
9145,-10.000000
9146,-12.000000
9147,16.000000
9148,30.000000
9149,-48.000000
9150,16.000000
9151,-36.000000
9152,4.000000
9153,14.000000
9154,8.000000
9155,-30.000000
9156,-14.000000
9157,8.000000
9158,2.000000
9159,20.000000
9160,92.000000
9161,6.000000
9162,0.000000
9163,-18.000000
9164,-40.000000
9165,-4.000000
9166,54.000000
9167,-26.000000
9168,-6.000000
9169,-6.000000
9170,12.000000
9171,-12.000000
9172,-6.000000
9173,54.000000
9174,4.000000
9175,-4.000000
9176,0.000000
9177,32.000000
9178,-16.000000
9179,74.000000
9180,-24.000000
9181,-36.000000
9182,16.000000
9183,16.000000
9184,-26.000000
9185,-26.000000
9186,-20.000000
9187,-40.000000
9188,-36.000000
9189,-20.000000
9190,-2.000000
9191,30.000000
9192,2.000000
9193,-34.000000
9194,2.000000
9195,-30.000000
9196,14.000000
9197,50.000000
9198,38.000000
9199,12.000000
9200,-22.000000
9201,-2.000000
9202,-4.000000
9203,40.000000
9204,-28.000000
9205,-20.000000
9206,12.000000
9207,-12.000000
9208,-52.000000
9209,-14.000000
9210,-16.000000
9211,-64.000000
9212,16.000000
9213,10.000000
9214,4.000000
9215,20.000000
9216,32.000000
9217,2.000000
9218,0.000000
9219,26.000000
9220,-20.000000
9221,-6.000000
9222,10.000000
9223,40.000000
9224,-20.000000
9225,-66.000000
9226,-6.000000
9227,34.000000
9228,6.000000
9229,8.000000
9230,6.000000
9231,36.000000
9232,-20.000000
9233,-4.000000
9234,8.000000
9235,8.000000
9236,-16.000000
9237,-8.000000
9238,-18.000000
9239,62.000000
9240,-18.000000
9241,-50.000000
9242,60.000000
9243,0.000000
9244,14.000000
9245,-44.000000
9246,2.000000
9247,16.000000
9248,36.000000
9249,-50.000000
9250,-48.000000
9251,14.000000
9252,34.000000
9253,-26.000000
9254,16.000000
9255,44.000000
9256,16.000000
9257,6.000000
9258,-34.000000
9259,8.000000
9260,30.000000
9261,-28.000000
9262,2.000000
9263,64.000000
9264,-102.000000
9265,-4.000000
9266,40.000000
9267,-30.000000
9268,-16.000000
9269,34.000000
9270,44.000000
9271,-4.000000
9272,-20.000000
9273,14.000000
9274,20.000000
9275,38.000000
9276,-4.000000
9277,-12.000000
9278,-8.000000
9279,8.000000
9280,26.000000
9281,26.000000
9282,8.000000
9283,-8.000000
9284,-12.000000
9285,-36.000000
9286,-44.000000
9287,0.000000
9288,-22.000000
9289,40.000000
9290,56.000000
9291,46.000000
9292,64.000000
9293,-26.000000
9294,-22.000000
9295,-20.000000
9296,68.000000
9297,-14.000000
9298,2.000000
9299,46.000000
9300,-16.000000
9301,10.000000
9302,-40.000000
9303,4.000000
9304,-36.000000
9305,-16.000000
9306,32.000000
9307,-30.000000
9308,-12.000000
9309,-6.000000
9310,-4.000000
9311,-8.000000
9312,2.000000
9313,-10.000000
9314,72.000000
9315,8.000000
9316,8.000000
9317,22.000000
9318,-58.000000
9319,2.000000
9320,-34.000000
9321,-10.000000
9322,44.000000
9323,-20.000000
9324,24.000000
9325,-16.000000
9326,-6.000000
9327,-34.000000
9328,-12.000000
9329,32.000000
9330,2.000000
9331,8.000000
9332,8.000000
9333,0.000000
9334,2.000000
9335,-64.000000
9336,-16.000000
9337,4.000000
9338,-6.000000
9339,-20.000000
9340,60.000000
9341,6.000000
9342,-14.000000
9343,-4.000000
9344,24.000000
9345,24.000000
9346,12.000000
9347,-12.000000
9348,8.000000
9349,28.000000
9350,8.000000
9351,22.000000
9352,26.000000
9353,-16.000000
9354,-16.000000
9355,4.000000
9356,2.000000
9357,-44.000000
9358,-8.000000
9359,-30.000000
9360,24.000000
9361,-16.000000
9362,14.000000
9363,-4.000000
9364,14.000000
9365,24.000000
9366,64.000000
9367,-10.000000
9368,-62.000000
9369,2.000000
9370,-20.000000
9371,-54.000000
9372,-16.000000
9373,-12.000000
9374,-12.000000
9375,30.000000
9376,-2.000000
9377,28.000000
9378,30.000000
9379,-80.000000
9380,8.000000
9381,8.000000
9382,8.000000
9383,12.000000
9384,68.000000
9385,8.000000
9386,-14.000000
9387,-30.000000
9388,-12.000000
9389,-24.000000
9390,54.000000
9391,10.000000
9392,-6.000000
9393,40.000000
9394,0.000000
9395,-4.000000
9396,-6.000000
9397,-2.000000
9398,2.000000
9399,34.000000
9400,0.000000
9401,42.000000
9402,24.000000
9403,-30.000000
9404,0.000000
9405,2.000000
9406,-2.000000
9407,22.000000
9408,-22.000000
9409,-2.000000
9410,-18.000000
9411,30.000000
9412,-72.000000
9413,-20.000000
9414,12.000000
9415,4.000000
9416,4.000000
9417,-40.000000
9418,70.000000
9419,-14.000000
9420,62.000000
9421,4.000000
9422,-30.000000
9423,40.000000
9424,30.000000
9425,-64.000000
9426,-22.000000
9427,40.000000
9428,10.000000
9429,38.000000
9430,-50.000000
9431,-12.000000
9432,8.000000
9433,0.000000
9434,18.000000
9435,16.000000
9436,-8.000000
9437,-66.000000
9438,-8.000000
9439,-4.000000
9440,8.000000
9441,20.000000
9442,2.000000
9443,-16.000000
9444,-4.000000
9445,30.000000
9446,24.000000
9447,-16.000000
9448,-8.000000
9449,60.000000
9450,12.000000
9451,-26.000000
9452,-8.000000
9453,14.000000
9454,32.000000
9455,-4.000000
9456,-12.000000
9457,-50.000000
9458,-4.000000
9459,8.000000
9460,10.000000
9461,-12.000000
9462,-34.000000
9463,-2.000000
9464,-4.000000
9465,4.000000
9466,-44.000000
9467,-104.000000
9468,-78.000000
9469,-8.000000
9470,54.000000
9471,26.000000
9472,-2.000000
9473,0.000000
9474,4.000000
9475,6.000000
9476,46.000000
9477,28.000000
9478,8.000000
9479,-22.000000
9480,14.000000
9481,58.000000
9482,40.000000
9483,40.000000
9484,-22.000000
9485,-14.000000
9486,40.000000
9487,58.000000
9488,60.000000
9489,-44.000000
9490,-16.000000
9491,-30.000000
9492,-4.000000
9493,8.000000
9494,-8.000000
9495,-30.000000
9496,-36.000000
9497,-16.000000
9498,-16.000000
9499,28.000000
9500,-10.000000
9501,2.000000
9502,-2.000000
9503,-34.000000
9504,-68.000000
9505,10.000000
9506,-90.000000
9507,2.000000
9508,-4.000000
9509,36.000000
9510,76.000000
9511,-22.000000
9512,2.000000
9513,2.000000
9514,-50.000000
9515,-18.000000
9516,8.000000
9517,2.000000
9518,10.000000
9519,-2.000000
9520,-14.000000
9521,42.000000
9522,6.000000
9523,-82.000000
9524,-34.000000
9525,10.000000
9526,-12.000000
9527,4.000000
9528,8.000000
9529,54.000000
9530,40.000000
9531,-12.000000
9532,64.000000
9533,4.000000
9534,-14.000000
9535,-26.000000
9536,2.000000
9537,-54.000000
9538,2.000000
9539,26.000000
9540,38.000000
9541,-6.000000
9542,40.000000
9543,-6.000000
9544,16.000000
9545,48.000000
9546,28.000000
9547,-2.000000
9548,-4.000000
9549,-12.000000
9550,-20.000000
9551,-6.000000
9552,38.000000
9553,20.000000
9554,20.000000
9555,-4.000000
9556,-82.000000
9557,38.000000
9558,-20.000000
9559,-16.000000
9560,-4.000000
9561,-2.000000
9562,10.000000
9563,10.000000
9564,12.000000
9565,24.000000
9566,8.000000
9567,44.000000
9568,38.000000
9569,-12.000000
9570,-38.000000
9571,-64.000000
9572,8.000000
9573,14.000000
9574,-56.000000
9575,-10.000000
9576,26.000000
9577,-4.000000
9578,-22.000000
9579,14.000000
9580,10.000000
9581,-12.000000
9582,10.000000
9583,-16.000000
9584,2.000000
9585,-64.000000
9586,-18.000000
9587,-36.000000
9588,-22.000000
9589,-14.000000
9590,2.000000
9591,0.000000
9592,-16.000000
9593,-4.000000
9594,-4.000000
9595,-26.000000
9596,16.000000
9597,10.000000
9598,-2.000000
9599,14.000000
9600,0.000000
9601,0.000000
9602,6.000000
9603,8.000000
9604,8.000000
9605,16.000000
9606,24.000000
9607,-2.000000
9608,22.000000
9609,-4.000000
9610,-20.000000
9611,14.000000
9612,-10.000000
9613,-6.000000
9614,2.000000
9615,0.000000
9616,-26.000000
9617,26.000000
9618,-16.000000
9619,28.000000
9620,18.000000
9621,-16.000000
9622,-22.000000
9623,22.000000
9624,-50.000000
9625,20.000000
9626,-12.000000
9627,14.000000
9628,16.000000
9629,-22.000000
9630,46.000000
9631,-22.000000
9632,-8.000000
9633,20.000000
9634,-64.000000
9635,12.000000
9636,-64.000000
9637,-78.000000
9638,-18.000000
9639,16.000000
9640,-18.000000
9641,-42.000000
9642,10.000000
9643,2.000000
9644,6.000000
9645,10.000000
9646,12.000000
9647,-16.000000
9648,0.000000
9649,0.000000
9650,50.000000
9651,68.000000
9652,22.000000
9653,-12.000000
9654,54.000000
9655,-22.000000
9656,-14.000000
9657,-14.000000
9658,26.000000
9659,16.000000
9660,-26.000000
9661,20.000000
9662,-10.000000
9663,32.000000
9664,16.000000
9665,-4.000000
9666,-12.000000
9667,18.000000
9668,14.000000
9669,32.000000
9670,8.000000
9671,-40.000000
9672,-20.000000
9673,-76.000000
9674,54.000000
9675,-2.000000
9676,0.000000
9677,-12.000000
9678,-26.000000
9679,68.000000
9680,8.000000
9681,-8.000000
9682,28.000000
9683,-56.000000
9684,-6.000000
9685,-4.000000
9686,-28.000000
9687,-12.000000
9688,42.000000
9689,-18.000000
9690,14.000000
9691,20.000000
9692,-12.000000
9693,-10.000000
9694,-6.000000
9695,-38.000000
9696,14.000000
9697,48.000000
9698,-32.000000
9699,4.000000
9700,-12.000000
9701,-40.000000
9702,-4.000000
9703,6.000000
9704,6.000000
9705,2.000000
9706,-10.000000
9707,-6.000000
9708,10.000000
9709,14.000000
9710,12.000000
9711,-48.000000
9712,6.000000
9713,0.000000
9714,64.000000
9715,12.000000
9716,32.000000
9717,10.000000
9718,-56.000000
9719,-16.000000
9720,38.000000
9721,4.000000
9722,-8.000000
9723,0.000000
9724,-40.000000
9725,14.000000
9726,-22.000000
9727,26.000000
9728,20.000000
9729,14.000000
9730,-34.000000
9731,32.000000
9732,-48.000000
9733,34.000000
9734,42.000000
9735,24.000000
9736,4.000000
9737,-26.000000
9738,28.000000
9739,-4.000000
9740,-16.000000
9741,14.000000
9742,10.000000
9743,26.000000
9744,-14.000000
9745,-14.000000
9746,14.000000
9747,-8.000000
9748,-32.000000
9749,-10.000000
9750,-6.000000
9751,-38.000000
9752,-12.000000
9753,2.000000
9754,108.000000
9755,20.000000
9756,-48.000000
9757,-24.000000
9758,2.000000
9759,2.000000
9760,-8.000000
9761,-18.000000
9762,-44.000000
9763,-14.000000
9764,46.000000
9765,-4.000000
9766,-8.000000
9767,-36.000000
9768,-8.000000
9769,0.000000
9770,2.000000
9771,-16.000000
9772,-12.000000
9773,-50.000000
9774,-8.000000
9775,6.000000
9776,-58.000000
9777,2.000000
9778,0.000000
9779,20.000000
9780,-6.000000
9781,24.000000
9782,14.000000
9783,16.000000
9784,36.000000
9785,-64.000000
9786,-14.000000
9787,2.000000
9788,-28.000000
9789,14.000000
9790,-78.000000
9791,10.000000
9792,60.000000
9793,-18.000000
9794,-14.000000
9795,0.000000
9796,2.000000
9797,6.000000
9798,-20.000000
9799,-26.000000
9800,-24.000000
9801,-4.000000
9802,26.000000
9803,-72.000000
9804,84.000000
9805,-22.000000
9806,0.000000
9807,30.000000
9808,32.000000
9809,34.000000
9810,0.000000
9811,26.000000
9812,-8.000000
9813,-68.000000
9814,-6.000000
9815,26.000000
9816,-22.000000
9817,8.000000
9818,-60.000000
9819,-8.000000
9820,2.000000
9821,8.000000
9822,26.000000
9823,16.000000
9824,-12.000000
9825,-16.000000
9826,54.000000
9827,-12.000000
9828,-20.000000
9829,28.000000
9830,16.000000
9831,28.000000
9832,4.000000
9833,-28.000000
9834,-18.000000
9835,-54.000000
9836,112.000000
9837,-18.000000
9838,58.000000
9839,22.000000
9840,-50.000000
9841,60.000000
9842,-12.000000
9843,-22.000000
9844,10.000000
9845,-22.000000
9846,-12.000000
9847,46.000000
9848,-8.000000
9849,8.000000
9850,2.000000
9851,-2.000000
9852,14.000000
9853,-8.000000
9854,-4.000000
9855,96.000000
9856,0.000000
9857,4.000000
9858,-28.000000
9859,-24.000000
9860,-54.000000
9861,-20.000000
9862,10.000000
9863,-16.000000
9864,4.000000
9865,2.000000
9866,2.000000
9867,-14.000000
9868,28.000000
9869,4.000000
9870,-26.000000
9871,-6.000000
9872,-12.000000
9873,28.000000
9874,40.000000
9875,-48.000000
9876,-4.000000
9877,-12.000000
9878,76.000000
9879,-14.000000
9880,6.000000
9881,-22.000000
9882,-2.000000
9883,2.000000
9884,8.000000
9885,-4.000000
9886,-4.000000
9887,54.000000
9888,2.000000
9889,22.000000
9890,-30.000000
9891,82.000000
9892,24.000000
9893,22.000000
9894,26.000000
9895,10.000000
9896,54.000000
9897,70.000000
9898,-26.000000
9899,6.000000
9900,58.000000
9901,56.000000
9902,2.000000
9903,-58.000000
9904,0.000000
9905,42.000000
9906,22.000000
9907,60.000000
9908,54.000000
9909,-34.000000
9910,-26.000000
9911,46.000000
9912,6.000000
9913,30.000000
9914,-28.000000
9915,62.000000
9916,-26.000000
9917,10.000000
9918,8.000000
9919,14.000000
9920,-68.000000
9921,20.000000
9922,-22.000000
9923,34.000000
9924,-6.000000
9925,6.000000
9926,-16.000000
9927,-12.000000
9928,42.000000
9929,-14.000000
9930,-12.000000
9931,-4.000000
9932,0.000000
9933,-12.000000
9934,22.000000
9935,14.000000
9936,26.000000
9937,38.000000
9938,-16.000000
9939,-14.000000
9940,-22.000000
9941,-16.000000
9942,0.000000
9943,-6.000000
9944,-8.000000
9945,8.000000
9946,-14.000000
9947,8.000000
9948,4.000000
9949,-8.000000
9950,-8.000000
9951,-18.000000
9952,0.000000
9953,-16.000000
9954,8.000000
9955,26.000000
9956,-30.000000
9957,32.000000
9958,-18.000000
9959,-14.000000
9960,44.000000
9961,64.000000
9962,-20.000000
9963,-12.000000
9964,6.000000
9965,-4.000000
9966,-62.000000
9967,32.000000
9968,-12.000000
9969,-22.000000
9970,-8.000000
9971,-48.000000
9972,8.000000
9973,12.000000
9974,-26.000000
9975,22.000000
9976,-24.000000
9977,22.000000
9978,-18.000000
9979,-12.000000
9980,-6.000000
9981,10.000000
9982,-12.000000
9983,-52.000000
9984,-56.000000
9985,-8.000000
9986,46.000000
9987,40.000000
9988,20.000000
9989,-50.000000
9990,-40.000000
9991,-16.000000
9992,-12.000000
9993,26.000000
9994,-22.000000
9995,8.000000
9996,-22.000000
9997,-14.000000
9998,-22.000000
9999,-16.000000
10000,40.000000
