Channel              :,CH1
Frequency            :,  ?
Period               :,  ?
PK-PK                :,284.0mV
Probe attenuation    :,1X
Voltage per ADC value:,0.250000mV
Time interval        :,100.00000us

index,CH1_Voltage(mV)
1,0.000000
2,0.000000
3,-36.000000
4,-28.000000
5,0.000000
6,-64.000000
7,-8.000000
8,-24.000000
9,-12.000000
10,52.000000
11,20.000000
12,16.000000
13,8.000000
14,0.000000
15,-20.000000
16,-4.000000
17,-12.000000
18,-36.000000
19,-8.000000
20,-4.000000
21,12.000000
22,16.000000
23,32.000000
24,-44.000000
25,-12.000000
26,-12.000000
27,-12.000000
28,-12.000000
29,-16.000000
30,-20.000000
31,-8.000000
32,-16.000000
33,12.000000
34,8.000000
35,0.000000
36,8.000000
37,-48.000000
38,12.000000
39,0.000000
40,-28.000000
41,52.000000
42,-36.000000
43,-8.000000
44,12.000000
45,-8.000000
46,60.000000
47,24.000000
48,56.000000
49,0.000000
50,-8.000000
51,-32.000000
52,52.000000
53,-20.000000
54,-16.000000
55,12.000000
56,-8.000000
57,24.000000
58,-12.000000
59,-20.000000
60,4.000000
61,20.000000
62,36.000000
63,-40.000000
64,-56.000000
65,44.000000
66,-8.000000
67,-4.000000
68,-8.000000
69,-8.000000
70,-32.000000
71,16.000000
72,16.000000
73,16.000000
74,16.000000
75,52.000000
76,24.000000
77,12.000000
78,0.000000
79,56.000000
80,84.000000
81,24.000000
82,8.000000
83,0.000000
84,36.000000
85,20.000000
86,20.000000
87,-12.000000
88,-12.000000
89,100.000000
90,76.000000
91,4.000000
92,-8.000000
93,44.000000
94,-44.000000
95,8.000000
96,-4.000000
97,-60.000000
98,0.000000
99,-32.000000
100,4.000000
101,-8.000000
102,0.000000
103,8.000000
104,24.000000
105,-12.000000
106,16.000000
107,72.000000
108,76.000000
109,20.000000
110,16.000000
111,16.000000
112,16.000000
113,12.000000
114,8.000000
115,4.000000
116,20.000000
117,16.000000
118,20.000000
119,12.000000
120,24.000000
121,-20.000000
122,28.000000
123,20.000000
124,-32.000000
125,-8.000000
126,24.000000
127,-16.000000
128,8.000000
129,-12.000000
130,24.000000
131,20.000000
132,-32.000000
133,-44.000000
134,-28.000000
135,60.000000
136,0.000000
137,-40.000000
138,-52.000000
139,20.000000
140,-48.000000
141,16.000000
142,-36.000000
143,-8.000000
144,-4.000000
145,-20.000000
146,-40.000000
147,-12.000000
148,0.000000
149,-28.000000
150,-16.000000
151,-28.000000
152,-8.000000
153,-28.000000
154,-8.000000
155,4.000000
156,-20.000000
157,-32.000000
158,-24.000000
159,-8.000000
160,-16.000000
161,-24.000000
162,-8.000000
163,16.000000
164,-24.000000
165,28.000000
166,28.000000
167,-20.000000
168,-60.000000
169,-36.000000
170,-8.000000
171,-8.000000
172,-16.000000
173,-16.000000
174,0.000000
175,-28.000000
176,16.000000
177,-12.000000
178,-12.000000
179,44.000000
180,24.000000
181,-20.000000
182,56.000000
183,-16.000000
184,0.000000
185,4.000000
186,40.000000
187,-16.000000
188,0.000000
189,24.000000
190,16.000000
191,-20.000000
192,4.000000
193,24.000000
194,-28.000000
195,40.000000
196,0.000000
197,0.000000
198,28.000000
199,16.000000
200,20.000000
201,8.000000
202,-8.000000
203,0.000000
204,20.000000
205,-52.000000
206,20.000000
207,8.000000
208,16.000000
209,-8.000000
210,0.000000
211,12.000000
212,0.000000
213,-4.000000
214,-8.000000
215,0.000000
216,12.000000
217,-20.000000
218,48.000000
219,-8.000000
220,20.000000
221,-16.000000
222,-32.000000
223,0.000000
224,32.000000
225,44.000000
226,16.000000
227,4.000000
228,0.000000
229,36.000000
230,12.000000
231,-12.000000
232,20.000000
233,8.000000
234,24.000000
235,0.000000
236,16.000000
237,-12.000000
238,24.000000
239,-48.000000
240,-8.000000
241,-16.000000
242,-24.000000
243,-8.000000
244,-4.000000
245,32.000000
246,-20.000000
247,-20.000000
248,0.000000
249,-48.000000
250,-60.000000
251,-8.000000
252,0.000000
253,4.000000
254,-40.000000
255,-12.000000
256,-8.000000
257,16.000000
258,24.000000
259,4.000000
260,-8.000000
261,-32.000000
262,-32.000000
263,24.000000
264,-20.000000
265,-32.000000
266,20.000000
267,-40.000000
268,-8.000000
269,20.000000
270,0.000000
271,12.000000
272,24.000000
273,-144.000000
274,0.000000
275,-8.000000
276,-28.000000
277,-32.000000
278,-8.000000
279,-12.000000
280,24.000000
281,-4.000000
282,-8.000000
283,-16.000000
284,-8.000000
285,-32.000000
286,0.000000
287,-28.000000
288,0.000000
289,-8.000000
290,4.000000
291,-32.000000
292,-8.000000
293,-16.000000
294,-16.000000
295,8.000000
296,24.000000
297,4.000000
298,-28.000000
299,0.000000
300,0.000000
301,-16.000000
302,-24.000000
303,16.000000
304,12.000000
305,16.000000
306,-8.000000
307,16.000000
308,12.000000
309,0.000000
310,8.000000
311,-20.000000
312,-20.000000
313,-8.000000
314,-4.000000
315,28.000000
316,32.000000
317,20.000000
318,20.000000
319,0.000000
320,8.000000
321,-8.000000
322,4.000000
323,12.000000
324,24.000000
325,8.000000
326,0.000000
327,0.000000
328,4.000000
329,20.000000
330,16.000000
331,28.000000
332,-8.000000
333,20.000000
334,12.000000
335,-20.000000
336,32.000000
337,-28.000000
338,100.000000
339,0.000000
340,16.000000
341,-12.000000
342,16.000000
343,28.000000
344,-8.000000
345,12.000000
346,0.000000
347,-24.000000
348,-24.000000
349,4.000000
350,-16.000000
351,60.000000
352,-24.000000
353,-60.000000
354,-40.000000
355,-12.000000
356,-12.000000
357,-20.000000
358,-80.000000
359,24.000000
360,24.000000
361,-8.000000
362,-12.000000
363,0.000000
364,8.000000
365,20.000000
366,-16.000000
367,-4.000000
368,-24.000000
369,52.000000
370,-16.000000
371,-12.000000
372,-8.000000
373,-8.000000
374,68.000000
375,-28.000000
376,-4.000000
377,-8.000000
378,-8.000000
379,-12.000000
380,0.000000
381,-12.000000
382,-52.000000
383,-32.000000
384,0.000000
385,4.000000
386,-60.000000
387,-28.000000
388,-28.000000
389,0.000000
390,-28.000000
391,-40.000000
392,-20.000000
393,-32.000000
394,-4.000000
395,-8.000000
396,-28.000000
397,-28.000000
398,-12.000000
399,-32.000000
400,-36.000000
401,-12.000000
402,-32.000000
403,-20.000000
404,-16.000000
405,-16.000000
406,16.000000
407,0.000000
408,0.000000
409,-32.000000
410,-4.000000
411,24.000000
412,44.000000
413,-8.000000
414,-4.000000
415,20.000000
416,28.000000
417,-4.000000
418,-28.000000
419,8.000000
420,112.000000
421,28.000000
422,24.000000
423,-8.000000
424,0.000000
425,0.000000
426,8.000000
427,4.000000
428,36.000000
429,-12.000000
430,40.000000
431,-8.000000
432,-24.000000
433,16.000000
434,0.000000
435,0.000000
436,0.000000
437,-12.000000
438,16.000000
439,0.000000
440,0.000000
441,-8.000000
442,20.000000
443,24.000000
444,40.000000
445,-8.000000
446,28.000000
447,-8.000000
448,16.000000
449,20.000000
450,-48.000000
451,24.000000
452,-64.000000
453,24.000000
454,-44.000000
455,-8.000000
456,-8.000000
457,52.000000
458,4.000000
459,-4.000000
460,-40.000000
461,4.000000
462,0.000000
463,-8.000000
464,-8.000000
465,12.000000
466,-16.000000
467,4.000000
468,-12.000000
469,0.000000
470,-12.000000
471,12.000000
472,8.000000
473,-8.000000
474,-28.000000
475,-16.000000
476,-24.000000
477,12.000000
478,-4.000000
479,-8.000000
480,12.000000
481,0.000000
482,-28.000000
483,-8.000000
484,-32.000000
485,-32.000000
486,-32.000000
487,44.000000
488,-12.000000
489,52.000000
490,-4.000000
491,16.000000
492,-40.000000
493,-28.000000
494,0.000000
495,-20.000000
496,-52.000000
497,-12.000000
498,8.000000
499,-8.000000
500,-20.000000
501,-60.000000
502,28.000000
503,8.000000
504,-16.000000
505,-20.000000
506,-24.000000
507,-40.000000
508,-8.000000
509,-20.000000
510,24.000000
511,-28.000000
512,16.000000
513,-48.000000
514,-32.000000
515,72.000000
516,-20.000000
517,-16.000000
518,-8.000000
519,-28.000000
520,-40.000000
521,0.000000
522,0.000000
523,16.000000
524,-12.000000
525,-8.000000
526,64.000000
527,56.000000
528,-16.000000
529,-64.000000
530,44.000000
531,0.000000
532,-28.000000
533,-8.000000
534,-28.000000
535,-16.000000
536,-16.000000
537,68.000000
538,16.000000
539,0.000000
540,-32.000000
541,-24.000000
542,0.000000
543,12.000000
544,-8.000000
545,0.000000
546,0.000000
547,-20.000000
548,12.000000
549,40.000000
550,12.000000
551,-8.000000
552,12.000000
553,-4.000000
554,40.000000
555,76.000000
556,-4.000000
557,44.000000
558,4.000000
559,-12.000000
560,0.000000
561,0.000000
562,16.000000
563,-8.000000
564,-44.000000
565,-8.000000
566,-8.000000
567,0.000000
568,16.000000
569,24.000000
570,12.000000
571,8.000000
572,-84.000000
573,-8.000000
574,-24.000000
575,-12.000000
576,4.000000
577,-36.000000
578,20.000000
579,-36.000000
580,8.000000
581,4.000000
582,8.000000
583,-32.000000
584,8.000000
585,8.000000
586,24.000000
587,0.000000
588,-8.000000
589,0.000000
590,8.000000
591,44.000000
592,40.000000
593,-4.000000
594,28.000000
595,-4.000000
596,24.000000
597,8.000000
598,32.000000
599,16.000000
600,-36.000000
601,44.000000
602,0.000000
603,44.000000
604,8.000000
605,-16.000000
606,4.000000
607,4.000000
608,0.000000
609,12.000000
610,-28.000000
611,-4.000000
612,0.000000
613,-24.000000
614,-8.000000
615,20.000000
616,0.000000
617,4.000000
618,4.000000
619,24.000000
620,12.000000
621,-48.000000
622,4.000000
623,20.000000
624,-4.000000
625,-20.000000
626,-16.000000
627,-8.000000
628,-12.000000
629,-40.000000
630,0.000000
631,-12.000000
632,44.000000
633,-8.000000
634,-24.000000
635,-44.000000
636,16.000000
637,-28.000000
638,-8.000000
639,68.000000
640,-8.000000
641,-20.000000
642,0.000000
643,4.000000
644,4.000000
645,28.000000
646,-20.000000
647,28.000000
648,52.000000
649,-32.000000
650,-28.000000
651,0.000000
652,-16.000000
653,-8.000000
654,-8.000000
655,-32.000000
656,28.000000
657,-16.000000
658,24.000000
659,8.000000
660,-32.000000
661,16.000000
662,-12.000000
663,20.000000
664,0.000000
665,0.000000
666,16.000000
667,0.000000
668,-12.000000
669,-24.000000
670,44.000000
671,-4.000000
672,-8.000000
673,0.000000
674,4.000000
675,4.000000
676,8.000000
677,-24.000000
678,-60.000000
679,68.000000
680,-8.000000
681,-72.000000
682,24.000000
683,-12.000000
684,4.000000
685,4.000000
686,4.000000
687,-8.000000
688,-24.000000
689,0.000000
690,4.000000
691,28.000000
692,-4.000000
693,-8.000000
694,-8.000000
695,12.000000
696,-28.000000
697,96.000000
698,12.000000
699,52.000000
700,8.000000
701,4.000000
702,4.000000
703,52.000000
704,12.000000
705,-36.000000
706,44.000000
707,-24.000000
708,-8.000000
709,-44.000000
710,8.000000
711,52.000000
712,40.000000
713,-72.000000
714,12.000000
715,12.000000
716,12.000000
717,-16.000000
718,4.000000
719,0.000000
720,0.000000
721,-44.000000
722,4.000000
723,4.000000
724,-32.000000
725,-8.000000
726,-8.000000
727,-28.000000
728,24.000000
729,-12.000000
730,0.000000
731,0.000000
732,4.000000
733,12.000000
734,-8.000000
735,-20.000000
736,-20.000000
737,-16.000000
738,24.000000
739,-8.000000
740,4.000000
741,28.000000
742,64.000000
743,-20.000000
744,-24.000000
745,0.000000
746,64.000000
747,-20.000000
748,60.000000
749,28.000000
750,44.000000
751,-24.000000
752,-4.000000
753,0.000000
754,20.000000
755,32.000000
756,-4.000000
757,-8.000000
758,-20.000000
759,44.000000
760,28.000000
761,0.000000
762,-8.000000
763,-24.000000
764,-24.000000
765,-36.000000
766,-28.000000
767,-24.000000
768,12.000000
769,0.000000
770,-28.000000
771,-32.000000
772,12.000000
773,-4.000000
774,0.000000
775,-20.000000
776,-8.000000
777,0.000000
778,-28.000000
779,12.000000
780,-4.000000
781,-36.000000
782,8.000000
783,-144.000000
784,-20.000000
785,12.000000
786,0.000000
787,68.000000
788,64.000000
789,-4.000000
790,52.000000
791,8.000000
792,-4.000000
793,-44.000000
794,8.000000
795,64.000000
796,20.000000
797,12.000000
798,16.000000
799,32.000000
800,8.000000
801,-8.000000
802,4.000000
803,4.000000
804,-32.000000
805,16.000000
806,4.000000
807,64.000000
808,12.000000
809,20.000000
810,24.000000
811,24.000000
812,32.000000
813,20.000000
814,24.000000
815,-60.000000
816,8.000000
817,16.000000
818,24.000000
819,-40.000000
820,8.000000
821,-64.000000
822,20.000000
823,0.000000
824,-4.000000
825,16.000000
826,-16.000000
827,0.000000
828,20.000000
829,-64.000000
830,20.000000
831,20.000000
832,-4.000000
833,24.000000
834,24.000000
835,0.000000
836,52.000000
837,-8.000000
838,76.000000
839,-4.000000
840,32.000000
841,-16.000000
842,-16.000000
843,-8.000000
844,-8.000000
845,-40.000000
846,-8.000000
847,0.000000
848,28.000000
849,32.000000
850,-52.000000
851,16.000000
852,4.000000
853,0.000000
854,-40.000000
855,-4.000000
856,56.000000
857,-44.000000
858,-16.000000
859,32.000000
860,-4.000000
861,-4.000000
862,-20.000000
863,0.000000
864,-16.000000
865,-12.000000
866,-24.000000
867,52.000000
868,-32.000000
869,-32.000000
870,-8.000000
871,-16.000000
872,88.000000
873,-20.000000
874,-32.000000
875,-32.000000
876,-28.000000
877,-24.000000
878,-20.000000
879,-12.000000
880,-24.000000
881,-40.000000
882,-32.000000
883,0.000000
884,-28.000000
885,-60.000000
886,4.000000
887,-4.000000
888,-20.000000
889,-8.000000
890,-20.000000
891,-24.000000
892,-24.000000
893,-28.000000
894,-28.000000
895,0.000000
896,0.000000
897,-72.000000
898,8.000000
899,-32.000000
900,4.000000
901,72.000000
902,-16.000000
903,-8.000000
904,0.000000
905,-8.000000
906,24.000000
907,-24.000000
908,-8.000000
909,20.000000
910,4.000000
911,0.000000
912,32.000000
913,-8.000000
914,4.000000
915,8.000000
916,-8.000000
917,-8.000000
918,44.000000
919,-20.000000
920,28.000000
921,-40.000000
922,-8.000000
923,-44.000000
924,44.000000
925,0.000000
926,-8.000000
927,0.000000
928,28.000000
929,56.000000
930,-12.000000
931,4.000000
932,0.000000
933,0.000000
934,12.000000
935,16.000000
936,-20.000000
937,12.000000
938,72.000000
939,-4.000000
940,-8.000000
941,-20.000000
942,-12.000000
943,20.000000
944,16.000000
945,-8.000000
946,24.000000
947,56.000000
948,-8.000000
949,12.000000
950,16.000000
951,-8.000000
952,-12.000000
953,0.000000
954,0.000000
955,-12.000000
956,0.000000
957,0.000000
958,0.000000
959,-8.000000
960,52.000000
961,-12.000000
962,-4.000000
963,-12.000000
964,44.000000
965,-12.000000
966,8.000000
967,8.000000
968,0.000000
969,4.000000
970,-60.000000
971,-24.000000
972,-32.000000
973,-48.000000
974,-20.000000
975,0.000000
976,-32.000000
977,-24.000000
978,-24.000000
979,-4.000000
980,0.000000
981,-52.000000
982,-8.000000
983,44.000000
984,-24.000000
985,-32.000000
986,-40.000000
987,-24.000000
988,-4.000000
989,-40.000000
990,-36.000000
991,-8.000000
992,-36.000000
993,-24.000000
994,16.000000
995,4.000000
996,0.000000
997,32.000000
998,24.000000
999,0.000000
1000,44.000000
1001,-12.000000
1002,20.000000
1003,16.000000
1004,-8.000000
1005,-32.000000
1006,0.000000
1007,20.000000
1008,-16.000000
1009,-12.000000
1010,64.000000
1011,0.000000
1012,16.000000
1013,-28.000000
1014,-16.000000
1015,-8.000000
1016,12.000000
1017,-8.000000
1018,4.000000
1019,-4.000000
1020,52.000000
1021,-24.000000
1022,0.000000
1023,16.000000
1024,-20.000000
1025,16.000000
1026,20.000000
1027,24.000000
1028,-24.000000
1029,8.000000
1030,-32.000000
1031,0.000000
1032,12.000000
1033,8.000000
1034,0.000000
1035,4.000000
1036,-28.000000
1037,-36.000000
1038,-8.000000
1039,-8.000000
1040,48.000000
1041,88.000000
1042,4.000000
1043,24.000000
1044,40.000000
1045,0.000000
1046,8.000000
1047,24.000000
1048,0.000000
1049,44.000000
1050,8.000000
1051,40.000000
1052,52.000000
1053,24.000000
1054,0.000000
1055,4.000000
1056,56.000000
1057,-8.000000
1058,4.000000
1059,-36.000000
1060,16.000000
1061,-24.000000
1062,44.000000
1063,4.000000
1064,0.000000
1065,-20.000000
1066,-12.000000
1067,-8.000000
1068,4.000000
1069,-48.000000
1070,0.000000
1071,0.000000
1072,4.000000
1073,-16.000000
1074,-52.000000
1075,24.000000
1076,-4.000000
1077,-24.000000
1078,-12.000000
1079,-40.000000
1080,-60.000000
1081,16.000000
1082,-44.000000
1083,-32.000000
1084,-8.000000
1085,24.000000
1086,-40.000000
1087,0.000000
1088,-20.000000
1089,-24.000000
1090,28.000000
1091,-28.000000
1092,-36.000000
1093,-4.000000
1094,-8.000000
1095,20.000000
1096,0.000000
1097,-16.000000
1098,-16.000000
1099,-16.000000
1100,-16.000000
1101,-40.000000
1102,12.000000
1103,-60.000000
1104,-28.000000
1105,-40.000000
1106,-4.000000
1107,-8.000000
1108,-32.000000
1109,0.000000
1110,12.000000
1111,-8.000000
1112,-8.000000
1113,-16.000000
1114,16.000000
1115,4.000000
1116,-8.000000
1117,-16.000000
1118,-8.000000
1119,-20.000000
1120,-28.000000
1121,-24.000000
1122,16.000000
1123,20.000000
1124,-64.000000
1125,-4.000000
1126,-8.000000
1127,-20.000000
1128,64.000000
1129,-4.000000
1130,-8.000000
1131,0.000000
1132,0.000000
1133,-8.000000
1134,-4.000000
1135,16.000000
1136,12.000000
1137,-24.000000
1138,24.000000
1139,-8.000000
1140,-24.000000
1141,16.000000
1142,-8.000000
1143,24.000000
1144,16.000000
1145,0.000000
1146,20.000000
1147,8.000000
1148,-32.000000
1149,-12.000000
1150,-4.000000
1151,16.000000
1152,-8.000000
1153,-60.000000
1154,4.000000
1155,52.000000
1156,-16.000000
1157,16.000000
1158,0.000000
1159,12.000000
1160,4.000000
1161,40.000000
1162,28.000000
1163,8.000000
1164,-40.000000
1165,-8.000000
1166,16.000000
1167,20.000000
1168,-8.000000
1169,-12.000000
1170,20.000000
1171,-4.000000
1172,4.000000
1173,52.000000
1174,8.000000
1175,-24.000000
1176,4.000000
1177,4.000000
1178,0.000000
1179,12.000000
1180,-8.000000
1181,0.000000
1182,8.000000
1183,0.000000
1184,20.000000
1185,0.000000
1186,8.000000
1187,8.000000
1188,8.000000
1189,-8.000000
1190,16.000000
1191,-8.000000
1192,-8.000000
1193,20.000000
1194,16.000000
1195,24.000000
1196,-4.000000
1197,8.000000
1198,8.000000
1199,-8.000000
1200,-4.000000
1201,-8.000000
1202,20.000000
1203,8.000000
1204,-40.000000
1205,-8.000000
1206,-12.000000
1207,-12.000000
1208,12.000000
1209,-24.000000
1210,28.000000
1211,16.000000
1212,-52.000000
1213,32.000000
1214,4.000000
1215,-16.000000
1216,-24.000000
1217,20.000000
1218,20.000000
1219,20.000000
1220,0.000000
1221,-8.000000
1222,-8.000000
1223,4.000000
1224,16.000000
1225,-8.000000
1226,28.000000
1227,-28.000000
1228,-12.000000
1229,4.000000
1230,-8.000000
1231,-24.000000
1232,-8.000000
1233,0.000000
1234,-20.000000
1235,-8.000000
1236,16.000000
1237,-12.000000
1238,-32.000000
1239,-16.000000
1240,16.000000
1241,4.000000
1242,-40.000000
1243,20.000000
1244,-40.000000
1245,44.000000
1246,16.000000
1247,-28.000000
1248,-24.000000
1249,16.000000
1250,16.000000
1251,-16.000000
1252,-20.000000
1253,-28.000000
1254,-28.000000
1255,-8.000000
1256,-8.000000
1257,-28.000000
1258,-28.000000
1259,40.000000
1260,12.000000
1261,-8.000000
1262,-24.000000
1263,-28.000000
1264,-32.000000
1265,-8.000000
1266,-12.000000
1267,0.000000
1268,-8.000000
1269,-4.000000
1270,-12.000000
1271,-16.000000
1272,-16.000000
1273,4.000000
1274,20.000000
1275,68.000000
1276,64.000000
1277,-60.000000
1278,-16.000000
1279,4.000000
1280,-8.000000
1281,-20.000000
1282,-44.000000
1283,-8.000000
1284,4.000000
1285,-8.000000
1286,8.000000
1287,8.000000
1288,0.000000
1289,132.000000
1290,0.000000
1291,0.000000
1292,-8.000000
1293,0.000000
1294,4.000000
1295,-8.000000
1296,8.000000
1297,24.000000
1298,-8.000000
1299,8.000000
1300,-16.000000
1301,32.000000
1302,-28.000000
1303,-4.000000
1304,20.000000
1305,28.000000
1306,-12.000000
1307,-8.000000
1308,-8.000000
1309,44.000000
1310,-8.000000
1311,20.000000
1312,-4.000000
1313,-20.000000
1314,0.000000
1315,8.000000
1316,8.000000
1317,32.000000
1318,4.000000
1319,8.000000
1320,-28.000000
1321,-20.000000
1322,16.000000
1323,20.000000
1324,0.000000
1325,12.000000
1326,-4.000000
1327,40.000000
1328,12.000000
1329,4.000000
1330,8.000000
1331,36.000000
1332,-20.000000
1333,0.000000
1334,-8.000000
1335,-8.000000
1336,-24.000000
1337,-24.000000
1338,-16.000000
1339,-8.000000
1340,64.000000
1341,12.000000
1342,16.000000
1343,-20.000000
1344,-40.000000
1345,12.000000
1346,-52.000000
1347,-40.000000
1348,-36.000000
1349,-32.000000
1350,-12.000000
1351,-28.000000
1352,16.000000
1353,-8.000000
1354,0.000000
1355,-24.000000
1356,-24.000000
1357,8.000000
1358,-28.000000
1359,-36.000000
1360,20.000000
1361,-4.000000
1362,-12.000000
1363,-16.000000
1364,8.000000
1365,24.000000
1366,-28.000000
1367,0.000000
1368,-24.000000
1369,-24.000000
1370,8.000000
1371,-20.000000
1372,-28.000000
1373,-28.000000
1374,-60.000000
1375,12.000000
1376,-32.000000
1377,-36.000000
1378,-8.000000
1379,-28.000000
1380,16.000000
1381,-12.000000
1382,52.000000
1383,-8.000000
1384,-32.000000
1385,-32.000000
1386,-28.000000
1387,-8.000000
1388,16.000000
1389,24.000000
1390,-4.000000
1391,-28.000000
1392,-24.000000
1393,-12.000000
1394,-8.000000
1395,-16.000000
1396,20.000000
1397,-4.000000
1398,-44.000000
1399,4.000000
1400,4.000000
1401,-12.000000
1402,24.000000
1403,4.000000
1404,4.000000
1405,8.000000
1406,-36.000000
1407,16.000000
1408,-8.000000
1409,4.000000
1410,88.000000
1411,32.000000
1412,-44.000000
1413,-24.000000
1414,0.000000
1415,12.000000
1416,52.000000
1417,-28.000000
1418,-16.000000
1419,-20.000000
1420,8.000000
1421,44.000000
1422,-76.000000
1423,-4.000000
1424,-4.000000
1425,0.000000
1426,-8.000000
1427,-32.000000
1428,8.000000
1429,32.000000
1430,8.000000
1431,52.000000
1432,4.000000
1433,-44.000000
1434,20.000000
1435,0.000000
1436,0.000000
1437,-28.000000
1438,-8.000000
1439,0.000000
1440,4.000000
1441,-8.000000
1442,28.000000
1443,-16.000000
1444,-8.000000
1445,0.000000
1446,4.000000
1447,-20.000000
1448,-16.000000
1449,-16.000000
1450,8.000000
1451,0.000000
1452,-36.000000
1453,-12.000000
1454,-12.000000
1455,0.000000
1456,0.000000
1457,44.000000
1458,-28.000000
1459,-24.000000
1460,-24.000000
1461,-12.000000
1462,-8.000000
1463,16.000000
1464,0.000000
1465,-12.000000
1466,24.000000
1467,-28.000000
1468,0.000000
1469,-100.000000
1470,-24.000000
1471,-4.000000
1472,-12.000000
1473,-12.000000
1474,-12.000000
1475,-12.000000
1476,-24.000000
1477,20.000000
1478,-28.000000
1479,16.000000
1480,20.000000
1481,-28.000000
1482,16.000000
1483,-40.000000
1484,-8.000000
1485,20.000000
1486,64.000000
1487,-8.000000
1488,8.000000
1489,-40.000000
1490,0.000000
1491,-40.000000
1492,-4.000000
1493,-32.000000
1494,-8.000000
1495,-32.000000
1496,28.000000
1497,20.000000
1498,24.000000
1499,12.000000
1500,-12.000000
1501,-8.000000
1502,-16.000000
1503,44.000000
1504,-48.000000
1505,4.000000
1506,8.000000
1507,-16.000000
1508,-8.000000
1509,-28.000000
1510,4.000000
1511,-16.000000
1512,-24.000000
1513,0.000000
1514,8.000000
1515,0.000000
1516,0.000000
1517,4.000000
1518,24.000000
1519,0.000000
1520,16.000000
1521,0.000000
1522,-20.000000
1523,-24.000000
1524,0.000000
1525,4.000000
1526,24.000000
1527,32.000000
1528,12.000000
1529,-40.000000
1530,20.000000
1531,-12.000000
1532,-36.000000
1533,-28.000000
1534,12.000000
1535,16.000000
1536,-8.000000
1537,4.000000
1538,0.000000
1539,-4.000000
1540,20.000000
1541,40.000000
1542,4.000000
1543,4.000000
1544,4.000000
1545,-8.000000
1546,16.000000
1547,8.000000
1548,-72.000000
1549,0.000000
1550,4.000000
1551,0.000000
1552,-56.000000
1553,12.000000
1554,-84.000000
1555,-12.000000
1556,0.000000
1557,-8.000000
1558,40.000000
1559,-28.000000
1560,-32.000000
1561,-52.000000
1562,16.000000
1563,0.000000
1564,0.000000
1565,-24.000000
1566,16.000000
1567,-28.000000
1568,4.000000
1569,-8.000000
1570,-8.000000
1571,60.000000
1572,-8.000000
1573,0.000000
1574,-16.000000
1575,-40.000000
1576,0.000000
1577,8.000000
1578,0.000000
1579,-8.000000
1580,-16.000000
1581,-60.000000
1582,-8.000000
1583,-56.000000
1584,-12.000000
1585,40.000000
1586,-24.000000
1587,-36.000000
1588,-28.000000
1589,-32.000000
1590,-36.000000
1591,8.000000
1592,24.000000
1593,-24.000000
1594,-24.000000
1595,-16.000000
1596,-20.000000
1597,-8.000000
1598,-16.000000
1599,-48.000000
1600,-40.000000
1601,0.000000
1602,-28.000000
1603,-4.000000
1604,-24.000000
1605,-52.000000
1606,-48.000000
1607,-8.000000
1608,-12.000000
1609,-28.000000
1610,-32.000000
1611,-28.000000
1612,-8.000000
1613,-20.000000
1614,-20.000000
1615,-24.000000
1616,28.000000
1617,8.000000
1618,20.000000
1619,0.000000
1620,-24.000000
1621,-8.000000
1622,44.000000
1623,0.000000
1624,-4.000000
1625,-16.000000
1626,-4.000000
1627,8.000000
1628,0.000000
1629,-24.000000
1630,-28.000000
1631,0.000000
1632,0.000000
1633,8.000000
1634,24.000000
1635,-16.000000
1636,64.000000
1637,-24.000000
1638,16.000000
1639,40.000000
1640,4.000000
1641,52.000000
1642,-4.000000
1643,0.000000
1644,96.000000
1645,44.000000
1646,-8.000000
1647,32.000000
1648,-32.000000
1649,-24.000000
1650,-20.000000
1651,-16.000000
1652,64.000000
1653,40.000000
1654,4.000000
1655,-28.000000
1656,-28.000000
1657,-16.000000
1658,4.000000
1659,-8.000000
1660,-24.000000
1661,-12.000000
1662,-8.000000
1663,-8.000000
1664,-8.000000
1665,44.000000
1666,-8.000000
1667,0.000000
1668,12.000000
1669,-8.000000
1670,-8.000000
1671,-20.000000
1672,12.000000
1673,4.000000
1674,-8.000000
1675,12.000000
1676,-20.000000
1677,-40.000000
1678,64.000000
1679,-24.000000
1680,-8.000000
1681,-76.000000
1682,20.000000
1683,-16.000000
1684,24.000000
1685,-80.000000
1686,32.000000
1687,-4.000000
1688,-68.000000
1689,24.000000
1690,-4.000000
1691,-20.000000
1692,52.000000
1693,0.000000
1694,16.000000
1695,0.000000
1696,16.000000
1697,-48.000000
1698,12.000000
1699,-8.000000
1700,16.000000
1701,20.000000
1702,-8.000000
1703,0.000000
1704,-16.000000
1705,0.000000
1706,0.000000
1707,-8.000000
1708,12.000000
1709,-24.000000
1710,8.000000
1711,20.000000
1712,-28.000000
1713,0.000000
1714,-8.000000
1715,-8.000000
1716,-16.000000
1717,-16.000000
1718,-16.000000
1719,-8.000000
1720,20.000000
1721,-12.000000
1722,-8.000000
1723,-4.000000
1724,0.000000
1725,-24.000000
1726,-16.000000
1727,-40.000000
1728,-24.000000
1729,28.000000
1730,-12.000000
1731,-20.000000
1732,-8.000000
1733,-24.000000
1734,44.000000
1735,4.000000
1736,-28.000000
1737,0.000000
1738,-20.000000
1739,-40.000000
1740,-8.000000
1741,-12.000000
1742,28.000000
1743,-68.000000
1744,48.000000
1745,0.000000
1746,12.000000
1747,-36.000000
1748,4.000000
1749,0.000000
1750,16.000000
1751,0.000000
1752,-20.000000
1753,8.000000
1754,-32.000000
1755,-16.000000
1756,-8.000000
1757,-4.000000
1758,-8.000000
1759,52.000000
1760,-8.000000
1761,4.000000
1762,4.000000
1763,-4.000000
1764,0.000000
1765,12.000000
1766,-20.000000
1767,8.000000
1768,0.000000
1769,16.000000
1770,44.000000
1771,20.000000
1772,16.000000
1773,16.000000
1774,12.000000
1775,0.000000
1776,0.000000
1777,-8.000000
1778,24.000000
1779,-8.000000
1780,40.000000
1781,16.000000
1782,4.000000
1783,12.000000
1784,12.000000
1785,44.000000
1786,-4.000000
1787,-20.000000
1788,56.000000
1789,16.000000
1790,-8.000000
1791,56.000000
1792,-4.000000
1793,-32.000000
1794,-20.000000
1795,8.000000
1796,28.000000
1797,0.000000
1798,12.000000
1799,-52.000000
1800,12.000000
1801,-28.000000
1802,0.000000
1803,-16.000000
1804,-20.000000
1805,-8.000000
1806,16.000000
1807,4.000000
1808,4.000000
1809,-8.000000
1810,-32.000000
1811,-32.000000
1812,-12.000000
1813,-16.000000
1814,-48.000000
1815,8.000000
1816,0.000000
1817,-24.000000
1818,-20.000000
1819,-12.000000
1820,-16.000000
1821,0.000000
1822,-8.000000
1823,28.000000
1824,52.000000
1825,-28.000000
1826,-8.000000
1827,52.000000
1828,-20.000000
1829,-4.000000
1830,-4.000000
1831,4.000000
1832,-12.000000
1833,-24.000000
1834,8.000000
1835,4.000000
1836,4.000000
1837,-28.000000
1838,-28.000000
1839,0.000000
1840,-24.000000
1841,-44.000000
1842,4.000000
1843,-16.000000
1844,-8.000000
1845,-8.000000
1846,-60.000000
1847,0.000000
1848,44.000000
1849,-4.000000
1850,4.000000
1851,12.000000
1852,4.000000
1853,-8.000000
1854,-28.000000
1855,-28.000000
1856,-32.000000
1857,16.000000
1858,-16.000000
1859,-24.000000
1860,-16.000000
1861,-4.000000
1862,-48.000000
1863,-4.000000
1864,40.000000
1865,-8.000000
1866,-8.000000
1867,-12.000000
1868,-4.000000
1869,-12.000000
1870,0.000000
1871,-8.000000
1872,-8.000000
1873,-16.000000
1874,40.000000
1875,16.000000
1876,-28.000000
1877,-12.000000
1878,-12.000000
1879,60.000000
1880,8.000000
1881,16.000000
1882,-24.000000
1883,-12.000000
1884,16.000000
1885,0.000000
1886,0.000000
1887,4.000000
1888,-8.000000
1889,0.000000
1890,12.000000
1891,8.000000
1892,-60.000000
1893,-16.000000
1894,-12.000000
1895,16.000000
1896,-4.000000
1897,44.000000
1898,-8.000000
1899,20.000000
1900,20.000000
1901,12.000000
1902,4.000000
1903,20.000000
1904,-16.000000
1905,20.000000
1906,-36.000000
1907,-20.000000
1908,-8.000000
1909,4.000000
1910,84.000000
1911,0.000000
1912,8.000000
1913,-4.000000
1914,-8.000000
1915,-8.000000
1916,-8.000000
1917,8.000000
1918,-92.000000
1919,60.000000
1920,-8.000000
1921,16.000000
1922,-12.000000
1923,12.000000
1924,32.000000
1925,24.000000
1926,-20.000000
1927,20.000000
1928,-12.000000
1929,-20.000000
1930,0.000000
1931,-40.000000
1932,0.000000
1933,0.000000
1934,0.000000
1935,-20.000000
1936,0.000000
1937,-44.000000
1938,0.000000
1939,16.000000
1940,20.000000
1941,-8.000000
1942,28.000000
1943,-8.000000
1944,-16.000000
1945,0.000000
1946,-8.000000
1947,-16.000000
1948,-8.000000
1949,8.000000
1950,24.000000
1951,-48.000000
1952,-24.000000
1953,24.000000
1954,12.000000
1955,0.000000
1956,8.000000
1957,12.000000
1958,-28.000000
1959,12.000000
1960,-16.000000
1961,0.000000
1962,-28.000000
1963,-20.000000
1964,8.000000
1965,-16.000000
1966,-8.000000
1967,4.000000
1968,0.000000
1969,8.000000
1970,4.000000
1971,-56.000000
1972,16.000000
1973,-28.000000
1974,-40.000000
1975,-8.000000
1976,-8.000000
1977,-8.000000
1978,-24.000000
1979,-16.000000
1980,-16.000000
1981,0.000000
1982,4.000000
1983,-16.000000
1984,12.000000
1985,8.000000
1986,16.000000
1987,0.000000
1988,-4.000000
1989,12.000000
1990,20.000000
1991,16.000000
1992,-8.000000
1993,-28.000000
1994,12.000000
1995,-4.000000
1996,-36.000000
1997,-16.000000
1998,0.000000
1999,28.000000
2000,24.000000
2001,32.000000
2002,0.000000
2003,8.000000
2004,0.000000
2005,16.000000
2006,16.000000
2007,-8.000000
2008,12.000000
2009,0.000000
2010,-8.000000
2011,-8.000000
2012,-8.000000
2013,0.000000
2014,48.000000
2015,-12.000000
2016,24.000000
2017,0.000000
2018,-4.000000
2019,-12.000000
2020,-44.000000
2021,40.000000
2022,-8.000000
2023,20.000000
2024,0.000000
2025,4.000000
2026,8.000000
2027,12.000000
2028,0.000000
2029,20.000000
2030,24.000000
2031,0.000000
2032,4.000000
2033,4.000000
2034,40.000000
2035,0.000000
2036,-4.000000
2037,-32.000000
2038,-12.000000
2039,12.000000
2040,-16.000000
2041,12.000000
2042,4.000000
2043,-16.000000
2044,-12.000000
2045,52.000000
2046,8.000000
2047,0.000000
2048,44.000000
2049,0.000000
2050,-12.000000
2051,32.000000
2052,-8.000000
2053,0.000000
2054,24.000000
2055,0.000000
2056,4.000000
2057,52.000000
2058,52.000000
2059,20.000000
2060,0.000000
2061,0.000000
2062,8.000000
2063,64.000000
2064,-20.000000
2065,-24.000000
2066,-24.000000
2067,-28.000000
2068,44.000000
2069,-44.000000
2070,-24.000000
2071,-16.000000
2072,-12.000000
2073,-8.000000
2074,4.000000
2075,20.000000
2076,-28.000000
2077,8.000000
2078,64.000000
2079,-36.000000
2080,20.000000
2081,-8.000000
2082,8.000000
2083,4.000000
2084,-8.000000
2085,-4.000000
2086,16.000000
2087,-8.000000
2088,-20.000000
2089,-32.000000
2090,-12.000000
2091,20.000000
2092,-44.000000
2093,-32.000000
2094,52.000000
2095,-32.000000
2096,-36.000000
2097,-8.000000
2098,-8.000000
2099,-20.000000
2100,-24.000000
2101,-16.000000
2102,4.000000
2103,-8.000000
2104,-32.000000
2105,20.000000
2106,-64.000000
2107,-16.000000
2108,-32.000000
2109,24.000000
2110,0.000000
2111,-16.000000
2112,-8.000000
2113,-4.000000
2114,-12.000000
2115,-12.000000
2116,4.000000
2117,12.000000
2118,20.000000
2119,16.000000
2120,-8.000000
2121,16.000000
2122,-48.000000
2123,12.000000
2124,-32.000000
2125,20.000000
2126,-4.000000
2127,20.000000
2128,-24.000000
2129,0.000000
2130,4.000000
2131,-24.000000
2132,-8.000000
2133,-32.000000
2134,-4.000000
2135,-8.000000
2136,8.000000
2137,16.000000
2138,-12.000000
2139,-24.000000
2140,84.000000
2141,-36.000000
2142,32.000000
2143,4.000000
2144,-4.000000
2145,-16.000000
2146,-4.000000
2147,0.000000
2148,0.000000
2149,8.000000
2150,-8.000000
2151,-16.000000
2152,64.000000
2153,0.000000
2154,4.000000
2155,16.000000
2156,24.000000
2157,-8.000000
2158,-8.000000
2159,72.000000
2160,-16.000000
2161,24.000000
2162,52.000000
2163,16.000000
2164,4.000000
2165,-8.000000
2166,-8.000000
2167,20.000000
2168,52.000000
2169,44.000000
2170,4.000000
2171,-8.000000
2172,-32.000000
2173,-32.000000
2174,-76.000000
2175,4.000000
2176,44.000000
2177,-60.000000
2178,-16.000000
2179,8.000000
2180,-24.000000
2181,8.000000
2182,-32.000000
2183,-16.000000
2184,-20.000000
2185,-8.000000
2186,-16.000000
2187,-24.000000
2188,-20.000000
2189,-32.000000
2190,-44.000000
2191,-20.000000
2192,-32.000000
2193,0.000000
2194,-28.000000
2195,8.000000
2196,-20.000000
2197,-16.000000
2198,-24.000000
2199,-40.000000
2200,-16.000000
2201,-8.000000
2202,-24.000000
2203,-16.000000
2204,0.000000
2205,-8.000000
2206,-52.000000
2207,-20.000000
2208,0.000000
2209,-20.000000
2210,0.000000
2211,-12.000000
2212,-12.000000
2213,20.000000
2214,44.000000
2215,0.000000
2216,-20.000000
2217,16.000000
2218,-4.000000
2219,4.000000
2220,-12.000000
2221,-8.000000
2222,-4.000000
2223,12.000000
2224,-8.000000
2225,32.000000
2226,0.000000
2227,-4.000000
2228,-20.000000
2229,16.000000
2230,-8.000000
2231,-20.000000
2232,-20.000000
2233,-60.000000
2234,8.000000
2235,4.000000
2236,-16.000000
2237,16.000000
2238,4.000000
2239,-8.000000
2240,-4.000000
2241,-12.000000
2242,0.000000
2243,28.000000
2244,-8.000000
2245,28.000000
2246,60.000000
2247,-8.000000
2248,28.000000
2249,4.000000
2250,24.000000
2251,-60.000000
2252,-44.000000
2253,8.000000
2254,8.000000
2255,-8.000000
2256,-20.000000
2257,56.000000
2258,-20.000000
2259,0.000000
2260,32.000000
2261,-12.000000
2262,-8.000000
2263,20.000000
2264,-8.000000
2265,-28.000000
2266,24.000000
2267,-20.000000
2268,16.000000
2269,-36.000000
2270,-44.000000
2271,-20.000000
2272,-24.000000
2273,16.000000
2274,-12.000000
2275,48.000000
2276,-8.000000
2277,8.000000
2278,8.000000
2279,28.000000
2280,-24.000000
2281,-16.000000
2282,-24.000000
2283,12.000000
2284,24.000000
2285,-20.000000
2286,8.000000
2287,-24.000000
2288,-28.000000
2289,-48.000000
2290,4.000000
2291,-48.000000
2292,-40.000000
2293,-36.000000
2294,68.000000
2295,0.000000
2296,-40.000000
2297,24.000000
2298,-24.000000
2299,-20.000000
2300,24.000000
2301,-20.000000
2302,-16.000000
2303,-8.000000
2304,-20.000000
2305,-32.000000
2306,0.000000
2307,-40.000000
2308,-36.000000
2309,-12.000000
2310,-8.000000
2311,-8.000000
2312,-16.000000
2313,-16.000000
2314,16.000000
2315,16.000000
2316,0.000000
2317,-16.000000
2318,20.000000
2319,16.000000
2320,-28.000000
2321,32.000000
2322,-52.000000
2323,-32.000000
2324,-16.000000
2325,-12.000000
2326,-16.000000
2327,-8.000000
2328,52.000000
2329,-8.000000
2330,24.000000
2331,-28.000000
2332,12.000000
2333,-20.000000
2334,-32.000000
2335,24.000000
2336,-44.000000
2337,8.000000
2338,24.000000
2339,12.000000
2340,16.000000
2341,64.000000
2342,-32.000000
2343,0.000000
2344,20.000000
2345,-20.000000
2346,-8.000000
2347,-44.000000
2348,4.000000
2349,16.000000
2350,-8.000000
2351,52.000000
2352,16.000000
2353,-40.000000
2354,12.000000
2355,12.000000
2356,4.000000
2357,-8.000000
2358,16.000000
2359,-8.000000
2360,28.000000
2361,20.000000
2362,-16.000000
2363,56.000000
2364,-12.000000
2365,-8.000000
2366,44.000000
2367,-20.000000
2368,-28.000000
2369,-8.000000
2370,-16.000000
2371,0.000000
2372,0.000000
2373,28.000000
2374,-12.000000
2375,-20.000000
2376,-36.000000
2377,24.000000
2378,12.000000
2379,-4.000000
2380,-4.000000
2381,-8.000000
2382,16.000000
2383,8.000000
2384,4.000000
2385,-44.000000
2386,-20.000000
2387,52.000000
2388,-8.000000
2389,20.000000
2390,-36.000000
2391,16.000000
2392,68.000000
2393,0.000000
2394,44.000000
2395,16.000000
2396,-36.000000
2397,-24.000000
2398,24.000000
2399,8.000000
2400,16.000000
2401,0.000000
2402,-44.000000
2403,-8.000000
2404,124.000000
2405,40.000000
2406,-8.000000
2407,-8.000000
2408,32.000000
2409,-40.000000
2410,16.000000
2411,12.000000
2412,20.000000
2413,-32.000000
2414,0.000000
2415,-12.000000
2416,-8.000000
2417,-48.000000
2418,-4.000000
2419,40.000000
2420,44.000000
2421,4.000000
2422,32.000000
2423,12.000000
2424,-32.000000
2425,-16.000000
2426,-16.000000
2427,8.000000
2428,-8.000000
2429,4.000000
2430,0.000000
2431,24.000000
2432,0.000000
2433,4.000000
2434,-20.000000
2435,0.000000
2436,-16.000000
2437,52.000000
2438,-24.000000
2439,16.000000
2440,0.000000
2441,52.000000
2442,-40.000000
2443,0.000000
2444,-24.000000
2445,-12.000000
2446,-40.000000
2447,4.000000
2448,4.000000
2449,-68.000000
2450,32.000000
2451,-28.000000
2452,-24.000000
2453,-28.000000
2454,-16.000000
2455,68.000000
2456,-8.000000
2457,-24.000000
2458,-16.000000
2459,0.000000
2460,16.000000
2461,28.000000
2462,16.000000
2463,-20.000000
2464,-4.000000
2465,-8.000000
2466,-20.000000
2467,-16.000000
2468,-12.000000
2469,-24.000000
2470,12.000000
2471,-12.000000
2472,8.000000
2473,-28.000000
2474,24.000000
2475,-28.000000
2476,76.000000
2477,0.000000
2478,-12.000000
2479,8.000000
2480,-36.000000
2481,-16.000000
2482,52.000000
2483,16.000000
2484,-12.000000
2485,-20.000000
2486,-28.000000
2487,12.000000
2488,56.000000
2489,44.000000
2490,-4.000000
2491,12.000000
2492,0.000000
2493,44.000000
2494,-24.000000
2495,-20.000000
2496,0.000000
2497,-4.000000
2498,16.000000
2499,16.000000
2500,20.000000
2501,24.000000
2502,-8.000000
2503,-24.000000
2504,32.000000
2505,4.000000
2506,-32.000000
2507,4.000000
2508,0.000000
2509,-80.000000
2510,-72.000000
2511,72.000000
2512,-16.000000
2513,4.000000
2514,-44.000000
2515,8.000000
2516,8.000000
2517,-8.000000
2518,-8.000000
2519,-20.000000
2520,8.000000
2521,-4.000000
2522,-4.000000
2523,24.000000
2524,-44.000000
2525,20.000000
2526,76.000000
2527,0.000000
2528,32.000000
2529,4.000000
2530,0.000000
2531,-12.000000
2532,16.000000
2533,-52.000000
2534,24.000000
2535,20.000000
2536,16.000000
2537,4.000000
2538,0.000000
2539,60.000000
2540,-28.000000
2541,0.000000
2542,0.000000
2543,8.000000
2544,-52.000000
2545,-28.000000
2546,0.000000
2547,-16.000000
2548,-20.000000
2549,-36.000000
2550,-16.000000
2551,-32.000000
2552,-8.000000
2553,0.000000
2554,16.000000
2555,-8.000000
2556,-16.000000
2557,-24.000000
2558,-16.000000
2559,-8.000000
2560,-8.000000
2561,-32.000000
2562,-36.000000
2563,-16.000000
2564,-12.000000
2565,44.000000
2566,-12.000000
2567,0.000000
2568,-8.000000
2569,0.000000
2570,20.000000
2571,-8.000000
2572,-8.000000
2573,-16.000000
2574,-20.000000
2575,-8.000000
2576,-20.000000
2577,-16.000000
2578,-40.000000
2579,-16.000000
2580,44.000000
2581,16.000000
2582,-24.000000
2583,0.000000
2584,-60.000000
2585,16.000000
2586,-36.000000
2587,-40.000000
2588,-60.000000
2589,-52.000000
2590,-12.000000
2591,0.000000
2592,52.000000
2593,-8.000000
2594,60.000000
2595,-16.000000
2596,-20.000000
2597,12.000000
2598,-8.000000
2599,8.000000
2600,-24.000000
2601,8.000000
2602,12.000000
2603,-4.000000
2604,0.000000
2605,-8.000000
2606,-8.000000
2607,-24.000000
2608,-12.000000
2609,-8.000000
2610,-4.000000
2611,-8.000000
2612,-60.000000
2613,-4.000000
2614,-8.000000
2615,4.000000
2616,4.000000
2617,8.000000
2618,4.000000
2619,12.000000
2620,0.000000
2621,-32.000000
2622,-20.000000
2623,4.000000
2624,-20.000000
2625,8.000000
2626,-44.000000
2627,16.000000
2628,0.000000
2629,16.000000
2630,-20.000000
2631,-44.000000
2632,24.000000
2633,-12.000000
2634,16.000000
2635,40.000000
2636,0.000000
2637,-12.000000
2638,24.000000
2639,16.000000
2640,-12.000000
2641,-12.000000
2642,-32.000000
2643,-8.000000
2644,0.000000
2645,8.000000
2646,-24.000000
2647,-8.000000
2648,-8.000000
2649,0.000000
2650,4.000000
2651,44.000000
2652,-8.000000
2653,0.000000
2654,0.000000
2655,0.000000
2656,12.000000
2657,16.000000
2658,4.000000
2659,8.000000
2660,-60.000000
2661,64.000000
2662,-44.000000
2663,-28.000000
2664,0.000000
2665,-8.000000
2666,-56.000000
2667,-16.000000
2668,0.000000
2669,-8.000000
2670,-4.000000
2671,-24.000000
2672,-8.000000
2673,-8.000000
2674,-4.000000
2675,-36.000000
2676,-36.000000
2677,-52.000000
2678,-36.000000
2679,-32.000000
2680,-32.000000
2681,-96.000000
2682,-16.000000
2683,44.000000
2684,-16.000000
2685,24.000000
2686,-20.000000
2687,-4.000000
2688,-48.000000
2689,-44.000000
2690,-8.000000
2691,4.000000
2692,72.000000
2693,-44.000000
2694,-48.000000
2695,0.000000
2696,4.000000
2697,-32.000000
2698,-20.000000
2699,-24.000000
2700,-16.000000
2701,-16.000000
2702,-40.000000
2703,-8.000000
2704,-4.000000
2705,-40.000000
2706,0.000000
2707,20.000000
2708,16.000000
2709,-8.000000
2710,44.000000
2711,8.000000
2712,4.000000
2713,-16.000000
2714,-8.000000
2715,-16.000000
2716,28.000000
2717,-8.000000
2718,44.000000
2719,-12.000000
2720,8.000000
2721,16.000000
2722,-20.000000
2723,-32.000000
2724,12.000000
2725,12.000000
2726,-16.000000
2727,44.000000
2728,-4.000000
2729,44.000000
2730,12.000000
2731,-8.000000
2732,4.000000
2733,-4.000000
2734,4.000000
2735,-8.000000
2736,12.000000
2737,20.000000
2738,24.000000
2739,8.000000
2740,44.000000
2741,4.000000
2742,4.000000
2743,-60.000000
2744,8.000000
2745,4.000000
2746,-8.000000
2747,-8.000000
2748,-52.000000
2749,16.000000
2750,12.000000
2751,8.000000
2752,8.000000
2753,8.000000
2754,36.000000
2755,20.000000
2756,20.000000
2757,-4.000000
2758,-40.000000
2759,-60.000000
2760,0.000000
2761,4.000000
2762,-24.000000
2763,40.000000
2764,-12.000000
2765,24.000000
2766,24.000000
2767,28.000000
2768,12.000000
2769,-12.000000
2770,-24.000000
2771,12.000000
2772,-20.000000
2773,16.000000
2774,-16.000000
2775,-12.000000
2776,24.000000
2777,-36.000000
2778,8.000000
2779,-32.000000
2780,28.000000
2781,-24.000000
2782,-32.000000
2783,-4.000000
2784,12.000000
2785,-12.000000
2786,0.000000
2787,16.000000
2788,32.000000
2789,-16.000000
2790,8.000000
2791,0.000000
2792,-8.000000
2793,-40.000000
2794,-40.000000
2795,-40.000000
2796,-8.000000
2797,-32.000000
2798,-16.000000
2799,-20.000000
2800,24.000000
2801,-24.000000
2802,4.000000
2803,16.000000
2804,-8.000000
2805,-20.000000
2806,-8.000000
2807,-48.000000
2808,8.000000
2809,-8.000000
2810,-16.000000
2811,-20.000000
2812,20.000000
2813,-8.000000
2814,-24.000000
2815,-28.000000
2816,-28.000000
2817,-16.000000
2818,-16.000000
2819,-40.000000
2820,0.000000
2821,0.000000
2822,-68.000000
2823,12.000000
2824,-40.000000
2825,-20.000000
2826,-20.000000
2827,0.000000
2828,-8.000000
2829,12.000000
2830,0.000000
2831,8.000000
2832,-20.000000
2833,-16.000000
2834,20.000000
2835,0.000000
2836,56.000000
2837,-32.000000
2838,-32.000000
2839,-40.000000
2840,-8.000000
2841,-8.000000
2842,0.000000
2843,-16.000000
2844,-8.000000
2845,-8.000000
2846,0.000000
2847,-12.000000
2848,-12.000000
2849,-8.000000
2850,16.000000
2851,-8.000000
2852,0.000000
2853,-16.000000
2854,12.000000
2855,-20.000000
2856,-16.000000
2857,8.000000
2858,-20.000000
2859,0.000000
2860,16.000000
2861,44.000000
2862,32.000000
2863,-32.000000
2864,12.000000
2865,-12.000000
2866,52.000000
2867,20.000000
2868,-4.000000
2869,-8.000000
2870,80.000000
2871,4.000000
2872,-28.000000
2873,-20.000000
2874,-16.000000
2875,4.000000
2876,-8.000000
2877,4.000000
2878,-16.000000
2879,24.000000
2880,16.000000
2881,-44.000000
2882,-12.000000
2883,24.000000
2884,0.000000
2885,-12.000000
2886,-12.000000
2887,-24.000000
2888,-24.000000
2889,-120.000000
2890,-4.000000
2891,-40.000000
2892,0.000000
2893,8.000000
2894,8.000000
2895,-24.000000
2896,0.000000
2897,-32.000000
2898,40.000000
2899,-20.000000
2900,-24.000000
2901,-12.000000
2902,0.000000
2903,-32.000000
2904,-16.000000
2905,36.000000
2906,-24.000000
2907,-8.000000
2908,0.000000
2909,0.000000
2910,-12.000000
2911,-12.000000
2912,40.000000
2913,-8.000000
2914,-8.000000
2915,-28.000000
2916,-4.000000
2917,-8.000000
2918,-24.000000
2919,-24.000000
2920,0.000000
2921,-24.000000
2922,-24.000000
2923,-40.000000
2924,-36.000000
2925,16.000000
2926,-20.000000
2927,-16.000000
2928,-20.000000
2929,-4.000000
2930,-32.000000
2931,16.000000
2932,-32.000000
2933,56.000000
2934,0.000000
2935,64.000000
2936,0.000000
2937,0.000000
2938,4.000000
2939,-28.000000
2940,20.000000
2941,20.000000
2942,12.000000
2943,4.000000
2944,28.000000
2945,72.000000
2946,52.000000
2947,-16.000000
2948,28.000000
2949,0.000000
2950,-8.000000
2951,-8.000000
2952,4.000000
2953,-8.000000
2954,-16.000000
2955,-20.000000
2956,16.000000
2957,4.000000
2958,4.000000
2959,-12.000000
2960,-12.000000
2961,-24.000000
2962,-4.000000
2963,-28.000000
2964,32.000000
2965,-52.000000
2966,8.000000
2967,16.000000
2968,-8.000000
2969,8.000000
2970,8.000000
2971,40.000000
2972,0.000000
2973,0.000000
2974,-36.000000
2975,24.000000
2976,24.000000
2977,-12.000000
2978,4.000000
2979,8.000000
2980,64.000000
2981,-8.000000
2982,52.000000
2983,28.000000
2984,24.000000
2985,-8.000000
2986,-4.000000
2987,8.000000
2988,0.000000
2989,36.000000
2990,-60.000000
2991,-20.000000
2992,40.000000
2993,12.000000
2994,-8.000000
2995,24.000000
2996,24.000000
2997,12.000000
2998,12.000000
2999,0.000000
3000,-12.000000
3001,0.000000
3002,-92.000000
3003,-8.000000
3004,16.000000
3005,-72.000000
3006,12.000000
3007,-8.000000
3008,-8.000000
3009,-24.000000
3010,28.000000
3011,0.000000
3012,4.000000
3013,-4.000000
3014,-4.000000
3015,-24.000000
3016,-40.000000
3017,20.000000
3018,-8.000000
3019,-60.000000
3020,-40.000000
3021,24.000000
3022,0.000000
3023,28.000000
3024,44.000000
3025,-16.000000
3026,-56.000000
3027,-24.000000
3028,-28.000000
3029,4.000000
3030,-20.000000
3031,0.000000
3032,-36.000000
3033,4.000000
3034,24.000000
3035,-12.000000
3036,-108.000000
3037,16.000000
3038,-16.000000
3039,-36.000000
3040,-28.000000
3041,-16.000000
3042,12.000000
3043,-20.000000
3044,24.000000
3045,-24.000000
3046,24.000000
3047,52.000000
3048,0.000000
3049,-24.000000
3050,-12.000000
3051,-20.000000
3052,-12.000000
3053,12.000000
3054,68.000000
3055,-48.000000
3056,-32.000000
3057,-16.000000
3058,-4.000000
3059,-16.000000
3060,-20.000000
3061,-28.000000
3062,-16.000000
3063,-16.000000
3064,-24.000000
3065,52.000000
3066,16.000000
3067,-8.000000
3068,8.000000
3069,0.000000
3070,-20.000000
3071,4.000000
3072,8.000000
3073,8.000000
3074,28.000000
3075,12.000000
3076,-48.000000
3077,-16.000000
3078,-20.000000
3079,8.000000
3080,-24.000000
3081,-56.000000
3082,-36.000000
3083,0.000000
3084,8.000000
3085,52.000000
3086,-20.000000
3087,-24.000000
3088,12.000000
3089,-32.000000
3090,12.000000
3091,16.000000
3092,4.000000
3093,-8.000000
3094,-12.000000
3095,92.000000
3096,0.000000
3097,4.000000
3098,-52.000000
3099,0.000000
3100,32.000000
3101,-16.000000
3102,8.000000
3103,12.000000
3104,-32.000000
3105,-20.000000
3106,-8.000000
3107,-8.000000
3108,-20.000000
3109,32.000000
3110,16.000000
3111,16.000000
3112,44.000000
3113,20.000000
3114,-16.000000
3115,20.000000
3116,12.000000
3117,0.000000
3118,20.000000
3119,-28.000000
3120,-8.000000
3121,0.000000
3122,4.000000
3123,20.000000
3124,-20.000000
3125,-12.000000
3126,32.000000
3127,0.000000
3128,8.000000
3129,0.000000
3130,-20.000000
3131,-28.000000
3132,4.000000
3133,8.000000
3134,0.000000
3135,44.000000
3136,-28.000000
3137,20.000000
3138,-16.000000
3139,0.000000
3140,24.000000
3141,20.000000
3142,-28.000000
3143,-36.000000
3144,-36.000000
3145,-8.000000
3146,-8.000000
3147,-24.000000
3148,24.000000
3149,24.000000
3150,-40.000000
3151,-16.000000
3152,-24.000000
3153,-44.000000
3154,-40.000000
3155,-28.000000
3156,4.000000
3157,-8.000000
3158,-12.000000
3159,-88.000000
3160,0.000000
3161,-12.000000
3162,64.000000
3163,-24.000000
3164,-28.000000
3165,-4.000000
3166,-40.000000
3167,-32.000000
3168,-24.000000
3169,8.000000
3170,0.000000
3171,-16.000000
3172,-20.000000
3173,-16.000000
3174,-80.000000
3175,40.000000
3176,-44.000000
3177,-24.000000
3178,-20.000000
3179,-24.000000
3180,-28.000000
3181,-8.000000
3182,-12.000000
3183,12.000000
3184,-32.000000
3185,12.000000
3186,56.000000
3187,-64.000000
3188,-16.000000
3189,12.000000
3190,44.000000
3191,-24.000000
3192,-8.000000
3193,-24.000000
3194,64.000000
3195,-8.000000
3196,-24.000000
3197,28.000000
3198,12.000000
3199,-12.000000
3200,12.000000
3201,-4.000000
3202,0.000000
3203,0.000000
3204,-8.000000
3205,4.000000
3206,20.000000
3207,-24.000000
3208,-36.000000
3209,-4.000000
3210,0.000000
3211,-20.000000
3212,44.000000
3213,8.000000
3214,56.000000
3215,4.000000
3216,16.000000
3217,16.000000
3218,-8.000000
3219,16.000000
3220,20.000000
3221,-36.000000
3222,4.000000
3223,8.000000
3224,0.000000
3225,-20.000000
3226,12.000000
3227,8.000000
3228,8.000000
3229,8.000000
3230,16.000000
3231,20.000000
3232,20.000000
3233,20.000000
3234,24.000000
3235,12.000000
3236,-44.000000
3237,-12.000000
3238,8.000000
3239,0.000000
3240,0.000000
3241,60.000000
3242,-12.000000
3243,8.000000
3244,24.000000
3245,16.000000
3246,0.000000
3247,0.000000
3248,-8.000000
3249,-8.000000
3250,0.000000
3251,24.000000
3252,44.000000
3253,-24.000000
3254,56.000000
3255,12.000000
3256,28.000000
3257,0.000000
3258,28.000000
3259,0.000000
3260,-20.000000
3261,-32.000000
3262,-4.000000
3263,-20.000000
3264,-12.000000
3265,16.000000
3266,12.000000
3267,-12.000000
3268,0.000000
3269,-4.000000
3270,-48.000000
3271,4.000000
3272,-32.000000
3273,0.000000
3274,0.000000
3275,-12.000000
3276,-12.000000
3277,-40.000000
3278,-32.000000
3279,-4.000000
3280,0.000000
3281,-16.000000
3282,-16.000000
3283,-36.000000
3284,-60.000000
3285,4.000000
3286,-4.000000
3287,8.000000
3288,-48.000000
3289,-24.000000
3290,-24.000000
3291,-48.000000
3292,-40.000000
3293,-8.000000
3294,-48.000000
3295,64.000000
3296,-28.000000
3297,24.000000
3298,-24.000000
3299,16.000000
3300,12.000000
3301,-4.000000
3302,-4.000000
3303,-8.000000
3304,-12.000000
3305,-12.000000
3306,-8.000000
3307,-16.000000
3308,-40.000000
3309,-24.000000
3310,-28.000000
3311,44.000000
3312,-52.000000
3313,24.000000
3314,0.000000
3315,56.000000
3316,0.000000
3317,16.000000
3318,-8.000000
3319,-12.000000
3320,-44.000000
3321,-44.000000
3322,-8.000000
3323,0.000000
3324,-44.000000
3325,-24.000000
3326,80.000000
3327,-4.000000
3328,8.000000
3329,64.000000
3330,-8.000000
3331,20.000000
3332,52.000000
3333,-4.000000
3334,-4.000000
3335,-12.000000
3336,0.000000
3337,-4.000000
3338,16.000000
3339,0.000000
3340,68.000000
3341,-20.000000
3342,-4.000000
3343,-4.000000
3344,24.000000
3345,-4.000000
3346,0.000000
3347,16.000000
3348,-8.000000
3349,64.000000
3350,24.000000
3351,12.000000
3352,0.000000
3353,8.000000
3354,12.000000
3355,-8.000000
3356,-8.000000
3357,0.000000
3358,-8.000000
3359,8.000000
3360,32.000000
3361,20.000000
3362,20.000000
3363,-44.000000
3364,8.000000
3365,32.000000
3366,28.000000
3367,0.000000
3368,-16.000000
3369,8.000000
3370,-16.000000
3371,32.000000
3372,4.000000
3373,8.000000
3374,24.000000
3375,16.000000
3376,12.000000
3377,-32.000000
3378,0.000000
3379,0.000000
3380,0.000000
3381,-24.000000
3382,-24.000000
3383,-28.000000
3384,-4.000000
3385,-20.000000
3386,8.000000
3387,-36.000000
3388,0.000000
3389,-36.000000
3390,-40.000000
3391,-16.000000
3392,0.000000
3393,-28.000000
3394,-4.000000
3395,4.000000
3396,4.000000
3397,28.000000
3398,8.000000
3399,-84.000000
3400,-12.000000
3401,64.000000
3402,16.000000
3403,-32.000000
3404,-12.000000
3405,0.000000
3406,-36.000000
3407,-16.000000
3408,44.000000
3409,-4.000000
3410,-24.000000
3411,-12.000000
3412,24.000000
3413,-4.000000
3414,-32.000000
3415,28.000000
3416,20.000000
3417,-32.000000
3418,-16.000000
3419,40.000000
3420,-32.000000
3421,-16.000000
3422,-32.000000
3423,-12.000000
3424,-12.000000
3425,-8.000000
3426,28.000000
3427,-8.000000
3428,72.000000
3429,-60.000000
3430,-12.000000
3431,-8.000000
3432,-20.000000
3433,68.000000
3434,-12.000000
3435,-8.000000
3436,-8.000000
3437,-8.000000
3438,0.000000
3439,-8.000000
3440,-20.000000
3441,-12.000000
3442,40.000000
3443,-8.000000
3444,-4.000000
3445,0.000000
3446,-28.000000
3447,16.000000
3448,12.000000
3449,-36.000000
3450,20.000000
3451,0.000000
3452,-8.000000
3453,44.000000
3454,-4.000000
3455,8.000000
3456,-12.000000
3457,-12.000000
3458,4.000000
3459,16.000000
3460,-8.000000
3461,48.000000
3462,-16.000000
3463,-12.000000
3464,0.000000
3465,0.000000
3466,-8.000000
3467,4.000000
3468,88.000000
3469,68.000000
3470,8.000000
3471,-32.000000
3472,24.000000
3473,-12.000000
3474,72.000000
3475,16.000000
3476,36.000000
3477,-16.000000
3478,-60.000000
3479,0.000000
3480,8.000000
3481,-4.000000
3482,8.000000
3483,-8.000000
3484,-8.000000
3485,-8.000000
3486,84.000000
3487,-16.000000
3488,0.000000
3489,-8.000000
3490,-4.000000
3491,4.000000
3492,4.000000
3493,60.000000
3494,-32.000000
3495,-28.000000
3496,-44.000000
3497,8.000000
3498,-20.000000
3499,0.000000
3500,16.000000
3501,68.000000
3502,-32.000000
3503,-32.000000
3504,-44.000000
3505,-4.000000
3506,0.000000
3507,-28.000000
3508,0.000000
3509,-40.000000
3510,0.000000
3511,12.000000
3512,-12.000000
3513,-28.000000
3514,12.000000
3515,12.000000
3516,-12.000000
3517,-4.000000
3518,-12.000000
3519,-12.000000
3520,-12.000000
3521,-8.000000
3522,-8.000000
3523,-16.000000
3524,-32.000000
3525,20.000000
3526,-36.000000
3527,52.000000
3528,-24.000000
3529,20.000000
3530,4.000000
3531,0.000000
3532,20.000000
3533,24.000000
3534,-28.000000
3535,-24.000000
3536,12.000000
3537,16.000000
3538,-32.000000
3539,-12.000000
3540,-16.000000
3541,-36.000000
3542,-40.000000
3543,-8.000000
3544,-8.000000
3545,-8.000000
3546,-40.000000
3547,-8.000000
3548,60.000000
3549,-16.000000
3550,-16.000000
3551,0.000000
3552,0.000000
3553,-52.000000
3554,-20.000000
3555,-20.000000
3556,0.000000
3557,0.000000
3558,28.000000
3559,16.000000
3560,12.000000
3561,-4.000000
3562,-44.000000
3563,0.000000
3564,-8.000000
3565,28.000000
3566,-4.000000
3567,40.000000
3568,-4.000000
3569,-8.000000
3570,-4.000000
3571,20.000000
3572,4.000000
3573,16.000000
3574,4.000000
3575,0.000000
3576,0.000000
3577,32.000000
3578,0.000000
3579,12.000000
3580,16.000000
3581,-24.000000
3582,8.000000
3583,32.000000
3584,20.000000
3585,-40.000000
3586,40.000000
3587,4.000000
3588,56.000000
3589,0.000000
3590,-4.000000
3591,16.000000
3592,16.000000
3593,-16.000000
3594,-16.000000
3595,-8.000000
3596,52.000000
3597,0.000000
3598,12.000000
3599,-32.000000
3600,4.000000
3601,24.000000
3602,0.000000
3603,-8.000000
3604,44.000000
3605,8.000000
3606,52.000000
3607,-36.000000
3608,0.000000
3609,20.000000
3610,-44.000000
3611,0.000000
3612,44.000000
3613,-36.000000
3614,0.000000
3615,-8.000000
3616,20.000000
3617,-8.000000
3618,-40.000000
3619,24.000000
3620,0.000000
3621,0.000000
3622,0.000000
3623,-32.000000
3624,0.000000
3625,-4.000000
3626,-28.000000
3627,4.000000
3628,-28.000000
3629,20.000000
3630,-4.000000
3631,0.000000
3632,0.000000
3633,-20.000000
3634,4.000000
3635,-20.000000
3636,-24.000000
3637,-8.000000
3638,44.000000
3639,20.000000
3640,-24.000000
3641,8.000000
3642,-8.000000
3643,-16.000000
3644,16.000000
3645,-20.000000
3646,44.000000
3647,0.000000
3648,-4.000000
3649,-36.000000
3650,16.000000
3651,-32.000000
3652,20.000000
3653,-8.000000
3654,0.000000
3655,-8.000000
3656,-20.000000
3657,4.000000
3658,-8.000000
3659,-24.000000
3660,-8.000000
3661,4.000000
3662,-16.000000
3663,-60.000000
3664,8.000000
3665,-20.000000
3666,44.000000
3667,4.000000
3668,44.000000
3669,-24.000000
3670,-4.000000
3671,-8.000000
3672,8.000000
3673,-36.000000
3674,-36.000000
3675,0.000000
3676,0.000000
3677,8.000000
3678,-20.000000
3679,-12.000000
3680,16.000000
3681,44.000000
3682,-8.000000
3683,-40.000000
3684,-20.000000
3685,4.000000
3686,16.000000
3687,-8.000000
3688,20.000000
3689,-32.000000
3690,-12.000000
3691,44.000000
3692,12.000000
3693,-4.000000
3694,-28.000000
3695,0.000000
3696,0.000000
3697,0.000000
3698,32.000000
3699,-8.000000
3700,12.000000
3701,8.000000
3702,32.000000
3703,80.000000
3704,-12.000000
3705,16.000000
3706,44.000000
3707,-4.000000
3708,24.000000
3709,-20.000000
3710,16.000000
3711,44.000000
3712,8.000000
3713,-20.000000
3714,-28.000000
3715,0.000000
3716,-8.000000
3717,20.000000
3718,44.000000
3719,-20.000000
3720,8.000000
3721,-20.000000
3722,16.000000
3723,-8.000000
3724,36.000000
3725,8.000000
3726,-20.000000
3727,12.000000
3728,12.000000
3729,-36.000000
3730,12.000000
3731,-12.000000
3732,16.000000
3733,-20.000000
3734,0.000000
3735,24.000000
3736,28.000000
3737,16.000000
3738,-24.000000
3739,24.000000
3740,-4.000000
3741,-4.000000
3742,-12.000000
3743,-28.000000
3744,8.000000
3745,-20.000000
3746,28.000000
3747,12.000000
3748,40.000000
3749,-16.000000
3750,20.000000
3751,-36.000000
3752,52.000000
3753,52.000000
3754,72.000000
3755,4.000000
3756,0.000000
3757,20.000000
3758,-72.000000
3759,-4.000000
3760,20.000000
3761,0.000000
3762,8.000000
3763,60.000000
3764,-8.000000
3765,0.000000
3766,0.000000
3767,-28.000000
3768,4.000000
3769,52.000000
3770,-48.000000
3771,28.000000
3772,-32.000000
3773,-44.000000
3774,-32.000000
3775,-32.000000
3776,0.000000
3777,24.000000
3778,-20.000000
3779,-44.000000
3780,60.000000
3781,-52.000000
3782,-16.000000
3783,-28.000000
3784,12.000000
3785,-28.000000
3786,-24.000000
3787,-44.000000
3788,-24.000000
3789,-36.000000
3790,-36.000000
3791,-28.000000
3792,-52.000000
3793,-8.000000
3794,-8.000000
3795,-32.000000
3796,24.000000
3797,-20.000000
3798,-8.000000
3799,-4.000000
3800,-16.000000
3801,20.000000
3802,16.000000
3803,24.000000
3804,16.000000
3805,-12.000000
3806,-12.000000
3807,-32.000000
3808,0.000000
3809,-4.000000
3810,12.000000
3811,28.000000
3812,-24.000000
3813,24.000000
3814,-16.000000
3815,0.000000
3816,16.000000
3817,40.000000
3818,16.000000
3819,28.000000
3820,-8.000000
3821,-20.000000
3822,-8.000000
3823,16.000000
3824,16.000000
3825,24.000000
3826,20.000000
3827,0.000000
3828,0.000000
3829,8.000000
3830,24.000000
3831,8.000000
3832,8.000000
3833,-28.000000
3834,-28.000000
3835,-36.000000
3836,24.000000
3837,24.000000
3838,-40.000000
3839,-12.000000
3840,68.000000
3841,-8.000000
3842,12.000000
3843,0.000000
3844,8.000000
3845,8.000000
3846,16.000000
3847,8.000000
3848,16.000000
3849,-60.000000
3850,-20.000000
3851,-8.000000
3852,44.000000
3853,0.000000
3854,-12.000000
3855,-12.000000
3856,-16.000000
3857,8.000000
3858,8.000000
3859,20.000000
3860,-8.000000
3861,12.000000
3862,16.000000
3863,12.000000
3864,-28.000000
3865,-8.000000
3866,12.000000
3867,-16.000000
3868,-16.000000
3869,0.000000
3870,-28.000000
3871,-12.000000
3872,-36.000000
3873,-20.000000
3874,4.000000
3875,12.000000
3876,-8.000000
3877,-28.000000
3878,-28.000000
3879,4.000000
3880,-20.000000
3881,-32.000000
3882,-32.000000
3883,0.000000
3884,0.000000
3885,-24.000000
3886,0.000000
3887,4.000000
3888,-8.000000
3889,-48.000000
3890,-32.000000
3891,16.000000
3892,-8.000000
3893,0.000000
3894,40.000000
3895,-32.000000
3896,-4.000000
3897,16.000000
3898,-24.000000
3899,-20.000000
3900,12.000000
3901,28.000000
3902,-28.000000
3903,-28.000000
3904,16.000000
3905,-12.000000
3906,0.000000
3907,-20.000000
3908,0.000000
3909,-20.000000
3910,-16.000000
3911,0.000000
3912,-8.000000
3913,-8.000000
3914,0.000000
3915,20.000000
3916,20.000000
3917,12.000000
3918,-16.000000
3919,-8.000000
3920,20.000000
3921,44.000000
3922,-8.000000
3923,0.000000
3924,4.000000
3925,-28.000000
3926,-24.000000
3927,-8.000000
3928,4.000000
3929,12.000000
3930,8.000000
3931,0.000000
3932,-4.000000
3933,-8.000000
3934,16.000000
3935,20.000000
3936,16.000000
3937,-20.000000
3938,44.000000
3939,-32.000000
3940,12.000000
3941,-24.000000
3942,-36.000000
3943,24.000000
3944,-16.000000
3945,0.000000
3946,52.000000
3947,-12.000000
3948,8.000000
3949,-32.000000
3950,-12.000000
3951,52.000000
3952,-4.000000
3953,60.000000
3954,-16.000000
3955,-20.000000
3956,32.000000
3957,16.000000
3958,-8.000000
3959,20.000000
3960,-4.000000
3961,-8.000000
3962,16.000000
3963,8.000000
3964,28.000000
3965,4.000000
3966,0.000000
3967,4.000000
3968,24.000000
3969,-60.000000
3970,-12.000000
3971,24.000000
3972,4.000000
3973,64.000000
3974,-8.000000
3975,0.000000
3976,-40.000000
3977,0.000000
3978,28.000000
3979,24.000000
3980,92.000000
3981,28.000000
3982,28.000000
3983,4.000000
3984,0.000000
3985,12.000000
3986,12.000000
3987,-12.000000
3988,0.000000
3989,56.000000
3990,-12.000000
3991,-12.000000
3992,-4.000000
3993,-20.000000
3994,-20.000000
3995,40.000000
3996,-8.000000
3997,-16.000000
3998,16.000000
3999,-28.000000
4000,-4.000000
4001,-8.000000
4002,-24.000000
4003,-8.000000
4004,16.000000
4005,-44.000000
4006,-44.000000
4007,16.000000
4008,-16.000000
4009,0.000000
4010,-28.000000
4011,-4.000000
4012,-12.000000
4013,-8.000000
4014,-8.000000
4015,-52.000000
4016,-24.000000
4017,-28.000000
4018,-28.000000
4019,-28.000000
4020,-40.000000
4021,16.000000
4022,-16.000000
4023,28.000000
4024,-32.000000
4025,20.000000
4026,-20.000000
4027,-20.000000
4028,-40.000000
4029,-28.000000
4030,-36.000000
4031,-16.000000
4032,12.000000
4033,-16.000000
4034,28.000000
4035,12.000000
4036,-8.000000
4037,-36.000000
4038,4.000000
4039,-4.000000
4040,-40.000000
4041,-16.000000
4042,28.000000
4043,4.000000
4044,-16.000000
4045,12.000000
4046,4.000000
4047,-12.000000
4048,-16.000000
4049,-24.000000
4050,4.000000
4051,0.000000
4052,-8.000000
4053,-4.000000
4054,-12.000000
4055,-24.000000
4056,0.000000
4057,-32.000000
4058,-40.000000
4059,4.000000
4060,72.000000
4061,40.000000
4062,-16.000000
4063,12.000000
4064,16.000000
4065,0.000000
4066,44.000000
4067,52.000000
4068,-28.000000
4069,-8.000000
4070,0.000000
4071,-4.000000
4072,-20.000000
4073,-8.000000
4074,52.000000
4075,16.000000
4076,-44.000000
4077,-4.000000
4078,4.000000
4079,20.000000
4080,44.000000
4081,-28.000000
4082,44.000000
4083,-4.000000
4084,52.000000
4085,-8.000000
4086,0.000000
4087,-32.000000
4088,-4.000000
4089,-64.000000
4090,32.000000
4091,0.000000
4092,-8.000000
4093,16.000000
4094,-16.000000
4095,-12.000000
4096,-12.000000
4097,48.000000
4098,4.000000
4099,12.000000
4100,36.000000
4101,0.000000
4102,68.000000
4103,-20.000000
4104,-32.000000
4105,-8.000000
4106,64.000000
4107,-72.000000
4108,8.000000
4109,0.000000
4110,0.000000
4111,28.000000
4112,-60.000000
4113,-24.000000
4114,4.000000
4115,-40.000000
4116,16.000000
4117,4.000000
4118,-24.000000
4119,28.000000
4120,16.000000
4121,-12.000000
4122,16.000000
4123,-16.000000
4124,-16.000000
4125,-20.000000
4126,-20.000000
4127,-16.000000
4128,4.000000
4129,-12.000000
4130,4.000000
4131,-8.000000
4132,-8.000000
4133,-32.000000
4134,-32.000000
4135,-32.000000
4136,20.000000
4137,-8.000000
4138,-20.000000
4139,44.000000
4140,0.000000
4141,-40.000000
4142,16.000000
4143,-36.000000
4144,-28.000000
4145,20.000000
4146,-24.000000
4147,-20.000000
4148,-8.000000
4149,-8.000000
4150,-32.000000
4151,0.000000
4152,-16.000000
4153,4.000000
4154,-24.000000
4155,-8.000000
4156,-16.000000
4157,-20.000000
4158,44.000000
4159,-24.000000
4160,-32.000000
4161,-32.000000
4162,4.000000
4163,-12.000000
4164,-16.000000
4165,-8.000000
4166,-12.000000
4167,4.000000
4168,24.000000
4169,0.000000
4170,44.000000
4171,-8.000000
4172,-16.000000
4173,-28.000000
4174,8.000000
4175,-20.000000
4176,-8.000000
4177,44.000000
4178,-8.000000
4179,4.000000
4180,-36.000000
4181,88.000000
4182,4.000000
4183,-16.000000
4184,20.000000
4185,-60.000000
4186,-16.000000
4187,-20.000000
4188,40.000000
4189,20.000000
4190,-8.000000
4191,-8.000000
4192,-60.000000
4193,40.000000
4194,92.000000
4195,8.000000
4196,8.000000
4197,24.000000
4198,12.000000
4199,-28.000000
4200,16.000000
4201,12.000000
4202,-16.000000
4203,4.000000
4204,-20.000000
4205,32.000000
4206,-28.000000
4207,-8.000000
4208,0.000000
4209,4.000000
4210,48.000000
4211,32.000000
4212,16.000000
4213,0.000000
4214,-8.000000
4215,-12.000000
4216,20.000000
4217,-64.000000
4218,8.000000
4219,-24.000000
4220,16.000000
4221,-60.000000
4222,-8.000000
4223,12.000000
4224,12.000000
4225,8.000000
4226,8.000000
4227,44.000000
4228,-8.000000
4229,8.000000
4230,52.000000
4231,0.000000
4232,-4.000000
4233,36.000000
4234,12.000000
4235,-8.000000
4236,0.000000
4237,8.000000
4238,-4.000000
4239,-16.000000
4240,-20.000000
4241,-52.000000
4242,-12.000000
4243,24.000000
4244,-20.000000
4245,-28.000000
4246,-8.000000
4247,-8.000000
4248,24.000000
4249,-16.000000
4250,-64.000000
4251,-8.000000
4252,44.000000
4253,-8.000000
4254,-28.000000
4255,-40.000000
4256,-28.000000
4257,24.000000
4258,-20.000000
4259,-8.000000
4260,24.000000
4261,0.000000
4262,-56.000000
4263,-28.000000
4264,-36.000000
4265,-4.000000
4266,24.000000
4267,-4.000000
4268,-32.000000
4269,4.000000
4270,8.000000
4271,-32.000000
4272,52.000000
4273,-24.000000
4274,-28.000000
4275,-28.000000
4276,44.000000
4277,28.000000
4278,-20.000000
4279,-68.000000
4280,-24.000000
4281,-16.000000
4282,-16.000000
4283,40.000000
4284,8.000000
4285,12.000000
4286,-8.000000
4287,44.000000
4288,44.000000
4289,-12.000000
4290,-12.000000
4291,-20.000000
4292,-8.000000
4293,12.000000
4294,4.000000
4295,-40.000000
4296,-32.000000
4297,24.000000
4298,8.000000
4299,-8.000000
4300,-12.000000
4301,-28.000000
4302,0.000000
4303,-8.000000
4304,28.000000
4305,4.000000
4306,-12.000000
4307,4.000000
4308,-28.000000
4309,16.000000
4310,-8.000000
4311,-4.000000
4312,-88.000000
4313,-12.000000
4314,52.000000
4315,0.000000
4316,8.000000
4317,8.000000
4318,8.000000
4319,-16.000000
4320,-24.000000
4321,24.000000
4322,-44.000000
4323,-40.000000
4324,-12.000000
4325,20.000000
4326,20.000000
4327,-40.000000
4328,64.000000
4329,-12.000000
4330,-32.000000
4331,0.000000
4332,4.000000
4333,12.000000
4334,-20.000000
4335,24.000000
4336,24.000000
4337,-4.000000
4338,-8.000000
4339,32.000000
4340,44.000000
4341,-20.000000
4342,8.000000
4343,44.000000
4344,-20.000000
4345,44.000000
4346,0.000000
4347,-12.000000
4348,64.000000
4349,24.000000
4350,-20.000000
4351,0.000000
4352,-20.000000
4353,40.000000
4354,0.000000
4355,-32.000000
4356,-44.000000
4357,44.000000
4358,-4.000000
4359,0.000000
4360,0.000000
4361,-24.000000
4362,-28.000000
4363,-8.000000
4364,-8.000000
4365,-44.000000
4366,12.000000
4367,-32.000000
4368,-40.000000
4369,-20.000000
4370,-20.000000
4371,-8.000000
4372,-44.000000
4373,12.000000
4374,4.000000
4375,-32.000000
4376,-32.000000
4377,4.000000
4378,4.000000
4379,-4.000000
4380,4.000000
4381,-16.000000
4382,4.000000
4383,-60.000000
4384,16.000000
4385,40.000000
4386,-16.000000
4387,-40.000000
4388,12.000000
4389,-16.000000
4390,-8.000000
4391,12.000000
4392,-40.000000
4393,44.000000
4394,-4.000000
4395,-8.000000
4396,16.000000
4397,-8.000000
4398,-32.000000
4399,12.000000
4400,-16.000000
4401,8.000000
4402,4.000000
4403,-8.000000
4404,0.000000
4405,-12.000000
4406,0.000000
4407,-16.000000
4408,-8.000000
4409,12.000000
4410,-20.000000
4411,-8.000000
4412,-28.000000
4413,-8.000000
4414,0.000000
4415,-4.000000
4416,-4.000000
4417,8.000000
4418,-8.000000
4419,60.000000
4420,-32.000000
4421,-12.000000
4422,8.000000
4423,12.000000
4424,0.000000
4425,0.000000
4426,0.000000
4427,-12.000000
4428,36.000000
4429,28.000000
4430,0.000000
4431,-4.000000
4432,-8.000000
4433,-52.000000
4434,20.000000
4435,-28.000000
4436,32.000000
4437,24.000000
4438,-8.000000
4439,16.000000
4440,-52.000000
4441,24.000000
4442,-8.000000
4443,0.000000
4444,16.000000
4445,-20.000000
4446,16.000000
4447,0.000000
4448,12.000000
4449,0.000000
4450,4.000000
4451,-4.000000
4452,-12.000000
4453,0.000000
4454,0.000000
4455,8.000000
4456,8.000000
4457,-28.000000
4458,-24.000000
4459,52.000000
4460,-4.000000
4461,-20.000000
4462,52.000000
4463,4.000000
4464,4.000000
4465,-24.000000
4466,12.000000
4467,12.000000
4468,8.000000
4469,-8.000000
4470,-4.000000
4471,-24.000000
4472,-24.000000
4473,64.000000
4474,28.000000
4475,-8.000000
4476,-8.000000
4477,-40.000000
4478,-108.000000
4479,-28.000000
4480,-28.000000
4481,-24.000000
4482,24.000000
4483,-8.000000
4484,-12.000000
4485,16.000000
4486,24.000000
4487,-24.000000
4488,-24.000000
4489,-32.000000
4490,8.000000
4491,0.000000
4492,-12.000000
4493,-8.000000
4494,-28.000000
4495,8.000000
4496,-36.000000
4497,-32.000000
4498,-92.000000
4499,-8.000000
4500,-12.000000
4501,-8.000000
4502,-32.000000
4503,-32.000000
4504,-32.000000
4505,-32.000000
4506,-32.000000
4507,-16.000000
4508,-24.000000
4509,-20.000000
4510,-4.000000
4511,0.000000
4512,44.000000
4513,-64.000000
4514,-4.000000
4515,-16.000000
4516,76.000000
4517,8.000000
4518,4.000000
4519,0.000000
4520,0.000000
4521,-52.000000
4522,-60.000000
4523,-40.000000
4524,-24.000000
4525,-4.000000
4526,-4.000000
4527,-8.000000
4528,-20.000000
4529,48.000000
4530,0.000000
4531,0.000000
4532,4.000000
4533,20.000000
4534,-12.000000
4535,8.000000
4536,0.000000
4537,40.000000
4538,-12.000000
4539,0.000000
4540,-24.000000
4541,-8.000000
4542,64.000000
4543,0.000000
4544,-32.000000
4545,12.000000
4546,-32.000000
4547,0.000000
4548,-8.000000
4549,16.000000
4550,16.000000
4551,-40.000000
4552,-8.000000
4553,8.000000
4554,-8.000000
4555,-8.000000
4556,8.000000
4557,24.000000
4558,-8.000000
4559,8.000000
4560,4.000000
4561,0.000000
4562,-4.000000
4563,0.000000
4564,8.000000
4565,-24.000000
4566,8.000000
4567,-24.000000
4568,104.000000
4569,0.000000
4570,-40.000000
4571,4.000000
4572,-40.000000
4573,12.000000
4574,44.000000
4575,20.000000
4576,16.000000
4577,-8.000000
4578,-24.000000
4579,0.000000
4580,-16.000000
4581,24.000000
4582,28.000000
4583,-8.000000
4584,40.000000
4585,8.000000
4586,-100.000000
4587,-8.000000
4588,0.000000
4589,16.000000
4590,-32.000000
4591,-28.000000
4592,0.000000
4593,4.000000
4594,-20.000000
4595,-32.000000
4596,-16.000000
4597,4.000000
4598,-8.000000
4599,64.000000
4600,88.000000
4601,-20.000000
4602,12.000000
4603,8.000000
4604,4.000000
4605,-8.000000
4606,40.000000
4607,4.000000
4608,12.000000
4609,-24.000000
4610,-20.000000
4611,-4.000000
4612,16.000000
4613,-4.000000
4614,-48.000000
4615,52.000000
4616,28.000000
4617,0.000000
4618,-8.000000
4619,0.000000
4620,-8.000000
4621,-20.000000
4622,-28.000000
4623,-32.000000
4624,-48.000000
4625,44.000000
4626,44.000000
4627,-4.000000
4628,20.000000
4629,16.000000
4630,-4.000000
4631,-20.000000
4632,0.000000
4633,20.000000
4634,-12.000000
4635,0.000000
4636,-24.000000
4637,16.000000
4638,-8.000000
4639,52.000000
4640,0.000000
4641,-28.000000
4642,-28.000000
4643,20.000000
4644,-28.000000
4645,72.000000
4646,116.000000
4647,-48.000000
4648,-12.000000
4649,-4.000000
4650,0.000000
4651,4.000000
4652,-16.000000
4653,0.000000
4654,-20.000000
4655,-4.000000
4656,52.000000
4657,-16.000000
4658,84.000000
4659,-8.000000
4660,-16.000000
4661,8.000000
4662,-8.000000
4663,-28.000000
4664,32.000000
4665,8.000000
4666,-12.000000
4667,-4.000000
4668,-8.000000
4669,16.000000
4670,-12.000000
4671,-12.000000
4672,-16.000000
4673,-24.000000
4674,0.000000
4675,-36.000000
4676,-12.000000
4677,8.000000
4678,-24.000000
4679,24.000000
4680,0.000000
4681,-8.000000
4682,-8.000000
4683,-12.000000
4684,0.000000
4685,0.000000
4686,0.000000
4687,-8.000000
4688,-16.000000
4689,-48.000000
4690,0.000000
4691,-24.000000
4692,44.000000
4693,-4.000000
4694,44.000000
4695,-12.000000
4696,4.000000
4697,-32.000000
4698,-36.000000
4699,-32.000000
4700,-32.000000
4701,-32.000000
4702,-32.000000
4703,-8.000000
4704,-12.000000
4705,-8.000000
4706,52.000000
4707,-4.000000
4708,-28.000000
4709,0.000000
4710,4.000000
4711,-8.000000
4712,60.000000
4713,-20.000000
4714,20.000000
4715,-8.000000
4716,-8.000000
4717,-40.000000
4718,-24.000000
4719,28.000000
4720,-36.000000
4721,-8.000000
4722,-32.000000
4723,8.000000
4724,-32.000000
4725,24.000000
4726,-32.000000
4727,-24.000000
4728,-16.000000
4729,-16.000000
4730,0.000000
4731,-20.000000
4732,44.000000
4733,-24.000000
4734,-48.000000
4735,16.000000
4736,-48.000000
4737,-4.000000
4738,-40.000000
4739,68.000000
4740,-32.000000
4741,-24.000000
4742,-8.000000
4743,52.000000
4744,8.000000
4745,-24.000000
4746,0.000000
4747,-8.000000
4748,-40.000000
4749,-12.000000
4750,12.000000
4751,-8.000000
4752,-8.000000
4753,4.000000
4754,-8.000000
4755,-28.000000
4756,12.000000
4757,-44.000000
4758,28.000000
4759,16.000000
4760,-12.000000
4761,52.000000
4762,0.000000
4763,-8.000000
4764,44.000000
4765,72.000000
4766,-4.000000
4767,4.000000
4768,-16.000000
4769,-8.000000
4770,-4.000000
4771,20.000000
4772,16.000000
4773,4.000000
4774,20.000000
4775,-20.000000
4776,16.000000
4777,0.000000
4778,4.000000
4779,16.000000
4780,-12.000000
4781,0.000000
4782,-16.000000
4783,24.000000
4784,-8.000000
4785,20.000000
4786,20.000000
4787,4.000000
4788,32.000000
4789,20.000000
4790,40.000000
4791,-4.000000
4792,52.000000
4793,12.000000
4794,12.000000
4795,-20.000000
4796,16.000000
4797,-8.000000
4798,20.000000
4799,8.000000
4800,-44.000000
4801,20.000000
4802,28.000000
4803,-4.000000
4804,0.000000
4805,32.000000
4806,40.000000
4807,-12.000000
4808,4.000000
4809,-12.000000
4810,-4.000000
4811,0.000000
4812,0.000000
4813,0.000000
4814,-8.000000
4815,12.000000
4816,16.000000
4817,20.000000
4818,44.000000
4819,52.000000
4820,8.000000
4821,36.000000
4822,-40.000000
4823,0.000000
4824,0.000000
4825,12.000000
4826,-20.000000
4827,-28.000000
4828,96.000000
4829,24.000000
4830,0.000000
4831,-44.000000
4832,0.000000
4833,20.000000
4834,44.000000
4835,4.000000
4836,-64.000000
4837,-16.000000
4838,0.000000
4839,0.000000
4840,-24.000000
4841,-4.000000
4842,60.000000
4843,-8.000000
4844,-8.000000
4845,52.000000
4846,0.000000
4847,-4.000000
4848,-12.000000
4849,12.000000
4850,16.000000
4851,-124.000000
4852,-16.000000
4853,-40.000000
4854,28.000000
4855,4.000000
4856,-4.000000
4857,-60.000000
4858,-32.000000
4859,-24.000000
4860,-28.000000
4861,-40.000000
4862,12.000000
4863,12.000000
4864,0.000000
4865,0.000000
4866,-16.000000
4867,-28.000000
4868,-8.000000
4869,-36.000000
4870,0.000000
4871,8.000000
4872,-76.000000
4873,0.000000
4874,8.000000
4875,0.000000
4876,-20.000000
4877,-4.000000
4878,-20.000000
4879,-36.000000
4880,-12.000000
4881,-24.000000
4882,-8.000000
4883,-32.000000
4884,0.000000
4885,28.000000
4886,12.000000
4887,40.000000
4888,-32.000000
4889,-40.000000
4890,-16.000000
4891,0.000000
4892,-8.000000
4893,-8.000000
4894,-24.000000
4895,8.000000
4896,-28.000000
4897,12.000000
4898,-24.000000
4899,16.000000
4900,32.000000
4901,44.000000
4902,-12.000000
4903,-8.000000
4904,-24.000000
4905,16.000000
4906,12.000000
4907,-4.000000
4908,-20.000000
4909,-12.000000
4910,4.000000
4911,8.000000
4912,0.000000
4913,0.000000
4914,0.000000
4915,-20.000000
4916,-36.000000
4917,12.000000
4918,12.000000
4919,8.000000
4920,8.000000
4921,8.000000
4922,8.000000
4923,24.000000
4924,0.000000
4925,-4.000000
4926,4.000000
4927,-8.000000
4928,-8.000000
4929,-8.000000
4930,-60.000000
4931,-44.000000
4932,88.000000
4933,8.000000
4934,0.000000
4935,20.000000
4936,-12.000000
4937,4.000000
4938,-16.000000
4939,-40.000000
4940,12.000000
4941,12.000000
4942,40.000000
4943,16.000000
4944,-8.000000
4945,-44.000000
4946,16.000000
4947,-32.000000
4948,24.000000
4949,-28.000000
4950,-12.000000
4951,-8.000000
4952,-24.000000
4953,-44.000000
4954,-20.000000
4955,40.000000
4956,16.000000
4957,24.000000
4958,-8.000000
4959,4.000000
4960,-24.000000
4961,4.000000
4962,-8.000000
4963,0.000000
4964,0.000000
4965,-4.000000
4966,8.000000
4967,-28.000000
4968,12.000000
4969,-4.000000
4970,-12.000000
4971,24.000000
4972,-16.000000
4973,-24.000000
4974,-12.000000
4975,-8.000000
4976,-28.000000
4977,-16.000000
4978,-20.000000
4979,-12.000000
4980,-20.000000
4981,4.000000
4982,-36.000000
4983,-40.000000
4984,52.000000
4985,-84.000000
4986,20.000000
4987,4.000000
4988,-8.000000
4989,-20.000000
4990,24.000000
4991,-24.000000
4992,-24.000000
4993,-24.000000
4994,-24.000000
4995,0.000000
4996,-32.000000
4997,8.000000
4998,-8.000000
4999,0.000000
5000,-8.000000
5001,44.000000
5002,24.000000
5003,-44.000000
5004,-28.000000
5005,-4.000000
5006,8.000000
5007,-8.000000
5008,-16.000000
5009,20.000000
5010,-8.000000
5011,-40.000000
5012,-8.000000
5013,-4.000000
5014,-8.000000
5015,12.000000
5016,-40.000000
5017,-44.000000
5018,-8.000000
5019,0.000000
5020,0.000000
5021,-28.000000
5022,12.000000
5023,12.000000
5024,8.000000
5025,24.000000
5026,-20.000000
5027,-44.000000
5028,-12.000000
5029,-20.000000
5030,-36.000000
5031,-32.000000
5032,0.000000
5033,12.000000
5034,0.000000
5035,44.000000
5036,32.000000
5037,-12.000000
5038,36.000000
5039,-16.000000
5040,24.000000
5041,-52.000000
5042,4.000000
5043,-8.000000
5044,-12.000000
5045,4.000000
5046,0.000000
5047,52.000000
5048,24.000000
5049,8.000000
5050,-16.000000
5051,-16.000000
5052,16.000000
5053,-20.000000
5054,-16.000000
5055,52.000000
5056,-8.000000
5057,-24.000000
5058,8.000000
5059,0.000000
5060,-32.000000
5061,0.000000
5062,16.000000
5063,-4.000000
5064,-20.000000
5065,32.000000
5066,-44.000000
5067,-16.000000
5068,28.000000
5069,20.000000
5070,-20.000000
5071,-8.000000
5072,52.000000
5073,-8.000000
5074,76.000000
5075,-52.000000
5076,4.000000
5077,-24.000000
5078,-8.000000
5079,12.000000
5080,-20.000000
5081,-32.000000
5082,-40.000000
5083,-60.000000
5084,-72.000000
5085,8.000000
5086,-20.000000
5087,-8.000000
5088,-8.000000
5089,0.000000
5090,0.000000
5091,-28.000000
5092,-24.000000
5093,-20.000000
5094,-16.000000
5095,-20.000000
5096,-20.000000
5097,52.000000
5098,0.000000
5099,16.000000
5100,-16.000000
5101,-4.000000
5102,-8.000000
5103,-8.000000
5104,-8.000000
5105,24.000000
5106,4.000000
5107,-16.000000
5108,-20.000000
5109,-20.000000
5110,-8.000000
5111,-24.000000
5112,-8.000000
5113,0.000000
5114,-8.000000
5115,-44.000000
5116,-28.000000
5117,44.000000
5118,-24.000000
5119,-16.000000
5120,-16.000000
5121,24.000000
5122,52.000000
5123,-32.000000
5124,-24.000000
5125,-32.000000
5126,-8.000000
5127,0.000000
5128,-20.000000
5129,-20.000000
5130,-40.000000
5131,-8.000000
5132,76.000000
5133,-20.000000
5134,40.000000
5135,64.000000
5136,-16.000000
5137,-8.000000
5138,52.000000
5139,-8.000000
5140,4.000000
5141,-32.000000
5142,40.000000
5143,60.000000
5144,-56.000000
5145,0.000000
5146,-8.000000
5147,8.000000
5148,24.000000
5149,48.000000
5150,-8.000000
5151,-8.000000
5152,44.000000
5153,-4.000000
5154,0.000000
5155,24.000000
5156,-32.000000
5157,0.000000
5158,24.000000
5159,-8.000000
5160,-24.000000
5161,12.000000
5162,12.000000
5163,-36.000000
5164,-8.000000
5165,-20.000000
5166,12.000000
5167,-8.000000
5168,-24.000000
5169,-44.000000
5170,4.000000
5171,16.000000
5172,-60.000000
5173,16.000000
5174,60.000000
5175,-116.000000
5176,-24.000000
5177,44.000000
5178,0.000000
5179,44.000000
5180,12.000000
5181,16.000000
5182,0.000000
5183,20.000000
5184,-32.000000
5185,-28.000000
5186,-28.000000
5187,40.000000
5188,20.000000
5189,12.000000
5190,-8.000000
5191,64.000000
5192,-12.000000
5193,-24.000000
5194,52.000000
5195,-8.000000
5196,24.000000
5197,0.000000
5198,-8.000000
5199,-24.000000
5200,20.000000
5201,40.000000
5202,-20.000000
5203,-4.000000
5204,-48.000000
5205,-8.000000
5206,20.000000
5207,-12.000000
5208,-4.000000
5209,-16.000000
5210,-40.000000
5211,20.000000
5212,44.000000
5213,-12.000000
5214,0.000000
5215,-60.000000
5216,-8.000000
5217,-48.000000
5218,-36.000000
5219,-16.000000
5220,-28.000000
5221,-20.000000
5222,-16.000000
5223,-40.000000
5224,-40.000000
5225,-12.000000
5226,-28.000000
5227,0.000000
5228,4.000000
5229,-20.000000
5230,-8.000000
5231,-8.000000
5232,-24.000000
5233,-36.000000
5234,-32.000000
5235,-32.000000
5236,-76.000000
5237,-40.000000
5238,0.000000
5239,-32.000000
5240,24.000000
5241,-28.000000
5242,-28.000000
5243,-28.000000
5244,-28.000000
5245,44.000000
5246,-40.000000
5247,-44.000000
5248,-36.000000
5249,-28.000000
5250,-28.000000
5251,-8.000000
5252,12.000000
5253,-28.000000
5254,-32.000000
5255,16.000000
5256,4.000000
5257,52.000000
5258,-8.000000
5259,-16.000000
5260,-8.000000
5261,0.000000
5262,-24.000000
5263,-8.000000
5264,-12.000000
5265,28.000000
5266,28.000000
5267,0.000000
5268,-8.000000
5269,-12.000000
5270,12.000000
5271,20.000000
5272,16.000000
5273,4.000000
5274,-8.000000
5275,20.000000
5276,16.000000
5277,4.000000
5278,16.000000
5279,0.000000
5280,-48.000000
5281,-20.000000
5282,-8.000000
5283,-4.000000
5284,52.000000
5285,0.000000
5286,-8.000000
5287,4.000000
5288,-16.000000
5289,16.000000
5290,8.000000
5291,-12.000000
5292,8.000000
5293,-24.000000
5294,16.000000
5295,-16.000000
5296,40.000000
5297,8.000000
5298,8.000000
5299,-12.000000
5300,-8.000000
5301,-20.000000
5302,0.000000
5303,-12.000000
5304,24.000000
5305,4.000000
5306,-4.000000
5307,12.000000
5308,44.000000
5309,52.000000
5310,-28.000000
5311,0.000000
5312,0.000000
5313,28.000000
5314,20.000000
5315,-20.000000
5316,12.000000
5317,-32.000000
5318,0.000000
5319,-8.000000
5320,-16.000000
5321,-32.000000
5322,8.000000
5323,-40.000000
5324,-16.000000
5325,24.000000
5326,-8.000000
5327,-4.000000
5328,0.000000
5329,-32.000000
5330,-16.000000
5331,-8.000000
5332,4.000000
5333,20.000000
5334,28.000000
5335,-16.000000
5336,0.000000
5337,20.000000
5338,8.000000
5339,-32.000000
5340,-8.000000
5341,-12.000000
5342,-12.000000
5343,24.000000
5344,-20.000000
5345,-20.000000
5346,-40.000000
5347,-32.000000
5348,-16.000000
5349,-44.000000
5350,0.000000
5351,-40.000000
5352,-28.000000
5353,-16.000000
5354,-16.000000
5355,4.000000
5356,-32.000000
5357,-20.000000
5358,24.000000
5359,-24.000000
5360,-28.000000
5361,-24.000000
5362,-24.000000
5363,16.000000
5364,-28.000000
5365,-36.000000
5366,-20.000000
5367,-8.000000
5368,-12.000000
5369,12.000000
5370,-16.000000
5371,-8.000000
5372,-12.000000
5373,4.000000
5374,16.000000
5375,16.000000
5376,16.000000
5377,16.000000
5378,16.000000
5379,-44.000000
5380,4.000000
5381,28.000000
5382,-24.000000
5383,-4.000000
5384,76.000000
5385,-8.000000
5386,-8.000000
5387,16.000000
5388,-12.000000
5389,44.000000
5390,8.000000
5391,16.000000
5392,-12.000000
5393,36.000000
5394,16.000000
5395,-28.000000
5396,-8.000000
5397,0.000000
5398,104.000000
5399,20.000000
5400,-20.000000
5401,-8.000000
5402,-60.000000
5403,12.000000
5404,24.000000
5405,-16.000000
5406,32.000000
5407,-4.000000
5408,52.000000
5409,24.000000
5410,0.000000
5411,24.000000
5412,-8.000000
5413,44.000000
5414,-4.000000
5415,-12.000000
5416,24.000000
5417,8.000000
5418,4.000000
5419,-32.000000
5420,12.000000
5421,16.000000
5422,-20.000000
5423,4.000000
5424,4.000000
5425,20.000000
5426,-40.000000
5427,8.000000
5428,-24.000000
5429,0.000000
5430,20.000000
5431,-32.000000
5432,44.000000
5433,44.000000
5434,-28.000000
5435,0.000000
5436,-12.000000
5437,8.000000
5438,-8.000000
5439,0.000000
5440,-12.000000
5441,0.000000
5442,-96.000000
5443,4.000000
5444,0.000000
5445,24.000000
5446,24.000000
5447,40.000000
5448,-4.000000
5449,56.000000
5450,-24.000000
5451,-8.000000
5452,-8.000000
5453,-36.000000
5454,-40.000000
5455,-4.000000
5456,8.000000
5457,-36.000000
5458,-52.000000
5459,-52.000000
5460,-24.000000
5461,-20.000000
5462,-44.000000
5463,-8.000000
5464,-40.000000
5465,-20.000000
5466,20.000000
5467,-24.000000
5468,-20.000000
5469,-12.000000
5470,-4.000000
5471,-32.000000
5472,0.000000
5473,-40.000000
5474,-44.000000
5475,-60.000000
5476,-16.000000
5477,-60.000000
5478,12.000000
5479,4.000000
5480,52.000000
5481,-28.000000
5482,-8.000000
5483,-16.000000
5484,0.000000
5485,-16.000000
5486,0.000000
5487,-8.000000
5488,-4.000000
5489,52.000000
5490,-28.000000
5491,12.000000
5492,12.000000
5493,32.000000
5494,-12.000000
5495,4.000000
5496,0.000000
5497,24.000000
5498,4.000000
5499,4.000000
5500,-12.000000
5501,-8.000000
5502,-4.000000
5503,4.000000
5504,-12.000000
5505,-8.000000
5506,-20.000000
5507,4.000000
5508,4.000000
5509,24.000000
5510,0.000000
5511,20.000000
5512,-8.000000
5513,44.000000
5514,12.000000
5515,20.000000
5516,32.000000
5517,0.000000
5518,-36.000000
5519,-4.000000
5520,0.000000
5521,8.000000
5522,-20.000000
5523,16.000000
5524,-36.000000
5525,16.000000
5526,-12.000000
5527,12.000000
5528,-12.000000
5529,8.000000
5530,0.000000
5531,-12.000000
5532,0.000000
5533,56.000000
5534,52.000000
5535,116.000000
5536,-24.000000
5537,-24.000000
5538,-28.000000
5539,0.000000
5540,-24.000000
5541,8.000000
5542,4.000000
5543,-8.000000
5544,-16.000000
5545,-4.000000
5546,4.000000
5547,0.000000
5548,0.000000
5549,44.000000
5550,-64.000000
5551,40.000000
5552,-8.000000
5553,0.000000
5554,52.000000
5555,-20.000000
5556,-24.000000
5557,4.000000
5558,-20.000000
5559,40.000000
5560,12.000000
5561,4.000000
5562,8.000000
5563,16.000000
5564,0.000000
5565,4.000000
5566,-20.000000
5567,0.000000
5568,12.000000
5569,16.000000
5570,-8.000000
5571,16.000000
5572,-32.000000
5573,-4.000000
5574,28.000000
5575,-8.000000
5576,-8.000000
5577,-16.000000
5578,-20.000000
5579,-20.000000
5580,-16.000000
5581,12.000000
5582,0.000000
5583,-60.000000
5584,24.000000
5585,-4.000000
5586,-52.000000
5587,-28.000000
5588,-32.000000
5589,-24.000000
5590,76.000000
5591,-28.000000
5592,-28.000000
5593,-36.000000
5594,16.000000
5595,0.000000
5596,-40.000000
5597,-16.000000
5598,-16.000000
5599,-4.000000
5600,-4.000000
5601,-12.000000
5602,-8.000000
5603,-8.000000
5604,-28.000000
5605,-8.000000
5606,-20.000000
5607,20.000000
5608,-24.000000
5609,-52.000000
5610,4.000000
5611,0.000000
5612,4.000000
5613,24.000000
5614,12.000000
5615,-4.000000
5616,12.000000
5617,0.000000
5618,16.000000
5619,16.000000
5620,0.000000
5621,-12.000000
5622,28.000000
5623,-4.000000
5624,-12.000000
5625,-16.000000
5626,-12.000000
5627,-20.000000
5628,48.000000
5629,20.000000
5630,-8.000000
5631,4.000000
5632,-16.000000
5633,0.000000
5634,16.000000
5635,0.000000
5636,8.000000
5637,-8.000000
5638,12.000000
5639,44.000000
5640,56.000000
5641,16.000000
5642,8.000000
5643,84.000000
5644,44.000000
5645,12.000000
5646,16.000000
5647,-8.000000
5648,-20.000000
5649,16.000000
5650,0.000000
5651,-8.000000
5652,16.000000
5653,-8.000000
5654,28.000000
5655,52.000000
5656,-16.000000
5657,-4.000000
5658,-16.000000
5659,8.000000
5660,8.000000
5661,16.000000
5662,44.000000
5663,44.000000
5664,4.000000
5665,24.000000
5666,8.000000
5667,-8.000000
5668,-8.000000
5669,52.000000
5670,-4.000000
5671,-4.000000
5672,-20.000000
5673,16.000000
5674,16.000000
5675,16.000000
5676,4.000000
5677,-4.000000
5678,52.000000
5679,-28.000000
5680,-36.000000
5681,-16.000000
5682,24.000000
5683,0.000000
5684,52.000000
5685,-16.000000
5686,-60.000000
5687,0.000000
5688,0.000000
5689,-8.000000
5690,12.000000
5691,12.000000
5692,32.000000
5693,-44.000000
5694,12.000000
5695,-20.000000
5696,4.000000
5697,4.000000
5698,4.000000
5699,-40.000000
5700,-28.000000
5701,4.000000
5702,-24.000000
5703,-4.000000
5704,16.000000
5705,-8.000000
5706,-24.000000
5707,-32.000000
5708,24.000000
5709,16.000000
5710,28.000000
5711,-28.000000
5712,0.000000
5713,8.000000
5714,-8.000000
5715,-24.000000
5716,12.000000
5717,-16.000000
5718,-16.000000
5719,-32.000000
5720,-32.000000
5721,-60.000000
5722,20.000000
5723,12.000000
5724,-4.000000
5725,-20.000000
5726,-16.000000
5727,-8.000000
5728,20.000000
5729,-60.000000
5730,-8.000000
5731,52.000000
5732,-8.000000
5733,20.000000
5734,-24.000000
5735,-40.000000
5736,-28.000000
5737,-16.000000
5738,-40.000000
5739,52.000000
5740,4.000000
5741,12.000000
5742,12.000000
5743,-16.000000
5744,24.000000
5745,16.000000
5746,-8.000000
5747,0.000000
5748,-4.000000
5749,8.000000
5750,-40.000000
5751,8.000000
5752,-20.000000
5753,4.000000
5754,-24.000000
5755,-40.000000
5756,52.000000
5757,12.000000
5758,12.000000
5759,16.000000
5760,16.000000
5761,4.000000
5762,4.000000
5763,8.000000
5764,-12.000000
5765,-12.000000
5766,4.000000
5767,24.000000
5768,4.000000
5769,8.000000
5770,12.000000
5771,-40.000000
5772,4.000000
5773,4.000000
5774,-4.000000
5775,0.000000
5776,-24.000000
5777,0.000000
5778,-20.000000
5779,-8.000000
5780,-12.000000
5781,108.000000
5782,0.000000
5783,76.000000
5784,0.000000
5785,68.000000
5786,24.000000
5787,-32.000000
5788,-20.000000
5789,-32.000000
5790,-20.000000
5791,20.000000
5792,-12.000000
5793,12.000000
5794,12.000000
5795,-24.000000
5796,-8.000000
5797,-72.000000
5798,0.000000
5799,0.000000
5800,-28.000000
5801,24.000000
5802,0.000000
5803,0.000000
5804,4.000000
5805,16.000000
5806,-16.000000
5807,-8.000000
5808,-4.000000
5809,-32.000000
5810,8.000000
5811,-20.000000
5812,0.000000
5813,0.000000
5814,-52.000000
5815,0.000000
5816,-8.000000
5817,4.000000
5818,-28.000000
5819,-8.000000
5820,20.000000
5821,-24.000000
5822,28.000000
5823,-20.000000
5824,12.000000
5825,-84.000000
5826,8.000000
5827,-24.000000
5828,28.000000
5829,-32.000000
5830,-40.000000
5831,40.000000
5832,-24.000000
5833,28.000000
5834,-16.000000
5835,-16.000000
5836,0.000000
5837,-36.000000
5838,-8.000000
5839,4.000000
5840,-40.000000
5841,-32.000000
5842,-32.000000
5843,-28.000000
5844,-28.000000
5845,-4.000000
5846,24.000000
5847,24.000000
5848,24.000000
5849,0.000000
5850,0.000000
5851,104.000000
5852,12.000000
5853,28.000000
5854,-20.000000
5855,-36.000000
5856,-36.000000
5857,8.000000
5858,8.000000
5859,-32.000000
5860,16.000000
5861,0.000000
5862,0.000000
5863,-4.000000
5864,16.000000
5865,-12.000000
5866,-12.000000
5867,28.000000
5868,-64.000000
5869,4.000000
5870,-24.000000
5871,44.000000
5872,-12.000000
5873,36.000000
5874,20.000000
5875,28.000000
5876,64.000000
5877,-20.000000
5878,-20.000000
5879,-80.000000
5880,84.000000
5881,12.000000
5882,0.000000
5883,-8.000000
5884,-4.000000
5885,8.000000
5886,8.000000
5887,0.000000
5888,-8.000000
5889,-16.000000
5890,0.000000
5891,24.000000
5892,-20.000000
5893,-20.000000
5894,0.000000
5895,20.000000
5896,4.000000
5897,-8.000000
5898,56.000000
5899,-8.000000
5900,0.000000
5901,-60.000000
5902,-4.000000
5903,4.000000
5904,-8.000000
5905,-8.000000
5906,8.000000
5907,-8.000000
5908,-8.000000
5909,-32.000000
5910,-12.000000
5911,-16.000000
5912,8.000000
5913,-24.000000
5914,-12.000000
5915,-20.000000
5916,16.000000
5917,-76.000000
5918,24.000000
5919,-16.000000
5920,-8.000000
5921,0.000000
5922,-8.000000
5923,-12.000000
5924,16.000000
5925,-20.000000
5926,-32.000000
5927,-8.000000
5928,8.000000
5929,-60.000000
5930,-16.000000
5931,-28.000000
5932,-16.000000
5933,8.000000
5934,44.000000
5935,-8.000000
5936,4.000000
5937,-24.000000
5938,-28.000000
5939,-16.000000
5940,-16.000000
5941,4.000000
5942,-28.000000
5943,-40.000000
5944,-20.000000
5945,-60.000000
5946,-32.000000
5947,-8.000000
5948,-24.000000
5949,0.000000
5950,-20.000000
5951,-60.000000
5952,-48.000000
5953,24.000000
5954,-32.000000
5955,-24.000000
5956,-8.000000
5957,-32.000000
5958,-32.000000
5959,-24.000000
5960,-28.000000
5961,16.000000
5962,-40.000000
5963,-56.000000
5964,4.000000
5965,-20.000000
5966,-32.000000
5967,0.000000
5968,-24.000000
5969,-16.000000
5970,-16.000000
5971,-44.000000
5972,-16.000000
5973,-24.000000
5974,-24.000000
5975,4.000000
5976,0.000000
5977,8.000000
5978,24.000000
5979,-44.000000
5980,-8.000000
5981,-40.000000
5982,0.000000
5983,24.000000
5984,16.000000
5985,-8.000000
5986,24.000000
5987,-32.000000
5988,12.000000
5989,0.000000
5990,44.000000
5991,68.000000
5992,4.000000
5993,24.000000
5994,-16.000000
5995,28.000000
5996,-24.000000
5997,-32.000000
5998,24.000000
5999,4.000000
6000,8.000000
6001,-20.000000
6002,8.000000
6003,16.000000
6004,-24.000000
6005,0.000000
6006,12.000000
6007,44.000000
6008,16.000000
6009,0.000000
6010,0.000000
6011,4.000000
6012,-16.000000
6013,56.000000
6014,-24.000000
6015,0.000000
6016,-36.000000
6017,24.000000
6018,4.000000
6019,-8.000000
6020,4.000000
6021,-40.000000
6022,12.000000
6023,24.000000
6024,24.000000
6025,-8.000000
6026,8.000000
6027,-24.000000
6028,48.000000
6029,20.000000
6030,-20.000000
6031,-16.000000
6032,-32.000000
6033,0.000000
6034,-8.000000
6035,-8.000000
6036,-8.000000
6037,44.000000
6038,0.000000
6039,40.000000
6040,-72.000000
6041,0.000000
6042,56.000000
6043,-16.000000
6044,0.000000
6045,-36.000000
6046,24.000000
6047,-8.000000
6048,-8.000000
6049,4.000000
6050,0.000000
6051,-8.000000
6052,-32.000000
6053,56.000000
6054,16.000000
6055,-8.000000
6056,-8.000000
6057,44.000000
6058,8.000000
6059,4.000000
6060,0.000000
6061,-24.000000
6062,-4.000000
6063,0.000000
6064,-8.000000
6065,-12.000000
6066,-20.000000
6067,20.000000
6068,24.000000
6069,-4.000000
6070,-8.000000
6071,0.000000
6072,-16.000000
6073,-60.000000
6074,12.000000
6075,44.000000
6076,-56.000000
6077,-16.000000
6078,68.000000
6079,-16.000000
6080,0.000000
6081,-36.000000
6082,52.000000
6083,4.000000
6084,-24.000000
6085,-4.000000
6086,-8.000000
6087,68.000000
6088,-20.000000
6089,-20.000000
6090,-4.000000
6091,4.000000
6092,-8.000000
6093,-48.000000
6094,-48.000000
6095,-24.000000
6096,-8.000000
6097,28.000000
6098,28.000000
6099,4.000000
6100,16.000000
6101,32.000000
6102,-12.000000
6103,-8.000000
6104,-28.000000
6105,8.000000
6106,20.000000
6107,52.000000
6108,-12.000000
6109,0.000000
6110,-28.000000
6111,64.000000
6112,-8.000000
6113,0.000000
6114,12.000000
6115,12.000000
6116,4.000000
6117,32.000000
6118,-20.000000
6119,24.000000
6120,0.000000
6121,8.000000
6122,-12.000000
6123,4.000000
6124,-52.000000
6125,-8.000000
6126,-40.000000
6127,-12.000000
6128,4.000000
6129,-20.000000
6130,44.000000
6131,-32.000000
6132,48.000000
6133,16.000000
6134,4.000000
6135,0.000000
6136,-8.000000
6137,-8.000000
6138,-20.000000
6139,20.000000
6140,-12.000000
6141,-12.000000
6142,-8.000000
6143,12.000000
6144,-40.000000
6145,0.000000
6146,16.000000
6147,24.000000
6148,16.000000
6149,-12.000000
6150,-12.000000
6151,-32.000000
6152,-8.000000
6153,52.000000
6154,12.000000
6155,32.000000
6156,0.000000
6157,4.000000
6158,-28.000000
6159,-8.000000
6160,-8.000000
6161,16.000000
6162,-4.000000
6163,16.000000
6164,-60.000000
6165,12.000000
6166,4.000000
6167,28.000000
6168,-4.000000
6169,-56.000000
6170,-28.000000
6171,-16.000000
6172,-32.000000
6173,28.000000
6174,-20.000000
6175,16.000000
6176,-8.000000
6177,52.000000
6178,-12.000000
6179,12.000000
6180,-8.000000
6181,-8.000000
6182,-36.000000
6183,-28.000000
6184,20.000000
6185,16.000000
6186,8.000000
6187,40.000000
6188,32.000000
6189,-12.000000
6190,28.000000
6191,16.000000
6192,-4.000000
6193,72.000000
6194,-32.000000
6195,8.000000
6196,16.000000
6197,-8.000000
6198,-28.000000
6199,-64.000000
6200,16.000000
6201,-28.000000
6202,-44.000000
6203,52.000000
6204,-84.000000
6205,-8.000000
6206,-48.000000
6207,-20.000000
6208,-8.000000
6209,24.000000
6210,-24.000000
6211,4.000000
6212,8.000000
6213,-24.000000
6214,-28.000000
6215,0.000000
6216,-24.000000
6217,12.000000
6218,60.000000
6219,0.000000
6220,4.000000
6221,-8.000000
6222,28.000000
6223,-12.000000
6224,0.000000
6225,-8.000000
6226,84.000000
6227,20.000000
6228,-8.000000
6229,52.000000
6230,-8.000000
6231,-8.000000
6232,52.000000
6233,-8.000000
6234,-4.000000
6235,-8.000000
6236,52.000000
6237,-16.000000
6238,20.000000
6239,68.000000
6240,44.000000
6241,24.000000
6242,28.000000
6243,12.000000
6244,-16.000000
6245,28.000000
6246,16.000000
6247,-32.000000
6248,-8.000000
6249,-24.000000
6250,-64.000000
6251,4.000000
6252,0.000000
6253,12.000000
6254,8.000000
6255,68.000000
6256,-4.000000
6257,-16.000000
6258,-28.000000
6259,0.000000
6260,16.000000
6261,16.000000
6262,12.000000
6263,68.000000
6264,-4.000000
6265,28.000000
6266,24.000000
6267,24.000000
6268,-8.000000
6269,32.000000
6270,4.000000
6271,28.000000
6272,0.000000
6273,8.000000
6274,16.000000
6275,-16.000000
6276,-8.000000
6277,20.000000
6278,28.000000
6279,-8.000000
6280,-4.000000
6281,-8.000000
6282,-8.000000
6283,12.000000
6284,-32.000000
6285,-72.000000
6286,0.000000
6287,0.000000
6288,20.000000
6289,8.000000
6290,-4.000000
6291,-16.000000
6292,-16.000000
6293,0.000000
6294,-24.000000
6295,-28.000000
6296,-52.000000
6297,-8.000000
6298,-28.000000
6299,0.000000
6300,-24.000000
6301,-28.000000
6302,-20.000000
6303,24.000000
6304,-32.000000
6305,-32.000000
6306,-8.000000
6307,-40.000000
6308,-8.000000
6309,-44.000000
6310,-20.000000
6311,-8.000000
6312,-32.000000
6313,-16.000000
6314,-12.000000
6315,4.000000
6316,-20.000000
6317,-8.000000
6318,-20.000000
6319,0.000000
6320,-4.000000
6321,-8.000000
6322,-56.000000
6323,-28.000000
6324,-52.000000
6325,-24.000000
6326,0.000000
6327,-48.000000
6328,-32.000000
6329,28.000000
6330,24.000000
6331,12.000000
6332,-8.000000
6333,0.000000
6334,12.000000
6335,-4.000000
6336,4.000000
6337,-84.000000
6338,0.000000
6339,-8.000000
6340,-16.000000
6341,-4.000000
6342,-16.000000
6343,16.000000
6344,-8.000000
6345,-24.000000
6346,-8.000000
6347,52.000000
6348,-48.000000
6349,-8.000000
6350,-8.000000
6351,4.000000
6352,4.000000
6353,20.000000
6354,20.000000
6355,24.000000
6356,-12.000000
6357,4.000000
6358,4.000000
6359,12.000000
6360,0.000000
6361,-12.000000
6362,-4.000000
6363,4.000000
6364,68.000000
6365,0.000000
6366,-8.000000
6367,24.000000
6368,24.000000
6369,0.000000
6370,-52.000000
6371,16.000000
6372,12.000000
6373,52.000000
6374,0.000000
6375,-4.000000
6376,24.000000
6377,24.000000
6378,60.000000
6379,-8.000000
6380,12.000000
6381,-72.000000
6382,-8.000000
6383,-4.000000
6384,-72.000000
6385,-4.000000
6386,24.000000
6387,-8.000000
6388,0.000000
6389,4.000000
6390,4.000000
6391,-4.000000
6392,-4.000000
6393,0.000000
6394,64.000000
6395,0.000000
6396,-24.000000
6397,-4.000000
6398,-28.000000
6399,8.000000
6400,-12.000000
6401,-24.000000
6402,-52.000000
6403,0.000000
6404,0.000000
6405,16.000000
6406,-32.000000
6407,0.000000
6408,-12.000000
6409,-8.000000
6410,0.000000
6411,8.000000
6412,24.000000
6413,24.000000
6414,44.000000
6415,-8.000000
6416,-40.000000
6417,-52.000000
6418,12.000000
6419,16.000000
6420,-40.000000
6421,-28.000000
6422,-28.000000
6423,24.000000
6424,-28.000000
6425,-28.000000
6426,-20.000000
6427,4.000000
6428,0.000000
6429,0.000000
6430,0.000000
6431,0.000000
6432,-32.000000
6433,-16.000000
6434,-20.000000
6435,-8.000000
6436,-28.000000
6437,-20.000000
6438,-20.000000
6439,20.000000
6440,-12.000000
6441,64.000000
6442,4.000000
6443,20.000000
6444,0.000000
6445,-20.000000
6446,36.000000
6447,0.000000
6448,-40.000000
6449,4.000000
6450,-8.000000
6451,-16.000000
6452,-40.000000
6453,-48.000000
6454,-20.000000
6455,-20.000000
6456,-24.000000
6457,16.000000
6458,8.000000
6459,12.000000
6460,4.000000
6461,68.000000
6462,-12.000000
6463,8.000000
6464,0.000000
6465,-8.000000
6466,-12.000000
6467,20.000000
6468,16.000000
6469,-36.000000
6470,8.000000
6471,16.000000
6472,16.000000
6473,-4.000000
6474,52.000000
6475,0.000000
6476,28.000000
6477,16.000000
6478,28.000000
6479,16.000000
6480,-4.000000
6481,24.000000
6482,16.000000
6483,16.000000
6484,52.000000
6485,16.000000
6486,4.000000
6487,16.000000
6488,-44.000000
6489,36.000000
6490,12.000000
6491,4.000000
6492,4.000000
6493,24.000000
6494,72.000000
6495,-12.000000
6496,0.000000
6497,-8.000000
6498,-4.000000
6499,-8.000000
6500,16.000000
6501,76.000000
6502,0.000000
6503,-16.000000
6504,12.000000
6505,-12.000000
6506,-8.000000
6507,24.000000
6508,76.000000
6509,16.000000
6510,-8.000000
6511,-4.000000
6512,-16.000000
6513,-8.000000
6514,-8.000000
6515,32.000000
6516,4.000000
6517,8.000000
6518,-12.000000
6519,0.000000
6520,-8.000000
6521,-28.000000
6522,-20.000000
6523,8.000000
6524,24.000000
6525,-16.000000
6526,-20.000000
6527,24.000000
6528,-8.000000
6529,-40.000000
6530,0.000000
6531,8.000000
6532,44.000000
6533,4.000000
6534,-24.000000
6535,44.000000
6536,-44.000000
6537,8.000000
6538,-28.000000
6539,60.000000
6540,20.000000
6541,-44.000000
6542,-36.000000
6543,0.000000
6544,-48.000000
6545,-8.000000
6546,0.000000
6547,-48.000000
6548,12.000000
6549,-28.000000
6550,8.000000
6551,-20.000000
6552,8.000000
6553,-16.000000
6554,-16.000000
6555,8.000000
6556,-72.000000
6557,-72.000000
6558,-8.000000
6559,-16.000000
6560,-20.000000
6561,-8.000000
6562,-40.000000
6563,-28.000000
6564,-48.000000
6565,20.000000
6566,0.000000
6567,88.000000
6568,-32.000000
6569,-36.000000
6570,-4.000000
6571,-16.000000
6572,-24.000000
6573,-28.000000
6574,-12.000000
6575,-8.000000
6576,100.000000
6577,0.000000
6578,-12.000000
6579,-8.000000
6580,16.000000
6581,-12.000000
6582,-12.000000
6583,-8.000000
6584,12.000000
6585,-36.000000
6586,60.000000
6587,-24.000000
6588,4.000000
6589,40.000000
6590,-8.000000
6591,-40.000000
6592,8.000000
6593,-20.000000
6594,-16.000000
6595,16.000000
6596,-32.000000
6597,44.000000
6598,8.000000
6599,-36.000000
6600,20.000000
6601,-16.000000
6602,-4.000000
6603,-8.000000
6604,4.000000
6605,-96.000000
6606,12.000000
6607,44.000000
6608,-8.000000
6609,8.000000
6610,4.000000
6611,0.000000
6612,44.000000
6613,8.000000
6614,8.000000
6615,12.000000
6616,-12.000000
6617,-48.000000
6618,-28.000000
6619,-16.000000
6620,0.000000
6621,12.000000
6622,12.000000
6623,20.000000
6624,24.000000
6625,-4.000000
6626,4.000000
6627,0.000000
6628,16.000000
6629,-28.000000
6630,20.000000
6631,0.000000
6632,-4.000000
6633,24.000000
6634,16.000000
6635,-8.000000
6636,0.000000
6637,-20.000000
6638,-12.000000
6639,-20.000000
6640,0.000000
6641,-44.000000
6642,-32.000000
6643,-16.000000
6644,-8.000000
6645,8.000000
6646,8.000000
6647,-20.000000
6648,-24.000000
6649,24.000000
6650,-28.000000
6651,-4.000000
6652,-32.000000
6653,-24.000000
6654,-8.000000
6655,24.000000
6656,16.000000
6657,44.000000
6658,-12.000000
6659,-20.000000
6660,-12.000000
6661,-8.000000
6662,-28.000000
6663,-12.000000
6664,-44.000000
6665,0.000000
6666,-80.000000
6667,-16.000000
6668,-16.000000
6669,-20.000000
6670,12.000000
6671,-32.000000
6672,-28.000000
6673,-44.000000
6674,-36.000000
6675,0.000000
6676,-44.000000
6677,-44.000000
6678,-24.000000
6679,-8.000000
6680,-20.000000
6681,-4.000000
6682,0.000000
6683,-16.000000
6684,-24.000000
6685,-8.000000
6686,-72.000000
6687,28.000000
6688,-8.000000
6689,-24.000000
6690,-8.000000
6691,44.000000
6692,0.000000
6693,0.000000
6694,0.000000
6695,-44.000000
6696,72.000000
6697,-8.000000
6698,4.000000
6699,0.000000
6700,-8.000000
6701,-20.000000
6702,28.000000
6703,4.000000
6704,24.000000
6705,4.000000
6706,16.000000
6707,-12.000000
6708,0.000000
6709,88.000000
6710,8.000000
6711,20.000000
6712,0.000000
6713,0.000000
6714,-24.000000
6715,0.000000
6716,-24.000000
6717,-8.000000
6718,12.000000
6719,-8.000000
6720,20.000000
6721,-16.000000
6722,-36.000000
6723,0.000000
6724,16.000000
6725,20.000000
6726,-4.000000
6727,28.000000
6728,-8.000000
6729,-8.000000
6730,0.000000
6731,4.000000
6732,0.000000
6733,-4.000000
6734,0.000000
6735,0.000000
6736,20.000000
6737,-8.000000
6738,12.000000
6739,36.000000
6740,-16.000000
6741,40.000000
6742,0.000000
6743,-20.000000
6744,4.000000
6745,-8.000000
6746,4.000000
6747,52.000000
6748,-96.000000
6749,4.000000
6750,-12.000000
6751,16.000000
6752,24.000000
6753,0.000000
6754,0.000000
6755,52.000000
6756,12.000000
6757,8.000000
6758,12.000000
6759,20.000000
6760,16.000000
6761,8.000000
6762,0.000000
6763,16.000000
6764,52.000000
6765,-12.000000
6766,20.000000
6767,-8.000000
6768,0.000000
6769,-8.000000
6770,-20.000000
6771,4.000000
6772,-4.000000
6773,44.000000
6774,16.000000
6775,44.000000
6776,-8.000000
6777,-8.000000
6778,16.000000
6779,-24.000000
6780,68.000000
6781,-28.000000
6782,-8.000000
6783,-16.000000
6784,-16.000000
6785,4.000000
6786,20.000000
6787,8.000000
6788,-32.000000
6789,-24.000000
6790,-8.000000
6791,-8.000000
6792,0.000000
6793,-60.000000
6794,4.000000
6795,44.000000
6796,0.000000
6797,-24.000000
6798,-32.000000
6799,4.000000
6800,40.000000
6801,16.000000
6802,28.000000
6803,16.000000
6804,-28.000000
6805,-8.000000
6806,8.000000
6807,-20.000000
6808,-8.000000
6809,-16.000000
6810,52.000000
6811,16.000000
6812,0.000000
6813,0.000000
6814,0.000000
6815,0.000000
6816,-28.000000
6817,-12.000000
6818,-12.000000
6819,16.000000
6820,0.000000
6821,-28.000000
6822,-20.000000
6823,16.000000
6824,-20.000000
6825,-12.000000
6826,16.000000
6827,-28.000000
6828,24.000000
6829,-48.000000
6830,8.000000
6831,40.000000
6832,-8.000000
6833,-8.000000
6834,44.000000
6835,32.000000
6836,-4.000000
6837,4.000000
6838,32.000000
6839,24.000000
6840,8.000000
6841,12.000000
6842,-44.000000
6843,8.000000
6844,8.000000
6845,56.000000
6846,-8.000000
6847,0.000000
6848,12.000000
6849,0.000000
6850,0.000000
6851,12.000000
6852,16.000000
6853,12.000000
6854,40.000000
6855,-44.000000
6856,16.000000
6857,68.000000
6858,-8.000000
6859,-4.000000
6860,8.000000
6861,-8.000000
6862,16.000000
6863,16.000000
6864,12.000000
6865,24.000000
6866,0.000000
6867,-8.000000
6868,8.000000
6869,16.000000
6870,-44.000000
6871,-8.000000
6872,4.000000
6873,0.000000
6874,-12.000000
6875,44.000000
6876,0.000000
6877,0.000000
6878,24.000000
6879,4.000000
6880,0.000000
6881,-52.000000
6882,8.000000
6883,-24.000000
6884,0.000000
6885,0.000000
6886,-8.000000
6887,0.000000
6888,12.000000
6889,-8.000000
6890,-8.000000
6891,-4.000000
6892,-12.000000
6893,-8.000000
6894,-28.000000
6895,28.000000
6896,-4.000000
6897,-40.000000
6898,-20.000000
6899,-16.000000
6900,-8.000000
6901,52.000000
6902,-8.000000
6903,-8.000000
6904,-32.000000
6905,-8.000000
6906,-8.000000
6907,16.000000
6908,-32.000000
6909,-4.000000
6910,16.000000
6911,0.000000
6912,4.000000
6913,52.000000
6914,-8.000000
6915,-8.000000
6916,-12.000000
6917,-32.000000
6918,-8.000000
6919,-16.000000
6920,-12.000000
6921,-20.000000
6922,4.000000
6923,-60.000000
6924,0.000000
6925,-24.000000
6926,4.000000
6927,-20.000000
6928,-28.000000
6929,16.000000
6930,52.000000
6931,44.000000
6932,-8.000000
6933,0.000000
6934,-12.000000
6935,20.000000
6936,-28.000000
6937,0.000000
6938,-8.000000
6939,-4.000000
6940,-24.000000
6941,0.000000
6942,56.000000
6943,20.000000
6944,-20.000000
6945,-20.000000
6946,-8.000000
6947,-8.000000
6948,12.000000
6949,-20.000000
6950,0.000000
6951,52.000000
6952,-100.000000
6953,-56.000000
6954,44.000000
6955,44.000000
6956,-8.000000
6957,8.000000
6958,-8.000000
6959,0.000000
6960,4.000000
6961,0.000000
6962,0.000000
6963,76.000000
6964,4.000000
6965,-28.000000
6966,-72.000000
6967,-8.000000
6968,-32.000000
6969,0.000000
6970,0.000000
6971,-12.000000
6972,-8.000000
6973,-8.000000
6974,0.000000
6975,0.000000
6976,-4.000000
6977,56.000000
6978,-12.000000
6979,-16.000000
6980,0.000000
6981,20.000000
6982,-40.000000
6983,44.000000
6984,16.000000
6985,-12.000000
6986,-8.000000
6987,-8.000000
6988,0.000000
6989,12.000000
6990,-8.000000
6991,-16.000000
6992,44.000000
6993,8.000000
6994,24.000000
6995,-8.000000
6996,-32.000000
6997,-16.000000
6998,-8.000000
6999,-8.000000
7000,-12.000000
7001,24.000000
7002,8.000000
7003,-8.000000
7004,8.000000
7005,-40.000000
7006,4.000000
7007,4.000000
7008,-52.000000
7009,0.000000
7010,-28.000000
7011,-12.000000
7012,-40.000000
7013,-20.000000
7014,4.000000
7015,-52.000000
7016,-20.000000
7017,-8.000000
7018,16.000000
7019,20.000000
7020,16.000000
7021,-16.000000
7022,28.000000
7023,64.000000
7024,-40.000000
7025,28.000000
7026,20.000000
7027,-96.000000
7028,-24.000000
7029,-8.000000
7030,-8.000000
7031,12.000000
7032,16.000000
7033,-24.000000
7034,20.000000
7035,-24.000000
7036,-24.000000
7037,-8.000000
7038,0.000000
7039,-16.000000
7040,0.000000
7041,-48.000000
7042,4.000000
7043,-24.000000
7044,-24.000000
7045,-4.000000
7046,0.000000
7047,0.000000
7048,8.000000
7049,-44.000000
7050,-20.000000
7051,16.000000
7052,-96.000000
7053,-20.000000
7054,16.000000
7055,-28.000000
7056,0.000000
7057,-20.000000
7058,-16.000000
7059,-28.000000
7060,8.000000
7061,-4.000000
7062,0.000000
7063,-16.000000
7064,16.000000
7065,0.000000
7066,4.000000
7067,-20.000000
7068,-20.000000
7069,-8.000000
7070,-8.000000
7071,0.000000
7072,-12.000000
7073,12.000000
7074,-24.000000
7075,-32.000000
7076,-16.000000
7077,-4.000000
7078,-20.000000
7079,8.000000
7080,-32.000000
7081,8.000000
7082,12.000000
7083,0.000000
7084,4.000000
7085,0.000000
7086,20.000000
7087,-44.000000
7088,8.000000
7089,20.000000
7090,-4.000000
7091,-8.000000
7092,16.000000
7093,28.000000
7094,108.000000
7095,0.000000
7096,12.000000
7097,0.000000
7098,0.000000
7099,-4.000000
7100,-8.000000
7101,-12.000000
7102,12.000000
7103,-4.000000
7104,-28.000000
7105,4.000000
7106,-12.000000
7107,64.000000
7108,-20.000000
7109,28.000000
7110,28.000000
7111,16.000000
7112,-24.000000
7113,-28.000000
7114,-16.000000
7115,0.000000
7116,-12.000000
7117,-8.000000
7118,-32.000000
7119,20.000000
7120,8.000000
7121,-48.000000
7122,-12.000000
7123,24.000000
7124,-16.000000
7125,12.000000
7126,-44.000000
7127,-20.000000
7128,-16.000000
7129,-12.000000
7130,-12.000000
7131,-24.000000
7132,-28.000000
7133,-12.000000
7134,52.000000
7135,-8.000000
7136,-16.000000
7137,-4.000000
7138,-32.000000
7139,-16.000000
7140,-8.000000
7141,-8.000000
7142,-28.000000
7143,-16.000000
7144,-40.000000
7145,-48.000000
7146,-16.000000
7147,-32.000000
7148,0.000000
7149,-44.000000
7150,-32.000000
7151,-28.000000
7152,-28.000000
7153,-32.000000
7154,-8.000000
7155,-8.000000
7156,-12.000000
7157,16.000000
7158,-24.000000
7159,-28.000000
7160,-60.000000
7161,-24.000000
7162,8.000000
7163,-36.000000
7164,-40.000000
7165,-56.000000
7166,-24.000000
7167,-28.000000
7168,20.000000
7169,-16.000000
7170,16.000000
7171,0.000000
7172,56.000000
7173,-8.000000
7174,-4.000000
7175,-8.000000
7176,4.000000
7177,20.000000
7178,16.000000
7179,-20.000000
7180,12.000000
7181,-8.000000
7182,92.000000
7183,-36.000000
7184,0.000000
7185,-16.000000
7186,24.000000
7187,60.000000
7188,4.000000
7189,-20.000000
7190,4.000000
7191,-40.000000
7192,-8.000000
7193,-12.000000
7194,-16.000000
7195,28.000000
7196,8.000000
7197,-32.000000
7198,-8.000000
7199,-56.000000
7200,16.000000
7201,-4.000000
7202,0.000000
7203,28.000000
7204,-8.000000
7205,40.000000
7206,16.000000
7207,24.000000
7208,28.000000
7209,44.000000
7210,-8.000000
7211,52.000000
7212,52.000000
7213,44.000000
7214,40.000000
7215,-60.000000
7216,0.000000
7217,20.000000
7218,16.000000
7219,-64.000000
7220,-12.000000
7221,52.000000
7222,-28.000000
7223,0.000000
7224,-16.000000
7225,-20.000000
7226,4.000000
7227,4.000000
7228,4.000000
7229,-28.000000
7230,-16.000000
7231,0.000000
7232,-12.000000
7233,-24.000000
7234,-28.000000
7235,-8.000000
7236,-8.000000
7237,16.000000
7238,32.000000
7239,36.000000
7240,4.000000
7241,0.000000
7242,4.000000
7243,-16.000000
7244,-52.000000
7245,12.000000
7246,4.000000
7247,-16.000000
7248,16.000000
7249,-8.000000
7250,-20.000000
7251,-12.000000
7252,28.000000
7253,-8.000000
7254,-20.000000
7255,-12.000000
7256,-92.000000
7257,12.000000
7258,-8.000000
7259,44.000000
7260,-24.000000
7261,-12.000000
7262,8.000000
7263,-8.000000
7264,-40.000000
7265,-8.000000
7266,-8.000000
7267,-12.000000
7268,-40.000000
7269,-52.000000
7270,-12.000000
7271,-32.000000
7272,-28.000000
7273,-8.000000
7274,-28.000000
7275,-32.000000
7276,-60.000000
7277,-8.000000
7278,12.000000
7279,-4.000000
7280,28.000000
7281,-16.000000
7282,-20.000000
7283,-12.000000
7284,-8.000000
7285,-24.000000
7286,-72.000000
7287,-24.000000
7288,-32.000000
7289,4.000000
7290,-40.000000
7291,-8.000000
7292,4.000000
7293,8.000000
7294,24.000000
7295,-8.000000
7296,-12.000000
7297,0.000000
7298,16.000000
7299,-20.000000
7300,4.000000
7301,-4.000000
7302,-8.000000
7303,8.000000
7304,-32.000000
7305,-12.000000
7306,8.000000
7307,-20.000000
7308,12.000000
7309,-4.000000
7310,80.000000
7311,-28.000000
7312,4.000000
7313,-8.000000
7314,52.000000
7315,0.000000
7316,-4.000000
7317,-24.000000
7318,52.000000
7319,12.000000
7320,24.000000
7321,20.000000
7322,16.000000
7323,12.000000
7324,0.000000
7325,0.000000
7326,-4.000000
7327,12.000000
7328,0.000000
7329,64.000000
7330,8.000000
7331,-4.000000
7332,0.000000
7333,12.000000
7334,-20.000000
7335,32.000000
7336,28.000000
7337,8.000000
7338,8.000000
7339,0.000000
7340,32.000000
7341,-12.000000
7342,44.000000
7343,20.000000
7344,-36.000000
7345,24.000000
7346,-12.000000
7347,32.000000
7348,20.000000
7349,32.000000
7350,16.000000
7351,4.000000
7352,4.000000
7353,0.000000
7354,24.000000
7355,-8.000000
7356,12.000000
7357,44.000000
7358,12.000000
7359,32.000000
7360,20.000000
7361,4.000000
7362,0.000000
7363,-20.000000
7364,-8.000000
7365,0.000000
7366,32.000000
7367,-20.000000
7368,20.000000
7369,0.000000
7370,-12.000000
7371,-4.000000
7372,-4.000000
7373,-20.000000
7374,-4.000000
7375,-32.000000
7376,-28.000000
7377,28.000000
7378,-20.000000
7379,-28.000000
7380,0.000000
7381,-16.000000
7382,28.000000
7383,-8.000000
7384,-8.000000
7385,-20.000000
7386,24.000000
7387,0.000000
7388,28.000000
7389,-64.000000
7390,-12.000000
7391,-36.000000
7392,-8.000000
7393,-8.000000
7394,-12.000000
7395,4.000000
7396,-24.000000
7397,-28.000000
7398,28.000000
7399,-36.000000
7400,0.000000
7401,44.000000
7402,-4.000000
7403,-32.000000
7404,-28.000000
7405,-8.000000
7406,-60.000000
7407,44.000000
7408,-20.000000
7409,4.000000
7410,-8.000000
7411,-16.000000
7412,-4.000000
7413,-8.000000
7414,-60.000000
7415,-8.000000
7416,60.000000
7417,-8.000000
7418,0.000000
7419,-16.000000
7420,0.000000
7421,44.000000
7422,-8.000000
7423,24.000000
7424,-44.000000
7425,-8.000000
7426,-20.000000
7427,-12.000000
7428,8.000000
7429,-4.000000
7430,4.000000
7431,12.000000
7432,-8.000000
7433,-16.000000
7434,8.000000
7435,24.000000
7436,-4.000000
7437,32.000000
7438,4.000000
7439,4.000000
7440,-20.000000
7441,4.000000
7442,-52.000000
7443,0.000000
7444,28.000000
7445,-24.000000
7446,12.000000
7447,56.000000
7448,0.000000
7449,-8.000000
7450,-8.000000
7451,-20.000000
7452,0.000000
7453,-4.000000
7454,28.000000
7455,28.000000
7456,-4.000000
7457,28.000000
7458,20.000000
7459,-12.000000
7460,44.000000
7461,-12.000000
7462,-12.000000
7463,8.000000
7464,8.000000
7465,4.000000
7466,48.000000
7467,-24.000000
7468,-24.000000
7469,-8.000000
7470,44.000000
7471,104.000000
7472,40.000000
7473,8.000000
7474,8.000000
7475,44.000000
7476,4.000000
7477,-8.000000
7478,-4.000000
7479,12.000000
7480,4.000000
7481,0.000000
7482,32.000000
7483,28.000000
7484,24.000000
7485,28.000000
7486,0.000000
7487,8.000000
7488,-8.000000
7489,-8.000000
7490,-16.000000
7491,20.000000
7492,-12.000000
7493,4.000000
7494,28.000000
7495,-12.000000
7496,4.000000
7497,-16.000000
7498,84.000000
7499,12.000000
7500,12.000000
7501,8.000000
7502,28.000000
7503,-16.000000
7504,8.000000
7505,-20.000000
7506,-8.000000
7507,-8.000000
7508,-24.000000
7509,12.000000
7510,-12.000000
7511,28.000000
7512,-20.000000
7513,-8.000000
7514,44.000000
7515,4.000000
7516,0.000000
7517,-36.000000
7518,-8.000000
7519,-4.000000
7520,-48.000000
7521,44.000000
7522,28.000000
7523,4.000000
7524,16.000000
7525,-8.000000
7526,-36.000000
7527,-24.000000
7528,0.000000
7529,-32.000000
7530,-8.000000
7531,-28.000000
7532,-8.000000
7533,-48.000000
7534,-8.000000
7535,0.000000
7536,-48.000000
7537,0.000000
7538,24.000000
7539,-8.000000
7540,8.000000
7541,28.000000
7542,-4.000000
7543,12.000000
7544,-40.000000
7545,24.000000
7546,40.000000
7547,-4.000000
7548,-8.000000
7549,-28.000000
7550,-28.000000
7551,12.000000
7552,0.000000
7553,4.000000
7554,8.000000
7555,-12.000000
7556,8.000000
7557,-20.000000
7558,-8.000000
7559,-36.000000
7560,-4.000000
7561,8.000000
7562,8.000000
7563,-24.000000
7564,-4.000000
7565,-12.000000
7566,-64.000000
7567,24.000000
7568,-8.000000
7569,-20.000000
7570,0.000000
7571,16.000000
7572,0.000000
7573,-16.000000
7574,24.000000
7575,-32.000000
7576,-8.000000
7577,-4.000000
7578,0.000000
7579,16.000000
7580,20.000000
7581,68.000000
7582,-8.000000
7583,60.000000
7584,-24.000000
7585,0.000000
7586,0.000000
7587,-4.000000
7588,-16.000000
7589,20.000000
7590,-20.000000
7591,-8.000000
7592,16.000000
7593,-4.000000
7594,-28.000000
7595,4.000000
7596,4.000000
7597,12.000000
7598,12.000000
7599,4.000000
7600,-20.000000
7601,4.000000
7602,20.000000
7603,-8.000000
7604,-20.000000
7605,52.000000
7606,-32.000000
7607,4.000000
7608,-4.000000
7609,24.000000
7610,-8.000000
7611,-28.000000
7612,12.000000
7613,-8.000000
7614,-8.000000
7615,-28.000000
7616,-36.000000
7617,-8.000000
7618,-32.000000
7619,44.000000
7620,-4.000000
7621,-8.000000
7622,20.000000
7623,-48.000000
7624,-8.000000
7625,56.000000
7626,16.000000
7627,-8.000000
7628,16.000000
7629,-8.000000
7630,-44.000000
7631,-16.000000
7632,-16.000000
7633,-8.000000
7634,4.000000
7635,-40.000000
7636,-20.000000
7637,-8.000000
7638,-40.000000
7639,-40.000000
7640,40.000000
7641,-8.000000
7642,16.000000
7643,0.000000
7644,-12.000000
7645,32.000000
7646,8.000000
7647,-36.000000
7648,-48.000000
7649,-32.000000
7650,-28.000000
7651,-12.000000
7652,-8.000000
7653,-24.000000
7654,-24.000000
7655,28.000000
7656,12.000000
7657,0.000000
7658,-20.000000
7659,-16.000000
7660,-52.000000
7661,-28.000000
7662,-20.000000
7663,-32.000000
7664,-4.000000
7665,52.000000
7666,-8.000000
7667,-4.000000
7668,0.000000
7669,16.000000
7670,0.000000
7671,16.000000
7672,4.000000
7673,-4.000000
7674,-48.000000
7675,8.000000
7676,8.000000
7677,-8.000000
7678,0.000000
7679,4.000000
7680,-28.000000
7681,-36.000000
7682,16.000000
7683,40.000000
7684,8.000000
7685,4.000000
7686,-8.000000
7687,24.000000
7688,-8.000000
7689,20.000000
7690,24.000000
7691,-24.000000
7692,20.000000
7693,28.000000
7694,-32.000000
7695,8.000000
7696,12.000000
7697,32.000000
7698,-16.000000
7699,12.000000
7700,52.000000
7701,20.000000
7702,-40.000000
7703,8.000000
7704,44.000000
7705,-8.000000
7706,0.000000
7707,52.000000
7708,4.000000
7709,0.000000
7710,-8.000000
7711,4.000000
7712,4.000000
7713,-8.000000
7714,0.000000
7715,-28.000000
7716,-28.000000
7717,16.000000
7718,-12.000000
7719,-12.000000
7720,-12.000000
7721,-20.000000
7722,4.000000
7723,-12.000000
7724,20.000000
7725,-32.000000
7726,52.000000
7727,0.000000
7728,-32.000000
7729,-60.000000
7730,8.000000
7731,-48.000000
7732,-24.000000
7733,-24.000000
7734,-24.000000
7735,-24.000000
7736,56.000000
7737,16.000000
7738,16.000000
7739,4.000000
7740,8.000000
7741,-36.000000
7742,0.000000
7743,0.000000
7744,0.000000
7745,-20.000000
7746,64.000000
7747,0.000000
7748,-44.000000
7749,8.000000
7750,-44.000000
7751,-28.000000
7752,-8.000000
7753,-24.000000
7754,-24.000000
7755,0.000000
7756,-32.000000
7757,-12.000000
7758,-52.000000
7759,16.000000
7760,-12.000000
7761,-24.000000
7762,-16.000000
7763,-8.000000
7764,-4.000000
7765,0.000000
7766,-12.000000
7767,-20.000000
7768,-20.000000
7769,-24.000000
7770,0.000000
7771,-16.000000
7772,24.000000
7773,-4.000000
7774,-100.000000
7775,4.000000
7776,-24.000000
7777,12.000000
7778,28.000000
7779,-24.000000
7780,-20.000000
7781,-24.000000
7782,-24.000000
7783,0.000000
7784,0.000000
7785,-4.000000
7786,-24.000000
7787,16.000000
7788,8.000000
7789,4.000000
7790,-28.000000
7791,-8.000000
7792,40.000000
7793,-20.000000
7794,-12.000000
7795,24.000000
7796,40.000000
7797,12.000000
7798,0.000000
7799,20.000000
7800,-12.000000
7801,20.000000
7802,-12.000000
7803,8.000000
7804,32.000000
7805,-28.000000
7806,0.000000
7807,152.000000
7808,4.000000
7809,16.000000
7810,16.000000
7811,4.000000
7812,24.000000
7813,20.000000
7814,52.000000
7815,16.000000
7816,12.000000
7817,0.000000
7818,8.000000
7819,0.000000
7820,0.000000
7821,-28.000000
7822,0.000000
7823,52.000000
7824,-4.000000
7825,0.000000
7826,16.000000
7827,-12.000000
7828,-8.000000
7829,16.000000
7830,40.000000
7831,0.000000
7832,40.000000
7833,0.000000
7834,16.000000
7835,0.000000
7836,-8.000000
7837,12.000000
7838,28.000000
7839,-4.000000
7840,-12.000000
7841,0.000000
7842,8.000000
7843,-32.000000
7844,12.000000
7845,-4.000000
7846,52.000000
7847,-12.000000
7848,-24.000000
7849,-8.000000
7850,0.000000
7851,-16.000000
7852,-52.000000
7853,4.000000
7854,24.000000
7855,52.000000
7856,-28.000000
7857,-4.000000
7858,-4.000000
7859,-104.000000
7860,4.000000
7861,-8.000000
7862,-16.000000
7863,-24.000000
7864,-16.000000
7865,-20.000000
7866,28.000000
7867,28.000000
7868,-20.000000
7869,-60.000000
7870,-8.000000
7871,-32.000000
7872,12.000000
7873,-8.000000
7874,-28.000000
7875,56.000000
7876,-24.000000
7877,28.000000
7878,20.000000
7879,4.000000
7880,-24.000000
7881,-24.000000
7882,-8.000000
7883,-16.000000
7884,20.000000
7885,-32.000000
7886,-8.000000
7887,-28.000000
7888,-48.000000
7889,0.000000
7890,-20.000000
7891,-32.000000
7892,-28.000000
7893,-16.000000
7894,-16.000000
7895,16.000000
7896,-32.000000
7897,-16.000000
7898,-4.000000
7899,12.000000
7900,-20.000000
7901,-8.000000
7902,0.000000
7903,4.000000
7904,0.000000
7905,-12.000000
7906,64.000000
7907,4.000000
7908,-8.000000
7909,20.000000
7910,-8.000000
7911,44.000000
7912,-12.000000
7913,-8.000000
7914,-72.000000
7915,-28.000000
7916,0.000000
7917,24.000000
7918,12.000000
7919,4.000000
7920,0.000000
7921,44.000000
7922,-8.000000
7923,-4.000000
7924,8.000000
7925,32.000000
7926,-4.000000
7927,-36.000000
7928,-40.000000
7929,-32.000000
7930,0.000000
7931,8.000000
7932,20.000000
7933,16.000000
7934,-8.000000
7935,4.000000
7936,-36.000000
7937,56.000000
7938,-8.000000
7939,0.000000
7940,4.000000
7941,-8.000000
7942,-56.000000
7943,32.000000
7944,0.000000
7945,0.000000
7946,24.000000
7947,96.000000
7948,24.000000
7949,-4.000000
7950,0.000000
7951,-36.000000
7952,-24.000000
7953,0.000000
7954,0.000000
7955,40.000000
7956,-8.000000
7957,16.000000
7958,20.000000
7959,-8.000000
7960,48.000000
7961,16.000000
7962,-20.000000
7963,20.000000
7964,32.000000
7965,0.000000
7966,-4.000000
7967,4.000000
7968,4.000000
7969,-4.000000
7970,-8.000000
7971,12.000000
7972,-40.000000
7973,24.000000
7974,32.000000
7975,-12.000000
7976,4.000000
7977,52.000000
7978,-8.000000
7979,-20.000000
7980,0.000000
7981,-8.000000
7982,8.000000
7983,-24.000000
7984,4.000000
7985,0.000000
7986,28.000000
7987,-20.000000
7988,-8.000000
7989,-16.000000
7990,28.000000
7991,8.000000
7992,8.000000
7993,-24.000000
7994,16.000000
7995,-16.000000
7996,-28.000000
7997,-8.000000
7998,-12.000000
7999,-4.000000
8000,-8.000000
8001,-48.000000
8002,-8.000000
8003,-4.000000
8004,-24.000000
8005,-8.000000
8006,-24.000000
8007,-8.000000
8008,-8.000000
8009,-68.000000
8010,-28.000000
8011,-24.000000
8012,-8.000000
8013,-24.000000
8014,-16.000000
8015,-4.000000
8016,-4.000000
8017,-12.000000
8018,-12.000000
8019,-16.000000
8020,-32.000000
8021,-12.000000
8022,-12.000000
8023,-24.000000
8024,-40.000000
8025,-4.000000
8026,16.000000
8027,-36.000000
8028,-36.000000
8029,24.000000
8030,4.000000
8031,-12.000000
8032,-16.000000
8033,44.000000
8034,0.000000
8035,-20.000000
8036,16.000000
8037,-28.000000
8038,0.000000
8039,64.000000
8040,24.000000
8041,-8.000000
8042,-32.000000
8043,8.000000
8044,32.000000
8045,32.000000
8046,12.000000
8047,0.000000
8048,-44.000000
8049,32.000000
8050,12.000000
8051,16.000000
8052,-56.000000
8053,-8.000000
8054,-72.000000
8055,12.000000
8056,0.000000
8057,-24.000000
8058,48.000000
8059,4.000000
8060,24.000000
8061,8.000000
8062,24.000000
8063,-8.000000
8064,-8.000000
8065,-4.000000
8066,-8.000000
8067,0.000000
8068,16.000000
8069,4.000000
8070,0.000000
8071,44.000000
8072,-8.000000
8073,4.000000
8074,4.000000
8075,0.000000
8076,-8.000000
8077,0.000000
8078,0.000000
8079,20.000000
8080,-12.000000
8081,-24.000000
8082,16.000000
8083,-4.000000
8084,-12.000000
8085,20.000000
8086,0.000000
8087,0.000000
8088,0.000000
8089,-8.000000
8090,-24.000000
8091,0.000000
8092,16.000000
8093,-16.000000
8094,-16.000000
8095,16.000000
8096,24.000000
8097,0.000000
8098,28.000000
8099,44.000000
8100,16.000000
8101,-20.000000
8102,-16.000000
8103,44.000000
8104,-40.000000
8105,4.000000
8106,0.000000
8107,-4.000000
8108,44.000000
8109,12.000000
8110,-8.000000
8111,28.000000
8112,-24.000000
8113,0.000000
8114,-40.000000
8115,-20.000000
8116,-44.000000
8117,-24.000000
8118,-40.000000
8119,-8.000000
8120,-8.000000
8121,0.000000
8122,-8.000000
8123,-16.000000
8124,12.000000
8125,-32.000000
8126,-8.000000
8127,0.000000
8128,-4.000000
8129,-24.000000
8130,40.000000
8131,4.000000
8132,-52.000000
8133,0.000000
8134,8.000000
8135,-32.000000
8136,-40.000000
8137,4.000000
8138,-8.000000
8139,-16.000000
8140,-4.000000
8141,-4.000000
8142,-32.000000
8143,16.000000
8144,0.000000
8145,-20.000000
8146,16.000000
8147,-12.000000
8148,-12.000000
8149,8.000000
8150,4.000000
8151,20.000000
8152,-8.000000
8153,0.000000
8154,4.000000
8155,0.000000
8156,-36.000000
8157,-12.000000
8158,20.000000
8159,12.000000
8160,-40.000000
8161,8.000000
8162,24.000000
8163,-12.000000
8164,-24.000000
8165,-36.000000
8166,-20.000000
8167,-8.000000
8168,4.000000
8169,4.000000
8170,-16.000000
8171,-28.000000
8172,-12.000000
8173,-20.000000
8174,44.000000
8175,-44.000000
8176,-36.000000
8177,-8.000000
8178,-4.000000
8179,32.000000
8180,-8.000000
8181,8.000000
8182,-24.000000
8183,-64.000000
8184,12.000000
8185,-8.000000
8186,-12.000000
8187,8.000000
8188,48.000000
8189,4.000000
8190,-8.000000
8191,52.000000
8192,-36.000000
8193,8.000000
8194,8.000000
8195,-20.000000
8196,12.000000
8197,20.000000
8198,32.000000
8199,-20.000000
8200,-40.000000
8201,12.000000
8202,-4.000000
8203,-24.000000
8204,-24.000000
8205,12.000000
8206,0.000000
8207,0.000000
8208,-8.000000
8209,-20.000000
8210,-20.000000
8211,-20.000000
8212,4.000000
8213,-8.000000
8214,-8.000000
8215,0.000000
8216,-12.000000
8217,-44.000000
8218,0.000000
8219,-12.000000
8220,-4.000000
8221,0.000000
8222,16.000000
8223,12.000000
8224,12.000000
8225,-32.000000
8226,32.000000
8227,0.000000
8228,-12.000000
8229,12.000000
8230,8.000000
8231,8.000000
8232,-20.000000
8233,-20.000000
8234,-20.000000
8235,20.000000
8236,0.000000
8237,-8.000000
8238,12.000000
8239,12.000000
8240,-28.000000
8241,-12.000000
8242,12.000000
8243,-24.000000
8244,-24.000000
8245,-24.000000
8246,0.000000
8247,-16.000000
8248,24.000000
8249,-8.000000
8250,0.000000
8251,-4.000000
8252,12.000000
8253,-24.000000
8254,-60.000000
8255,20.000000
8256,-32.000000
8257,16.000000
8258,-24.000000
8259,-8.000000
8260,-16.000000
8261,-48.000000
8262,0.000000
8263,-28.000000
8264,-28.000000
8265,4.000000
8266,-16.000000
8267,-24.000000
8268,-24.000000
8269,-40.000000
8270,-8.000000
8271,12.000000
8272,-8.000000
8273,44.000000
8274,-28.000000
8275,-24.000000
8276,12.000000
8277,4.000000
8278,-4.000000
8279,8.000000
8280,8.000000
8281,0.000000
8282,0.000000
8283,-8.000000
8284,0.000000
8285,72.000000
8286,4.000000
8287,0.000000
8288,-36.000000
8289,68.000000
8290,-8.000000
8291,-12.000000
8292,-32.000000
8293,64.000000
8294,-8.000000
8295,20.000000
8296,-24.000000
8297,16.000000
8298,-44.000000
8299,-48.000000
8300,0.000000
8301,56.000000
8302,52.000000
8303,8.000000
8304,-32.000000
8305,-60.000000
8306,4.000000
8307,12.000000
8308,12.000000
8309,8.000000
8310,4.000000
8311,-36.000000
8312,0.000000
8313,32.000000
8314,20.000000
8315,20.000000
8316,20.000000
8317,12.000000
8318,44.000000
8319,0.000000
8320,0.000000
8321,-12.000000
8322,60.000000
8323,12.000000
8324,-12.000000
8325,16.000000
8326,-20.000000
8327,20.000000
8328,4.000000
8329,24.000000
8330,44.000000
8331,0.000000
8332,0.000000
8333,24.000000
8334,4.000000
8335,20.000000
8336,20.000000
8337,32.000000
8338,20.000000
8339,48.000000
8340,8.000000
8341,-44.000000
8342,0.000000
8343,20.000000
8344,-8.000000
8345,4.000000
8346,12.000000
8347,20.000000
8348,-20.000000
8349,-32.000000
8350,-8.000000
8351,16.000000
8352,-8.000000
8353,-24.000000
8354,-8.000000
8355,-20.000000
8356,-24.000000
8357,28.000000
8358,0.000000
8359,-12.000000
8360,-20.000000
8361,12.000000
8362,-16.000000
8363,-28.000000
8364,-28.000000
8365,-52.000000
8366,-64.000000
8367,0.000000
8368,-8.000000
8369,24.000000
8370,12.000000
8371,0.000000
8372,-4.000000
8373,8.000000
8374,-20.000000
8375,-8.000000
8376,-20.000000
8377,12.000000
8378,-36.000000
8379,-20.000000
8380,0.000000
8381,-20.000000
8382,-8.000000
8383,-24.000000
8384,-16.000000
8385,0.000000
8386,0.000000
8387,-24.000000
8388,-24.000000
8389,-8.000000
8390,24.000000
8391,-16.000000
8392,64.000000
8393,-32.000000
8394,-36.000000
8395,24.000000
8396,-40.000000
8397,0.000000
8398,96.000000
8399,-48.000000
8400,-16.000000
8401,-32.000000
8402,-4.000000
8403,-8.000000
8404,-4.000000
8405,-20.000000
8406,64.000000
8407,-12.000000
8408,0.000000
8409,8.000000
8410,0.000000
8411,-8.000000
8412,12.000000
8413,52.000000
8414,-8.000000
8415,-8.000000
8416,-4.000000
8417,-8.000000
8418,76.000000
8419,0.000000
8420,4.000000
8421,-8.000000
8422,-8.000000
8423,44.000000
8424,-12.000000
8425,60.000000
8426,-8.000000
8427,-24.000000
8428,-24.000000
8429,44.000000
8430,0.000000
8431,32.000000
8432,-4.000000
8433,-4.000000
8434,-20.000000
8435,-8.000000
8436,-12.000000
8437,24.000000
8438,-32.000000
8439,-4.000000
8440,-12.000000
8441,0.000000
8442,16.000000
8443,-24.000000
8444,44.000000
8445,-40.000000
8446,20.000000
8447,-108.000000
8448,-76.000000
8449,-28.000000
8450,-28.000000
8451,-8.000000
8452,52.000000
8453,0.000000
8454,0.000000
8455,40.000000
8456,0.000000
8457,16.000000
8458,-12.000000
8459,-28.000000
8460,-12.000000
8461,-12.000000
8462,-72.000000
8463,8.000000
8464,-28.000000
8465,0.000000
8466,28.000000
8467,16.000000
8468,-24.000000
8469,72.000000
8470,12.000000
8471,4.000000
8472,-20.000000
8473,-24.000000
8474,-20.000000
8475,-52.000000
8476,40.000000
8477,24.000000
8478,-44.000000
8479,16.000000
8480,-32.000000
8481,-40.000000
8482,-4.000000
8483,-28.000000
8484,-28.000000
8485,-28.000000
8486,24.000000
8487,-8.000000
8488,-8.000000
8489,-24.000000
8490,-52.000000
8491,-28.000000
8492,0.000000
8493,-16.000000
8494,-16.000000
8495,-12.000000
8496,24.000000
8497,60.000000
8498,-24.000000
8499,-16.000000
8500,8.000000
8501,28.000000
8502,16.000000
8503,-4.000000
8504,16.000000
8505,-8.000000
8506,-4.000000
8507,-12.000000
8508,0.000000
8509,-12.000000
8510,12.000000
8511,-24.000000
8512,44.000000
8513,4.000000
8514,-52.000000
8515,12.000000
8516,44.000000
8517,16.000000
8518,0.000000
8519,4.000000
8520,4.000000
8521,4.000000
8522,8.000000
8523,20.000000
8524,44.000000
8525,-12.000000
8526,32.000000
8527,-16.000000
8528,16.000000
8529,-12.000000
8530,-16.000000
8531,60.000000
8532,-16.000000
8533,-12.000000
8534,-8.000000
8535,-8.000000
8536,-8.000000
8537,-24.000000
8538,44.000000
8539,-12.000000
8540,84.000000
8541,-16.000000
8542,40.000000
8543,16.000000
8544,-16.000000
8545,16.000000
8546,44.000000
8547,-16.000000
8548,-8.000000
8549,0.000000
8550,16.000000
8551,-20.000000
8552,16.000000
8553,44.000000
8554,16.000000
8555,72.000000
8556,16.000000
8557,-4.000000
8558,-4.000000
8559,8.000000
8560,-12.000000
8561,0.000000
8562,16.000000
8563,28.000000
8564,28.000000
8565,68.000000
8566,28.000000
8567,-8.000000
8568,0.000000
8569,-8.000000
8570,-8.000000
8571,24.000000
8572,20.000000
8573,16.000000
8574,64.000000
8575,-20.000000
8576,-24.000000
8577,-8.000000
8578,8.000000
8579,0.000000
8580,64.000000
8581,16.000000
8582,-36.000000
8583,8.000000
8584,20.000000
8585,20.000000
8586,32.000000
8587,0.000000
8588,0.000000
8589,-8.000000
8590,24.000000
8591,-4.000000
8592,0.000000
8593,-24.000000
8594,-20.000000
8595,28.000000
8596,-8.000000
8597,-40.000000
8598,44.000000
8599,-8.000000
8600,-20.000000
8601,-16.000000
8602,0.000000
8603,-16.000000
8604,-40.000000
8605,-56.000000
8606,0.000000
8607,-16.000000
8608,-16.000000
8609,-28.000000
8610,-24.000000
8611,-8.000000
8612,20.000000
8613,-8.000000
8614,-8.000000
8615,-40.000000
8616,-40.000000
8617,-20.000000
8618,-16.000000
8619,-40.000000
8620,-28.000000
8621,-96.000000
8622,-12.000000
8623,-20.000000
8624,-24.000000
8625,44.000000
8626,-8.000000
8627,-24.000000
8628,16.000000
8629,0.000000
8630,-4.000000
8631,-20.000000
8632,44.000000
8633,12.000000
8634,-8.000000
8635,0.000000
8636,0.000000
8637,4.000000
8638,8.000000
8639,-4.000000
8640,0.000000
8641,-4.000000
8642,8.000000
8643,-4.000000
8644,8.000000
8645,-16.000000
8646,-8.000000
8647,-8.000000
8648,-8.000000
8649,-8.000000
8650,0.000000
8651,20.000000
8652,4.000000
8653,-4.000000
8654,-16.000000
8655,16.000000
8656,12.000000
8657,-4.000000
8658,16.000000
8659,28.000000
8660,-12.000000
8661,-16.000000
8662,20.000000
8663,0.000000
8664,0.000000
8665,8.000000
8666,-32.000000
8667,4.000000
8668,0.000000
8669,-60.000000
8670,0.000000
8671,20.000000
8672,20.000000
8673,-20.000000
8674,4.000000
8675,16.000000
8676,20.000000
8677,-60.000000
8678,-44.000000
8679,-8.000000
8680,-12.000000
8681,0.000000
8682,0.000000
8683,24.000000
8684,-16.000000
8685,4.000000
8686,20.000000
8687,76.000000
8688,-4.000000
8689,4.000000
8690,-8.000000
8691,0.000000
8692,0.000000
8693,16.000000
8694,8.000000
8695,-8.000000
8696,-8.000000
8697,-32.000000
8698,-32.000000
8699,16.000000
8700,-40.000000
8701,44.000000
8702,-24.000000
8703,-4.000000
8704,0.000000
8705,-8.000000
8706,52.000000
8707,-24.000000
8708,4.000000
8709,28.000000
8710,-8.000000
8711,-20.000000
8712,-32.000000
8713,-16.000000
8714,-56.000000
8715,-4.000000
8716,-8.000000
8717,-8.000000
8718,68.000000
8719,-20.000000
8720,-24.000000
8721,-16.000000
8722,-8.000000
8723,-8.000000
8724,16.000000
8725,-24.000000
8726,-8.000000
8727,-36.000000
8728,-36.000000
8729,-48.000000
8730,-8.000000
8731,16.000000
8732,-20.000000
8733,12.000000
8734,-48.000000
8735,4.000000
8736,-8.000000
8737,-12.000000
8738,-16.000000
8739,-12.000000
8740,-8.000000
8741,12.000000
8742,0.000000
8743,-20.000000
8744,-8.000000
8745,-16.000000
8746,-16.000000
8747,8.000000
8748,0.000000
8749,28.000000
8750,16.000000
8751,-24.000000
8752,0.000000
8753,52.000000
8754,20.000000
8755,-12.000000
8756,-8.000000
8757,16.000000
8758,0.000000
8759,-8.000000
8760,4.000000
8761,0.000000
8762,0.000000
8763,24.000000
8764,-12.000000
8765,-4.000000
8766,0.000000
8767,20.000000
8768,0.000000
8769,36.000000
8770,20.000000
8771,-8.000000
8772,-20.000000
8773,20.000000
8774,16.000000
8775,16.000000
8776,20.000000
8777,-60.000000
8778,-44.000000
8779,0.000000
8780,-4.000000
8781,-24.000000
8782,24.000000
8783,4.000000
8784,28.000000
8785,28.000000
8786,32.000000
8787,12.000000
8788,12.000000
8789,8.000000
8790,24.000000
8791,52.000000
8792,16.000000
8793,-12.000000
8794,44.000000
8795,48.000000
8796,-20.000000
8797,8.000000
8798,0.000000
8799,16.000000
8800,-8.000000
8801,32.000000
8802,16.000000
8803,48.000000
8804,8.000000
8805,-52.000000
8806,-12.000000
8807,-12.000000
8808,-8.000000
8809,16.000000
8810,24.000000
8811,-12.000000
8812,-4.000000
8813,-8.000000
8814,16.000000
8815,16.000000
8816,16.000000
8817,-32.000000
8818,-28.000000
8819,16.000000
8820,0.000000
8821,-52.000000
8822,0.000000
8823,0.000000
8824,-20.000000
8825,-20.000000
8826,4.000000
8827,-32.000000
8828,-28.000000
8829,-4.000000
8830,-28.000000
8831,-8.000000
8832,0.000000
8833,-56.000000
8834,-16.000000
8835,28.000000
8836,-16.000000
8837,-32.000000
8838,-12.000000
8839,4.000000
8840,-16.000000
8841,16.000000
8842,-8.000000
8843,-36.000000
8844,12.000000
8845,-8.000000
8846,-24.000000
8847,20.000000
8848,-12.000000
8849,-8.000000
8850,16.000000
8851,-8.000000
8852,-24.000000
8853,-32.000000
8854,-52.000000
8855,-12.000000
8856,-12.000000
8857,-28.000000
8858,-28.000000
8859,64.000000
8860,-8.000000
8861,-20.000000
8862,-24.000000
8863,-4.000000
8864,16.000000
8865,12.000000
8866,-32.000000
8867,-16.000000
8868,-60.000000
8869,0.000000
8870,44.000000
8871,44.000000
8872,-16.000000
8873,-28.000000
8874,-40.000000
8875,-48.000000
8876,24.000000
8877,4.000000
8878,24.000000
8879,-48.000000
8880,-32.000000
8881,20.000000
8882,-16.000000
8883,-40.000000
8884,-20.000000
8885,0.000000
8886,0.000000
8887,28.000000
8888,44.000000
8889,12.000000
8890,12.000000
8891,20.000000
8892,-36.000000
8893,24.000000
8894,-12.000000
8895,-44.000000
8896,16.000000
8897,64.000000
8898,-8.000000
8899,8.000000
8900,-44.000000
8901,12.000000
8902,-8.000000
8903,-12.000000
8904,-8.000000
8905,-12.000000
8906,12.000000
8907,-4.000000
8908,12.000000
8909,-28.000000
8910,24.000000
8911,-8.000000
8912,28.000000
8913,4.000000
8914,0.000000
8915,0.000000
8916,88.000000
8917,-20.000000
8918,4.000000
8919,-8.000000
8920,16.000000
8921,-96.000000
8922,-12.000000
8923,-8.000000
8924,-72.000000
8925,32.000000
8926,0.000000
8927,24.000000
8928,0.000000
8929,32.000000
8930,4.000000
8931,-8.000000
8932,8.000000
8933,-8.000000
8934,-8.000000
8935,28.000000
8936,0.000000
8937,8.000000
8938,-84.000000
8939,16.000000
8940,-32.000000
8941,-8.000000
8942,44.000000
8943,-24.000000
8944,16.000000
8945,-48.000000
8946,-4.000000
8947,-24.000000
8948,4.000000
8949,-16.000000
8950,-20.000000
8951,-24.000000
8952,8.000000
8953,-8.000000
8954,-4.000000
8955,52.000000
8956,-12.000000
8957,44.000000
8958,-40.000000
8959,4.000000
8960,4.000000
8961,16.000000
8962,-24.000000
8963,-24.000000
8964,12.000000
8965,20.000000
8966,-12.000000
8967,-32.000000
8968,44.000000
8969,-4.000000
8970,60.000000
8971,-68.000000
8972,32.000000
8973,-16.000000
8974,-16.000000
8975,-12.000000
8976,0.000000
8977,0.000000
8978,-16.000000
8979,4.000000
8980,-28.000000
8981,-60.000000
8982,-16.000000
8983,-16.000000
8984,8.000000
8985,4.000000
8986,-36.000000
8987,-16.000000
8988,12.000000
8989,-8.000000
8990,-4.000000
8991,-32.000000
8992,16.000000
8993,-20.000000
8994,16.000000
8995,-4.000000
8996,-32.000000
8997,-60.000000
8998,40.000000
8999,44.000000
9000,-4.000000
9001,12.000000
9002,-28.000000
9003,0.000000
9004,16.000000
9005,0.000000
9006,4.000000
9007,-16.000000
9008,-8.000000
9009,0.000000
9010,8.000000
9011,-32.000000
9012,-20.000000
9013,-16.000000
9014,0.000000
9015,-4.000000
9016,0.000000
9017,44.000000
9018,-4.000000
9019,56.000000
9020,104.000000
9021,-4.000000
9022,72.000000
9023,28.000000
9024,56.000000
9025,-8.000000
9026,-44.000000
9027,-8.000000
9028,-20.000000
9029,-20.000000
9030,0.000000
9031,20.000000
9032,-32.000000
9033,0.000000
9034,-40.000000
9035,4.000000
9036,-36.000000
9037,0.000000
9038,0.000000
9039,12.000000
9040,44.000000
9041,4.000000
9042,40.000000
9043,-28.000000
9044,-8.000000
9045,-4.000000
9046,16.000000
9047,52.000000
9048,16.000000
9049,8.000000
9050,8.000000
9051,-4.000000
9052,0.000000
9053,16.000000
9054,-8.000000
9055,-4.000000
9056,-12.000000
9057,-24.000000
9058,12.000000
9059,-28.000000
9060,-16.000000
9061,-44.000000
9062,-16.000000
9063,-24.000000
9064,0.000000
9065,-12.000000
9066,-76.000000
9067,-28.000000
9068,-12.000000
9069,-4.000000
9070,-16.000000
9071,28.000000
9072,-36.000000
9073,20.000000
9074,-8.000000
9075,-16.000000
9076,-16.000000
9077,-28.000000
9078,-8.000000
9079,28.000000
9080,16.000000
9081,24.000000
9082,-8.000000
9083,-24.000000
9084,-20.000000
9085,-8.000000
9086,-4.000000
9087,0.000000
9088,0.000000
9089,-8.000000
9090,-24.000000
9091,-48.000000
9092,20.000000
9093,28.000000
9094,-4.000000
9095,-100.000000
9096,-8.000000
9097,-28.000000
9098,-4.000000
9099,16.000000
9100,84.000000
9101,12.000000
9102,8.000000
9103,4.000000
9104,0.000000
9105,20.000000
9106,12.000000
9107,8.000000
9108,4.000000
9109,52.000000
9110,-12.000000
9111,0.000000
9112,-8.000000
9113,0.000000
9114,4.000000
9115,16.000000
9116,44.000000
9117,-12.000000
9118,0.000000
9119,16.000000
9120,44.000000
9121,0.000000
9122,24.000000
9123,-24.000000
9124,8.000000
9125,0.000000
9126,-24.000000
9127,24.000000
9128,28.000000
9129,-8.000000
9130,16.000000
9131,-12.000000
9132,-28.000000
9133,0.000000
9134,80.000000
9135,-8.000000
9136,16.000000
9137,-4.000000
9138,8.000000
9139,4.000000
9140,-24.000000
9141,20.000000
9142,16.000000
9143,-44.000000
9144,8.000000
9145,16.000000
9146,-8.000000
9147,-8.000000
9148,-8.000000
9149,0.000000
9150,0.000000
9151,24.000000
9152,20.000000
9153,0.000000
9154,0.000000
9155,-24.000000
9156,48.000000
9157,8.000000
9158,12.000000
9159,44.000000
9160,20.000000
9161,-12.000000
9162,20.000000
9163,4.000000
9164,16.000000
9165,8.000000
9166,-4.000000
9167,4.000000
9168,8.000000
9169,-20.000000
9170,-20.000000
9171,8.000000
9172,8.000000
9173,-20.000000
9174,56.000000
9175,24.000000
9176,8.000000
9177,60.000000
9178,8.000000
9179,-24.000000
9180,-8.000000
9181,-24.000000
9182,-16.000000
9183,8.000000
9184,-52.000000
9185,8.000000
9186,-16.000000
9187,4.000000
9188,0.000000
9189,-20.000000
9190,8.000000
9191,-12.000000
9192,-8.000000
9193,-20.000000
9194,4.000000
9195,-8.000000
9196,76.000000
9197,-8.000000
9198,-4.000000
9199,-96.000000
9200,-4.000000
9201,16.000000
9202,0.000000
9203,4.000000
9204,16.000000
9205,-8.000000
9206,-8.000000
9207,20.000000
9208,-16.000000
9209,-8.000000
9210,-40.000000
9211,-24.000000
9212,0.000000
9213,-8.000000
9214,-16.000000
9215,-24.000000
9216,0.000000
9217,16.000000
9218,-32.000000
9219,52.000000
9220,-32.000000
9221,-8.000000
9222,0.000000
9223,-8.000000
9224,-40.000000
9225,-8.000000
9226,60.000000
9227,8.000000
9228,-8.000000
9229,-32.000000
9230,-8.000000
9231,0.000000
9232,0.000000
9233,16.000000
9234,-44.000000
9235,32.000000
9236,4.000000
9237,-40.000000
9238,16.000000
9239,24.000000
9240,-8.000000
9241,20.000000
9242,0.000000
9243,-12.000000
9244,20.000000
9245,16.000000
9246,20.000000
9247,52.000000
9248,8.000000
9249,0.000000
9250,8.000000
9251,-28.000000
9252,28.000000
9253,-16.000000
9254,36.000000
9255,104.000000
9256,44.000000
9257,0.000000
9258,-44.000000
9259,20.000000
9260,108.000000
9261,32.000000
9262,-8.000000
9263,24.000000
9264,-72.000000
9265,20.000000
9266,20.000000
9267,-16.000000
9268,0.000000
9269,20.000000
9270,-8.000000
9271,8.000000
9272,4.000000
9273,4.000000
9274,52.000000
9275,44.000000
9276,8.000000
9277,8.000000
9278,12.000000
9279,-8.000000
9280,-4.000000
9281,-8.000000
9282,32.000000
9283,-36.000000
9284,0.000000
9285,24.000000
9286,0.000000
9287,4.000000
9288,4.000000
9289,24.000000
9290,16.000000
9291,0.000000
9292,-8.000000
9293,-32.000000
9294,-12.000000
9295,0.000000
9296,4.000000
9297,28.000000
9298,-60.000000
9299,-12.000000
9300,32.000000
9301,20.000000
9302,20.000000
9303,-12.000000
9304,8.000000
9305,24.000000
9306,16.000000
9307,-28.000000
9308,0.000000
9309,16.000000
9310,16.000000
9311,0.000000
9312,-12.000000
9313,-28.000000
9314,52.000000
9315,-16.000000
9316,-8.000000
9317,0.000000
9318,-32.000000
9319,24.000000
9320,-28.000000
9321,24.000000
9322,-8.000000
9323,16.000000
9324,44.000000
9325,16.000000
9326,0.000000
9327,-28.000000
9328,-40.000000
9329,-20.000000
9330,-32.000000
9331,0.000000
9332,4.000000
9333,-24.000000
9334,-8.000000
9335,-12.000000
9336,-8.000000
9337,4.000000
9338,-32.000000
9339,20.000000
9340,-12.000000
9341,-32.000000
9342,16.000000
9343,-8.000000
9344,-72.000000
9345,-20.000000
9346,-16.000000
9347,16.000000
9348,-28.000000
9349,8.000000
9350,-60.000000
9351,8.000000
9352,-16.000000
9353,16.000000
9354,-24.000000
9355,-24.000000
9356,-8.000000
9357,-20.000000
9358,20.000000
9359,-4.000000
9360,-12.000000
9361,-8.000000
9362,28.000000
9363,16.000000
9364,32.000000
9365,0.000000
9366,40.000000
9367,-12.000000
9368,4.000000
9369,20.000000
9370,16.000000
9371,-4.000000
9372,-40.000000
9373,0.000000
9374,0.000000
9375,0.000000
9376,-8.000000
9377,0.000000
9378,-28.000000
9379,-24.000000
9380,-24.000000
9381,16.000000
9382,-32.000000
9383,4.000000
9384,-8.000000
9385,0.000000
9386,4.000000
9387,48.000000
9388,12.000000
9389,0.000000
9390,16.000000
9391,-4.000000
9392,-8.000000
9393,44.000000
9394,-16.000000
9395,32.000000
9396,8.000000
9397,4.000000
9398,20.000000
9399,-76.000000
9400,32.000000
9401,-20.000000
9402,20.000000
9403,0.000000
9404,64.000000
9405,16.000000
9406,16.000000
9407,32.000000
9408,-24.000000
9409,44.000000
9410,20.000000
9411,44.000000
9412,32.000000
9413,-8.000000
9414,52.000000
9415,-4.000000
9416,-12.000000
9417,-4.000000
9418,0.000000
9419,0.000000
9420,12.000000
9421,-16.000000
9422,0.000000
9423,16.000000
9424,-28.000000
9425,24.000000
9426,-4.000000
9427,-40.000000
9428,0.000000
9429,-8.000000
9430,-28.000000
9431,-28.000000
9432,4.000000
9433,-28.000000
9434,-16.000000
9435,-16.000000
9436,44.000000
9437,-8.000000
9438,-24.000000
9439,4.000000
9440,0.000000
9441,-44.000000
9442,-44.000000
9443,-28.000000
9444,0.000000
9445,-16.000000
9446,20.000000
9447,0.000000
9448,8.000000
9449,-40.000000
9450,4.000000
9451,-40.000000
9452,-32.000000
9453,-8.000000
9454,-12.000000
9455,-28.000000
9456,52.000000
9457,-28.000000
9458,-28.000000
9459,-20.000000
9460,76.000000
9461,4.000000
9462,-16.000000
9463,-32.000000
9464,0.000000
9465,-8.000000
9466,-32.000000
9467,44.000000
9468,-40.000000
9469,24.000000
9470,-12.000000
9471,12.000000
9472,-12.000000
9473,16.000000
9474,12.000000
9475,-8.000000
9476,-24.000000
9477,24.000000
9478,28.000000
9479,-12.000000
9480,-16.000000
9481,-12.000000
9482,44.000000
9483,16.000000
9484,-16.000000
9485,-48.000000
9486,4.000000
9487,0.000000
9488,44.000000
9489,-12.000000
9490,-24.000000
9491,4.000000
9492,-4.000000
9493,4.000000
9494,28.000000
9495,-12.000000
9496,20.000000
9497,-20.000000
9498,24.000000
9499,52.000000
9500,64.000000
9501,8.000000
9502,-20.000000
9503,12.000000
9504,8.000000
9505,0.000000
9506,-8.000000
9507,8.000000
9508,12.000000
9509,-12.000000
9510,-16.000000
9511,68.000000
9512,-4.000000
9513,8.000000
9514,-20.000000
9515,-12.000000
9516,0.000000
9517,28.000000
9518,-12.000000
9519,-8.000000
9520,28.000000
9521,-12.000000
9522,20.000000
9523,-8.000000
9524,-8.000000
9525,8.000000
9526,0.000000
9527,0.000000
9528,48.000000
9529,-20.000000
9530,32.000000
9531,12.000000
9532,8.000000
9533,8.000000
9534,20.000000
9535,24.000000
9536,0.000000
9537,-32.000000
9538,-28.000000
9539,24.000000
9540,-8.000000
9541,0.000000
9542,12.000000
9543,-60.000000
9544,28.000000
9545,12.000000
9546,-8.000000
9547,-8.000000
9548,20.000000
9549,-36.000000
9550,-20.000000
9551,-44.000000
9552,-8.000000
9553,0.000000
9554,-8.000000
9555,-48.000000
9556,24.000000
9557,-24.000000
9558,0.000000
9559,-24.000000
9560,4.000000
9561,-24.000000
9562,24.000000
9563,-24.000000
9564,-16.000000
9565,-12.000000
9566,0.000000
9567,-40.000000
9568,-8.000000
9569,-20.000000
9570,4.000000
9571,16.000000
9572,-12.000000
9573,12.000000
9574,-28.000000
9575,-24.000000
9576,-8.000000
9577,-12.000000
9578,-48.000000
9579,-28.000000
9580,-24.000000
9581,52.000000
9582,-36.000000
9583,-4.000000
9584,-24.000000
9585,-32.000000
9586,-24.000000
9587,-36.000000
9588,-40.000000
9589,-40.000000
9590,-8.000000
9591,-48.000000
9592,-60.000000
9593,8.000000
9594,-40.000000
9595,-32.000000
9596,4.000000
9597,-12.000000
9598,0.000000
9599,-20.000000
9600,4.000000
9601,4.000000
9602,-4.000000
9603,52.000000
9604,-8.000000
9605,8.000000
9606,-36.000000
9607,0.000000
9608,-24.000000
9609,-4.000000
9610,-8.000000
9611,-8.000000
9612,-8.000000
9613,12.000000
9614,0.000000
9615,-40.000000
9616,0.000000
9617,64.000000
9618,12.000000
9619,-8.000000
9620,-4.000000
9621,-12.000000
9622,0.000000
9623,-20.000000
9624,12.000000
9625,28.000000
9626,44.000000
9627,4.000000
9628,4.000000
9629,16.000000
9630,8.000000
9631,-8.000000
9632,-8.000000
9633,4.000000
9634,0.000000
9635,60.000000
9636,8.000000
9637,-32.000000
9638,4.000000
9639,-24.000000
9640,0.000000
9641,0.000000
9642,32.000000
9643,8.000000
9644,0.000000
9645,0.000000
9646,-32.000000
9647,-8.000000
9648,20.000000
9649,4.000000
9650,-68.000000
9651,4.000000
9652,4.000000
9653,-4.000000
9654,16.000000
9655,-8.000000
9656,-24.000000
9657,-40.000000
9658,0.000000
9659,12.000000
9660,16.000000
9661,-88.000000
9662,-28.000000
9663,-20.000000
9664,20.000000
9665,4.000000
9666,-32.000000
9667,-28.000000
9668,-8.000000
9669,-8.000000
9670,12.000000
9671,76.000000
9672,-40.000000
9673,4.000000
9674,40.000000
9675,-8.000000
9676,-24.000000
9677,-20.000000
9678,-24.000000
9679,-80.000000
9680,-40.000000
9681,-32.000000
9682,-32.000000
9683,12.000000
9684,-8.000000
9685,-28.000000
9686,44.000000
9687,16.000000
9688,-60.000000
9689,-24.000000
9690,-24.000000
9691,-40.000000
9692,-8.000000
9693,-24.000000
9694,68.000000
9695,-4.000000
9696,-4.000000
9697,-8.000000
9698,-8.000000
9699,-8.000000
9700,-8.000000
9701,-4.000000
9702,-4.000000
9703,-68.000000
9704,-44.000000
9705,-24.000000
9706,-24.000000
9707,-16.000000
9708,-48.000000
9709,-40.000000
9710,0.000000
9711,76.000000
9712,-76.000000
9713,4.000000
9714,-20.000000
9715,-40.000000
9716,-40.000000
9717,40.000000
9718,0.000000
9719,-32.000000
9720,-32.000000
9721,4.000000
9722,-8.000000
9723,44.000000
9724,-8.000000
9725,-12.000000
9726,44.000000
9727,-44.000000
9728,-16.000000
9729,-36.000000
9730,16.000000
9731,-8.000000
9732,4.000000
9733,4.000000
9734,-4.000000
9735,20.000000
9736,28.000000
9737,12.000000
9738,44.000000
9739,-32.000000
9740,24.000000
9741,8.000000
9742,36.000000
9743,-52.000000
9744,-8.000000
9745,-12.000000
9746,-12.000000
9747,8.000000
9748,0.000000
9749,12.000000
9750,-24.000000
9751,28.000000
9752,4.000000
9753,16.000000
9754,-32.000000
9755,-44.000000
9756,-24.000000
9757,0.000000
9758,-20.000000
9759,24.000000
9760,40.000000
9761,-12.000000
9762,-48.000000
9763,16.000000
9764,0.000000
9765,24.000000
9766,28.000000
9767,32.000000
9768,-28.000000
9769,44.000000
9770,-4.000000
9771,0.000000
9772,-44.000000
9773,-20.000000
9774,32.000000
9775,-4.000000
9776,-36.000000
9777,-36.000000
9778,-24.000000
9779,16.000000
9780,-8.000000
9781,0.000000
9782,-8.000000
9783,80.000000
9784,12.000000
9785,-4.000000
9786,-16.000000
9787,64.000000
9788,-8.000000
9789,-4.000000
9790,-20.000000
9791,60.000000
9792,-20.000000
9793,16.000000
9794,-20.000000
9795,0.000000
9796,-20.000000
9797,-16.000000
9798,76.000000
9799,16.000000
9800,-20.000000
9801,44.000000
9802,-8.000000
9803,8.000000
9804,-20.000000
9805,-8.000000
9806,-52.000000
9807,0.000000
9808,0.000000
9809,-28.000000
9810,-24.000000
9811,-44.000000
9812,-8.000000
9813,-60.000000
9814,-20.000000
9815,-16.000000
9816,52.000000
9817,-28.000000
9818,24.000000
9819,8.000000
9820,-32.000000
9821,28.000000
9822,-40.000000
9823,-20.000000
9824,24.000000
9825,-12.000000
9826,-32.000000
9827,-60.000000
9828,-20.000000
9829,-8.000000
9830,44.000000
9831,-40.000000
9832,-40.000000
9833,8.000000
9834,-12.000000
9835,-28.000000
9836,-28.000000
9837,-20.000000
9838,0.000000
9839,-16.000000
9840,24.000000
9841,8.000000
9842,-8.000000
9843,-48.000000
9844,-16.000000
9845,-16.000000
9846,-8.000000
9847,-20.000000
9848,24.000000
9849,0.000000
9850,16.000000
9851,-8.000000
9852,-8.000000
9853,0.000000
9854,8.000000
9855,40.000000
9856,-4.000000
9857,0.000000
9858,-24.000000
9859,-44.000000
9860,-24.000000
9861,16.000000
9862,44.000000
9863,16.000000
9864,4.000000
9865,28.000000
9866,-40.000000
9867,-4.000000
9868,-8.000000
9869,-32.000000
9870,-20.000000
9871,-8.000000
9872,-20.000000
9873,64.000000
9874,-12.000000
9875,-24.000000
9876,-8.000000
9877,0.000000
9878,-24.000000
9879,-60.000000
9880,-20.000000
9881,-28.000000
9882,0.000000
9883,24.000000
9884,-40.000000
9885,-20.000000
9886,0.000000
9887,-16.000000
9888,4.000000
9889,-20.000000
9890,-20.000000
9891,-12.000000
9892,52.000000
9893,-20.000000
9894,-24.000000
9895,0.000000
9896,16.000000
9897,-76.000000
9898,48.000000
9899,24.000000
9900,-4.000000
9901,20.000000
9902,12.000000
9903,-24.000000
9904,-8.000000
9905,-4.000000
9906,16.000000
9907,24.000000
9908,12.000000
9909,0.000000
9910,0.000000
9911,-8.000000
9912,-8.000000
9913,-8.000000
9914,4.000000
9915,-28.000000
9916,-4.000000
9917,-40.000000
9918,16.000000
9919,-28.000000
9920,4.000000
9921,-28.000000
9922,-60.000000
9923,8.000000
9924,-16.000000
9925,-12.000000
9926,0.000000
9927,-8.000000
9928,-8.000000
9929,-4.000000
9930,16.000000
9931,20.000000
9932,-16.000000
9933,12.000000
9934,-16.000000
9935,-28.000000
9936,-8.000000
9937,12.000000
9938,12.000000
9939,-32.000000
9940,-28.000000
9941,8.000000
9942,-36.000000
9943,60.000000
9944,-16.000000
9945,-52.000000
9946,8.000000
9947,0.000000
9948,4.000000
9949,0.000000
9950,-8.000000
9951,-24.000000
9952,-40.000000
9953,-28.000000
9954,-8.000000
9955,-36.000000
9956,12.000000
9957,-8.000000
9958,-8.000000
9959,-16.000000
9960,-32.000000
9961,-52.000000
9962,-16.000000
9963,-64.000000
9964,0.000000
9965,-8.000000
9966,-32.000000
9967,24.000000
9968,24.000000
9969,4.000000
9970,4.000000
9971,8.000000
9972,-20.000000
9973,32.000000
9974,8.000000
9975,4.000000
9976,4.000000
9977,-36.000000
9978,32.000000
9979,24.000000
9980,-16.000000
9981,-32.000000
9982,12.000000
9983,-8.000000
9984,-8.000000
9985,-32.000000
9986,-8.000000
9987,44.000000
9988,-8.000000
9989,-8.000000
9990,-8.000000
9991,-60.000000
9992,32.000000
9993,16.000000
9994,12.000000
9995,20.000000
9996,-8.000000
9997,-16.000000
9998,0.000000
9999,-8.000000
10000,-24.000000
